date,temperature,rainfall,humidity,wind_speed,load_demand,generation_capacity,outage_count,outage_duration,LOLP,EENS,WSI,CWVI
2018-01-01,8.3,0.0,39.0,11.8,5736.21,5449.44,0,0.0,0.052624,0.0,0.170951,0.489174
2018-01-02,6.1,0.0,27.2,12.7,5565.52,6326.14,0,0.0,0.0,0.0,0.14127,0.257698
2018-01-03,8.0,0.0,44.4,13.9,5820.66,6586.63,0,0.0,0.0,0.0,0.195303,0.316334
2018-01-04,9.8,0.0,42.3,12.8,5802.23,6909.81,0,0.0,0.0,0.0,0.194742,0.264408
2018-01-05,5.6,0.0,40.5,16.7,5421.45,6038.02,0,0.0,0.0,0.0,0.193776,0.331357
2018-01-06,3.5,0.0,36.0,15.5,5589.04,6022.44,0,0.0,0.0,0.0,0.162237,0.335016
2018-01-07,4.7,0.0,39.5,12.4,5805.43,6567.93,0,0.0,0.0,0.0,0.15279,0.274051
2018-01-08,4.8,4.8,47.9,12.0,6870.79,6943.44,0,0.0,0.0,0.0,0.171969,0.416544
2018-01-09,5.5,0.0,41.4,12.6,5758.35,5902.82,0,0.0,0.0,0.0,0.163169,0.391387
2018-01-10,4.4,0.0,53.0,13.6,5643.29,5902.61,0,0.0,0.0,0.0,0.185384,0.390886
2018-01-11,7.0,0.0,44.1,12.8,5870.9,6670.75,0,0.0,0.0,0.0,0.179661,0.296475
2018-01-12,9.0,0.0,35.7,12.1,5797.19,5774.46,0,0.0,0.003936,0.0,0.171693,0.433078
2018-01-13,9.1,10.3,41.0,13.8,5673.47,5613.27,0,0.0,0.010724,0.0,0.207974,0.477284
2018-01-14,11.4,0.0,37.2,17.1,5788.34,6164.02,0,0.0,0.0,0.0,0.228905,0.414545
2018-01-15,11.9,4.5,46.4,12.4,5663.58,6202.78,0,0.0,0.0,0.0,0.218675,0.373984
2018-01-16,9.7,0.0,47.0,13.4,5500.21,5531.59,0,0.0,0.0,0.0,0.207525,0.457692
2018-01-17,10.4,0.0,50.1,13.9,5688.74,6213.45,0,0.0,0.0,0.0,0.221809,0.380015
2018-01-18,8.4,0.0,40.1,17.3,5518.06,6269.67,0,0.0,0.0,0.0,0.216111,0.332953
2018-01-19,10.5,0.0,44.4,14.7,5771.96,6497.08,0,0.0,0.0,0.0,0.217954,0.344454
2018-01-20,10.3,0.0,48.7,13.0,5620.82,6026.96,0,0.0,0.0,0.0,0.211581,0.389703
2018-01-21,9.9,0.0,50.3,15.0,5608.97,5857.4,0,0.0,0.0,0.0,0.227376,0.434653
2018-01-22,8.7,0.0,36.7,12.7,5557.36,6442.89,0,0.0,0.0,0.0,0.17622,0.272559
2018-01-23,11.6,0.0,46.2,12.2,5798.65,6094.21,0,0.0,0.0,0.0,0.209289,0.409462
2018-01-24,11.1,0.0,37.4,12.3,5581.26,6190.96,0,0.0,0.0,0.0,0.190265,0.332087
2018-01-25,10.3,0.0,40.7,18.7,5556.92,6520.33,0,0.0,0.0,0.0,0.240562,0.324863
2018-01-26,9.8,0.0,37.4,12.1,5583.39,6156.37,0,0.0,0.0,0.0,0.180153,0.328292
2018-01-27,11.2,0.0,41.1,12.9,5694.0,5621.02,0,0.0,0.012983,0.0,0.202491,0.474438
2018-01-28,12.0,0.0,37.3,14.4,5643.7,5485.35,0,0.0,0.028868,0.0,0.212214,0.502704
2018-01-29,12.8,1.6,39.3,14.9,5629.35,5805.26,0,0.0,0.0,0.0,0.227047,0.448463
2018-01-30,13.6,0.0,40.6,14.6,5610.08,6141.35,0,0.0,0.0,0.0,0.23049,0.386292
2018-01-31,17.6,0.0,46.9,13.3,5853.37,6310.06,0,0.0,0.0,0.0,0.258637,0.430936
2018-02-01,15.8,0.0,45.9,14.9,5432.94,6460.02,0,0.0,0.0,0.0,0.257244,0.328429
2018-02-02,14.2,0.0,37.8,14.1,5437.14,5858.02,0,0.0,0.0,0.0,0.225337,0.398253
2018-02-03,12.3,0.0,60.1,12.8,5438.16,5597.89,0,0.0,0.0,0.0,0.244595,0.468074
2018-02-04,13.7,0.0,44.2,14.4,5638.05,5517.39,0,0.0,0.021869,0.0,0.236356,0.518676
2018-02-05,16.0,0.0,40.3,12.6,5686.28,6393.47,0,0.0,0.0,0.0,0.230315,0.357977
2018-02-06,15.3,0.0,50.2,14.9,5481.2,5753.17,0,0.0,0.0,0.0,0.262011,0.463614
2018-02-07,13.4,0.0,47.6,22.0,5404.27,5161.68,0,0.0,0.046996,0.0,0.299396,0.611052
2018-02-08,11.9,0.0,43.9,12.8,5447.1,5727.1,0,0.0,0.0,0.0,0.211584,0.411299
2018-02-09,13.7,0.0,50.2,12.6,5643.8,5571.94,0,0.0,0.012896,0.0,0.233717,0.505563
2018-02-10,15.4,0.0,45.2,13.8,5622.64,5753.0,1,0.957,0.0,0.0538,0.244807,0.475144
2018-02-11,16.4,4.6,48.6,16.8,5589.62,5871.28,0,0.0,0.0,0.0,0.286534,0.487321
2018-02-12,14.9,0.0,56.6,15.5,5392.89,5354.99,0,0.0,0.007076,0.0,0.276004,0.541056
2018-02-13,15.5,0.0,50.2,15.6,5538.31,5645.08,0,0.0,0.0,0.0,0.26873,0.50344
2018-02-14,15.8,9.2,55.3,17.7,5519.25,5536.48,0,0.0,0.0,0.0,0.307699,0.560856
2018-02-15,16.3,0.0,47.6,13.6,5536.08,5562.72,0,0.0,0.0,0.0,0.253696,0.504895
2018-02-16,18.0,0.0,51.3,22.3,5643.79,5567.56,0,0.0,0.01369,0.0,0.338968,0.611742
2018-02-17,18.2,0.0,47.0,16.5,5536.89,5645.34,0,0.0,0.0,0.0,0.287471,0.521835
2018-02-18,19.3,0.0,47.2,15.4,5612.02,5576.29,0,0.0,0.006407,0.0,0.286609,0.550879
2018-02-19,19.0,0.0,49.5,15.5,5511.15,5990.37,0,0.0,0.0,0.0,0.289716,0.453116
2018-02-20,19.3,0.0,48.4,18.0,5547.7,5895.27,0,0.0,0.0,0.0,0.308921,0.496884
2018-02-21,20.2,0.0,57.4,12.5,5604.16,6306.18,0,0.0,0.0,0.0,0.28929,0.416122
2018-02-22,16.9,0.0,55.5,13.5,5259.57,6147.71,0,0.0,0.0,0.0,0.271692,0.359831
2018-02-23,16.5,0.0,41.5,14.1,5447.25,5952.06,0,0.0,0.0,0.0,0.247435,0.405215
2018-02-24,16.0,0.0,61.9,13.0,5422.39,5847.09,0,0.0,0.0,0.0,0.273901,0.445897
2018-02-25,15.3,2.8,57.5,11.7,5394.59,5915.92,1,1.25,0.0,0.0675,0.254423,0.408338
2018-02-26,15.5,0.0,59.7,15.3,5454.6,5887.67,0,0.0,0.0,0.0,0.284228,0.455149
2018-02-27,19.3,0.0,53.5,11.7,5746.67,6052.17,0,0.0,0.0,0.0,0.269872,0.467734
2018-02-28,17.7,0.0,47.2,14.2,5357.14,5615.1,0,0.0,0.0,0.0,0.266804,0.469963
2018-03-01,20.1,0.0,48.4,12.8,4887.98,4817.76,0,0.0,0.014575,0.0,0.27407,0.547875
2018-03-02,16.8,1.8,64.3,14.4,4510.19,4974.07,0,0.0,0.0,0.0,0.296673,0.444592
2018-03-03,16.9,0.0,47.6,14.2,4702.28,4928.12,0,0.0,0.0,0.0,0.26228,0.465572
2018-03-04,18.0,0.0,48.8,16.0,4773.19,5447.74,0,0.0,0.0,0.0,0.28567,0.39791
2018-03-05,19.9,0.0,54.2,11.8,4833.54,5353.88,0,0.0,0.0,0.0,0.275911,0.419242
2018-03-06,21.6,0.0,49.8,14.0,4851.35,4902.6,0,0.0,0.0,0.0,0.295842,0.540428
2018-03-07,23.3,0.0,59.7,14.8,4913.63,5545.23,0,0.0,0.0,0.0,0.331782,0.455605
2018-03-08,22.4,0.0,60.5,12.0,4715.35,4190.4,0,0.0,0.125273,0.0,0.305745,0.708781
2018-03-09,21.5,0.0,59.8,13.7,4684.11,5487.93,0,0.0,0.0,0.0,0.311618,0.397418
2018-03-10,23.5,0.0,55.0,11.3,4930.73,4761.5,0,0.0,0.035542,0.0,0.297282,0.595563
2018-03-11,23.0,0.0,59.9,11.7,4760.52,5147.04,0,0.0,0.0,0.0,0.30626,0.475383
2018-03-12,20.5,0.0,67.7,13.3,4568.21,4919.63,0,0.0,0.0,0.0,0.316752,0.490152
2018-03-13,18.9,0.0,51.9,12.0,4588.51,5142.77,0,0.0,0.0,0.0,0.26655,0.397524
2018-03-14,18.1,0.0,65.0,12.1,4618.98,4754.28,0,0.0,0.0,0.0,0.286611,0.510178
2018-03-15,20.4,8.5,65.9,15.4,4820.85,4410.27,0,0.0,0.093096,0.0,0.339293,0.704764
2018-03-16,21.5,0.0,59.6,11.9,4770.3,4910.45,0,0.0,0.0,0.0,0.297354,0.520825
2018-03-17,23.6,6.4,62.9,12.4,4910.45,5088.18,0,0.0,0.0,0.0,0.32905,0.545063
2018-03-18,23.1,7.8,64.5,13.8,4730.38,4356.21,0,0.0,0.085893,0.0,0.341265,0.698327
2018-03-19,23.9,0.0,56.2,12.4,4845.14,5101.24,0,0.0,0.0,0.0,0.310656,0.508838
2018-03-20,25.6,0.0,53.3,12.5,4978.51,4890.0,0,0.0,0.0181,0.0,0.317195,0.595115
2018-03-21,25.1,0.0,66.3,11.2,4822.62,5260.96,0,0.0,0.0,0.0,0.328244,0.487767
2018-03-22,26.3,0.0,55.8,11.7,4980.73,5152.55,0,0.0,0.0,0.0,0.320324,0.538185
2018-03-23,25.1,0.0,56.9,13.5,4771.14,5599.16,0,0.0,0.0,0.0,0.328366,0.412517
2018-03-24,24.8,0.0,60.1,12.4,4803.51,4966.16,0,0.0,0.0,0.0,0.323901,0.542457
2018-03-25,24.5,0.0,64.5,15.0,4789.51,5158.86,0,0.0,0.0,0.0,0.350235,0.523445
2018-03-26,22.8,0.0,60.8,11.6,4608.9,4777.48,0,0.0,0.0,0.0,0.305858,0.521455
2018-03-27,24.8,0.0,60.0,12.3,4927.35,4669.82,0,0.0,0.055148,0.0,0.322942,0.644112
2018-03-28,24.6,0.0,68.7,10.8,4780.52,4957.89,0,0.0,0.0,0.0,0.326362,0.541388
2018-03-29,25.5,0.0,62.6,10.2,4884.83,5360.93,0,0.0,0.0,0.0,0.316227,0.469341
2018-03-30,27.1,0.0,60.6,11.4,5015.1,5456.06,0,0.0,0.0,0.0,0.332282,0.494722
2018-03-31,28.5,0.0,66.8,10.9,5063.94,5223.58,0,0.0,0.0,0.0,0.349277,0.57039
2018-04-01,30.0,0.0,65.5,11.4,5154.89,4939.54,0,0.0,0.043597,0.0,0.360585,0.66827
2018-04-02,29.8,0.9,65.8,15.0,6037.79,6584.82,0,0.0,0.0,0.0,0.388705,0.548514
2018-04-03,29.0,0.0,68.0,15.3,4952.3,5330.79,0,0.0,0.0,0.0,0.388773,0.562677
2018-04-04,29.2,0.0,65.4,10.5,5011.59,5528.46,0,0.0,0.0,0.0,0.34818,0.495827
2018-04-05,26.1,0.0,70.6,15.6,4657.47,4809.91,0,0.0,0.0,0.0,0.376848,0.59664
2018-04-06,24.2,0.0,59.5,10.9,4623.76,4364.29,0,0.0,0.059452,0.0,0.307247,0.633442
2018-04-07,23.0,0.0,73.1,12.3,4598.01,4982.52,0,0.0,0.0,0.0,0.33564,0.50234
2018-04-08,22.7,0.0,62.6,14.0,4633.7,4862.71,0,0.0,0.0,0.0,0.327092,0.528903
2018-04-09,25.4,0.0,59.3,14.3,4937.72,5617.52,0,0.0,0.0,0.0,0.341016,0.456534
2018-04-10,24.9,2.3,64.4,12.7,4728.18,4973.14,0,0.0,0.0,0.0,0.337743,0.537031
2018-04-11,25.7,0.0,66.2,12.3,4835.12,5063.02,0,0.0,0.0,0.0,0.340499,0.544741
2018-04-12,29.7,0.0,64.6,9.5,5239.14,5638.82,0,0.0,0.0,0.0,0.342259,0.516303
2018-04-13,29.7,0.0,63.7,12.7,4988.71,5050.53,0,0.0,0.0,0.0,0.365263,0.607764
2018-04-14,31.9,0.0,73.8,9.8,5239.62,5288.64,0,0.0,0.0,0.0,0.376325,0.622294
2018-04-15,30.4,0.0,64.6,9.7,4927.22,5143.19,0,0.0,0.0,0.0,0.348416,0.556185
2018-04-16,30.7,0.0,57.9,9.4,5049.29,5008.97,0,0.0,0.00805,0.0,0.335516,0.601703
2018-04-17,29.5,0.0,67.7,12.0,4891.5,5065.48,0,0.0,0.0,0.0,0.366043,0.582737
2018-04-18,29.8,0.0,79.9,10.1,4995.07,5855.19,0,0.0,0.0,0.0,0.376235,0.461535
2018-04-19,32.5,6.2,66.2,11.0,5278.8,5889.49,0,0.0,0.0,0.0,0.382854,0.518594
2018-04-20,29.5,0.0,65.7,9.6,4774.09,5105.44,0,0.0,0.0,0.0,0.343775,0.524799
2018-04-21,31.5,0.0,68.4,10.7,5177.61,5942.63,0,0.0,0.0,0.0,0.370508,0.477013
2018-04-22,32.8,0.0,78.3,10.3,5197.2,5186.97,0,0.0,0.001972,0.0,0.394553,0.653645
2018-04-23,32.2,0.0,69.0,10.6,5046.02,6090.04,0,0.0,0.0,0.0,0.375475,0.432136
2018-04-24,30.1,0.0,65.9,11.4,4838.38,4939.93,0,0.0,0.0,0.0,0.361994,0.594786
2018-04-25,31.4,0.0,73.0,11.5,5118.25,6020.29,0,0.0,0.0,0.0,0.384647,0.466521
2018-04-26,31.4,0.0,72.9,8.7,5026.07,5910.47,0,0.0,0.0,0.0,0.362854,0.444962
2018-04-27,32.9,0.0,74.1,10.1,5200.25,4885.87,0,0.0,0.064343,0.0,0.385794,0.7177
2018-04-28,33.8,0.0,66.5,9.1,5201.81,5942.68,0,0.0,0.0,0.0,0.36976,0.481011
2018-04-29,37.6,0.0,69.2,12.6,5599.54,5779.36,0,0.0,0.0,0.0,0.426875,0.647342
2018-04-30,37.1,0.0,77.8,9.4,5285.57,5360.72,0,0.0,0.0,0.0,0.415013,0.655438
2018-05-01,35.2,0.0,74.4,8.6,5090.35,5513.11,0,0.0,0.0,0.0,0.389942,0.557213
2018-05-02,36.1,0.0,76.6,8.1,5314.23,5242.49,0,0.0,0.013683,0.0,0.396141,0.668906
2018-05-03,36.9,0.0,72.4,8.7,5351.29,5788.09,0,0.0,0.0,0.0,0.398169,0.566861
2018-05-04,39.9,0.0,78.1,12.0,5651.62,5599.23,0,0.0,0.009357,0.0,0.454093,0.721806
2018-05-05,41.3,0.0,74.5,8.2,5620.78,5964.52,0,0.0,0.0,0.0,0.42725,0.616762
2018-05-06,41.5,0.0,70.5,9.0,5549.79,6294.17,0,0.0,0.0,0.0,0.427241,0.545968
2018-05-07,43.9,0.0,77.0,8.4,5827.25,6260.51,0,0.0,0.0,0.0,0.450618,0.626618
2018-05-08,40.6,0.0,69.0,9.7,5262.19,5406.03,0,0.0,0.0,0.0,0.423898,0.649627
2018-05-09,39.0,0.0,81.3,9.1,5292.44,5737.58,0,0.0,0.0,0.0,0.431785,0.598004
2018-05-10,37.3,0.0,78.7,9.7,5183.2,4983.09,0,0.0,0.040159,0.0,0.420334,0.724004
2018-05-11,37.0,1.9,72.8,9.4,5257.79,5242.81,0,0.0,0.002856,0.0,0.407297,0.667423
2018-05-12,34.8,0.0,73.0,8.9,5020.13,5135.06,0,0.0,0.0,0.0,0.386995,0.617657
2018-05-13,37.1,0.0,74.7,12.5,5425.24,5965.44,0,0.0,0.0,0.0,0.433121,0.584197
2018-05-14,37.3,0.0,73.3,7.9,5295.86,5696.04,0,0.0,0.0,0.0,0.39632,0.571093
2018-05-15,34.9,0.0,80.8,7.8,5008.98,5428.31,1,7.087,0.0,0.355,0.393792,0.560402
2018-05-16,34.0,0.0,71.6,13.7,5047.39,5291.05,0,0.0,0.0,0.0,0.416134,0.619164
2018-05-17,36.0,0.0,66.9,7.6,5331.68,5333.54,0,0.0,0.0,0.0,0.373437,0.62982
2018-05-18,38.6,14.1,76.7,7.3,5516.09,6309.04,0,0.0,0.0,0.0,0.423838,0.533903
2018-05-19,43.1,1.1,78.6,13.4,5884.36,5919.9,0,0.0,0.0,0.0,0.488268,0.73805
2018-05-20,48.5,0.0,79.7,10.0,6260.25,6738.53,0,0.0,0.0,0.0,0.498347,0.672278
2018-05-21,47.9,0.0,75.3,8.2,5805.49,6054.76,0,0.0,0.0,0.0,0.472253,0.680982
2018-05-22,44.6,0.0,71.6,15.7,5442.3,5907.44,0,0.0,0.0,0.0,0.501435,0.666306
2018-05-23,39.7,0.0,74.6,7.5,5075.76,5135.93,0,0.0,0.0,0.0,0.41149,0.654603
2018-05-24,40.6,0.0,71.6,9.2,5500.63,6140.45,0,0.0,0.0,0.0,0.424915,0.560065
2018-05-25,39.2,0.0,63.4,8.9,5271.82,5993.17,0,0.0,0.0,0.0,0.397997,0.514276
2018-05-26,38.9,1.4,71.0,11.7,5325.01,5923.82,0,0.0,0.0,0.0,0.433583,0.572366
2018-05-27,38.3,0.0,77.5,7.0,5270.8,5586.68,0,0.0,0.0,0.0,0.403842,0.594625
2018-05-28,38.8,0.0,73.6,12.8,5365.64,5486.84,0,0.0,0.0,0.0,0.444578,0.675581
2018-05-29,41.6,0.2,73.5,14.6,5670.52,6962.23,0,0.0,0.0,0.0,0.476979,0.51718
2018-05-30,42.0,0.0,80.5,10.8,5535.96,5466.91,0,0.0,0.01263,0.0,0.463176,0.734711
2018-05-31,41.8,0.0,70.2,6.9,5476.21,6054.05,0,0.0,0.0,0.0,0.412453,0.557818
2018-06-01,39.8,40.8,80.9,8.0,6364.71,6816.38,0,0.0,0.0,0.0,0.4776,0.657035
2018-06-02,37.0,0.0,76.6,8.4,6116.45,6398.18,0,0.0,0.0,0.0,0.404388,0.609774
2018-06-03,37.2,0.0,71.4,8.2,6355.11,6747.0,0,0.0,0.0,0.0,0.394413,0.583396
2018-06-04,38.2,20.3,76.5,6.1,6484.72,6600.51,0,0.0,0.0,0.0,0.419132,0.655443
2018-06-05,42.6,17.2,87.0,8.8,7052.83,7595.22,0,0.0,0.0,0.0,0.484872,0.658295
2018-06-06,42.9,0.0,69.5,7.9,6737.63,7208.99,0,0.0,0.0,0.0,0.426107,0.606566
2018-06-07,44.8,0.0,71.2,7.1,6999.24,8529.92,0,0.0,0.0,0.0,0.435645,0.482947
2018-06-08,43.5,0.0,77.0,7.2,6638.06,7417.78,0,0.0,0.0,0.0,0.438723,0.572802
2018-06-09,41.0,0.0,74.5,14.9,6388.53,6915.59,0,0.0,0.0,0.0,0.47697,0.644788
2018-06-10,39.4,0.0,67.9,10.2,6360.74,6909.42,0,0.0,0.0,0.0,0.417784,0.58187
2018-06-11,38.7,1.8,84.0,5.6,6376.38,7434.17,0,0.0,0.0,0.0,0.41006,0.500743
2018-06-12,43.8,34.1,79.1,6.8,7183.99,7103.99,0,0.0,0.011262,0.0,0.483157,0.753093
2018-06-13,42.0,15.4,77.1,9.4,6505.64,6756.03,0,0.0,0.0,0.0,0.464788,0.678312
2018-06-14,43.9,0.0,76.6,10.1,6927.38,6441.43,0,0.0,0.075442,0.0,0.462986,0.807846
2018-06-15,41.9,0.0,85.2,7.5,6484.85,7037.38,0,0.0,0.0,0.0,0.445866,0.610999
2018-06-16,44.0,0.0,72.2,5.7,6950.98,7669.95,0,0.0,0.0,0.0,0.421444,0.568803
2018-06-17,44.6,0.1,69.6,5.6,6868.01,6780.63,0,0.0,0.012887,0.0,0.419874,0.691708
2018-06-18,44.0,0.0,76.6,8.1,6730.22,7675.22,0,0.0,0.0,0.0,0.448213,0.561268
2018-06-19,43.7,0.0,84.4,6.2,6739.95,6771.7,0,0.0,0.0,0.0,0.4462,0.697516
2018-06-20,42.3,16.3,78.6,5.6,6552.51,6738.76,0,0.0,0.0,0.0,0.441355,0.66588
2018-06-21,43.3,12.3,75.4,5.0,6819.86,7212.22,0,0.0,0.0,0.0,0.432436,0.625717
2018-06-22,42.3,0.0,75.6,5.2,6592.57,7584.32,0,0.0,0.0,0.0,0.412756,0.516893
2018-06-23,40.0,0.0,63.1,7.0,6336.14,6310.37,1,0.5,0.004083,0.0317,0.388047,0.649604
2018-06-24,38.0,0.0,70.3,6.2,6237.34,6663.65,0,0.0,0.0,0.0,0.382192,0.564297
2018-06-25,39.3,10.7,66.8,10.0,6579.69,7229.86,0,0.0,0.0,0.0,0.426574,0.578381
2018-06-26,43.2,0.0,71.3,5.1,7043.79,7648.24,0,0.0,0.0,0.0,0.409854,0.574383
2018-06-27,43.4,13.1,73.6,5.5,6766.72,7363.14,0,0.0,0.0,0.0,0.434555,0.596785
2018-06-28,43.0,22.1,65.1,5.7,6692.1,7347.75,0,0.0,0.0,0.0,0.428505,0.581126
2018-06-29,43.5,0.0,73.5,6.6,6796.79,6899.09,0,0.0,0.0,0.0,0.427531,0.667011
2018-06-30,45.9,13.1,78.8,5.6,7117.76,8230.48,0,0.0,0.0,0.0,0.461555,0.560518
2018-07-01,45.7,0.0,71.3,5.3,6885.22,7181.27,0,0.0,0.0,0.0,0.427876,0.636539
2018-07-02,44.2,0.0,64.4,6.9,6687.73,6919.37,0,0.0,0.0,0.0,0.417397,0.635106
2018-07-03,46.0,12.0,81.2,6.3,7081.48,8036.77,0,0.0,0.0,0.0,0.470773,0.5888
2018-07-04,46.1,32.3,89.3,7.8,6946.82,7018.19,0,0.0,0.0,0.0,0.522962,0.76788
2018-07-05,48.4,0.0,73.5,5.7,7285.27,7796.53,0,0.0,0.0,0.0,0.452884,0.633121
2018-07-06,47.5,1.4,69.9,8.8,6961.06,6992.11,0,0.0,0.0,0.0,0.465829,0.717435
2018-07-07,43.9,5.8,70.9,5.0,6509.17,7867.71,1,1.591,0.0,0.1036,0.420023,0.475234
2018-07-08,40.8,42.5,83.7,7.3,6343.3,7583.06,0,0.0,0.0,0.0,0.486115,0.552046
2018-07-09,44.3,6.2,72.7,7.9,7111.39,7417.57,0,0.0,0.0,0.0,0.448899,0.657501
2018-07-10,47.2,0.0,72.7,7.3,7266.47,7867.78,0,0.0,0.0,0.0,0.45582,0.623389
2018-07-11,45.7,0.0,72.5,5.8,6803.36,7145.76,0,0.0,0.0,0.0,0.433984,0.634836
2018-07-12,44.0,20.2,71.4,6.2,6684.27,6871.68,0,0.0,0.0,0.0,0.448448,0.6734
2018-07-13,46.4,0.0,65.7,9.3,7173.71,7586.46,1,0.584,0.0,0.0419,0.452854,0.64613
2018-07-14,43.1,17.5,72.6,5.8,6497.4,6805.65,0,0.0,0.0,0.0,0.438386,0.642301
2018-07-15,40.9,0.0,71.7,4.8,6441.72,6146.68,0,0.0,0.048001,0.0,0.393129,0.705954
2018-07-16,42.1,0.5,61.4,7.0,8164.1,8707.59,0,0.0,0.0,0.0,0.399312,0.583238
2018-07-17,41.0,0.0,67.7,5.5,6545.58,6855.42,0,0.0,0.0,0.0,0.39169,0.595718
2018-07-18,40.9,10.1,71.0,5.8,6618.38,7079.48,1,0.794,0.0,0.0526,0.411856,0.592611
2018-07-19,40.4,0.0,65.9,5.6,6564.06,6860.2,0,0.0,0.0,0.0,0.385131,0.591527
2018-07-20,41.0,18.2,79.7,7.3,6691.08,6873.74,0,0.0,0.0,0.0,0.450284,0.676052
2018-07-21,43.6,0.0,74.0,6.4,7028.34,7767.16,0,0.0,0.0,0.0,0.427584,0.57333
2018-07-22,43.0,3.1,70.4,5.8,6734.25,7297.15,0,0.0,0.0,0.0,0.416032,0.582769
2018-07-23,43.6,0.0,76.2,6.3,6873.87,7822.13,0,0.0,0.0,0.0,0.430937,0.546205
2018-07-24,38.7,0.0,71.4,4.7,6117.3,6613.83,0,0.0,0.0,0.0,0.377294,0.546442
2018-07-25,38.7,14.0,70.9,7.1,6508.67,6753.08,0,0.0,0.0,0.0,0.411957,0.626496
2018-07-26,37.1,13.3,67.4,6.4,6281.57,6839.73,0,0.0,0.0,0.0,0.388593,0.550117
2018-07-27,35.0,14.1,67.7,9.6,6115.89,5658.55,0,0.0,0.080822,0.0,0.400981,0.752124
2018-07-28,33.9,0.0,67.8,5.0,6131.5,7250.69,0,0.0,0.0,0.0,0.341221,0.417815
2018-07-29,34.2,0.0,63.8,5.0,6247.94,6668.34,0,0.0,0.0,0.0,0.335698,0.51889
2018-07-30,36.8,0.0,57.7,6.1,6607.5,7847.2,0,0.0,0.0,0.0,0.349886,0.42225
2018-07-31,34.4,1.0,63.4,5.7,6068.9,6039.96,0,0.0,0.004792,0.0,0.342888,0.605271
2018-08-01,35.1,0.0,69.9,4.6,6358.44,6228.65,0,0.0,0.020837,0.0,0.349981,0.631097
2018-08-02,34.6,29.3,58.9,4.5,6237.66,6693.31,0,0.0,0.0,0.0,0.361038,0.538357
2018-08-03,34.5,26.6,77.8,8.3,6262.82,6719.01,0,0.0,0.0,0.0,0.421843,0.599372
2018-08-04,37.0,23.1,72.4,4.9,6633.73,7106.78,1,0.944,0.0,0.0626,0.397692,0.576776
2018-08-05,38.1,0.0,62.3,5.4,6595.38,7002.36,0,0.0,0.0,0.0,0.361678,0.550618
2018-08-06,40.4,0.0,64.6,4.5,6861.06,6932.61,0,0.0,0.0,0.0,0.374206,0.618947
2018-08-07,39.3,0.0,67.7,12.5,6515.46,6231.53,0,0.0,0.045563,0.0,0.434497,0.744478
2018-08-08,37.3,65.0,79.0,11.1,6319.06,6815.21,0,0.0,0.0,0.0,0.511006,0.682809
2018-08-09,36.5,10.5,69.6,5.5,6373.9,6177.57,0,0.0,0.031782,0.0,0.378402,0.672293
2018-08-10,36.8,0.0,66.2,4.3,6477.58,6239.52,0,0.0,0.038154,0.0,0.351934,0.653265
2018-08-11,36.9,0.0,62.5,6.0,6469.49,6637.83,1,1.14,0.0,0.0737,0.358773,0.585957
2018-08-12,34.4,4.0,56.7,10.9,6114.79,6586.43,0,0.0,0.0,0.0,0.374109,0.547304
2018-08-13,34.6,1.8,60.9,4.6,6346.78,7458.92,0,0.0,0.0,0.0,0.332007,0.414735
2018-08-14,35.1,0.0,50.4,6.2,6396.1,7110.5,0,0.0,0.0,0.0,0.325764,0.465264
2018-08-15,40.0,0.0,62.5,5.2,7074.8,8067.34,0,0.0,0.0,0.0,0.373033,0.486195
2018-08-16,42.5,0.0,57.8,5.9,7069.85,7714.49,0,0.0,0.0,0.0,0.3861,0.545339
2018-08-17,39.1,84.3,77.6,18.7,6369.28,6971.65,0,0.0,0.0,0.0,0.602435,0.758358
2018-08-18,37.4,0.0,62.5,4.6,6402.72,7733.62,0,0.0,0.0,0.0,0.351266,0.407155
2018-08-19,33.6,22.8,58.3,6.4,6007.73,5807.43,0,0.0,0.03449,0.0,0.360052,0.657106
2018-08-20,32.3,0.0,59.2,7.7,6113.51,6260.03,0,0.0,0.0,0.0,0.335383,0.564849
2018-08-21,33.0,8.9,58.8,5.4,6315.23,6497.64,0,0.0,0.0,0.0,0.332359,0.556376
2018-08-22,35.3,5.0,58.3,8.5,6591.94,7292.63,0,0.0,0.0,0.0,0.365743,0.510367
2018-08-23,33.2,0.0,59.0,8.6,6128.16,6056.69,0,0.0,0.011801,0.0,0.347884,0.61845
2018-08-24,31.6,36.5,75.5,7.8,6070.09,6665.55,0,0.0,0.0,0.0,0.406637,0.559138
2018-08-25,27.3,15.4,62.7,4.9,5607.69,6092.85,0,0.0,0.0,0.0,0.306173,0.470005
2018-08-26,27.8,0.0,63.3,7.2,5987.44,6593.61,1,0.5,0.0,0.0299,0.309551,0.459018
2018-08-27,26.3,0.0,63.2,7.0,5758.23,6334.62,0,0.0,0.0,0.0,0.297933,0.448501
2018-08-28,26.1,0.0,59.7,5.1,5844.28,6702.88,0,0.0,0.0,0.0,0.275392,0.382645
2018-08-29,25.2,4.2,47.3,5.5,5742.07,6011.37,0,0.0,0.0,0.0,0.254421,0.458913
2018-08-30,26.0,70.5,71.6,18.8,5917.22,6474.82,0,0.0,0.0,0.0,0.488773,0.645028
2018-08-31,23.2,0.0,49.4,5.6,5499.08,5518.86,0,0.0,0.0,0.0,0.240823,0.493429
2018-09-01,21.5,2.1,69.3,6.1,4684.34,4633.84,0,0.0,0.0109,0.0,0.27335,0.542862
2018-09-02,27.3,43.9,60.1,10.4,5434.03,6309.91,0,0.0,0.0,0.0,0.37851,0.473253
2018-09-03,25.1,0.0,46.3,5.4,4827.58,4821.96,0,0.0,0.001165,0.0,0.245991,0.504142
2018-09-04,23.6,0.0,39.6,5.4,4799.43,5233.31,0,0.0,0.0,0.0,0.223541,0.383545
2018-09-05,28.2,4.6,49.1,8.7,5426.46,5879.33,0,0.0,0.0,0.0,0.302749,0.469617
2018-09-06,33.9,0.0,53.4,6.6,5834.18,6557.76,0,0.0,0.0,0.0,0.326566,0.454545
2018-09-07,30.3,0.0,57.9,6.8,5041.7,4767.1,0,0.0,0.057604,0.0,0.312818,0.636854
2018-09-08,29.0,3.4,47.6,6.2,5117.24,5660.41,0,0.0,0.0,0.0,0.284456,0.429223
2018-09-09,29.3,0.0,57.6,6.3,5239.3,5482.11,1,0.5,0.0,0.0262,0.301806,0.50689
2018-09-10,32.2,70.0,68.6,12.8,5574.69,5699.17,0,0.0,0.0,0.0,0.477108,0.7084
2018-09-11,29.1,3.6,49.5,7.0,5025.01,5196.86,0,0.0,0.0,0.0,0.295094,0.51328
2018-09-12,28.0,0.0,51.6,8.4,5097.41,5685.23,0,0.0,0.0,0.0,0.298191,0.434278
2018-09-13,29.1,0.0,57.5,5.7,5299.08,5808.15,0,0.0,0.0,0.0,0.295671,0.450141
2018-09-14,29.2,41.2,60.6,5.9,5249.83,5470.01,0,0.0,0.0,0.0,0.353954,0.563753
2018-09-15,27.7,0.0,44.2,9.2,5065.62,4955.38,0,0.0,0.022248,0.0,0.288512,0.571273
2018-09-16,26.8,0.0,51.5,7.1,5067.73,4979.97,0,0.0,0.017624,0.0,0.280063,0.557426
2018-09-17,23.6,41.9,61.6,6.5,4758.02,5221.65,0,0.0,0.0,0.0,0.324401,0.477537
2018-09-18,23.3,0.0,47.8,7.6,4915.58,4765.67,0,0.0,0.031457,0.0,0.253914,0.547426
2018-09-19,22.9,0.0,53.5,6.4,4895.84,5104.19,0,0.0,0.0,0.0,0.252706,0.461843
2018-09-20,23.5,1.2,36.9,9.3,4993.34,6086.42,0,0.0,0.0,0.0,0.249376,0.296509
2018-09-21,22.3,0.0,49.6,6.4,4829.93,5211.27,0,0.0,0.0,0.0,0.241438,0.412802
2018-09-22,23.4,0.0,51.4,6.5,5024.97,5511.2,0,0.0,0.0,0.0,0.252836,0.406631
2018-09-23,25.3,0.0,39.9,6.8,5182.16,5094.86,0,0.0,0.017134,0.0,0.246111,0.522904
2018-09-24,25.0,1.2,39.7,8.2,5041.0,4903.28,0,0.0,0.028087,0.0,0.256026,0.545605
2018-09-25,25.1,0.2,51.5,9.9,5074.51,5582.66,0,0.0,0.0,0.0,0.290707,0.441237
2018-09-26,24.6,32.4,60.2,8.5,5009.9,5171.27,0,0.0,0.0,0.0,0.332209,0.55257
2018-09-27,23.9,0.0,52.7,9.2,4974.49,5591.02,0,0.0,0.0,0.0,0.279402,0.407461
2018-09-28,21.9,0.0,42.1,6.2,4793.93,5076.86,0,0.0,0.0,0.0,0.223196,0.414927
2018-09-29,22.4,0.0,46.3,6.2,4962.35,6322.29,0,0.0,0.0,0.0,0.234367,0.240046
2018-09-30,21.8,0.0,46.6,6.4,4885.7,4984.6,0,0.0,0.0,0.0,0.232518,0.466145
2018-10-01,25.7,2.3,36.7,7.7,5361.84,5761.38,0,0.0,0.0,0.0,0.252499,0.428332
2018-10-02,27.7,0.0,45.2,7.2,5365.27,5365.1,0,0.0,3.1e-05,0.0,0.274955,0.531782
2018-10-03,26.8,0.0,44.8,6.6,5147.06,5771.5,0,0.0,0.0,0.0,0.263643,0.394127
2018-10-04,23.8,0.0,47.5,6.2,4856.78,5265.0,0,0.0,0.0,0.0,0.245845,0.412121
2018-10-05,20.6,0.0,40.7,9.0,4736.48,4716.32,0,0.0,0.004273,0.0,0.233607,0.495387
2018-10-06,22.6,0.0,49.5,11.2,5099.46,5284.63,0,0.0,0.0,0.0,0.280265,0.49615
2018-10-07,22.3,0.0,43.4,9.9,4950.48,5657.04,0,0.0,0.0,0.0,0.25682,0.367802
2018-10-08,22.5,0.0,51.2,8.0,4990.46,5664.96,0,0.0,0.0,0.0,0.258102,0.375895
2018-10-09,18.1,0.0,46.2,8.6,4643.55,4491.21,0,0.0,0.03392,0.0,0.224355,0.520743
2018-10-10,19.8,4.8,44.8,7.5,5036.33,5172.03,0,0.0,0.0,0.0,0.230304,0.456465
2018-10-11,20.2,0.0,36.0,8.4,4966.8,5816.36,0,0.0,0.0,0.0,0.217529,0.303804
2018-10-12,17.4,0.0,35.0,8.3,4736.77,4953.56,0,0.0,0.0,0.0,0.196426,0.402125
2018-10-13,16.3,0.0,49.4,9.2,4830.69,5158.48,0,0.0,0.0,0.0,0.22312,0.405729
2018-10-14,16.9,0.0,45.5,7.7,4938.77,5536.34,0,0.0,0.0,0.0,0.208189,0.338974
2018-10-15,16.9,0.0,39.5,15.2,4907.71,4772.13,0,0.0,0.028411,0.0,0.254809,0.544766
2018-10-16,16.1,2.4,39.2,7.5,4857.05,4842.96,0,0.0,0.002909,0.0,0.192488,0.452674
2018-10-17,15.8,0.0,41.5,9.1,4884.79,5060.19,0,0.0,0.0,0.0,0.204241,0.420566
2018-10-18,15.2,0.0,33.4,10.2,4862.96,5505.8,0,0.0,0.0,0.0,0.193586,0.314074
2018-10-19,15.5,0.0,37.6,7.7,4922.43,5515.8,0,0.0,0.0,0.0,0.184148,0.315353
2018-10-20,18.3,0.0,42.8,7.5,5116.31,5636.36,0,0.0,0.0,0.0,0.210811,0.359888
2018-10-21,12.5,0.0,43.2,10.4,4579.23,4796.9,0,0.0,0.0,0.0,0.195708,0.399525
2018-10-22,12.4,8.3,39.5,15.8,4928.43,5556.62,0,0.0,0.0,0.0,0.239904,0.364716
2018-10-23,13.1,0.0,47.1,7.6,4972.74,5204.89,0,0.0,0.0,0.0,0.18537,0.390091
2018-10-24,13.8,0.0,44.1,15.9,4973.17,5434.24,0,0.0,0.0,0.0,0.248402,0.406143
2018-10-25,13.1,3.0,35.6,10.8,4891.36,5447.79,0,0.0,0.0,0.0,0.192159,0.329712
2018-10-26,9.6,0.0,32.1,9.3,4767.09,5545.08,0,0.0,0.0,0.0,0.147293,0.240293
2018-10-27,11.0,0.0,41.3,11.3,5047.18,5313.43,0,0.0,0.0,0.0,0.189203,0.387496
2018-10-28,14.8,0.0,35.8,12.2,5159.07,5331.67,0,0.0,0.0,0.0,0.210882,0.42988
2018-10-29,11.3,0.0,34.7,9.3,4761.0,5417.49,0,0.0,0.0,0.0,0.163373,0.278698
2018-10-30,13.3,0.0,38.9,18.2,5069.71,5793.3,0,0.0,0.0,0.0,0.253103,0.364083
2018-10-31,12.4,0.0,41.2,16.2,4914.78,5023.24,0,0.0,0.0,0.0,0.236052,0.467636
2018-11-01,12.2,0.0,41.4,9.0,4959.46,4893.41,0,0.0,0.013497,0.0,0.179553,0.4521
2018-11-02,10.0,0.0,37.5,10.4,4863.85,5511.23,0,0.0,0.0,0.0,0.168542,0.288202
2018-11-03,9.7,0.0,25.6,8.7,4979.38,4744.71,0,0.0,0.04946,0.0,0.131135,0.445664
2018-11-04,12.6,0.0,41.7,8.6,5152.2,4892.8,0,0.0,0.053016,0.0,0.179665,0.498347
2018-11-05,13.5,0.0,32.8,9.6,5023.04,5220.94,0,0.0,0.0,0.0,0.176626,0.389166
2018-11-06,16.5,0.0,38.2,10.6,5154.65,5445.65,0,0.0,0.0,0.0,0.214241,0.408648
2018-11-07,17.7,0.0,35.9,9.2,5073.08,4987.97,0,0.0,0.017063,0.0,0.207036,0.483745
2018-11-08,17.2,0.0,47.6,12.0,4964.55,5282.16,0,0.0,0.0,0.0,0.247283,0.433879
2018-11-09,19.3,0.0,46.6,11.0,5156.36,5500.74,0,0.0,0.0,0.0,0.251533,0.435236
2018-11-10,18.4,0.0,33.8,10.5,4964.53,5062.51,0,0.0,0.0,0.0,0.217743,0.451939
2018-11-11,18.4,0.0,29.3,9.6,5021.71,5916.12,0,0.0,0.0,0.0,0.202361,0.282661
2018-11-12,16.1,0.0,29.6,9.7,4856.4,5230.71,0,0.0,0.0,0.0,0.188535,0.361786
2018-11-13,15.0,0.0,37.2,10.3,4909.78,5504.33,0,0.0,0.0,0.0,0.200164,0.330857
2018-11-14,12.5,0.0,33.0,9.9,4857.45,4654.69,0,0.0,0.04356,0.0,0.172725,0.480367
2018-11-15,13.8,0.0,30.1,10.2,5075.74,4861.11,0,0.0,0.044152,0.0,0.178171,0.486505
2018-11-16,10.6,0.0,32.9,9.9,4830.78,5212.33,0,0.0,0.0,0.0,0.160014,0.331349
2018-11-17,11.8,0.0,37.7,11.7,5095.25,5945.42,0,0.0,0.0,0.0,0.190812,0.280668
2018-11-18,10.9,0.0,35.0,9.7,4971.85,4904.1,0,0.0,0.013814,0.0,0.164385,0.437303
2018-11-19,12.8,0.0,32.9,13.1,5127.97,5430.69,0,0.0,0.0,0.0,0.199206,0.390922
2018-11-20,13.5,7.3,35.3,10.4,5047.96,4907.57,0,0.0,0.028607,0.0,0.196393,0.486579
2018-11-21,16.2,0.0,34.4,12.1,5167.63,5192.06,0,0.0,0.0,0.0,0.216713,0.46801
2018-11-22,16.1,0.0,36.3,11.3,5007.42,5318.72,0,0.0,0.0,0.0,0.213443,0.401906
2018-11-23,11.4,0.0,36.5,9.9,4752.95,4843.09,0,0.0,0.0,0.0,0.172037,0.407099
2018-11-24,10.6,0.0,26.9,13.3,4997.74,4836.57,0,0.0,0.033323,0.0,0.174998,0.47069
2018-11-25,7.8,0.0,35.9,15.9,4897.91,4733.05,0,0.0,0.034831,0.0,0.193479,0.490932
2018-11-26,6.8,0.0,33.2,11.2,5021.59,4676.01,0,0.0,0.073905,0.0,0.14556,0.488627
2018-11-27,10.0,0.0,30.0,12.2,5250.2,5670.35,0,0.0,0.0,0.0,0.168368,0.338658
2018-11-28,10.8,0.0,33.1,11.7,5098.59,5545.46,0,0.0,0.0,0.0,0.175596,0.338313
2018-11-29,8.8,0.0,40.8,10.7,4945.97,5377.91,1,0.919,0.0,0.0455,0.169134,0.332161
2018-11-30,6.5,0.0,39.0,11.9,4952.9,4916.85,0,0.0,0.007331,0.0,0.159859,0.425208
2018-12-01,6.8,0.0,35.5,15.0,5731.13,6380.9,0,0.0,0.0,0.0,0.179193,0.317106
2018-12-02,4.5,0.0,30.5,14.3,5577.48,6104.7,0,0.0,0.0,0.0,0.149257,0.305227
2018-12-03,3.7,0.0,28.2,11.4,5693.76,5981.06,0,0.0,0.0,0.0,0.117295,0.318009
2018-12-04,5.1,0.0,30.3,11.5,5826.28,6060.03,0,0.0,0.0,0.0,0.131232,0.342992
2018-12-05,7.8,0.0,35.1,10.9,5895.49,5949.17,0,0.0,0.0,0.0,0.153399,0.399655
2018-12-06,8.9,0.0,35.3,11.6,5771.26,6129.69,0,0.0,0.0,0.0,0.166426,0.354953
2018-12-07,4.0,0.0,31.9,12.5,5403.64,6224.38,0,0.0,0.0,0.0,0.134697,0.237555
2018-12-08,5.2,0.0,39.6,12.5,5822.18,6530.65,1,0.872,0.0,0.0508,0.157045,0.287191
2018-12-09,5.7,0.0,37.2,12.8,5768.19,5963.49,0,0.0,0.0,0.0,0.158155,0.376713
2018-12-10,6.8,0.0,22.1,12.8,5796.59,6283.12,0,0.0,0.0,0.0,0.137093,0.303486
2018-12-11,10.1,0.0,35.9,11.4,5907.96,5793.4,0,0.0,0.019774,0.0,0.173917,0.453791
2018-12-12,5.3,16.3,43.3,14.3,5409.8,5929.11,0,0.0,0.0,0.0,0.198418,0.352959
2018-12-13,4.5,0.0,36.5,14.8,5686.1,5672.77,0,0.0,0.00235,0.0,0.164365,0.423898
2018-12-14,6.2,0.0,38.5,12.6,5843.79,6390.1,0,0.0,0.0,0.0,0.162345,0.31933
2018-12-15,3.2,0.0,34.4,21.3,5548.14,6863.34,0,0.0,0.0,0.0,0.202013,0.235098
2018-12-16,6.9,0.0,35.5,13.4,5976.14,6060.34,0,0.0,0.0,0.0,0.167507,0.408078
2018-12-17,7.6,0.0,35.7,11.4,5766.53,7116.68,0,0.0,0.0,0.0,0.157064,0.192379
2018-12-18,9.2,0.0,36.9,12.3,5803.24,6272.78,0,0.0,0.0,0.0,0.176804,0.34621
2018-12-19,7.6,0.0,33.2,12.3,5605.81,5621.36,0,0.0,0.0,0.0,0.159321,0.412882
2018-12-20,9.1,0.0,41.7,11.2,5800.48,5799.82,0,0.0,0.000114,0.0,0.176657,0.43358
2018-12-21,10.8,1.2,43.7,12.5,5795.5,6948.76,0,0.0,0.0,0.0,0.203108,0.266149
2018-12-22,10.5,0.0,33.8,14.6,5663.04,6122.08,0,0.0,0.0,0.0,0.197307,0.366564
2018-12-23,10.3,5.1,32.0,15.2,5668.84,5750.08,0,0.0,0.0,0.0,0.203466,0.443762
2018-12-24,10.2,0.0,30.0,17.8,5677.68,5888.78,1,0.5,0.0,0.0284,0.212896,0.427837
2018-12-25,7.9,0.0,38.9,13.9,5547.74,5975.69,0,0.0,0.0,0.0,0.184331,0.357517
2018-12-26,7.5,0.0,39.9,14.5,5680.99,5961.92,0,0.0,0.0,0.0,0.188199,0.38998
2018-12-27,7.1,0.0,39.2,12.3,5691.09,6099.66,0,0.0,0.0,0.0,0.167275,0.34587
2018-12-28,7.9,0.0,39.8,14.3,5760.76,6692.49,0,0.0,0.0,0.0,0.189105,0.283369
2018-12-29,9.8,0.0,34.6,13.9,5812.26,5689.84,0,0.0,0.021515,0.0,0.188792,0.470699
2018-12-30,7.2,0.0,27.7,12.7,5533.03,6034.39,0,0.0,0.0,0.0,0.149458,0.309256
2018-12-31,7.1,6.8,37.0,18.3,5695.81,5954.44,0,0.0,0.0,0.0,0.217743,0.423827
2019-01-01,10.1,0.0,46.3,12.0,5885.18,5994.41,0,0.0,0.0,0.0,0.198047,0.433565
2019-01-02,8.2,0.0,39.5,13.4,5560.14,6213.71,0,0.0,0.0,0.0,0.183575,0.317575
2019-01-03,6.5,0.0,40.5,16.5,5592.31,5357.05,0,0.0,0.043917,0.0,0.198165,0.506223
2019-01-04,7.2,0.0,43.1,12.3,5749.18,5179.52,0,0.0,0.109983,0.0,0.175246,0.56043
2019-01-05,9.0,0.0,34.6,12.7,5808.5,6181.09,0,0.0,0.0,0.0,0.17426,0.36068
2019-01-06,8.9,0.0,40.1,15.0,5669.69,5903.82,0,0.0,0.0,0.0,0.20166,0.412154
2019-01-07,11.4,0.1,41.8,15.1,5822.23,5617.11,1,0.5,0.036516,0.1063,0.22222,0.52164
2019-01-08,12.5,0.0,34.7,13.3,5711.89,5381.94,0,0.0,0.061306,0.0,0.202147,0.530507
2019-01-09,13.4,0.0,41.4,14.0,5684.01,6659.56,0,0.0,0.0,0.0,0.226043,0.311822
2019-01-10,13.5,0.0,46.3,13.6,5633.36,6079.36,0,0.0,0.0,0.0,0.232803,0.403949
2019-01-11,17.2,0.0,38.1,15.5,5884.06,6185.55,0,0.0,0.0,0.0,0.256476,0.456366
2019-01-12,15.2,0.0,31.7,15.6,5466.15,6495.43,0,0.0,0.0,0.0,0.232065,0.303866
2019-01-13,9.9,0.0,41.4,17.1,5301.24,5907.65,0,0.0,0.0,0.0,0.226893,0.363851
2019-01-14,13.0,0.0,37.5,17.1,5822.35,6762.45,0,0.0,0.0,0.0,0.240013,0.334514
2019-01-15,11.3,4.1,42.9,14.2,5524.83,5390.37,0,0.0,0.024944,0.0,0.221559,0.507469
2019-01-16,11.2,0.0,37.0,12.5,5622.64,5472.54,0,0.0,0.027428,0.0,0.191718,0.480527
2019-01-17,13.5,0.0,41.8,12.8,5758.95,6270.78,0,0.0,0.0,0.0,0.218192,0.379697
2019-01-18,9.6,0.0,47.9,12.9,5376.99,5786.25,0,0.0,0.0,0.0,0.204695,0.378915
2019-01-19,7.1,0.0,41.9,13.6,5502.57,6210.91,0,0.0,0.0,0.0,0.182368,0.306019
2019-01-20,4.5,0.0,34.0,13.9,5510.67,5220.04,0,0.0,0.055676,0.0,0.152733,0.474519
2019-01-21,4.1,0.0,44.4,12.6,5661.58,6195.61,0,0.0,0.0,0.0,0.159566,0.315732
2019-01-22,6.3,0.0,42.9,12.1,5814.95,6468.1,0,0.0,0.0,0.0,0.167396,0.306302
2019-01-23,8.2,0.0,44.2,14.7,5776.43,6405.94,0,0.0,0.0,0.0,0.202419,0.344489
2019-01-24,9.3,0.0,48.2,13.7,5703.63,5842.68,0,0.0,0.0,0.0,0.209453,0.43846
2019-01-25,6.8,0.0,41.0,19.1,5482.84,5936.12,0,0.0,0.0,0.0,0.221142,0.38879
2019-01-26,3.1,0.0,42.5,13.0,5423.4,5429.55,0,0.0,0.0,0.0,0.152498,0.407966
2019-01-27,4.9,0.0,39.1,18.2,5787.17,5969.72,0,0.0,0.0,0.0,0.198111,0.419203
2019-01-28,5.3,0.0,45.5,12.7,5685.13,5595.85,0,0.0,0.015956,0.0,0.170309,0.445724
2019-01-29,7.6,1.4,46.0,13.7,5782.1,5794.85,0,0.0,0.0,0.0,0.195831,0.450052
2019-01-30,9.9,0.0,43.8,13.9,5759.03,5959.55,0,0.0,0.0,0.0,0.206701,0.424212
2019-01-31,10.7,0.0,49.2,12.3,5641.55,5749.14,0,0.0,0.0,0.0,0.209754,0.444697
2019-02-01,12.6,0.0,40.5,14.2,5692.93,5705.43,0,0.0,0.0,0.0,0.220625,0.474857
2019-02-02,13.1,0.0,46.7,12.9,5590.43,5412.24,0,0.0,0.032924,0.0,0.225515,0.52074
2019-02-03,14.1,0.0,49.4,16.4,5612.6,6586.67,0,0.0,0.0,0.0,0.264175,0.348324
2019-02-04,12.6,0.0,43.9,15.3,5448.33,5548.93,0,0.0,0.0,0.0,0.235488,0.471113
2019-02-05,12.4,0.0,40.1,14.5,5541.48,5933.75,0,0.0,0.0,0.0,0.220872,0.400487
2019-02-06,13.1,0.7,39.0,13.1,5585.03,5245.37,0,0.0,0.064753,0.0,0.213475,0.545859
2019-02-07,14.9,0.0,48.4,12.5,5638.2,6402.36,0,0.0,0.0,0.0,0.23748,0.354934
2019-02-08,14.0,0.0,56.4,18.0,5462.21,5792.84,0,0.0,0.0,0.0,0.288987,0.479147
2019-02-09,15.1,0.0,45.2,17.6,5585.99,5709.08,0,0.0,0.0,0.0,0.272151,0.503771
2019-02-10,14.5,0.0,50.8,13.0,5469.78,5593.32,0,0.0,0.0,0.0,0.243202,0.474208
2019-02-11,14.4,0.0,36.8,15.7,5497.05,6072.99,1,2.468,0.0,0.1357,0.237126,0.383204
2019-02-12,16.2,0.0,51.1,12.6,5636.87,4870.0,0,0.0,0.157468,0.0,0.251883,0.692502
2019-02-13,12.1,0.0,44.1,12.8,5246.13,5236.03,0,0.0,0.001928,0.0,0.213277,0.472319
2019-02-14,10.3,0.0,47.9,13.6,5410.3,5640.23,0,0.0,0.0,0.0,0.21471,0.42391
2019-02-15,8.5,0.0,50.6,14.5,5426.24,5652.9,0,0.0,0.0,0.0,0.214853,0.424835
2019-02-16,5.4,0.0,42.3,12.3,5360.47,6474.56,0,0.0,0.0,0.0,0.161882,0.217795
2019-02-17,6.3,0.0,66.6,12.0,5622.47,5784.01,0,0.0,0.0,0.0,0.211062,0.435248
2019-02-18,9.9,0.0,48.2,12.6,5767.06,6415.19,0,0.0,0.0,0.0,0.20492,0.343767
2019-02-19,10.8,0.0,54.6,13.4,5567.51,6481.33,0,0.0,0.0,0.0,0.229025,0.32122
2019-02-20,12.5,0.0,59.4,12.2,5601.79,6118.55,0,0.0,0.0,0.0,0.239971,0.398165
2019-02-21,15.7,0.0,53.7,12.9,5679.72,5722.6,0,0.0,0.0,0.0,0.255777,0.50382
2019-02-22,18.9,0.0,46.5,12.9,5719.07,5542.22,0,0.0,0.031909,0.0,0.26337,0.557411
2019-02-23,18.6,0.0,53.5,19.8,5488.59,6020.77,0,0.0,0.0,0.0,0.327758,0.481361
2019-02-24,21.3,7.8,46.0,14.3,5723.34,6602.66,1,2.598,0.0,0.1487,0.298571,0.39989
2019-02-25,21.0,0.0,52.0,13.7,5515.2,5980.66,0,0.0,0.0,0.0,0.293697,0.459631
2019-02-26,19.0,0.0,62.4,12.9,5361.83,6046.57,0,0.0,0.0,0.0,0.293841,0.418429
2019-02-27,17.9,0.0,47.3,16.8,5401.92,6554.11,0,0.0,0.0,0.0,0.288371,0.339936
2019-02-28,15.3,0.0,50.5,12.0,5255.71,5795.76,0,0.0,0.0,0.0,0.240196,0.388207
2019-03-01,14.5,0.0,64.3,14.5,4635.0,4545.36,0,0.0,0.019721,0.0,0.280089,0.559902
2019-03-02,15.0,0.0,54.5,17.0,4698.98,4949.05,0,0.0,0.0,0.0,0.284299,0.482101
2019-03-03,17.7,1.3,51.5,15.0,4864.51,5527.66,0,0.0,0.0,0.0,0.282625,0.399363
2019-03-04,21.8,0.0,58.0,12.3,4995.21,5166.68,0,0.0,0.0,0.0,0.299418,0.517465
2019-03-05,18.9,0.0,54.0,11.8,4553.04,5212.59,0,0.0,0.0,0.0,0.268945,0.378023
2019-03-06,20.3,0.0,43.1,15.0,4805.98,5026.01,0,0.0,0.0,0.0,0.282426,0.488109
2019-03-07,18.5,0.0,50.3,14.4,4601.72,4928.74,0,0.0,0.0,0.0,0.279432,0.458765
2019-03-08,20.2,0.0,67.7,15.5,4817.64,4952.07,0,0.0,0.0,0.0,0.33175,0.556849
2019-03-09,20.4,0.0,59.4,14.5,4731.32,5015.44,0,0.0,0.0,0.0,0.30979,0.500448
2019-03-10,17.2,5.7,66.8,15.7,4489.1,4773.63,0,0.0,0.0,0.0,0.318787,0.505995
2019-03-11,20.3,0.0,53.3,12.4,4882.28,4631.64,0,0.0,0.054116,0.0,0.28149,0.601454
2019-03-12,19.7,8.0,60.5,13.0,4663.79,4767.23,0,0.0,0.0,0.0,0.305425,0.536885
2019-03-13,19.4,0.0,58.3,11.6,4673.92,4544.49,0,0.0,0.028481,0.0,0.27876,0.568798
2019-03-14,18.2,0.0,56.7,11.4,4597.56,4709.52,0,0.0,0.0,0.0,0.266307,0.495344
2019-03-15,18.1,0.0,60.8,13.4,4656.76,4656.32,1,3.139,9.5e-05,0.1462,0.288767,0.545667
2019-03-16,20.3,0.0,54.5,11.9,4810.97,5358.2,0,0.0,0.0,0.0,0.279882,0.417446
2019-03-17,20.9,0.0,66.5,16.5,4723.03,5263.7,0,0.0,0.0,0.0,0.34183,0.478708
2019-03-18,22.4,0.0,63.1,13.8,4812.18,5222.66,0,0.0,0.0,0.0,0.324509,0.489546
2019-03-19,23.8,0.0,60.2,12.8,4870.72,4725.27,0,0.0,0.030781,0.0,0.320583,0.613307
2019-03-20,26.8,0.0,62.1,11.0,5127.82,5352.51,0,0.0,0.0,0.0,0.330031,0.537815
2019-03-21,26.0,1.3,60.6,11.3,4851.59,4682.4,0,0.0,0.036133,0.0,0.325846,0.624818
2019-03-22,23.2,0.0,53.5,11.4,4583.13,4769.75,0,0.0,0.0,0.0,0.293263,0.504378
2019-03-23,26.1,0.0,57.4,11.8,5062.87,5522.51,0,0.0,0.0,0.0,0.322777,0.482404
2019-03-24,25.6,0.0,61.8,14.3,4838.2,5382.51,0,0.0,0.0,0.0,0.347022,0.485758
2019-03-25,28.2,0.0,61.3,10.8,5152.31,5563.41,0,0.0,0.0,0.0,0.336215,0.506742
2019-03-26,28.9,0.0,66.6,18.4,5069.85,5725.3,0,0.0,0.0,0.0,0.409409,0.532551
2019-03-27,28.5,0.0,66.5,13.7,4977.34,5307.66,0,0.0,0.0,0.0,0.370319,0.554456
2019-03-28,29.2,0.0,61.2,10.8,5076.16,5255.28,0,0.0,0.0,0.0,0.342619,0.559619
2019-03-29,33.0,0.0,59.5,15.5,5470.48,6045.11,0,0.0,0.0,0.0,0.400744,0.546564
2019-03-30,36.3,0.0,68.3,13.2,5623.23,6225.52,0,0.0,0.0,0.0,0.421249,0.565098
2019-03-31,35.1,0.0,65.8,11.0,5258.72,5348.0,0,0.0,0.0,0.0,0.391676,0.628977
2019-04-01,34.3,0.0,62.1,13.5,5242.47,5629.77,0,0.0,0.0,0.0,0.398756,0.575235
2019-04-02,35.6,0.0,59.8,10.5,5436.85,5607.88,0,0.0,0.0,0.0,0.379864,0.60105
2019-04-03,32.8,0.0,62.4,11.8,5029.48,4644.52,0,0.0,0.082886,0.0,0.376314,0.729864
2019-04-04,33.0,0.2,68.0,12.6,5219.64,5625.34,0,0.0,0.0,0.0,0.394549,0.567146
2019-04-05,32.5,0.0,74.8,10.4,5145.0,4982.65,0,0.0,0.032583,0.0,0.386784,0.681611
2019-04-06,32.9,0.0,65.6,11.8,5212.83,5581.27,0,0.0,0.0,0.0,0.382973,0.562699
2019-04-07,30.9,21.6,68.1,12.2,4960.99,4729.19,0,0.0,0.049014,0.0,0.403919,0.717929
2019-04-08,27.9,0.0,78.0,10.8,4737.0,4759.07,0,0.0,0.0,0.0,0.365551,0.616927
2019-04-09,24.5,0.0,65.6,10.4,4543.69,4646.76,0,0.0,0.0,0.0,0.316804,0.5477
2019-04-10,23.8,0.0,63.7,11.4,4656.88,5242.29,0,0.0,0.0,0.0,0.316343,0.442768
2019-04-11,24.7,0.0,65.9,10.8,4785.83,4864.26,1,0.5,0.0,0.0239,0.321771,0.559738
2019-04-12,25.7,0.0,65.9,15.3,4847.58,4761.67,0,0.0,0.018043,0.0,0.363084,0.640936
2019-04-13,31.1,0.0,74.8,12.1,5391.95,5785.32,0,0.0,0.0,0.0,0.390674,0.568087
2019-04-14,33.7,2.4,61.0,10.7,5366.96,5561.94,0,0.0,0.0,0.0,0.374062,0.589927
2019-04-15,31.8,0.0,72.0,10.9,4974.55,5471.04,0,0.0,0.0,0.0,0.380778,0.531628
2019-04-16,32.9,0.0,69.2,10.0,5218.07,5146.33,0,0.0,0.01394,0.0,0.375834,0.648898
2019-04-17,32.4,0.0,66.7,13.4,5082.37,5404.0,1,0.5,0.0,0.0254,0.394086,0.581396
2019-04-18,32.2,0.0,68.0,12.0,5093.77,6140.96,0,0.0,0.0,0.0,0.384403,0.442121
2019-04-19,33.1,0.0,68.7,15.2,5200.55,5382.19,0,0.0,0.0,0.0,0.416339,0.633731
2019-04-20,34.7,0.0,70.6,10.9,5329.8,5658.99,0,0.0,0.0,0.0,0.397268,0.586149
2019-04-21,34.1,0.0,68.1,10.2,5156.78,4874.98,0,0.0,0.057804,0.0,0.383225,0.707497
2019-04-22,36.5,0.0,70.3,10.8,5470.18,5449.74,0,0.0,0.003752,0.0,0.407799,0.668967
2019-04-23,34.1,0.0,66.9,14.7,5031.32,5428.61,0,0.0,0.0,0.0,0.415697,0.587051
2019-04-24,34.5,0.0,81.9,9.7,5225.99,5378.68,0,0.0,0.0,0.0,0.407878,0.631528
2019-04-25,40.0,0.0,76.3,9.5,5857.47,6377.08,0,0.0,0.0,0.0,0.432087,0.593756
2019-04-26,39.8,0.0,73.9,9.7,5462.72,5882.09,0,0.0,0.0,0.0,0.427812,0.601371
2019-04-27,42.0,0.0,69.4,9.2,5746.91,5557.06,0,0.0,0.034165,0.0,0.430018,0.726691
2019-04-28,41.2,0.0,75.9,10.6,5494.64,6120.84,0,0.0,0.0,0.0,0.447735,0.585093
2019-04-29,41.5,0.0,73.5,9.4,5586.67,5428.63,1,1.115,0.029113,0.1814,0.435953,0.726729
2019-04-30,40.6,21.3,78.1,13.2,5447.5,5457.36,0,0.0,0.0,0.0,0.493955,0.748636
2019-05-01,39.7,0.0,69.7,8.6,5394.88,5742.62,0,0.0,0.0,0.0,0.410791,0.59689
2019-05-02,37.7,0.0,73.9,11.1,5221.57,5998.14,0,0.0,0.0,0.0,0.424773,0.530421
2019-05-03,38.7,0.0,81.1,12.5,5454.11,5381.87,0,0.0,0.013422,0.0,0.455667,0.728127
2019-05-04,36.9,8.0,75.2,8.4,5180.39,5487.61,0,0.0,0.0,0.0,0.410865,0.602299
2019-05-05,38.5,0.0,71.7,10.5,5484.37,5812.49,0,0.0,0.0,0.0,0.421291,0.61218
2019-05-06,40.7,0.0,73.6,11.7,5638.39,6153.82,0,0.0,0.0,0.0,0.448614,0.607625
2019-05-07,41.1,0.0,73.5,7.9,5536.01,6225.76,1,1.597,0.0,0.0884,0.421742,0.549196
2019-05-08,40.1,0.0,70.7,8.3,5391.1,5523.42,0,0.0,0.0,0.0,0.412987,0.641811
2019-05-09,40.9,0.0,69.8,11.9,5542.67,6173.13,0,0.0,0.0,0.0,0.444351,0.581915
2019-05-10,40.0,0.0,77.6,11.8,5383.68,6104.07,0,0.0,0.0,0.0,0.452272,0.571288
2019-05-11,41.8,0.0,79.8,9.1,5656.83,6575.44,0,0.0,0.0,0.0,0.447428,0.541128
2019-05-12,37.7,0.0,85.2,9.5,5052.85,5465.27,0,0.0,0.0,0.0,0.433615,0.602311
2019-05-13,37.5,14.4,79.9,10.2,5285.25,5601.93,0,0.0,0.0,0.0,0.44533,0.636126
2019-05-14,34.1,0.0,74.7,11.0,4898.65,4997.12,0,0.0,0.0,0.0,0.401773,0.635559
2019-05-15,32.3,0.0,78.7,9.1,4910.8,4704.96,0,0.0,0.04375,0.0,0.382748,0.690611
2019-05-16,36.7,0.0,69.8,10.9,5525.81,5705.33,0,0.0,0.0,0.0,0.408951,0.629008
2019-05-17,39.3,0.0,77.6,8.5,5552.62,5869.55,0,0.0,0.0,0.0,0.422195,0.61595
2019-05-18,38.1,0.0,79.7,9.8,5246.07,5472.18,0,0.0,0.0,0.0,0.428254,0.636807
2019-05-19,35.7,0.0,79.7,9.3,5033.03,5474.2,0,0.0,0.0,0.0,0.408576,0.571284
2019-05-20,30.9,0.0,83.0,12.2,4635.68,4442.77,0,0.0,0.04342,0.0,0.405502,0.712982
2019-05-21,31.8,0.0,71.7,7.4,5038.88,5233.06,0,0.0,0.0,0.0,0.35321,0.566682
2019-05-22,38.6,0.0,72.3,7.3,5771.51,6785.4,0,0.0,0.0,0.0,0.398384,0.480738
2019-05-23,40.0,0.0,73.7,12.5,5504.89,6125.42,0,0.0,0.0,0.0,0.450361,0.588888
2019-05-24,39.2,1.1,69.5,6.8,5312.89,5784.78,0,0.0,0.0,0.0,0.394573,0.556133
2019-05-25,40.7,0.0,77.6,9.8,5536.79,5949.9,0,0.0,0.0,0.0,0.441454,0.61719
2019-05-26,37.8,0.0,78.3,9.5,5099.85,5237.43,0,0.0,0.0,0.0,0.421336,0.64746
2019-05-27,38.0,0.0,77.8,7.4,5310.21,4988.91,0,0.0,0.064403,0.0,0.405514,0.737488
2019-05-28,39.0,0.0,75.7,12.1,5412.1,5838.57,0,0.0,0.0,0.0,0.444433,0.615952
2019-05-29,39.5,0.0,80.0,8.0,5401.01,4837.95,0,0.0,0.116384,0.0,0.424155,0.816812
2019-05-30,41.6,0.0,77.9,8.1,5625.16,5791.05,0,0.0,0.0,0.0,0.434831,0.65818
2019-05-31,42.5,0.0,72.0,6.8,5586.17,5864.19,0,0.0,0.0,0.0,0.41967,0.621114
2019-06-01,43.8,55.8,74.2,6.9,6888.19,7108.93,0,0.0,0.0,0.0,0.501217,0.721758
2019-06-02,42.2,14.3,76.9,6.6,6541.27,7763.16,0,0.0,0.0,0.0,0.442784,0.51583
2019-06-03,44.0,0.0,75.2,8.7,6944.13,8089.45,0,0.0,0.0,0.0,0.450217,0.541724
2019-06-04,47.0,10.6,77.8,8.5,7237.19,8069.95,0,0.0,0.0,0.0,0.486256,0.622579
2019-06-05,44.2,0.0,74.0,5.9,6574.13,6519.59,0,0.0,0.008365,0.0,0.427681,0.694237
2019-06-06,42.2,0.0,72.2,9.9,6501.33,7613.37,0,0.0,0.0,0.0,0.441987,0.528262
2019-06-07,45.0,0.0,70.6,7.3,7080.82,7710.98,0,0.0,0.0,0.0,0.437381,0.598768
2019-06-08,44.2,0.0,69.7,5.9,6732.33,6669.42,1,0.5,0.009433,0.0337,0.419618,0.68742
2019-06-09,46.7,0.0,76.9,11.1,7176.21,7549.81,0,0.0,0.0,0.0,0.48972,0.688741
2019-06-10,45.1,0.0,80.2,6.8,6722.16,7464.22,0,0.0,0.0,0.0,0.452182,0.592914
2019-06-11,47.6,15.4,72.3,6.8,7230.0,7318.72,0,0.0,0.0,0.0,0.472638,0.715276
2019-06-12,46.9,0.0,74.3,7.1,6922.6,7330.02,0,0.0,0.0,0.0,0.455299,0.647202
2019-06-13,46.7,57.9,92.9,9.3,6939.55,7499.13,0,0.0,0.0,0.0,0.576475,0.746154
2019-06-14,49.1,0.0,73.5,6.4,7325.03,7183.26,0,0.0,0.019736,0.0,0.462899,0.742729
2019-06-15,47.1,0.0,77.9,10.1,6829.66,7054.93,0,0.0,0.0,0.0,0.486516,0.70603
2019-06-16,44.4,31.2,87.5,5.8,6588.96,6492.74,0,0.0,0.014821,0.0,0.491607,0.765697
2019-06-17,43.3,1.0,76.4,6.4,6639.24,7334.54,0,0.0,0.0,0.0,0.431327,0.57745
2019-06-18,44.1,3.2,72.4,5.2,6858.42,6808.99,0,0.0,0.00726,0.0,0.422525,0.68779
2019-06-19,40.8,0.0,80.5,6.4,6304.08,6735.18,0,0.0,0.0,0.0,0.421316,0.603384
2019-06-20,42.5,0.0,72.5,5.4,6821.0,6564.67,0,0.0,0.039047,0.0,0.409805,0.712178
2019-06-21,41.5,15.1,76.2,5.5,6539.56,6399.57,0,0.0,0.021875,0.0,0.429346,0.711673
2019-06-22,44.1,20.6,81.3,5.3,6999.6,6828.4,0,0.0,0.025072,0.0,0.461214,0.747273
2019-06-23,39.1,1.7,72.4,6.6,6067.09,6259.76,0,0.0,0.0,0.0,0.39854,0.619398
2019-06-24,38.3,0.0,72.2,6.6,6346.42,6735.87,0,0.0,0.0,0.0,0.390818,0.580112
2019-06-25,35.8,4.6,72.5,8.1,6061.77,6504.15,0,0.0,0.0,0.0,0.392089,0.569478
2019-06-26,35.6,22.3,77.7,6.0,6217.57,5834.25,0,0.0,0.065701,0.0,0.405913,0.739403
2019-06-27,37.5,0.0,73.9,7.5,6511.02,6767.4,0,0.0,0.0,0.0,0.395677,0.60824
2019-06-28,38.2,0.0,62.9,6.6,6460.28,6477.81,0,0.0,0.0,0.0,0.372721,0.626352
2019-06-29,38.6,0.0,72.1,5.6,6464.09,7004.83,0,0.0,0.0,0.0,0.384892,0.551564
2019-06-30,39.0,0.0,63.6,8.6,6500.81,6716.24,0,0.0,0.0,0.0,0.394739,0.614083
2019-07-01,40.1,0.0,70.2,5.4,6622.76,6920.18,0,0.0,0.0,0.0,0.389673,0.59629
2019-07-02,38.6,0.0,73.8,4.8,6316.52,6335.9,0,0.0,0.0,0.0,0.381907,0.635126
2019-07-03,40.7,2.2,70.8,4.6,6750.37,7821.34,0,0.0,0.0,0.0,0.391264,0.488203
2019-07-04,42.4,7.5,77.1,5.5,6821.37,6610.82,0,0.0,0.031849,0.0,0.427693,0.721664
2019-07-05,43.1,0.0,73.3,5.9,6798.23,6966.94,0,0.0,0.0,0.0,0.419118,0.647638
2019-07-06,44.0,0.0,60.6,5.9,6874.9,7265.25,0,0.0,0.0,0.0,0.401237,0.595304
2019-07-07,44.2,0.0,77.1,4.4,6831.41,7064.8,0,0.0,0.0,0.0,0.421919,0.640143
2019-07-08,47.8,24.1,78.2,6.8,7360.31,7374.09,0,0.0,0.0,0.0,0.495634,0.750242
2019-07-09,46.4,30.9,75.6,5.6,6854.44,6414.83,0,0.0,0.068531,0.0,0.480568,0.81736
2019-07-10,44.8,5.7,69.6,7.5,6736.17,6779.51,1,0.548,0.0,0.0369,0.442686,0.692013
2019-07-11,42.6,0.0,59.9,6.0,6546.2,6477.84,0,0.0,0.010551,0.0,0.391469,0.660578
2019-07-12,40.3,0.0,71.1,7.0,6387.67,7382.81,0,0.0,0.0,0.0,0.405025,0.504459
2019-07-13,38.0,0.0,73.1,4.6,6243.85,7446.89,1,3.248,0.0,0.2028,0.375096,0.443293
2019-07-14,36.8,0.0,66.2,7.4,6259.33,6552.27,0,0.0,0.0,0.0,0.375854,0.580452
2019-07-15,37.5,22.2,70.4,6.4,6449.3,6201.0,0,0.0,0.040041,0.0,0.407713,0.711248
2019-07-16,38.8,0.0,69.8,5.0,6588.22,7223.96,0,0.0,0.0,0.0,0.377268,0.531322
2019-07-17,39.3,8.1,76.9,9.6,6555.84,6478.43,0,0.0,0.011949,0.0,0.439253,0.709992
2019-07-18,38.0,7.9,76.0,12.6,6337.04,6434.65,0,0.0,0.0,0.0,0.451901,0.690982
2019-07-19,40.2,0.0,72.5,5.0,6765.09,6835.33,0,0.0,0.0,0.0,0.391558,0.636352
2019-07-20,41.7,0.0,78.2,7.5,6803.85,6929.5,0,0.0,0.0,0.0,0.431423,0.667045
2019-07-21,41.0,8.2,74.5,5.7,6592.27,6774.57,0,0.0,0.0,0.0,0.415988,0.641364
2019-07-22,39.4,3.0,74.1,6.7,6422.09,6211.77,0,0.0,0.03386,0.0,0.406063,0.702379
2019-07-23,40.6,0.0,67.7,6.2,6714.28,6753.04,0,0.0,0.0,0.0,0.394454,0.644544
2019-07-24,40.7,2.8,66.0,7.3,6647.48,7406.99,0,0.0,0.0,0.0,0.40383,0.540915
2019-07-25,37.5,0.0,72.4,4.2,6182.22,6478.26,0,0.0,0.0,0.0,0.367401,0.570844
2019-07-26,37.7,0.0,61.6,6.6,6459.0,6832.94,0,0.0,0.0,0.0,0.366988,0.559891
2019-07-27,38.4,15.6,72.2,6.2,6555.53,5961.39,0,0.0,0.099664,0.0,0.407424,0.780563
2019-07-28,36.7,43.0,73.6,5.9,6252.75,6938.74,0,0.0,0.0,0.0,0.42996,0.571336
2019-07-29,37.4,13.6,70.7,8.5,6495.18,6539.43,0,0.0,0.0,0.0,0.413327,0.662218
2019-07-30,34.6,0.0,66.7,4.5,6053.35,6784.65,0,0.0,0.0,0.0,0.339914,0.470873
2019-07-31,38.0,6.7,67.5,7.2,6746.0,7148.86,0,0.0,0.0,0.0,0.392833,0.583836
2019-08-01,40.4,0.0,64.6,4.8,6843.36,6943.21,0,0.0,0.0,0.0,0.376521,0.616523
2019-08-02,39.3,10.5,69.7,5.1,6496.21,6134.37,0,0.0,0.058986,0.0,0.393959,0.719609
2019-08-03,39.7,0.0,67.6,4.9,6635.77,7876.76,0,0.0,0.0,0.0,0.378304,0.451169
2019-08-04,34.3,11.9,59.8,5.8,5859.18,6448.64,0,0.0,0.0,0.0,0.349549,0.499629
2019-08-05,32.5,20.9,68.5,7.2,6016.77,6644.77,0,0.0,0.0,0.0,0.375781,0.522239
2019-08-06,32.7,0.0,61.1,5.7,6187.19,7205.51,0,0.0,0.0,0.0,0.32615,0.417957
2019-08-07,31.3,0.0,63.8,7.7,5979.1,6362.46,0,0.0,0.0,0.0,0.337416,0.523866
2019-08-08,33.7,44.1,71.5,5.3,6422.97,7291.36,0,0.0,0.0,0.0,0.402961,0.520715
2019-08-09,38.1,54.2,82.1,4.3,6879.51,7086.23,0,0.0,0.0,0.0,0.456445,0.679179
2019-08-10,35.3,0.0,61.6,6.2,6137.24,6729.28,0,0.0,0.0,0.0,0.348083,0.502165
2019-08-11,33.6,31.2,74.3,5.5,6125.73,6188.85,0,0.0,0.0,0.0,0.393356,0.63824
2019-08-12,34.4,18.2,61.0,9.5,6365.04,6481.25,0,0.0,0.0,0.0,0.388694,0.624552
2019-08-13,37.7,24.4,65.6,4.7,6785.02,7165.74,0,0.0,0.0,0.0,0.389598,0.584363
2019-08-14,34.6,0.3,57.6,6.5,6097.49,5915.5,0,0.0,0.030764,0.0,0.33865,0.631355
2019-08-15,35.1,0.0,62.2,5.8,6400.06,6852.89,0,0.0,0.0,0.0,0.344803,0.524453
2019-08-16,38.5,0.0,54.0,4.5,6864.65,7072.96,0,0.0,0.0,0.0,0.341808,0.564216
2019-08-17,34.3,0.0,51.1,4.4,6002.83,5551.32,1,0.5,0.081334,0.2441,0.307915,0.659654
2019-08-18,31.5,0.0,56.1,4.4,5949.22,6075.15,0,0.0,0.0,0.0,0.298834,0.531425
2019-08-19,31.0,27.2,68.5,7.4,6085.67,6257.66,0,0.0,0.0,0.0,0.375124,0.599828
2019-08-20,30.4,0.0,54.5,5.9,6040.56,6667.14,0,0.0,0.0,0.0,0.300158,0.447235
2019-08-21,32.5,4.6,60.7,7.0,6384.95,6818.92,0,0.0,0.0,0.0,0.339725,0.522219
2019-08-22,32.9,6.4,56.3,7.1,6296.72,7185.76,0,0.0,0.0,0.0,0.337079,0.449435
2019-08-23,29.2,0.0,48.8,10.3,5757.38,6233.9,0,0.0,0.0,0.0,0.315511,0.483065
2019-08-24,30.8,1.4,61.8,8.2,6249.97,6344.34,0,0.0,0.0,0.0,0.335937,0.575362
2019-08-25,29.8,0.4,60.2,6.0,6002.96,6281.04,0,0.0,0.0,0.0,0.30815,0.513256
2019-08-26,32.6,12.2,59.4,6.9,6476.08,6657.89,0,0.0,0.0,0.0,0.346448,0.571359
2019-08-27,31.0,0.0,56.4,4.9,6047.95,6536.27,0,0.0,0.0,0.0,0.299959,0.469533
2019-08-28,29.7,5.2,56.1,4.8,5987.62,6309.57,0,0.0,0.0,0.0,0.296401,0.493624
2019-08-29,30.9,0.0,50.4,5.9,6259.39,6324.49,0,0.0,0.0,0.0,0.295766,0.54054
2019-08-30,32.3,0.0,61.7,5.4,6366.25,6688.01,1,0.5,0.0,0.0318,0.322323,0.522949
2019-08-31,32.7,0.0,54.3,6.3,6326.11,6826.22,0,0.0,0.0,0.0,0.318029,0.489292
2019-09-01,28.6,12.2,59.3,5.7,4897.85,4832.2,0,0.0,0.013587,0.0,0.310635,0.583285
2019-09-02,29.8,0.0,51.6,8.2,5289.79,5659.92,0,0.0,0.0,0.0,0.308512,0.48896
2019-09-03,27.6,28.7,63.2,7.2,4960.67,4715.33,0,0.0,0.05203,0.0,0.343062,0.660592
2019-09-04,28.2,0.0,59.2,5.6,5179.34,5799.05,0,0.0,0.0,0.0,0.292155,0.424192
2019-09-05,25.4,0.0,53.9,7.6,4818.3,5219.24,0,0.0,0.0,0.0,0.279193,0.446304
2019-09-06,26.8,9.7,57.0,5.3,5156.29,5943.37,0,0.0,0.0,0.0,0.288322,0.390513
2019-09-07,25.3,0.0,56.8,6.4,4907.66,4807.81,1,2.66,0.020768,0.2711,0.274712,0.555747
2019-09-08,23.2,0.0,55.6,8.5,4756.68,5334.18,0,0.0,0.0,0.0,0.274824,0.405226
2019-09-09,25.4,0.0,57.0,5.0,5141.07,5701.21,0,0.0,0.0,0.0,0.264944,0.407038
2019-09-10,26.1,7.9,55.0,9.6,5097.41,5293.76,0,0.0,0.0,0.0,0.310941,0.524431
2019-09-11,25.0,0.0,52.7,6.1,4925.18,5054.57,0,0.0,0.0,0.0,0.262733,0.489639
2019-09-12,28.1,0.0,51.9,8.8,5362.85,5264.37,0,0.0,0.018708,0.0,0.302499,0.581127
2019-09-13,26.7,0.0,54.7,6.2,5017.03,4842.51,1,0.5,0.03604,0.0904,0.27846,0.577322
2019-09-14,26.5,5.8,49.4,5.4,5081.29,5094.87,0,0.0,0.0,0.0,0.268108,0.521786
2019-09-15,26.8,0.0,52.4,6.1,5129.21,4979.88,0,0.0,0.029987,0.0,0.274035,0.565831
2019-09-16,25.2,0.0,60.9,9.5,4932.02,5674.44,0,0.0,0.0,0.0,0.305661,0.409713
2019-09-17,26.0,0.0,50.9,7.2,5128.27,4899.4,1,0.5,0.046714,0.1198,0.274437,0.585761
2019-09-18,24.6,0.0,42.8,9.1,4921.87,5214.13,0,0.0,0.0,0.0,0.264682,0.456037
2019-09-19,23.6,48.3,59.0,6.5,4901.43,5281.05,0,0.0,0.0,0.0,0.327335,0.500208
2019-09-20,26.3,0.0,51.2,6.2,5275.76,5658.37,0,0.0,0.0,0.0,0.269261,0.447113
2019-09-21,23.7,12.5,47.5,9.1,4811.59,5187.15,1,0.5,0.0,0.0241,0.282814,0.455082
2019-09-22,18.7,24.8,48.8,7.2,4545.32,5043.59,0,0.0,0.0,0.0,0.252641,0.3941
2019-09-23,22.7,0.0,40.2,7.8,5165.57,5278.74,0,0.0,0.0,0.0,0.237252,0.469014
2019-09-24,27.7,6.9,47.5,8.0,5515.28,5821.46,0,0.0,0.0,0.0,0.293859,0.489249
2019-09-25,25.8,0.3,54.6,5.8,4987.57,5144.71,0,0.0,0.0,0.0,0.26962,0.490753
2019-09-26,21.1,5.7,45.0,8.7,4615.28,5224.78,0,0.0,0.0,0.0,0.249605,0.370211
2019-09-27,20.6,0.0,50.3,6.3,4854.36,5739.27,0,0.0,0.0,0.0,0.230774,0.307568
2019-09-28,20.1,0.0,44.2,6.1,4857.93,4735.42,0,0.0,0.02587,0.0,0.214498,0.50149
2019-09-29,19.9,0.0,43.3,6.9,4872.08,4492.26,0,0.0,0.084551,0.0,0.217665,0.573159
2019-09-30,17.8,11.9,50.5,7.4,4736.33,5142.97,0,0.0,0.0,0.0,0.2357,0.400187
2019-10-01,19.4,0.0,37.0,11.1,4985.2,5570.62,0,0.0,0.0,0.0,0.234964,0.369071
2019-10-02,20.6,0.0,52.7,9.2,4977.1,5839.58,0,0.0,0.0,0.0,0.257651,0.342021
2019-10-03,17.4,0.0,46.8,6.3,4680.32,5131.91,0,0.0,0.0,0.0,0.203119,0.357182
2019-10-04,19.2,0.0,49.1,8.4,5002.78,5692.84,1,0.5,0.0,0.025,0.2355,0.350783
2019-10-05,23.3,0.0,42.2,7.9,5255.84,6068.31,0,0.0,0.0,0.0,0.245729,0.346219
2019-10-06,22.7,0.0,45.7,7.0,4952.86,5657.56,0,0.0,0.0,0.0,0.241392,0.352772
2019-10-07,21.2,0.0,47.6,9.2,4850.41,5362.2,0,0.0,0.0,0.0,0.252043,0.397411
2019-10-08,20.3,0.0,42.2,11.5,4879.13,4728.95,0,0.0,0.031757,0.0,0.253733,0.547597
2019-10-09,21.1,4.9,39.3,8.3,4990.44,5237.34,0,0.0,0.0,0.0,0.234855,0.436611
2019-10-10,16.9,0.0,37.4,7.8,4645.59,4965.68,0,0.0,0.0,0.0,0.193773,0.375312
2019-10-11,17.3,0.0,39.8,8.5,4924.17,5139.41,0,0.0,0.0,0.0,0.20631,0.414209
2019-10-12,16.5,0.0,42.8,9.0,4842.6,5073.11,0,0.0,0.0,0.0,0.21052,0.414266
2019-10-13,20.2,0.0,40.6,14.0,5171.63,5940.83,0,0.0,0.0,0.0,0.269364,0.375002
2019-10-14,19.1,0.0,38.7,7.7,4874.4,4885.7,0,0.0,0.0,0.0,0.20994,0.46403
2019-10-15,21.9,0.0,44.3,7.8,5145.18,5661.45,0,0.0,0.0,0.0,0.239667,0.390001
2019-10-16,18.5,0.0,38.3,10.5,4737.75,5069.09,0,0.0,0.0,0.0,0.22684,0.407323
2019-10-17,19.1,0.0,37.4,8.1,4986.33,4966.26,0,0.0,0.004041,0.0,0.210588,0.472096
2019-10-18,19.0,1.7,45.3,7.2,4946.95,4858.77,0,0.0,0.018149,0.0,0.219872,0.497849
2019-10-19,16.5,0.0,42.7,12.2,4772.25,4499.36,0,0.0,0.060651,0.0,0.235024,0.562618
2019-10-20,16.5,0.0,33.6,12.1,4926.08,5323.08,0,0.0,0.0,0.0,0.21719,0.386914
2019-10-21,18.6,0.0,32.8,7.7,5078.24,5311.92,0,0.0,0.0,0.0,0.195581,0.401015
2019-10-22,17.1,0.0,33.7,9.2,4852.4,4842.58,0,0.0,0.002028,0.0,0.198956,0.458113
2019-10-23,13.1,0.0,38.9,7.7,4695.47,4375.26,0,0.0,0.073185,0.0,0.170767,0.512995
2019-10-24,13.2,0.0,44.8,10.8,4941.5,5323.28,0,0.0,0.0,0.0,0.206408,0.379473
2019-10-25,11.5,0.0,45.9,10.8,4850.77,5040.22,0,0.0,0.0,0.0,0.197265,0.410175
2019-10-26,11.2,0.0,42.2,9.3,4941.82,4966.71,0,0.0,0.0,0.0,0.176776,0.427716
2019-10-27,11.4,1.7,48.3,11.7,4975.99,4922.58,0,0.0,0.010851,0.0,0.210125,0.479581
2019-10-28,8.3,10.0,41.6,8.0,4805.02,4973.05,0,0.0,0.0,0.0,0.158707,0.376053
2019-10-29,6.0,0.0,43.5,9.9,4872.31,5260.19,0,0.0,0.0,0.0,0.149568,0.320275
2019-10-30,8.2,0.0,34.9,8.1,5139.87,5290.01,0,0.0,0.0,0.0,0.134055,0.357712
2019-10-31,8.0,0.0,29.8,8.6,4991.97,4867.78,0,0.0,0.025512,0.0,0.127033,0.413606
2019-11-01,3.7,0.0,35.9,8.3,4778.53,4999.96,0,0.0,0.0,0.0,0.107813,0.312903
2019-11-02,6.9,0.0,36.6,13.8,5218.49,5823.16,0,0.0,0.0,0.0,0.172656,0.308224
2019-11-03,8.4,6.1,51.5,12.1,5103.06,5371.16,0,0.0,0.0,0.0,0.204806,0.403325
2019-11-04,7.6,0.0,36.9,8.4,4972.48,5242.54,0,0.0,0.0,0.0,0.136165,0.332818
2019-11-05,5.7,2.9,32.4,10.5,4925.27,5070.49,0,0.0,0.0,0.0,0.134946,0.358301
2019-11-06,8.4,0.0,41.5,8.6,5188.62,5157.23,0,0.0,0.006086,0.0,0.151607,0.415502
2019-11-07,9.6,0.0,32.7,11.5,5085.04,5043.64,0,0.0,0.008209,0.0,0.165393,0.431765
2019-11-08,14.6,0.0,37.1,12.1,5260.74,4973.0,0,0.0,0.057862,0.0,0.211229,0.535565
2019-11-09,14.6,0.0,40.6,11.6,4971.69,5590.26,0,0.0,0.0,0.0,0.213934,0.341549
2019-11-10,14.5,0.0,31.5,10.9,4969.38,5362.64,0,0.0,0.0,0.0,0.190811,0.361992
2019-11-11,13.3,0.0,43.6,10.2,4916.9,5188.3,0,0.0,0.0,0.0,0.200187,0.39591
2019-11-12,14.2,0.0,41.6,10.9,5040.15,5386.01,0,0.0,0.0,0.0,0.207771,0.389597
2019-11-13,14.6,0.0,37.6,9.5,5001.87,5358.96,0,0.0,0.0,0.0,0.192105,0.371106
2019-11-14,16.1,0.0,44.5,11.1,5084.0,5102.93,0,0.0,0.0,0.0,0.227275,0.479734
2019-11-15,13.7,0.0,33.7,10.2,4854.72,4997.97,0,0.0,0.0,0.0,0.184261,0.407591
2019-11-16,12.0,0.0,39.5,9.3,4908.54,5007.32,0,0.0,0.0,0.0,0.176987,0.410748
2019-11-17,10.4,17.8,41.3,9.7,5928.78,7163.27,0,0.0,0.0,0.0,0.19462,0.250225
2019-11-18,11.7,0.0,32.2,12.7,5099.02,5681.69,0,0.0,0.0,0.0,0.187556,0.324626
2019-11-19,14.1,0.0,32.3,9.5,5143.3,5454.87,0,0.0,0.0,0.0,0.178872,0.368983
2019-11-20,12.1,0.0,45.4,11.3,4902.62,5569.66,0,0.0,0.0,0.0,0.20414,0.321118
2019-11-21,10.6,0.0,40.5,10.6,4943.98,5577.31,0,0.0,0.0,0.0,0.179665,0.303891
2019-11-22,10.8,0.0,39.6,13.5,5050.04,4863.32,0,0.0,0.038393,0.0,0.201672,0.503283
2019-11-23,9.8,0.0,32.0,9.8,4990.33,5169.79,0,0.0,0.0,0.0,0.152281,0.368547
2019-11-24,11.4,0.0,38.6,11.6,5130.67,5381.93,0,0.0,0.0,0.0,0.189091,0.39138
2019-11-25,6.2,0.0,33.2,11.0,4770.02,5192.3,0,0.0,0.0,0.0,0.140062,0.301909
2019-11-26,4.9,0.0,43.5,11.6,5019.79,5199.94,0,0.0,0.0,0.0,0.155435,0.371781
2019-11-27,3.9,0.0,41.1,20.3,5050.55,5271.73,1,0.5,0.0,0.0253,0.211473,0.419284
2019-11-28,0.1,0.0,39.6,11.0,4898.55,5001.1,0,0.0,0.0,0.0,0.111855,0.344707
2019-11-29,-0.3,0.0,39.1,10.7,5122.36,5716.98,0,0.0,0.0,0.0,0.105966,0.241335
2019-11-30,-0.6,0.0,34.6,11.5,5137.18,4926.91,0,0.0,0.042677,0.0,0.101724,0.408336
2019-12-01,0.6,0.0,37.4,12.4,5860.43,5995.67,0,0.0,0.0,0.0,0.121828,0.352286
2019-12-02,4.2,0.0,42.7,11.2,5990.56,5594.27,1,1.156,0.070838,0.4907,0.146235,0.485722
2019-12-03,4.4,1.3,37.7,20.0,5748.92,5663.45,0,0.0,0.015092,0.0,0.207665,0.482073
2019-12-04,2.9,0.0,30.8,10.9,5652.38,6047.94,0,0.0,0.0,0.0,0.113039,0.293476
2019-12-05,3.7,0.0,41.4,13.3,5800.82,6213.71,0,0.0,0.0,0.0,0.156705,0.335923
2019-12-06,6.5,0.0,31.7,15.7,5914.22,6093.24,0,0.0,0.0,0.0,0.175492,0.397984
2019-12-07,4.6,0.0,35.0,10.4,5616.59,6295.14,0,0.0,0.0,0.0,0.128261,0.259217
2019-12-08,3.3,0.0,32.8,12.9,5662.72,6428.91,0,0.0,0.0,0.0,0.134857,0.252517
2019-12-09,5.2,0.0,22.2,11.2,5866.18,6133.9,0,0.0,0.0,0.0,0.114389,0.320227
2019-12-10,5.1,0.0,36.2,11.1,5733.89,6111.05,0,0.0,0.0,0.0,0.139208,0.323949
2019-12-11,6.8,0.0,46.2,12.0,5836.72,5962.14,0,0.0,0.0,0.0,0.176108,0.40834
2019-12-12,6.8,0.0,37.0,15.7,5723.16,6235.34,0,0.0,0.0,0.0,0.187407,0.348305
2019-12-13,8.2,0.0,50.3,14.3,5806.71,5660.23,0,0.0,0.025879,0.0,0.21077,0.497771
2019-12-14,5.9,0.0,34.8,10.9,5571.69,6480.64,0,0.0,0.0,0.0,0.140313,0.233368
2019-12-15,6.1,0.0,36.8,14.4,5742.67,6442.23,0,0.0,0.0,0.0,0.172387,0.302409
2019-12-16,5.8,0.0,35.3,11.5,5716.64,5570.68,1,0.5,0.026201,0.0749,0.145221,0.432599
2019-12-17,3.6,0.0,36.2,15.3,5601.44,5603.08,0,0.0,0.0,0.0,0.161728,0.418176
2019-12-18,1.2,0.0,37.8,11.0,5603.73,6032.63,0,0.0,0.0,0.0,0.11573,0.289522
2019-12-19,3.7,0.0,43.6,13.7,5930.29,6100.43,0,0.0,0.0,0.0,0.163917,0.388148
2019-12-20,3.7,0.0,32.0,11.6,5749.57,6234.32,1,0.997,0.0,0.0573,0.125963,0.291982
2019-12-21,2.3,0.0,36.4,14.7,5669.86,5824.98,0,0.0,0.0,0.0,0.148905,0.374607
2019-12-22,3.0,0.0,39.5,17.2,5813.18,6662.27,0,0.0,0.0,0.0,0.178622,0.28663
2019-12-23,6.1,0.0,43.0,12.6,5939.16,6239.22,0,0.0,0.0,0.0,0.170123,0.37077
2019-12-24,1.8,0.0,25.9,12.1,5461.84,6567.84,0,0.0,0.0,0.0,0.10586,0.166064
2019-12-25,-0.2,0.0,29.9,12.5,5652.29,6149.51,0,0.0,0.0,0.0,0.103264,0.265663
2019-12-26,-0.5,0.0,37.2,12.8,5762.17,5560.42,0,0.0,0.036283,0.0,0.117289,0.416436
2019-12-27,4.0,0.0,42.8,13.9,6056.85,7155.87,0,0.0,0.0,0.0,0.165937,0.243434
2019-12-28,5.2,0.0,34.9,11.6,5818.41,6512.06,0,0.0,0.0,0.0,0.141288,0.273729
2019-12-29,7.2,0.0,40.8,11.8,5846.05,6278.36,0,0.0,0.0,0.0,0.167076,0.343482
2019-12-30,5.0,0.0,47.5,13.3,5577.47,6083.55,0,0.0,0.0,0.0,0.176712,0.336388
2019-12-31,3.2,0.0,37.9,13.1,5628.88,5488.66,0,0.0,0.025546,0.0,0.145304,0.431918
2020-01-01,5.0,0.0,36.9,11.9,5852.58,5479.92,1,2.861,0.068006,1.1388,0.146034,0.482213
2020-01-02,5.7,11.7,43.5,15.8,5765.81,6038.94,1,0.804,0.0,0.0463,0.207391,0.411382
2020-01-03,7.2,0.0,39.3,12.4,5808.57,6603.55,0,0.0,0.0,0.0,0.168893,0.285143
2020-01-04,7.0,0.0,39.8,18.7,5687.8,6113.98,0,0.0,0.0,0.0,0.217123,0.392538
2020-01-05,7.7,0.0,37.9,14.1,5748.32,6654.7,0,0.0,0.0,0.0,0.182681,0.280469
2020-01-06,8.1,0.0,37.7,15.0,5716.74,6478.42,0,0.0,0.0,0.0,0.191887,0.311423
2020-01-07,9.7,0.0,34.2,13.7,5777.48,6073.86,0,0.0,0.0,0.0,0.18584,0.385665
2020-01-08,11.1,0.0,42.5,12.6,5743.0,6458.45,0,0.0,0.0,0.0,0.202143,0.329611
2020-01-09,7.3,0.0,34.4,13.7,5434.18,6227.16,0,0.0,0.0,0.0,0.170396,0.278527
2020-01-10,3.1,0.0,35.7,13.1,5434.39,5678.66,0,0.0,0.0,0.0,0.14052,0.347094
2020-01-11,6.2,0.0,34.1,12.1,5914.56,6130.63,0,0.0,0.0,0.0,0.150237,0.365883
2020-01-12,9.1,0.0,38.7,13.0,5864.01,6209.09,0,0.0,0.0,0.0,0.184921,0.376831
2020-01-13,7.1,0.0,40.7,14.5,5542.2,4977.17,0,0.0,0.113524,0.0,0.187063,0.576381
2020-01-14,3.8,0.0,35.3,13.0,5483.94,5855.03,0,0.0,0.0,0.0,0.143612,0.326412
2020-01-15,5.1,0.0,39.7,13.1,5789.4,6341.64,0,0.0,0.0,0.0,0.161203,0.316334
2020-01-16,7.8,0.0,42.1,14.6,5857.12,6203.3,0,0.0,0.0,0.0,0.195073,0.386715
2020-01-17,11.8,0.0,33.7,13.0,5889.35,6311.7,0,0.0,0.0,0.0,0.193343,0.372016
2020-01-18,12.4,0.0,38.0,21.1,5657.8,5925.19,0,0.0,0.0,0.0,0.26786,0.471968
2020-01-19,11.2,0.0,51.1,12.7,5542.0,5121.85,0,0.0,0.082031,0.0,0.219698,0.572251
2020-01-20,9.2,13.7,42.2,15.5,5507.86,6360.17,1,1.793,0.0,0.0988,0.228148,0.328497
2020-01-21,9.5,0.0,46.1,13.8,5653.19,5804.85,0,0.0,0.0,0.0,0.207606,0.433896
2020-01-22,9.1,0.0,40.3,25.7,5611.41,5333.18,0,0.0,0.052171,0.0,0.285915,0.603608
2020-01-23,7.4,18.3,48.7,13.0,5535.15,6285.45,0,0.0,0.0,0.0,0.214794,0.33223
2020-01-24,12.2,0.0,39.4,15.1,5919.78,6580.77,0,0.0,0.0,0.0,0.222871,0.362404
2020-01-25,15.5,0.0,34.2,13.6,5794.55,6183.96,0,0.0,0.0,0.0,0.223298,0.406576
2020-01-26,17.0,0.0,41.7,12.1,5687.45,6247.49,0,0.0,0.0,0.0,0.235673,0.387814
2020-01-27,14.0,0.0,46.4,13.7,5374.8,5252.45,0,0.0,0.023295,0.0,0.237058,0.521041
2020-01-28,15.3,0.0,47.9,13.0,5641.08,5894.38,0,0.0,0.0,0.0,0.243038,0.449661
2020-01-29,15.9,0.0,45.5,14.1,5605.54,6343.07,0,0.0,0.0,0.0,0.25098,0.372032
2020-01-30,16.0,0.0,41.2,12.7,5573.02,5613.93,0,0.0,0.0,0.0,0.232774,0.481057
2020-01-31,17.8,0.0,50.0,17.8,5706.19,5632.61,0,0.0,0.013063,0.0,0.30049,0.57253
2020-02-01,18.0,0.0,42.1,12.9,5604.84,5912.83,0,0.0,0.0,0.0,0.249188,0.44517
2020-02-02,18.5,0.0,42.7,15.4,5622.1,5939.36,0,0.0,0.0,0.0,0.272898,0.467329
2020-02-03,18.7,0.0,41.4,13.5,5605.09,6114.02,0,0.0,0.0,0.0,0.257119,0.416735
2020-02-04,18.3,0.0,44.5,14.1,5556.23,5351.63,0,0.0,0.038231,0.0,0.264924,0.566345
2020-02-05,13.7,0.0,45.5,13.9,5239.54,4659.99,0,0.0,0.124367,0.0,0.234936,0.636912
2020-02-06,13.9,0.0,48.8,13.1,5544.12,6143.1,0,0.0,0.0,0.0,0.236269,0.379232
2020-02-07,12.8,0.5,41.0,13.7,5467.72,5368.05,0,0.0,0.018566,0.0,0.219633,0.498098
2020-02-08,10.6,0.0,45.6,15.2,5405.18,5467.72,0,0.0,0.0,0.0,0.224721,0.468158
2020-02-09,14.7,0.0,44.2,13.7,5786.17,5279.62,0,0.0,0.095943,0.0,0.237546,0.606342
2020-02-10,18.2,0.0,50.7,15.8,5785.28,6447.37,0,0.0,0.0,0.0,0.289007,0.425915
2020-02-11,20.3,1.3,50.7,12.9,5724.27,6136.83,0,0.0,0.0,0.0,0.282059,0.460368
2020-02-12,19.8,0.0,44.1,13.5,5542.11,5927.52,0,0.0,0.0,0.0,0.269432,0.450317
2020-02-13,21.6,0.0,52.0,12.3,5722.85,6118.4,0,0.0,0.0,0.0,0.286849,0.468167
2020-02-14,20.5,0.0,49.6,14.2,5501.99,5062.98,0,0.0,0.086709,0.0,0.289759,0.647774
2020-02-15,20.0,0.0,54.2,13.3,5533.46,5466.7,0,0.0,0.012213,0.0,0.288144,0.55919
2020-02-16,17.1,0.0,47.3,13.7,5319.58,5434.17,0,0.0,0.0,0.0,0.259178,0.491351
2020-02-17,17.8,0.0,53.9,17.3,5565.5,5581.25,0,0.0,0.0,0.0,0.303945,0.557441
2020-02-18,17.7,0.0,55.6,13.3,5509.96,5691.21,0,0.0,0.0,0.0,0.275609,0.49522
2020-02-19,15.0,0.0,51.9,16.8,5285.06,5631.29,0,0.0,0.0,0.0,0.277881,0.462895
2020-02-20,15.4,0.0,62.4,12.4,5491.55,6114.33,0,0.0,0.0,0.0,0.266255,0.404138
2020-02-21,15.7,0.0,54.7,12.5,5486.84,5249.52,0,0.0,0.045208,0.0,0.254566,0.564132
2020-02-22,19.8,0.0,61.4,12.4,5796.6,6083.2,0,0.0,0.0,0.0,0.293381,0.495171
2020-02-23,21.3,0.0,65.5,12.0,5647.55,6183.09,1,4.559,0.0,0.2575,0.30787,0.463547
2020-02-24,20.8,15.0,48.7,13.5,5501.89,5456.68,0,0.0,0.008285,0.0,0.30295,0.569412
2020-02-25,20.9,0.0,59.4,14.2,5541.05,5750.79,0,0.0,0.0,0.0,0.310771,0.524984
2020-02-26,20.6,0.0,56.5,13.0,5507.3,5944.53,0,0.0,0.0,0.0,0.294097,0.465023
2020-02-27,20.0,0.0,55.5,16.9,5466.52,5743.71,0,0.0,0.0,0.0,0.318359,0.51881
2020-02-28,17.8,0.0,51.4,12.0,5321.4,5813.49,0,0.0,0.0,0.0,0.258362,0.416336
2020-02-29,18.0,0.0,50.5,12.3,5475.08,5781.49,0,0.0,0.0,0.0,0.260308,0.455228
2020-03-01,16.9,0.0,50.1,12.8,4643.68,4784.63,0,0.0,0.0,0.0,0.256165,0.478565
2020-03-02,15.2,0.0,66.8,11.9,4571.83,4462.65,0,0.0,0.024465,0.0,0.269328,0.554679
2020-03-03,17.4,3.0,59.2,13.4,4822.85,5139.09,0,0.0,0.0,0.0,0.284814,0.469767
2020-03-04,18.9,0.0,49.6,11.7,4805.76,5076.31,0,0.0,0.0,0.0,0.259923,0.454494
2020-03-05,15.9,0.0,51.5,13.0,4495.39,4438.98,0,0.0,0.012708,0.0,0.253742,0.525367
2020-03-06,16.9,0.0,46.9,12.8,4732.52,5142.68,0,0.0,0.0,0.0,0.250165,0.413848
2020-03-07,19.9,0.0,63.4,13.5,4891.89,5527.24,0,0.0,0.0,0.0,0.306278,0.428876
2020-03-08,22.6,0.0,58.0,16.1,4924.46,4965.9,0,0.0,0.0,0.0,0.334012,0.58106
2020-03-09,24.7,0.0,60.6,11.9,5001.94,5022.74,0,0.0,0.0,0.0,0.320321,0.572277
2020-03-10,24.4,0.0,58.4,17.6,4846.85,4855.86,0,0.0,0.0,0.0,0.3582,0.612824
2020-03-11,22.5,0.0,63.5,14.9,4648.1,4388.94,0,0.0,0.059048,0.0,0.334406,0.660129
2020-03-12,20.6,0.0,57.1,13.3,4595.57,5405.69,0,0.0,0.0,0.0,0.297536,0.379374
2020-03-13,22.0,0.0,60.9,11.3,4799.11,4903.34,0,0.0,0.0,0.0,0.298457,0.530432
2020-03-14,23.2,0.0,61.1,12.9,4850.17,4830.36,0,0.0,0.004099,0.0,0.319088,0.580666
2020-03-15,26.1,0.0,54.3,11.3,5095.26,4988.33,0,0.0,0.021437,0.0,0.313107,0.594921
2020-03-16,28.1,0.0,56.8,13.6,5146.2,5277.72,1,0.5,0.0,0.0257,0.348724,0.576423
2020-03-17,27.3,0.0,59.3,11.8,4931.76,4962.34,0,0.0,0.0,0.0,0.334249,0.583845
2020-03-18,24.4,0.0,62.7,15.2,4660.5,5315.76,0,0.0,0.0,0.0,0.347744,0.460631
2020-03-19,24.1,0.0,68.4,15.3,4783.56,4646.42,0,0.0,0.029517,0.0,0.357226,0.648472
2020-03-20,25.0,0.0,62.3,13.6,4895.7,4665.95,0,0.0,0.049238,0.0,0.338603,0.652875
2020-03-21,24.9,0.0,61.6,11.1,4830.74,5240.2,0,0.0,0.0,0.0,0.317341,0.482912
2020-03-22,24.1,0.0,63.9,11.7,4746.07,4951.31,0,0.0,0.0,0.0,0.32101,0.529409
2020-03-23,25.2,0.0,61.9,15.1,4908.56,5085.04,0,0.0,0.0,0.0,0.350745,0.567019
2020-03-24,24.7,0.0,62.9,20.1,4779.23,5186.7,0,0.0,0.0,0.0,0.387905,0.552983
2020-03-25,24.0,0.0,70.9,11.3,4735.07,5012.6,0,0.0,0.0,0.0,0.33039,0.522545
2020-03-26,25.5,0.0,62.5,12.3,4928.62,5160.52,0,0.0,0.0,0.0,0.332243,0.536573
2020-03-27,25.3,4.3,66.3,11.2,4816.6,4630.9,0,0.0,0.040102,0.0,0.334808,0.638411
2020-03-28,26.4,0.0,61.0,10.7,4953.21,4680.34,0,0.0,0.058302,0.0,0.323017,0.647868
2020-03-29,27.5,0.0,70.9,10.8,4999.64,5029.01,0,0.0,0.0,0.0,0.349602,0.599574
2020-03-30,25.6,0.0,60.3,11.7,4719.76,4633.31,0,0.0,0.018657,0.0,0.324147,0.602719
2020-03-31,25.4,0.0,64.8,10.2,4808.76,5130.75,0,0.0,0.0,0.0,0.319693,0.50322
2020-04-01,29.2,0.0,70.4,13.9,5240.28,4908.47,0,0.0,0.067599,0.0,0.383789,0.719495
2020-04-02,27.1,0.0,61.4,11.2,4771.45,4875.6,0,0.0,0.0,0.0,0.332239,0.564092
2020-04-03,23.5,0.0,70.4,11.9,4501.76,4677.76,0,0.0,0.0,0.0,0.330786,0.543653
2020-04-04,21.3,0.0,56.1,11.8,4484.69,4697.72,0,0.0,0.0,0.0,0.288701,0.492552
2020-04-05,23.3,3.8,62.1,11.0,4803.59,5164.51,0,0.0,0.0,0.0,0.311598,0.486805
2020-04-06,25.0,0.0,66.4,10.6,4868.51,5011.78,0,0.0,0.0,0.0,0.323142,0.54656
2020-04-07,26.1,0.0,79.2,10.4,4888.49,4927.34,0,0.0,0.0,0.0,0.35285,0.600436
2020-04-08,29.7,0.0,68.2,13.3,5226.28,5897.35,0,0.0,0.0,0.0,0.37833,0.502279
2020-04-09,24.8,0.0,68.5,9.8,4466.99,4600.28,0,0.0,0.0,0.0,0.319589,0.542554
2020-04-10,27.2,0.0,73.7,12.4,5006.37,5704.28,0,0.0,0.0,0.0,0.36522,0.47918
2020-04-11,31.4,0.0,62.8,12.5,5346.44,5504.25,0,0.0,0.0,0.0,0.373238,0.596558
2020-04-12,29.5,0.0,53.3,10.1,4864.65,5102.89,0,0.0,0.0,0.0,0.324383,0.52667
2020-04-13,29.5,0.0,77.4,10.3,4977.63,5183.0,0,0.0,0.0,0.0,0.371114,0.581647
2020-04-14,28.8,0.0,72.0,11.3,4895.28,5211.35,0,0.0,0.0,0.0,0.364091,0.550078
2020-04-15,28.1,0.0,67.0,11.1,4848.14,4962.31,0,0.0,0.0,0.0,0.348559,0.57849
2020-04-16,28.6,0.0,69.8,12.8,4951.85,5229.44,0,0.0,0.0,0.0,0.370222,0.565044
2020-04-17,32.7,6.9,76.7,12.1,5377.43,6164.91,0,0.0,0.0,0.0,0.413201,0.520872
2020-04-18,36.7,0.0,69.3,9.6,5601.22,6251.39,0,0.0,0.0,0.0,0.397983,0.533358
2020-04-19,35.7,0.0,70.9,9.8,5217.48,5825.38,0,0.0,0.0,0.0,0.395934,0.530901
2020-04-20,39.4,0.0,80.6,9.0,5720.46,5522.87,0,0.0,0.035777,0.0,0.432337,0.730893
2020-04-21,38.7,0.0,64.4,11.6,5390.35,5259.11,0,0.0,0.024955,0.0,0.41741,0.703332
2020-04-22,41.6,3.5,74.3,16.6,5783.89,6152.42,0,0.0,0.0,0.0,0.497938,0.684801
2020-04-23,40.3,0.0,64.9,9.2,5430.16,5965.34,0,0.0,0.0,0.0,0.410375,0.562432
2020-04-24,39.8,0.0,79.0,8.6,5447.74,5541.95,0,0.0,0.0,0.0,0.428887,0.665832
2020-04-25,39.8,0.0,72.9,11.1,5485.9,5519.1,0,0.0,0.0,0.0,0.43674,0.686508
2020-04-26,45.6,0.0,68.2,8.8,6185.31,7037.72,0,0.0,0.0,0.0,0.44841,0.563804
2020-04-27,45.5,0.0,64.3,11.7,5787.11,6326.53,0,0.0,0.0,0.0,0.462815,0.620069
2020-04-28,42.5,0.0,70.2,9.5,5411.69,6042.98,0,0.0,0.0,0.0,0.437128,0.571963
2020-04-29,43.4,0.0,73.1,8.8,5724.92,5851.95,0,0.0,0.0,0.0,0.443097,0.674546
2020-04-30,41.5,0.0,78.1,9.4,5431.4,5525.03,0,0.0,0.0,0.0,0.444578,0.681585
2020-05-01,39.8,0.0,67.0,13.3,5346.67,5933.63,0,0.0,0.0,0.0,0.442653,0.583963
2020-05-02,41.3,0.0,68.6,8.0,5632.87,5821.28,0,0.0,0.0,0.0,0.414645,0.633651
2020-05-03,40.7,0.0,70.4,11.4,5465.69,5528.64,0,0.0,0.0,0.0,0.440299,0.683797
2020-05-04,40.8,0.0,69.1,11.6,5510.07,5468.57,0,0.0,0.007589,0.0,0.440064,0.705713
2020-05-05,40.4,0.0,70.6,8.7,5451.49,5548.46,0,0.0,0.0,0.0,0.417864,0.654251
2020-05-06,40.8,0.0,68.6,10.4,5519.58,6099.85,0,0.0,0.0,0.0,0.429867,0.575604
2020-05-07,41.3,0.0,75.5,9.8,5553.31,5302.8,1,0.5,0.04724,0.1312,0.441471,0.75341
2020-05-08,37.0,0.0,71.1,11.3,5010.86,5459.98,0,0.0,0.0,0.0,0.416452,0.577215
2020-05-09,38.8,0.0,73.7,8.8,5496.15,5525.73,0,0.0,0.0,0.0,0.413902,0.664443
2020-05-10,37.0,5.8,76.8,7.6,5163.27,5353.03,0,0.0,0.0,0.0,0.405667,0.621074
2020-05-11,34.7,0.0,67.0,12.0,5006.19,5210.38,0,0.0,0.0,0.0,0.399006,0.610047
2020-05-12,35.7,0.4,77.1,8.0,5261.36,5451.26,0,0.0,0.0,0.0,0.394159,0.610281
2020-05-13,36.7,0.0,75.2,8.2,5321.97,5491.8,0,0.0,0.0,0.0,0.398243,0.618932
2020-05-14,36.1,0.0,75.3,8.4,5175.83,5289.73,0,0.0,0.0,0.0,0.396019,0.627672
2020-05-15,38.6,0.0,73.6,11.3,5514.95,5592.16,0,0.0,0.0,0.0,0.431686,0.672358
2020-05-16,36.3,0.0,73.1,14.0,5080.26,5756.67,0,0.0,0.0,0.0,0.436422,0.556042
2020-05-17,36.4,8.8,76.9,8.0,5232.53,5502.41,0,0.0,0.0,0.0,0.408646,0.608178
2020-05-18,36.2,0.0,75.0,8.0,5196.79,5415.39,0,0.0,0.0,0.0,0.393029,0.602695
2020-05-19,37.1,0.0,68.7,8.9,5316.36,5366.26,0,0.0,0.0,0.0,0.394093,0.640027
2020-05-20,38.4,0.0,82.6,7.2,5418.15,5549.81,0,0.0,0.0,0.0,0.415607,0.644702
2020-05-21,37.0,0.0,71.3,9.3,5159.14,5208.7,0,0.0,0.0,0.0,0.401395,0.647077
2020-05-22,39.4,0.0,75.1,9.3,5528.78,6071.8,0,0.0,0.0,0.0,0.424339,0.576725
2020-05-23,39.9,0.0,80.7,8.7,5440.46,5454.19,0,0.0,0.0,0.0,0.433505,0.687356
2020-05-24,36.5,0.0,73.2,6.8,5000.12,4542.55,0,0.0,0.100732,0.0,0.382372,0.756754
2020-05-25,33.7,0.0,76.1,13.3,4889.38,5151.81,0,0.0,0.0,0.0,0.419508,0.616831
2020-05-26,35.3,0.0,64.0,9.2,5253.46,5423.66,0,0.0,0.0,0.0,0.375731,0.595887
2020-05-27,36.2,0.0,65.1,12.4,5254.54,5323.35,0,0.0,0.0,0.0,0.408417,0.650117
2020-05-28,37.2,17.1,79.1,6.6,5311.07,5881.63,0,0.0,0.0,0.0,0.417369,0.560913
2020-05-29,38.2,0.0,75.9,6.8,5361.1,4705.91,0,0.0,0.139227,0.0,0.39864,0.817964
2020-05-30,39.4,0.0,80.5,6.9,5447.82,6261.19,0,0.0,0.0,0.0,0.415946,0.521083
2020-05-31,41.9,0.0,79.0,13.2,5662.74,6322.13,0,0.0,0.0,0.0,0.478223,0.613254
2020-06-01,39.8,8.4,69.1,8.0,6349.84,6416.09,0,0.0,0.0,0.0,0.415944,0.66068
2020-06-02,38.0,8.8,83.5,7.5,6257.96,6393.13,0,0.0,0.0,0.0,0.42771,0.659818
2020-06-03,36.8,2.0,69.5,5.9,6219.87,6728.51,0,0.0,0.0,0.0,0.372908,0.541449
2020-06-04,38.5,0.0,79.2,7.0,6565.42,7113.41,0,0.0,0.0,0.0,0.408348,0.575206
2020-06-05,41.9,0.0,72.6,7.1,6914.34,6983.94,0,0.0,0.0,0.0,0.419155,0.664311
2020-06-06,41.2,0.0,88.4,7.9,6547.37,6207.84,0,0.0,0.054693,0.0,0.450339,0.770979
2020-06-07,36.5,0.0,71.9,12.8,5935.4,7022.54,0,0.0,0.0,0.0,0.426231,0.502299
2020-06-08,34.4,45.8,85.9,10.8,5997.3,6658.42,0,0.0,0.0,0.0,0.479088,0.619966
2020-06-09,34.4,0.0,75.5,6.8,6162.45,6531.46,0,0.0,0.0,0.0,0.372843,0.563678
2020-06-10,35.0,8.5,75.6,6.1,6241.79,6623.0,0,0.0,0.0,0.0,0.381955,0.571551
2020-06-11,35.8,9.7,72.0,6.7,6306.58,6868.76,0,0.0,0.0,0.0,0.386571,0.547814
2020-06-12,37.3,0.6,85.7,7.2,6461.27,7085.99,0,0.0,0.0,0.0,0.414901,0.56877
2020-06-13,37.9,19.2,76.2,8.1,6420.78,5897.87,0,0.0,0.088662,0.0,0.430682,0.790975
2020-06-14,41.0,0.0,71.1,5.2,6832.52,7023.12,0,0.0,0.0,0.0,0.39575,0.620858
2020-06-15,40.0,72.2,91.8,16.3,6444.59,6647.98,0,0.0,0.0,0.0,0.601711,0.822785
2020-06-16,38.9,0.5,75.3,6.6,6358.54,6611.8,0,0.0,0.0,0.0,0.401195,0.613269
2020-06-17,40.7,27.6,77.5,6.4,6705.16,7366.02,0,0.0,0.0,0.0,0.448707,0.600761
2020-06-18,38.1,0.0,78.7,12.2,6191.58,5802.91,0,0.0,0.06698,0.0,0.444897,0.779878
2020-06-19,39.9,0.0,74.6,6.5,6650.25,6417.52,0,0.0,0.036265,0.0,0.405093,0.704219
2020-06-20,40.7,0.0,73.8,6.7,6630.54,6677.28,0,0.0,0.0,0.0,0.410409,0.659027
2020-06-21,40.9,0.0,76.4,11.5,6590.12,6983.71,0,0.0,0.0,0.0,0.453639,0.644636
2020-06-22,44.4,0.0,69.2,10.1,7103.47,7831.04,0,0.0,0.0,0.0,0.452406,0.600734
2020-06-23,42.9,0.0,70.4,9.4,6586.12,7592.31,0,0.0,0.0,0.0,0.439368,0.541445
2020-06-24,47.0,5.1,74.4,7.0,7326.48,7560.63,0,0.0,0.0,0.0,0.461597,0.682233
2020-06-25,45.7,37.0,87.0,5.9,6793.94,7489.1,0,0.0,0.0,0.0,0.507087,0.655515
2020-06-26,42.6,3.1,72.5,5.3,6441.01,7051.23,0,0.0,0.0,0.0,0.413475,0.569237
2020-06-27,42.7,0.0,71.2,8.5,6716.26,7281.26,0,0.0,0.0,0.0,0.432605,0.598809
2020-06-28,40.6,13.4,65.4,10.8,6392.32,6702.16,0,0.0,0.0,0.0,0.441985,0.644806
2020-06-29,39.5,42.0,79.5,7.4,6407.17,6566.25,0,0.0,0.0,0.0,0.469833,0.69834
2020-06-30,40.8,0.0,64.0,5.0,6693.59,6578.99,0,0.0,0.017418,0.0,0.379576,0.656701
2020-07-01,42.3,32.7,73.3,6.5,6795.2,6650.53,0,0.0,0.021753,0.0,0.458372,0.740557
2020-07-02,41.0,3.6,74.6,9.0,6500.36,6967.52,0,0.0,0.0,0.0,0.436026,0.614544
2020-07-03,43.2,4.0,89.3,5.1,6924.41,7246.89,0,0.0,0.0,0.0,0.448484,0.653326
2020-07-04,45.3,0.0,72.5,5.1,7058.69,7226.85,1,1.166,0.0,0.0823,0.425946,0.655572
2020-07-05,47.5,111.8,100.0,24.1,7221.31,8042.52,0,0.0,0.0,0.0,0.775022,0.91261
2020-07-06,47.5,7.2,69.1,7.2,7032.95,7295.77,0,0.0,0.0,0.0,0.45906,0.673796
2020-07-07,49.1,20.1,70.7,6.9,7282.78,7227.94,0,0.0,0.007587,0.0,0.486031,0.751678
2020-07-08,43.8,0.0,81.0,9.3,6371.78,6583.39,0,0.0,0.0,0.0,0.464404,0.68367
2020-07-09,42.7,0.1,66.5,6.0,6638.28,7313.39,0,0.0,0.0,0.0,0.404625,0.55365
2020-07-10,40.7,51.3,73.1,5.3,6438.27,6408.48,0,0.0,0.004648,0.0,0.460885,0.723102
2020-07-11,41.1,0.0,71.3,7.9,6652.31,7072.63,0,0.0,0.0,0.0,0.417617,0.605029
2020-07-12,40.0,0.0,67.7,12.6,6465.23,6765.92,0,0.0,0.0,0.0,0.439882,0.64479
2020-07-13,39.9,26.4,79.2,5.3,6540.63,6554.17,0,0.0,0.0,0.0,0.436669,0.691047
2020-07-14,43.8,9.2,79.5,7.4,7134.1,7358.96,0,0.0,0.0,0.0,0.458156,0.679275
2020-07-15,42.9,46.4,82.6,9.6,6677.23,6349.94,0,0.0,0.051542,0.0,0.520399,0.837359
2020-07-16,43.2,0.0,70.0,6.5,6808.69,7196.15,1,4.848,0.0,0.3301,0.418219,0.612153
2020-07-17,42.2,0.7,72.1,4.6,6632.66,6394.03,0,0.0,0.037321,0.0,0.401759,0.702117
2020-07-18,42.0,0.0,81.9,6.5,6685.15,7471.08,0,0.0,0.0,0.0,0.432622,0.566606
2020-07-19,41.6,0.0,79.5,6.8,6652.8,6946.89,0,0.0,0.0,0.0,0.4278,0.635169
2020-07-20,42.2,0.0,66.3,5.5,6769.03,6863.64,0,0.0,0.0,0.0,0.396974,0.637672
2020-07-21,44.0,1.0,72.6,5.4,6998.39,7860.0,0,0.0,0.0,0.0,0.4211,0.54992
2020-07-22,46.4,0.0,76.2,4.4,7212.05,7103.82,0,0.0,0.015235,0.0,0.434733,0.709309
2020-07-23,45.6,0.0,70.5,4.9,6899.09,6919.07,0,0.0,0.0,0.0,0.42263,0.676049
2020-07-24,45.5,0.0,66.4,5.0,6951.82,6498.26,0,0.0,0.069796,0.0,0.415055,0.753326
2020-07-25,41.9,9.3,66.3,4.7,6435.27,7287.94,0,0.0,0.0,0.0,0.400171,0.520378
2020-07-26,41.1,0.0,66.7,5.6,6611.13,7721.73,0,0.0,0.0,0.0,0.391245,0.48013
2020-07-27,42.5,0.0,60.2,8.1,6881.8,6500.3,1,4.297,0.05869,1.7354,0.407576,0.73288
2020-07-28,43.4,0.0,70.1,5.0,6909.35,6899.72,0,0.0,0.001396,0.0,0.408151,0.66657
2020-07-29,42.8,0.0,72.3,9.8,6749.38,7116.53,0,0.0,0.0,0.0,0.445358,0.64192
2020-07-30,43.6,0.0,63.0,6.6,6922.92,7044.15,0,0.0,0.0,0.0,0.408502,0.645201
2020-07-31,43.4,18.1,67.0,7.3,6833.55,7161.75,0,0.0,0.0,0.0,0.442169,0.645461
2020-08-01,44.6,0.0,59.1,4.3,7034.09,7333.68,0,0.0,0.0,0.0,0.390034,0.599134
2020-08-02,43.7,0.0,66.5,9.0,6806.78,7321.89,0,0.0,0.0,0.0,0.434242,0.608903
2020-08-03,41.7,0.0,63.8,4.1,6585.17,6515.76,0,0.0,0.010653,0.0,0.378189,0.647415
2020-08-04,41.4,15.9,60.3,4.2,6709.32,7126.22,0,0.0,0.0,0.0,0.38982,0.578314
2020-08-05,34.6,1.8,78.2,8.1,5773.12,5655.83,0,0.0,0.020737,0.0,0.39145,0.672449
2020-08-06,35.7,0.0,54.0,11.7,6453.49,6608.71,0,0.0,0.0,0.0,0.378907,0.608278
2020-08-07,28.5,0.0,55.4,11.7,5386.92,5066.86,0,0.0,0.063169,0.0,0.334075,0.664607
2020-08-08,26.5,7.5,68.8,6.4,5649.0,5787.48,0,0.0,0.0,0.0,0.314273,0.54313
2020-08-09,29.2,29.7,72.6,5.4,6163.62,6249.4,0,0.0,0.0,0.0,0.358565,0.599331
2020-08-10,31.4,0.0,58.0,5.8,6270.97,6957.3,0,0.0,0.0,0.0,0.31254,0.454167
2020-08-11,29.8,0.0,57.4,5.8,5895.77,6168.55,0,0.0,0.0,0.0,0.300869,0.506035
2020-08-12,29.4,1.8,63.7,6.1,5960.29,6304.3,0,0.0,0.0,0.0,0.314556,0.507644
2020-08-13,33.2,4.2,63.5,4.9,6522.8,6839.72,0,0.0,0.0,0.0,0.332897,0.535595
2020-08-14,32.4,23.6,62.6,6.0,6137.96,5621.55,0,0.0,0.091863,0.0,0.358094,0.722124
2020-08-15,37.2,7.2,66.7,5.3,6883.15,6361.36,0,0.0,0.082026,0.0,0.372009,0.724555
2020-08-16,36.6,0.0,62.5,4.9,6421.23,6613.37,0,0.0,0.0,0.0,0.348308,0.571181
2020-08-17,36.8,0.0,66.0,10.1,6509.52,6949.23,0,0.0,0.0,0.0,0.396312,0.579235
2020-08-18,39.3,0.0,58.7,7.1,6863.31,7104.92,0,0.0,0.0,0.0,0.375955,0.593046
2020-08-19,38.3,0.0,62.6,7.0,6525.35,6496.4,0,0.0,0.004455,0.0,0.375905,0.637897
2020-08-20,35.2,8.5,59.2,6.3,6166.04,6380.99,0,0.0,0.0,0.0,0.354066,0.571531
2020-08-21,34.4,18.6,65.3,5.1,6299.59,6484.76,0,0.0,0.0,0.0,0.363294,0.586749
2020-08-22,33.9,10.8,62.1,6.2,6290.67,6913.93,0,0.0,0.0,0.0,0.352969,0.504523
2020-08-23,30.7,150.8,91.5,24.7,5898.4,6591.23,0,0.0,0.0,0.0,0.700564,0.834644
2020-08-24,30.4,0.0,59.5,7.2,6089.3,6181.46,0,0.0,0.0,0.0,0.319564,0.558949
2020-08-25,29.1,24.5,53.2,6.0,5941.3,6219.68,0,0.0,0.0,0.0,0.319816,0.524355
2020-08-26,31.3,0.0,53.1,6.9,6349.11,6777.05,0,0.0,0.0,0.0,0.311181,0.494255
2020-08-27,31.2,23.3,62.1,5.8,6179.61,6653.91,0,0.0,0.0,0.0,0.347338,0.520914
2020-08-28,30.5,22.2,63.4,5.7,6088.9,7027.28,0,0.0,0.0,0.0,0.343048,0.44395
2020-08-29,30.2,25.7,65.7,8.8,6107.68,6402.24,0,0.0,0.0,0.0,0.373573,0.576652
2020-08-30,30.6,0.0,57.6,6.6,6186.74,6951.61,0,0.0,0.0,0.0,0.31269,0.441033
2020-08-31,31.6,0.0,51.0,7.5,6306.17,6160.59,0,0.0,0.023631,0.0,0.313851,0.598228
2020-09-01,29.1,0.0,58.7,6.6,5023.02,5072.37,0,0.0,0.0,0.0,0.304865,0.550297
2020-09-02,27.0,46.6,61.4,8.2,4936.76,4519.32,0,0.0,0.092367,0.0,0.365289,0.729909
2020-09-03,29.5,0.0,59.8,5.9,5366.13,5685.59,0,0.0,0.0,0.0,0.304163,0.495359
2020-09-04,28.4,0.0,59.8,6.2,5087.16,5549.05,0,0.0,0.0,0.0,0.299227,0.458845
2020-09-05,25.5,2.5,53.3,11.7,4823.09,4287.78,0,0.0,0.124846,0.0,0.313414,0.715949
2020-09-06,26.8,7.7,51.1,5.0,5155.91,5474.86,0,0.0,0.0,0.0,0.272504,0.461284
2020-09-07,27.8,2.1,49.1,8.3,5198.64,5656.46,0,0.0,0.0,0.0,0.293976,0.456279
2020-09-08,24.6,2.9,47.0,7.1,4772.22,5175.36,0,0.0,0.0,0.0,0.260663,0.426517
2020-09-09,25.5,0.0,46.8,6.5,5071.88,4943.36,0,0.0,0.025998,0.0,0.258052,0.545193
2020-09-10,27.1,5.0,51.4,5.8,5212.46,5726.97,0,0.0,0.0,0.0,0.277923,0.429834
2020-09-11,27.7,0.0,47.9,9.9,5180.98,5443.07,0,0.0,0.0,0.0,0.30085,0.501428
2020-09-12,28.6,0.0,42.3,12.7,5256.53,5715.08,0,0.0,0.0,0.0,0.317888,0.481011
2020-09-13,25.1,19.7,52.6,6.5,4809.97,5012.33,0,0.0,0.0,0.0,0.290327,0.499986
2020-09-14,25.8,0.0,50.2,8.3,5099.1,5476.46,0,0.0,0.0,0.0,0.280294,0.456643
2020-09-15,25.0,4.2,48.7,8.3,4972.05,5568.11,0,0.0,0.0,0.0,0.277333,0.409154
2020-09-16,23.9,0.0,44.6,8.5,4902.43,5084.54,0,0.0,0.0,0.0,0.258813,0.473791
2020-09-17,25.7,35.4,45.6,5.8,5176.8,5528.3,0,0.0,0.0,0.0,0.294911,0.477475
2020-09-18,28.3,25.1,60.4,9.8,5375.37,6067.37,0,0.0,0.0,0.0,0.358096,0.481741
2020-09-19,31.0,9.3,50.2,5.7,5535.56,5765.88,0,0.0,0.0,0.0,0.305854,0.516012
2020-09-20,32.1,0.0,49.4,8.5,5504.81,5389.76,1,0.726,0.021346,0.0853,0.321862,0.603571
2020-09-21,30.0,0.0,48.3,10.8,5196.44,5677.58,0,0.0,0.0,0.0,0.323705,0.481565
2020-09-22,29.3,0.0,49.6,6.7,5241.04,5976.87,0,0.0,0.0,0.0,0.289893,0.402961
2020-09-23,29.4,12.8,51.2,7.8,5309.48,6006.04,0,0.0,0.0,0.0,0.317657,0.439056
2020-09-24,28.2,0.0,47.0,9.3,5161.74,5652.33,0,0.0,0.0,0.0,0.297829,0.453295
2020-09-25,27.2,4.9,51.2,7.2,5123.86,4623.35,0,0.0,0.108257,0.0,0.288887,0.672056
2020-09-26,27.7,0.0,50.8,6.6,5250.05,5302.25,0,0.0,0.0,0.0,0.280825,0.526122
2020-09-27,26.2,0.0,52.5,9.1,5055.63,5122.22,0,0.0,0.0,0.0,0.293416,0.535029
2020-09-28,23.7,0.0,41.1,6.5,4857.98,5114.61,0,0.0,0.0,0.0,0.2355,0.433715
2020-09-29,22.2,11.7,49.1,6.1,4846.81,5604.67,0,0.0,0.0,0.0,0.251802,0.350737
2020-09-30,23.1,0.0,36.7,8.1,5037.12,4946.08,0,0.0,0.018407,0.0,0.235641,0.513919
2020-10-01,22.5,0.0,42.0,7.6,4920.04,5861.04,0,0.0,0.0,0.0,0.237766,0.307128
2020-10-02,22.6,0.4,43.2,9.4,4973.77,5102.66,0,0.0,0.0,0.0,0.255052,0.482354
2020-10-03,23.3,0.0,47.5,8.4,5050.49,5059.0,0,0.0,0.0,0.0,0.259524,0.51435
2020-10-04,21.7,0.5,43.1,14.8,4844.9,5345.12,0,0.0,0.0,0.0,0.290721,0.43826
2020-10-05,22.6,0.0,46.6,11.3,5035.22,5580.19,0,0.0,0.0,0.0,0.2756,0.41838
2020-10-06,22.5,0.0,41.2,8.9,4975.51,5428.02,0,0.0,0.0,0.0,0.246297,0.405766
2020-10-07,19.2,0.0,39.8,11.0,4718.48,4725.67,0,0.0,0.0,0.0,0.238124,0.493138
2020-10-08,21.8,0.0,38.4,12.1,5112.02,5529.3,1,2.575,0.0,0.1316,0.261124,0.429814
2020-10-09,20.0,0.0,45.6,12.2,4826.39,4753.44,0,0.0,0.015346,0.0,0.263531,0.538237
2020-10-10,16.1,0.0,40.0,7.3,4656.7,4655.65,0,0.0,0.000227,0.0,0.189517,0.44657
2020-10-11,14.2,0.0,29.5,7.6,4765.36,4975.15,0,0.0,0.0,0.0,0.15962,0.367183
2020-10-12,12.7,0.0,44.6,13.2,4804.53,4796.57,0,0.0,0.00166,0.0,0.221256,0.479983
2020-10-13,13.6,0.0,36.5,9.0,4942.02,5516.89,0,0.0,0.0,0.0,0.179593,0.314738
2020-10-14,13.5,0.0,41.9,9.2,4896.19,4962.66,0,0.0,0.0,0.0,0.190602,0.431756
2020-10-15,13.4,0.0,35.0,9.9,4889.29,5065.85,0,0.0,0.0,0.0,0.182407,0.39851
2020-10-16,15.1,0.0,40.5,8.8,4991.1,4963.88,0,0.0,0.005482,0.0,0.195437,0.458629
2020-10-17,15.8,0.0,25.8,14.0,4949.96,5521.04,0,0.0,0.0,0.0,0.212612,0.348649
2020-10-18,16.3,2.2,40.3,9.8,4946.46,4986.2,0,0.0,0.0,0.0,0.213372,0.460858
2020-10-19,16.9,0.0,35.3,11.4,4960.24,5565.13,0,0.0,0.0,0.0,0.217613,0.347515
2020-10-20,17.6,0.0,33.2,8.7,4990.57,5576.06,0,0.0,0.0,0.0,0.197456,0.331668
2020-10-21,12.8,0.0,43.1,9.0,4640.62,4742.28,0,0.0,0.0,0.0,0.186695,0.418459
2020-10-22,12.3,0.0,38.5,8.3,4911.85,5166.63,0,0.0,0.0,0.0,0.169373,0.368595
2020-10-23,8.3,0.0,37.6,11.3,4732.92,4828.32,0,0.0,0.0,0.0,0.164468,0.398192
2020-10-24,9.4,0.0,35.0,9.4,5042.65,5468.15,0,0.0,0.0,0.0,0.152183,0.318132
2020-10-25,10.2,0.0,42.9,11.4,5016.9,5206.28,0,0.0,0.0,0.0,0.187701,0.402026
2020-10-26,12.9,0.0,36.1,11.2,5106.76,5227.78,0,0.0,0.0,0.0,0.191204,0.420969
2020-10-27,15.3,23.3,51.3,8.6,5074.58,5343.07,0,0.0,0.0,0.0,0.24389,0.442018
2020-10-28,15.2,0.4,44.2,9.5,4929.81,4684.9,0,0.0,0.052277,0.0,0.208923,0.526741
2020-10-29,13.6,0.0,44.9,8.6,4860.23,5080.02,0,0.0,0.0,0.0,0.192257,0.398539
2020-10-30,14.3,0.0,42.4,8.8,4988.72,5442.32,0,0.0,0.0,0.0,0.193726,0.353217
2020-10-31,12.8,6.8,36.1,8.7,4875.44,5161.62,0,0.0,0.0,0.0,0.179552,0.371617
2020-11-01,12.6,0.0,37.5,9.1,4958.59,5503.81,0,0.0,0.0,0.0,0.175648,0.316793
2020-11-02,14.4,0.0,36.1,9.3,5060.1,5192.82,0,0.0,0.0,0.0,0.186431,0.413384
2020-11-03,12.7,0.0,41.1,18.2,4873.41,4976.07,0,0.0,0.0,0.0,0.253274,0.48598
2020-11-04,14.0,0.0,36.7,9.8,5043.53,4940.68,0,0.0,0.020816,0.0,0.188777,0.469869
2020-11-05,14.8,0.0,35.4,12.4,5004.58,5126.88,0,0.0,0.0,0.0,0.211675,0.440617
2020-11-06,12.1,5.9,46.3,11.6,4828.66,5668.13,0,0.0,0.0,0.0,0.215341,0.299235
2020-11-07,13.7,0.0,34.7,11.2,5075.94,5417.85,0,0.0,0.0,0.0,0.193853,0.376971
2020-11-08,14.5,5.3,34.5,13.0,5015.2,5080.95,0,0.0,0.0,0.0,0.219106,0.460789
2020-11-09,13.8,0.1,34.2,11.2,4944.47,4878.28,0,0.0,0.013569,0.0,0.193696,0.466326
2020-11-10,11.6,0.0,41.4,9.6,4869.33,4622.42,0,0.0,0.053416,0.0,0.180228,0.499376
2020-11-11,9.5,0.0,36.9,11.7,4904.97,4893.62,0,0.0,0.00232,0.0,0.174152,0.43365
2020-11-12,8.5,0.1,38.1,12.4,4977.64,5464.6,0,0.0,0.0,0.0,0.175334,0.328095
2020-11-13,9.8,0.0,36.9,9.6,5109.24,5227.24,0,0.0,0.0,0.0,0.159926,0.390363
2020-11-14,7.8,0.0,24.7,11.5,4930.87,4879.76,0,0.0,0.010473,0.0,0.138528,0.407545
2020-11-15,9.0,8.2,32.3,13.3,5113.24,5095.68,0,0.0,0.003447,0.0,0.184582,0.445395
2020-11-16,6.5,0.0,34.1,11.2,4917.95,5365.08,1,2.157,0.0,0.1061,0.14527,0.304768
2020-11-17,6.6,0.0,37.0,17.0,5074.54,5302.29,0,0.0,0.0,0.0,0.19612,0.402766
2020-11-18,7.3,0.0,30.4,10.4,5105.39,5158.92,1,1.285,0.0,0.0656,0.137433,0.38211
2020-11-19,12.4,0.0,30.2,10.9,5327.81,5490.69,0,0.0,0.0,0.0,0.174531,0.39669
2020-11-20,8.9,0.0,33.7,12.4,4840.81,5755.58,0,0.0,0.0,0.0,0.169598,0.240846
2020-11-21,11.8,0.0,41.8,10.7,5198.25,5857.57,0,0.0,0.0,0.0,0.190783,0.316172
2020-11-22,11.4,0.0,24.4,10.8,5010.62,5724.75,0,0.0,0.0,0.0,0.156294,0.267457
2020-11-23,11.6,0.0,21.8,14.9,5044.77,4740.15,0,0.0,0.064263,0.0,0.184373,0.516185
2020-11-24,11.1,0.0,43.7,11.2,5013.29,5216.23,0,0.0,0.0,0.0,0.19359,0.404962
2020-11-25,11.4,0.0,27.4,14.0,5054.75,5102.16,0,0.0,0.0,0.0,0.18661,0.432552
2020-11-26,10.4,0.0,33.0,10.5,4989.59,5410.02,0,0.0,0.0,0.0,0.163512,0.329579
2020-11-27,12.8,0.0,27.5,11.4,5170.0,5773.69,0,0.0,0.0,0.0,0.175964,0.310692
2020-11-28,10.8,0.0,33.5,11.4,4934.39,5282.58,0,0.0,0.0,0.0,0.174031,0.353874
2020-11-29,12.4,0.0,34.3,11.5,5132.3,5106.82,0,0.0,0.00499,0.0,0.186849,0.449464
2020-11-30,10.2,0.0,43.1,10.8,4920.6,4961.72,0,0.0,0.0,0.0,0.183446,0.430561
2020-12-01,9.5,0.0,38.6,11.5,5641.04,6143.63,0,0.0,0.0,0.0,0.175796,0.337085
2020-12-02,6.9,0.0,28.6,12.1,5538.71,6066.91,0,0.0,0.0,0.0,0.144538,0.299691
2020-12-03,7.9,0.0,25.5,10.5,5772.99,6112.91,0,0.0,0.0,0.0,0.132972,0.324846
2020-12-04,10.7,0.0,37.6,11.4,5861.82,6202.84,0,0.0,0.0,0.0,0.181059,0.373668
2020-12-05,9.8,0.0,32.5,13.3,5629.9,5929.18,0,0.0,0.0,0.0,0.180225,0.378089
2020-12-06,8.9,0.0,31.5,11.4,5634.27,6011.5,0,0.0,0.0,0.0,0.157757,0.341291
2020-12-07,6.3,0.0,41.1,12.8,5547.34,6074.92,0,0.0,0.0,0.0,0.169422,0.324828
2020-12-08,6.0,0.0,26.5,11.4,5707.96,6219.97,0,0.0,0.0,0.0,0.129267,0.28996
2020-12-09,3.0,0.0,33.5,12.4,5551.42,5837.24,0,0.0,0.0,0.0,0.130334,0.329962
2020-12-10,2.0,1.4,38.9,10.8,5697.08,5964.33,0,0.0,0.0,0.0,0.123231,0.327712
2020-12-11,3.4,0.0,29.5,13.5,5858.59,6119.3,0,0.0,0.0,0.0,0.133959,0.341012
2020-12-12,6.8,0.0,42.0,11.9,5952.06,5957.06,0,0.0,0.0,0.0,0.167461,0.423271
2020-12-13,12.4,0.0,30.5,14.6,6041.05,6041.28,0,0.0,0.0,0.0,0.203643,0.460389
2020-12-14,10.2,0.0,35.3,12.5,5532.89,5999.14,0,0.0,0.0,0.0,0.181939,0.347999
2020-12-15,12.4,0.0,32.3,12.2,5811.4,5840.98,0,0.0,0.0,0.0,0.1885,0.439378
2020-12-16,11.8,5.0,23.4,11.9,5628.86,6198.94,0,0.0,0.0,0.0,0.171643,0.321074
2020-12-17,10.5,0.0,33.9,12.1,5598.23,5860.04,0,0.0,0.0,0.0,0.178205,0.382839
2020-12-18,10.7,0.0,40.0,12.1,5691.16,6269.58,0,0.0,0.0,0.0,0.19096,0.340048
2020-12-19,10.1,8.4,33.1,11.9,5645.22,6154.01,0,0.0,0.0,0.0,0.182774,0.343048
2020-12-20,9.7,0.0,33.2,12.1,5664.45,6248.48,0,0.0,0.0,0.0,0.171619,0.319295
2020-12-21,8.3,0.0,33.9,18.5,5614.62,5726.85,0,0.0,0.0,0.0,0.213086,0.446998
2020-12-22,5.3,0.0,39.3,12.9,5524.87,5943.44,0,0.0,0.0,0.0,0.160228,0.334803
2020-12-23,2.6,0.0,34.9,11.5,5570.51,6107.99,0,0.0,0.0,0.0,0.123378,0.277441
2020-12-24,4.8,0.0,37.0,11.5,5893.78,5612.45,0,0.0,0.050126,0.0,0.141817,0.457124
2020-12-25,4.7,0.0,37.2,18.9,5735.24,6636.86,0,0.0,0.0,0.0,0.198632,0.29683
2020-12-26,4.0,8.9,36.8,13.0,5698.74,6797.2,0,0.0,0.0,0.0,0.158602,0.226734
2020-12-27,4.7,0.0,45.8,11.9,5784.73,6419.19,0,0.0,0.0,0.0,0.160744,0.30215
2020-12-28,6.9,0.0,32.4,15.6,5859.23,6449.66,0,0.0,0.0,0.0,0.17867,0.328591
2020-12-29,7.3,1.3,41.5,12.4,5742.66,6242.79,0,0.0,0.0,0.0,0.175263,0.338529
2020-12-30,6.1,0.0,44.2,13.4,5631.68,5798.52,0,0.0,0.0,0.0,0.178546,0.401746
2020-12-31,8.8,0.0,37.3,13.7,5879.11,6132.26,0,0.0,0.0,0.0,0.18572,0.394318
2021-01-01,11.7,0.0,38.3,12.1,5855.61,6504.17,0,0.0,0.0,0.0,0.194364,0.334747
2021-01-02,11.9,0.0,40.8,12.6,5668.12,5604.0,0,0.0,0.011442,0.0,0.204228,0.474375
2021-01-03,13.0,0.0,36.5,14.8,5717.26,5621.07,0,0.0,0.017113,0.0,0.220391,0.497158
2021-01-04,14.5,0.0,29.1,16.9,5719.19,5861.98,0,0.0,0.0,0.0,0.232607,0.460961
2021-01-05,15.5,0.9,37.7,15.2,5686.47,6205.89,0,0.0,0.0,0.0,0.243304,0.402385
2021-01-06,15.2,0.0,47.2,14.1,5601.33,5575.82,0,0.0,0.004575,0.0,0.249554,0.511685
2021-01-07,15.0,0.0,42.0,13.0,5598.73,5799.15,0,0.0,0.0,0.0,0.229998,0.446442
2021-01-08,14.7,0.0,39.8,14.5,5594.12,5836.23,0,0.0,0.0,0.0,0.235469,0.443831
2021-01-09,11.3,0.0,43.4,14.9,5417.34,5342.86,0,0.0,0.013939,0.0,0.222895,0.495959
2021-01-10,12.2,0.0,39.1,16.9,5694.24,5103.71,0,0.0,0.115705,0.0,0.236197,0.628062
2021-01-11,8.8,0.0,40.2,13.6,5439.86,5360.05,0,0.0,0.014889,0.0,0.190386,0.464558
2021-01-12,7.2,0.0,38.1,21.3,5578.28,5948.88,0,0.0,0.0,0.0,0.235316,0.41938
2021-01-13,10.2,0.0,42.9,15.8,5852.25,6324.1,0,0.0,0.0,0.0,0.221652,0.391341
2021-01-14,11.7,0.0,38.1,13.5,5731.67,6196.77,0,0.0,0.0,0.0,0.204792,0.373962
2021-01-15,14.2,0.0,39.4,16.4,5768.4,6278.35,0,0.0,0.0,0.0,0.246084,0.408053
2021-01-16,12.7,0.0,45.7,13.2,5517.91,5576.05,0,0.0,0.0,0.0,0.223318,0.467936
2021-01-17,9.8,0.0,40.5,12.9,5447.94,5431.82,0,0.0,0.002967,0.0,0.192139,0.452393
2021-01-18,9.3,0.0,44.6,12.2,5615.95,6029.44,0,0.0,0.0,0.0,0.191129,0.36786
2021-01-19,9.6,0.0,45.3,19.2,5665.79,5873.5,0,0.0,0.0,0.0,0.248431,0.463937
2021-01-20,9.9,0.0,41.9,13.2,5653.62,6259.38,0,0.0,0.0,0.0,0.197738,0.341551
2021-01-21,12.3,19.2,45.6,15.1,5763.83,6190.51,0,0.0,0.0,0.0,0.258581,0.434908
2021-01-22,11.2,0.0,36.2,16.0,5543.76,6269.33,0,0.0,0.0,0.0,0.217224,0.338907
2021-01-23,11.8,9.7,40.0,13.3,5647.02,5763.75,0,0.0,0.0,0.0,0.219305,0.452452
2021-01-24,9.6,0.0,46.4,13.5,5480.97,6123.64,0,0.0,0.0,0.0,0.206512,0.340784
2021-01-25,10.8,0.0,46.6,12.2,5691.36,6705.48,0,0.0,0.0,0.0,0.204766,0.285001
2021-01-26,10.9,0.0,39.0,12.7,5613.27,5912.94,0,0.0,0.0,0.0,0.195033,0.392659
2021-01-27,9.6,0.0,46.2,12.4,5521.44,5971.2,0,0.0,0.0,0.0,0.19765,0.366509
2021-01-28,9.5,0.0,45.6,20.7,5611.27,5562.88,0,0.0,0.008698,0.0,0.259909,0.526854
2021-01-29,9.6,0.0,49.5,13.6,5617.29,6214.55,0,0.0,0.0,0.0,0.213097,0.357692
2021-01-30,9.6,0.9,56.2,13.0,5602.72,6281.38,0,0.0,0.0,0.0,0.222128,0.352788
2021-01-31,13.7,0.0,48.3,13.2,5829.92,5939.81,0,0.0,0.0,0.0,0.234785,0.469977
2021-02-01,13.3,0.0,42.3,13.9,5530.37,6011.11,0,0.0,0.0,0.0,0.226299,0.389726
2021-02-02,12.7,0.0,49.8,12.8,5522.54,5896.25,0,0.0,0.0,0.0,0.227919,0.410718
2021-02-03,8.6,0.0,41.1,15.1,5318.85,5715.74,0,0.0,0.0,0.0,0.202329,0.378057
2021-02-04,7.7,0.0,57.8,16.0,5547.82,6109.02,0,0.0,0.0,0.0,0.234654,0.384202
2021-02-05,8.4,0.0,40.8,13.6,5636.66,6102.76,0,0.0,0.0,0.0,0.188874,0.356503
2021-02-06,8.1,0.0,49.5,13.0,5572.68,5802.52,0,0.0,0.0,0.0,0.19858,0.409129
2021-02-07,12.0,0.0,47.6,13.3,5813.9,6409.81,0,0.0,0.0,0.0,0.223038,0.371296
2021-02-08,12.1,0.0,45.9,12.6,5552.14,6218.66,0,0.0,0.0,0.0,0.215109,0.346776
2021-02-09,15.2,0.0,45.9,13.4,5712.59,5798.77,0,0.0,0.0,0.0,0.241715,0.481155
2021-02-10,15.2,0.0,55.4,15.2,5510.18,5785.07,0,0.0,0.0,0.0,0.273416,0.474734
2021-02-11,15.3,0.0,51.7,18.1,5506.14,5167.91,0,0.0,0.065448,0.0,0.289514,0.622708
2021-02-12,15.1,3.0,49.2,14.4,5485.35,5961.29,0,0.0,0.0,0.0,0.25862,0.422206
2021-02-13,15.2,0.0,58.2,15.1,5500.63,6199.52,0,0.0,0.0,0.0,0.277895,0.40308
2021-02-14,18.8,0.5,49.4,13.5,5783.6,5979.03,0,0.0,0.0,0.0,0.273388,0.49202
2021-02-15,13.6,6.5,55.5,16.2,5153.09,5454.06,0,0.0,0.0,0.0,0.278704,0.471074
2021-02-16,10.1,0.0,43.9,12.7,5296.4,5487.75,0,0.0,0.0,0.0,0.198948,0.415032
2021-02-17,10.3,0.0,44.5,12.3,5537.52,5680.47,0,0.0,0.0,0.0,0.198305,0.425717
2021-02-18,11.7,0.0,54.8,13.3,5593.19,5954.66,0,0.0,0.0,0.0,0.234561,0.420485
2021-02-19,14.2,0.0,53.1,14.5,5636.32,5639.66,0,0.0,0.0,0.0,0.257111,0.51321
2021-02-20,15.8,0.0,62.6,12.2,5578.06,5774.28,0,0.0,0.0,0.0,0.267723,0.484843
2021-02-21,15.4,0.0,48.7,18.7,5436.6,5398.62,0,0.0,0.007036,0.0,0.289178,0.554181
2021-02-22,18.0,0.0,56.0,12.4,5668.14,6161.9,0,0.0,0.0,0.0,0.271392,0.434637
2021-02-23,20.1,0.0,51.7,12.9,5669.98,6038.94,0,0.0,0.0,0.0,0.281029,0.466494
2021-02-24,20.2,0.0,57.5,14.4,5530.37,5656.64,0,0.0,0.0,0.0,0.304138,0.534869
2021-02-25,21.8,0.0,57.5,14.0,5658.84,5955.0,0,0.0,0.0,0.0,0.311597,0.510329
2021-02-26,21.9,1.1,54.1,16.0,5544.99,5745.13,0,0.0,0.0,0.0,0.322656,0.538778
2021-02-27,20.3,0.0,50.6,14.9,5407.36,6067.41,0,0.0,0.0,0.0,0.295717,0.42551
2021-02-28,21.6,0.0,53.0,12.3,5615.14,5739.89,0,0.0,0.0,0.0,0.288724,0.520142
2021-03-01,21.5,0.0,49.4,12.7,4765.76,5194.72,1,0.5,0.0,0.0238,0.284402,0.444792
2021-03-02,21.3,0.0,57.2,14.4,4750.19,4776.66,0,0.0,0.0,0.0,0.310826,0.561147
2021-03-03,24.1,0.0,41.6,13.0,5043.22,5554.09,0,0.0,0.0,0.0,0.289229,0.43864
2021-03-04,18.6,0.0,53.1,12.1,4400.75,4908.38,1,0.5,0.0,0.022,0.267595,0.403651
2021-03-05,16.3,0.0,60.9,11.5,4547.98,5086.11,0,0.0,0.0,0.0,0.26243,0.395704
2021-03-06,15.0,0.0,61.1,16.6,4580.84,5234.41,0,0.0,0.0,0.0,0.293588,0.404616
2021-03-07,15.6,0.0,49.0,12.5,4698.24,5019.71,0,0.0,0.0,0.0,0.243219,0.425247
2021-03-08,16.4,0.0,60.3,14.1,4713.72,5317.03,0,0.0,0.0,0.0,0.282026,0.406354
2021-03-09,14.6,0.0,52.0,12.0,4544.28,5236.48,0,0.0,0.0,0.0,0.238395,0.340868
2021-03-10,14.3,8.0,58.2,13.6,4625.75,4530.05,0,0.0,0.021126,0.0,0.270149,0.551601
2021-03-11,14.4,0.0,62.3,11.3,4641.21,4696.89,0,0.0,0.0,0.0,0.250988,0.493939
2021-03-12,21.1,0.0,53.9,11.8,5100.18,4874.61,0,0.0,0.046276,0.0,0.283258,0.594069
2021-03-13,25.2,0.0,66.2,12.4,5134.92,5734.95,0,0.0,0.0,0.0,0.337975,0.472623
2021-03-14,24.2,0.0,60.7,11.8,4773.89,4558.89,0,0.0,0.047162,0.0,0.316441,0.628286
2021-03-15,23.5,0.0,62.1,11.9,4754.57,4459.17,0,0.0,0.066246,0.0,0.315224,0.649349
2021-03-16,21.4,0.0,65.5,14.4,4586.24,4498.48,0,0.0,0.019509,0.0,0.327047,0.606612
2021-03-17,18.3,0.0,64.9,12.0,4478.09,4211.58,0,0.0,0.06328,0.0,0.286971,0.617634
2021-03-18,19.5,0.0,64.8,11.4,4733.34,5051.17,0,0.0,0.0,0.0,0.290063,0.473398
2021-03-19,18.7,0.0,57.8,11.9,4607.81,4523.36,0,0.0,0.018668,0.0,0.275523,0.554108
2021-03-20,20.0,0.0,55.9,12.1,4737.91,4470.27,0,0.0,0.05987,0.0,0.282072,0.608756
2021-03-21,18.0,0.0,60.3,11.9,4521.97,4736.14,0,0.0,0.0,0.0,0.275597,0.479597
2021-03-22,18.2,0.0,64.4,12.0,4641.42,4878.49,0,0.0,0.0,0.0,0.285374,0.485434
2021-03-23,20.2,0.7,56.1,10.9,4771.18,4447.71,0,0.0,0.072727,0.0,0.27536,0.617052
2021-03-24,22.4,0.0,65.6,12.6,4817.55,4841.82,0,0.0,0.0,0.0,0.319937,0.570875
2021-03-25,24.2,0.0,64.9,11.9,4894.14,5115.83,0,0.0,0.0,0.0,0.325088,0.53129
2021-03-26,22.3,0.0,62.4,15.5,4572.78,4698.62,0,0.0,0.0,0.0,0.335655,0.561179
2021-03-27,25.2,0.0,64.0,14.0,4996.51,5142.62,0,0.0,0.0,0.0,0.346195,0.569817
2021-03-28,24.2,0.0,64.3,11.0,4717.56,5303.93,0,0.0,0.0,0.0,0.317018,0.444747
2021-03-29,26.4,0.0,66.5,10.9,5010.56,5938.67,0,0.0,0.0,0.0,0.334873,0.409219
2021-03-30,26.9,0.0,68.3,13.9,4934.62,5083.96,0,0.0,0.0,0.0,0.364692,0.58719
2021-03-31,24.6,0.0,79.2,10.7,4648.59,4493.89,0,0.0,0.034424,0.0,0.345278,0.642255
2021-04-01,25.0,0.0,66.0,10.7,4817.86,4987.55,0,0.0,0.0,0.0,0.323164,0.540236
2021-04-02,26.7,5.7,63.7,12.3,4982.62,5292.74,0,0.0,0.0,0.0,0.349357,0.537745
2021-04-03,28.6,0.0,56.2,10.9,5092.76,5330.3,0,0.0,0.0,0.0,0.330061,0.534827
2021-04-04,28.7,0.3,59.1,12.2,4983.43,5424.33,0,0.0,0.0,0.0,0.346555,0.508456
2021-04-05,32.2,12.8,65.7,10.0,5373.69,6391.2,0,0.0,0.0,0.0,0.380275,0.451209
2021-04-06,34.0,0.0,70.1,10.9,5363.35,5052.67,0,0.0,0.061488,0.0,0.391717,0.720288
2021-04-07,33.0,0.0,64.9,13.8,5128.21,5220.79,0,0.0,0.0,0.0,0.397752,0.633841
2021-04-08,34.2,0.0,69.2,10.3,5330.93,6115.06,0,0.0,0.0,0.0,0.386718,0.493813
2021-04-09,37.6,7.8,65.7,10.6,5652.76,5749.48,0,0.0,0.0,0.0,0.414398,0.651549
2021-04-10,40.5,0.0,70.0,10.8,5773.72,6349.58,0,0.0,0.0,0.0,0.433601,0.584516
2021-04-11,36.4,8.0,74.3,10.5,5102.05,5559.94,0,0.0,0.0,0.0,0.422085,0.582733
2021-04-12,33.8,3.4,67.1,9.5,5053.91,5700.42,0,0.0,0.0,0.0,0.378119,0.502509
2021-04-13,36.7,0.0,70.7,13.1,5545.09,6490.75,0,0.0,0.0,0.0,0.427614,0.514321
2021-04-14,33.9,0.0,66.5,10.7,5037.04,5394.59,0,0.0,0.0,0.0,0.382765,0.56218
2021-04-15,31.2,0.0,62.8,11.6,4897.27,4603.49,0,0.0,0.063815,0.0,0.364975,0.696265
2021-04-16,30.8,0.0,72.0,13.4,5010.24,5039.67,0,0.0,0.0,0.0,0.393477,0.64345
2021-04-17,32.3,0.0,71.5,10.0,5206.22,6183.53,0,0.0,0.0,0.0,0.376192,0.448474
2021-04-18,32.5,0.0,72.7,11.1,5133.18,4932.5,0,0.0,0.040685,0.0,0.388248,0.692534
2021-04-19,31.7,0.0,74.7,8.9,5018.7,5426.72,0,0.0,0.0,0.0,0.36975,0.538766
2021-04-20,31.0,0.0,68.9,8.8,4989.01,4448.13,0,0.0,0.121597,0.0,0.353489,0.752232
2021-04-21,30.4,0.0,69.5,10.4,4960.87,4786.61,0,0.0,0.036406,0.0,0.363005,0.662295
2021-04-22,29.7,0.0,69.2,9.0,4909.55,5429.36,0,0.0,0.0,0.0,0.347026,0.492048
2021-04-23,35.4,0.0,72.5,11.1,5619.19,5912.88,0,0.0,0.0,0.0,0.406988,0.605794
2021-04-24,36.1,3.5,71.2,11.5,5332.98,5473.15,0,0.0,0.0,0.0,0.416521,0.643413
2021-04-25,37.9,0.0,71.9,9.3,5496.64,5489.47,0,0.0,0.001306,0.0,0.408452,0.666767
2021-04-26,36.7,1.2,68.1,11.2,5230.71,4834.32,0,0.0,0.081996,0.0,0.409542,0.762053
2021-04-27,36.3,0.0,66.5,9.6,5263.87,5757.01,0,0.0,0.0,0.0,0.390096,0.546887
2021-04-28,35.0,0.0,67.3,13.1,5131.74,5296.79,0,0.0,0.0,0.0,0.410033,0.630446
2021-04-29,30.1,0.0,74.1,8.6,4655.45,4441.87,0,0.0,0.048083,0.0,0.355764,0.668687
2021-04-30,28.8,0.0,72.0,9.6,4801.35,5050.55,0,0.0,0.0,0.0,0.350974,0.550163
2021-05-01,27.0,0.0,69.9,10.1,4671.67,5076.32,0,0.0,0.0,0.0,0.33903,0.502763
2021-05-02,24.6,0.0,75.8,11.3,4521.54,4690.45,0,0.0,0.0,0.0,0.343532,0.558282
2021-05-03,24.9,0.0,80.0,11.0,4685.91,4954.45,0,0.0,0.0,0.0,0.35107,0.544585
2021-05-04,30.3,1.1,70.6,9.0,5266.74,5542.73,0,0.0,0.0,0.0,0.354948,0.553609
2021-05-05,31.8,0.0,67.6,9.1,5115.57,5143.56,0,0.0,0.0,0.0,0.35864,0.609077
2021-05-06,35.8,9.1,80.1,8.4,5478.61,5771.27,1,1.098,0.0,0.0601,0.414144,0.611735
2021-05-07,37.2,0.0,73.4,12.1,5393.29,5912.76,0,0.0,0.0,0.0,0.428256,0.582483
2021-05-08,39.2,0.9,72.7,13.6,5530.46,6167.47,0,0.0,0.0,0.0,0.452798,0.589012
2021-05-09,37.4,0.0,78.6,7.6,5191.01,5709.15,0,0.0,0.0,0.0,0.404602,0.555443
2021-05-10,38.8,0.4,72.5,11.2,5473.1,5513.98,0,0.0,0.0,0.0,0.430658,0.678793
2021-05-11,40.5,0.0,75.8,10.3,5572.21,6074.16,0,0.0,0.0,0.0,0.440618,0.600937
2021-05-12,39.2,0.0,74.7,7.3,5310.12,5731.34,0,0.0,0.0,0.0,0.406839,0.577832
2021-05-13,40.5,0.0,90.2,10.7,5544.54,5573.86,0,0.0,0.0,0.0,0.470705,0.721354
2021-05-14,41.5,0.0,73.5,12.2,5584.27,5700.13,0,0.0,0.0,0.0,0.457558,0.69062
2021-05-15,40.2,0.0,78.9,10.3,5351.89,5848.65,0,0.0,0.0,0.0,0.444454,0.60209
2021-05-16,38.0,0.0,73.1,7.7,5177.53,5885.53,0,0.0,0.0,0.0,0.399016,0.515373
2021-05-17,36.2,0.0,76.7,13.8,5101.69,4774.49,0,0.0,0.068531,0.0,0.440969,0.777762
2021-05-18,37.3,0.0,73.5,10.8,5345.24,6164.79,0,0.0,0.0,0.0,0.419072,0.520667
2021-05-19,38.7,0.0,78.5,7.5,5437.42,6108.09,1,0.5,0.0,0.0272,0.412212,0.540821
2021-05-20,37.6,0.0,74.1,9.4,5215.77,5541.99,0,0.0,0.0,0.0,0.411372,0.599445
2021-05-21,38.4,0.0,77.2,9.2,5377.49,5564.81,1,0.5,0.0,0.0269,0.420914,0.638407
2021-05-22,40.1,0.0,71.0,7.0,5530.87,5943.46,0,0.0,0.0,0.0,0.403519,0.579269
2021-05-23,41.6,0.1,70.8,8.5,5596.71,5650.68,1,1.34,0.0,0.075,0.424727,0.670367
2021-05-24,44.7,1.4,65.8,8.9,5873.9,6101.84,0,0.0,0.0,0.0,0.440458,0.653639
2021-05-25,46.7,1.0,77.0,7.5,5906.53,5652.98,1,0.5,0.044852,0.1325,0.46335,0.772501
2021-05-26,43.7,3.7,72.6,11.9,5407.15,5084.25,0,0.0,0.063508,0.0,0.472571,0.803502
2021-05-27,46.7,0.0,85.9,7.7,5975.92,7152.79,0,0.0,0.0,0.0,0.48036,0.545074
2021-05-28,44.7,0.0,72.6,9.0,5523.2,5821.3,0,0.0,0.0,0.0,0.452271,0.64928
2021-05-29,46.3,0.0,81.2,8.0,5851.24,6218.89,0,0.0,0.0,0.0,0.471226,0.659001
2021-05-30,45.6,0.0,80.7,7.0,5658.32,5930.28,0,0.0,0.0,0.0,0.457959,0.661212
2021-05-31,44.2,0.0,73.8,8.3,5524.44,5512.56,0,0.0,0.002154,0.0,0.445824,0.70513
2021-06-01,40.2,0.0,71.3,7.6,6229.97,6420.95,0,0.0,0.0,0.0,0.40937,0.631438
2021-06-02,40.3,71.7,92.2,27.4,6557.87,6573.11,0,0.0,0.0,0.0,0.689476,0.943559
2021-06-03,37.7,0.0,80.7,9.7,6169.42,6401.46,0,0.0,0.0,0.0,0.426721,0.641195
2021-06-04,40.6,6.4,88.0,6.1,6797.29,6815.04,0,0.0,0.0,0.0,0.439554,0.693303
2021-06-05,44.0,0.0,68.8,6.6,7069.7,7636.74,0,0.0,0.0,0.0,0.422014,0.592123
2021-06-06,42.2,0.0,75.0,6.4,6519.52,6922.86,0,0.0,0.0,0.0,0.420231,0.609006
2021-06-07,42.9,0.0,71.8,5.7,6772.2,7278.44,0,0.0,0.0,0.0,0.413444,0.589037
2021-06-08,41.5,67.6,89.9,14.0,6502.35,7187.45,1,0.5,0.0,0.0325,0.584676,0.730191
2021-06-09,40.5,0.0,83.3,8.1,6476.54,6730.79,0,0.0,0.0,0.0,0.437706,0.650398
2021-06-10,42.5,2.4,71.5,6.0,6848.51,7118.07,0,0.0,0.0,0.0,0.415488,0.628069
2021-06-11,42.5,2.9,67.4,6.0,6685.26,7643.89,0,0.0,0.0,0.0,0.40841,0.518795
2021-06-12,46.1,2.2,76.1,5.5,7216.55,7148.18,0,0.0,0.009564,0.0,0.44374,0.711696
2021-06-13,44.5,60.1,91.4,13.0,6686.84,6294.2,0,0.0,0.062382,0.0,0.590396,0.92001
2021-06-14,46.2,0.0,72.3,7.7,7068.96,7669.81,1,1.098,0.0,0.0776,0.451565,0.616901
2021-06-15,45.8,41.7,81.4,12.6,6864.8,6935.86,0,0.0,0.0,0.0,0.554678,0.799508
2021-06-16,46.8,30.6,82.7,5.5,7055.31,6929.21,0,0.0,0.018198,0.0,0.49538,0.773415
2021-06-17,45.2,0.0,67.4,7.4,6725.75,7437.13,0,0.0,0.0,0.0,0.433471,0.578596
2021-06-18,44.7,0.0,76.2,13.2,6784.1,7061.43,0,0.0,0.0,0.0,0.491429,0.702371
2021-06-19,44.1,4.5,73.3,6.5,6743.15,6543.53,0,0.0,0.030508,0.0,0.435829,0.728232
2021-06-20,42.2,0.0,80.8,6.5,6511.67,7631.04,0,0.0,0.0,0.0,0.431878,0.517426
2021-06-21,43.7,0.0,75.3,6.7,6882.24,6527.98,0,0.0,0.054267,0.0,0.432995,0.753137
2021-06-22,44.8,0.0,72.8,6.5,6931.43,7240.15,0,0.0,0.0,0.0,0.434015,0.641027
2021-06-23,45.7,0.0,72.3,8.0,6962.0,6481.45,0,0.0,0.074142,0.0,0.450584,0.793928
2021-06-24,48.2,0.0,63.7,14.9,7275.9,7763.76,0,0.0,0.0,0.0,0.504178,0.687611
2021-06-25,50.0,12.1,75.6,5.6,7344.01,7414.59,1,0.5,0.0,0.0367,0.481359,0.727036
2021-06-26,47.8,0.0,72.1,5.1,6858.77,7555.72,0,0.0,0.0,0.0,0.441674,0.590781
2021-06-27,47.5,2.3,73.7,5.3,8400.58,8811.4,0,0.0,0.0,0.0,0.447046,0.649407
2021-06-28,45.3,0.0,71.8,8.0,6694.18,7598.48,0,0.0,0.0,0.0,0.44701,0.564867
2021-06-29,44.8,43.3,90.6,6.7,6803.56,6959.56,0,0.0,0.0,0.0,0.521764,0.752386
2021-06-30,43.2,23.9,77.1,8.4,6604.2,6266.81,0,0.0,0.053837,0.0,0.475353,0.794993
2021-07-01,46.3,0.0,68.0,4.7,7201.59,7669.43,0,0.0,0.0,0.0,0.421013,0.606591
2021-07-02,46.2,0.0,63.8,5.9,6938.08,7174.6,0,0.0,0.0,0.0,0.421738,0.640043
2021-07-03,45.0,16.5,73.8,7.5,6763.47,6326.46,0,0.0,0.069077,0.0,0.465056,0.802486
2021-07-04,46.8,29.2,73.8,4.6,7137.55,7019.86,0,0.0,0.016765,0.0,0.470039,0.746401
2021-07-05,41.6,8.8,67.2,6.7,6218.46,6240.6,1,0.5,0.0,0.0311,0.414703,0.667351
2021-07-06,37.6,0.0,69.8,5.9,6076.81,6976.11,0,0.0,0.0,0.0,0.376303,0.482602
2021-07-07,40.1,49.2,89.1,10.4,6739.76,7377.13,0,0.0,0.0,0.0,0.52372,0.679649
2021-07-08,40.5,8.5,77.7,4.7,6612.97,6798.75,0,0.0,0.0,0.0,0.411342,0.636232
2021-07-09,41.3,0.0,64.3,8.4,6687.67,7220.44,0,0.0,0.0,0.0,0.409668,0.58032
2021-07-10,38.7,9.4,73.0,5.4,6258.83,5767.6,0,0.0,0.085171,0.0,0.397164,0.753382
2021-07-11,39.2,9.2,74.7,4.4,6536.64,6630.84,0,0.0,0.0,0.0,0.395687,0.635892
2021-07-12,43.6,0.0,73.0,5.1,7148.93,7686.97,0,0.0,0.0,0.0,0.415678,0.590757
2021-07-13,44.8,21.2,83.2,7.9,6966.91,7387.84,0,0.0,0.0,0.0,0.490184,0.68046
2021-07-14,44.4,0.0,63.7,7.6,6814.92,6924.1,0,0.0,0.0,0.0,0.422804,0.661186
2021-07-15,42.8,0.0,64.9,7.0,6618.46,6933.41,0,0.0,0.0,0.0,0.409878,0.613639
2021-07-16,41.6,37.2,75.1,4.7,6572.86,7041.51,0,0.0,0.0,0.0,0.448734,0.627827
2021-07-17,37.1,0.0,70.7,10.3,6032.95,6331.04,1,0.981,0.0,0.0592,0.408645,0.610469
2021-07-18,38.3,0.0,55.0,5.9,6550.04,7232.84,0,0.0,0.0,0.0,0.353167,0.499751
2021-07-19,40.4,0.0,67.2,5.5,6763.71,7237.7,0,0.0,0.0,0.0,0.386797,0.567135
2021-07-20,37.2,0.0,59.2,5.8,6144.36,6649.47,0,0.0,0.0,0.0,0.35302,0.521131
2021-07-21,36.4,26.0,74.3,4.5,6285.16,7277.93,0,0.0,0.0,0.0,0.397751,0.495298
2021-07-22,34.8,27.8,84.9,4.2,6118.69,6743.61,0,0.0,0.0,0.0,0.406961,0.55557
2021-07-23,33.8,0.0,71.8,5.6,6110.56,7086.29,0,0.0,0.0,0.0,0.352691,0.448738
2021-07-24,35.0,17.5,65.3,4.1,6358.19,6406.95,0,0.0,0.0,0.0,0.358191,0.606096
2021-07-25,31.7,0.3,64.7,7.6,5808.74,5516.43,0,0.0,0.052989,0.0,0.341335,0.659984
2021-07-26,34.4,0.0,62.0,9.3,6436.87,6701.83,0,0.0,0.0,0.0,0.36682,0.577456
2021-07-27,36.8,20.2,77.7,13.6,6576.24,6811.58,0,0.0,0.0,0.0,0.469902,0.686358
2021-07-28,36.6,0.0,54.9,4.8,6373.23,7277.86,0,0.0,0.0,0.0,0.333286,0.444969
2021-07-29,32.0,0.0,63.4,7.5,5747.84,5626.03,0,0.0,0.021652,0.0,0.339737,0.621803
2021-07-30,31.3,0.0,61.8,7.3,5993.13,6263.0,1,1.206,0.0,0.0723,0.33058,0.537067
2021-07-31,35.1,30.1,66.7,5.5,6587.56,7085.1,0,0.0,0.0,0.0,0.387651,0.562462
2021-08-01,30.0,16.7,77.2,6.7,5608.13,5923.9,0,0.0,0.0,0.0,0.366632,0.561194
2021-08-02,30.8,0.0,56.6,8.7,6090.63,6329.35,0,0.0,0.0,0.0,0.328337,0.541097
2021-08-03,29.8,1.2,58.4,5.2,5892.55,6320.29,1,0.532,0.0,0.0313,0.299578,0.477361
2021-08-04,32.8,0.0,71.8,6.9,6397.58,7152.39,0,0.0,0.0,0.0,0.356131,0.489722
2021-08-05,32.3,0.0,63.0,6.6,6097.75,6992.6,1,0.758,0.0,0.0462,0.33402,0.441416
2021-08-06,34.0,7.9,64.3,6.2,6378.37,6710.47,0,0.0,0.0,0.0,0.354215,0.55323
2021-08-07,35.6,55.8,73.7,4.7,6483.75,6539.44,0,0.0,0.0,0.0,0.429255,0.676103
2021-08-08,39.3,0.0,62.5,4.6,6906.39,7919.39,0,0.0,0.0,0.0,0.36379,0.471253
2021-08-09,38.2,34.5,68.7,5.3,6455.66,6340.16,0,0.0,0.018217,0.0,0.415659,0.693716
2021-08-10,38.5,0.0,58.2,7.7,6582.43,7654.09,0,0.0,0.0,0.0,0.374374,0.467714
2021-08-11,34.9,0.0,54.6,6.2,6060.79,6877.06,0,0.0,0.0,0.0,0.332321,0.450547
2021-08-12,37.3,0.4,61.6,6.9,6684.28,7645.7,0,0.0,0.0,0.0,0.367155,0.477148
2021-08-13,35.3,0.0,57.9,6.7,6216.65,6795.92,0,0.0,0.0,0.0,0.345003,0.502286
2021-08-14,34.0,55.1,72.0,13.2,6195.98,5737.99,0,0.0,0.079818,0.0,0.480254,0.830223
2021-08-15,34.0,8.1,65.6,7.4,6297.79,6200.4,0,0.0,0.015708,0.0,0.366156,0.641282
2021-08-16,30.9,0.0,57.4,4.8,5870.61,6277.64,0,0.0,0.0,0.0,0.300403,0.481501
2021-08-17,31.9,0.0,59.1,5.7,6247.99,6294.44,0,0.0,0.0,0.0,0.317127,0.565302
2021-08-18,34.2,0.0,67.6,8.1,6494.38,6690.1,0,0.0,0.0,0.0,0.366743,0.58938
2021-08-19,34.6,0.0,60.9,4.3,6385.22,6951.0,0,0.0,0.0,0.0,0.327496,0.489265
2021-08-20,31.1,0.0,55.9,5.9,5874.56,6105.38,0,0.0,0.0,0.0,0.307397,0.520052
2021-08-21,31.2,14.4,56.4,5.4,6150.27,5985.45,0,0.0,0.027536,0.0,0.322705,0.611641
2021-08-22,32.9,14.5,60.9,4.9,6390.56,7066.66,0,0.0,0.0,0.0,0.338612,0.483711
2021-08-23,29.0,2.0,62.0,4.9,5729.91,6202.27,0,0.0,0.0,0.0,0.299717,0.467599
2021-08-24,27.4,6.8,56.0,7.5,5804.99,6004.18,0,0.0,0.0,0.0,0.303839,0.5219
2021-08-25,30.0,0.0,56.7,8.0,6278.88,6874.18,0,0.0,0.0,0.0,0.31785,0.473544
2021-08-26,30.8,0.0,53.5,5.6,6204.67,6552.06,0,0.0,0.0,0.0,0.298605,0.493499
2021-08-27,31.6,14.2,57.7,5.7,6268.12,7107.27,0,0.0,0.0,0.0,0.32985,0.448806
2021-08-28,35.2,0.0,49.5,6.0,6711.84,7111.36,0,0.0,0.0,0.0,0.323193,0.514398
2021-08-29,35.1,0.0,56.6,4.5,6441.9,7301.29,0,0.0,0.0,0.0,0.324272,0.443654
2021-08-30,35.4,0.0,55.6,11.4,6492.05,6050.33,0,0.0,0.073008,0.0,0.377615,0.719634
2021-08-31,39.7,9.1,64.2,7.6,7098.02,7658.27,0,0.0,0.0,0.0,0.403865,0.575252
2021-09-01,37.2,0.0,54.7,8.5,5460.59,5596.75,0,0.0,0.0,0.0,0.365416,0.593805
2021-09-02,34.0,0.0,50.2,5.8,5241.85,5220.25,0,0.0,0.004137,0.0,0.315052,0.576672
2021-09-03,33.9,24.7,66.9,7.7,5435.35,6103.82,0,0.0,0.0,0.0,0.390503,0.519443
2021-09-04,33.7,27.1,61.7,5.1,5429.21,6004.78,0,0.0,0.0,0.0,0.362301,0.507193
2021-09-05,31.5,35.0,62.5,7.6,5189.09,4792.6,0,0.0,0.082729,0.0,0.378229,0.731598
2021-09-06,28.7,0.0,52.4,6.6,5002.74,5478.39,0,0.0,0.0,0.0,0.290416,0.445849
2021-09-07,33.1,0.0,52.9,5.2,5704.82,6203.6,0,0.0,0.0,0.0,0.309553,0.472482
2021-09-08,32.6,0.0,47.4,10.8,5367.64,5391.51,0,0.0,0.0,0.0,0.339155,0.590777
2021-09-09,30.0,0.0,51.0,8.0,5099.06,5085.68,0,0.0,0.002631,0.0,0.307162,0.567023
2021-09-10,31.2,9.7,52.4,14.7,5405.19,5133.82,0,0.0,0.05286,0.0,0.38123,0.699728
2021-09-11,30.0,32.3,60.6,5.7,5196.53,5345.85,1,1.668,0.0,0.0867,0.346825,0.571007
2021-09-12,28.7,0.0,56.0,6.5,5123.47,5322.36,0,0.0,0.0,0.0,0.296395,0.509561
2021-09-13,29.3,0.0,54.9,8.3,5273.64,5802.12,0,0.0,0.0,0.0,0.312176,0.462634
2021-09-14,25.9,0.0,52.3,7.3,4857.05,5182.33,0,0.0,0.0,0.0,0.277174,0.46069
2021-09-15,26.5,3.1,41.5,8.4,5130.1,5044.05,0,0.0,0.01706,0.0,0.273149,0.549854
2021-09-16,30.0,27.5,53.7,5.8,5512.8,5871.4,0,0.0,0.0,0.0,0.328803,0.514293
2021-09-17,29.8,43.4,50.4,7.1,5278.56,5458.01,0,0.0,0.0,0.0,0.350727,0.569135
2021-09-18,28.0,3.3,54.6,6.2,5077.24,5032.09,0,0.0,0.008974,0.0,0.290867,0.558131
2021-09-19,26.1,22.0,53.0,7.8,4983.73,4733.85,0,0.0,0.052786,0.0,0.310505,0.628917
2021-09-20,24.8,0.0,47.0,8.4,4948.09,5390.26,0,0.0,0.0,0.0,0.268474,0.429501
2021-09-21,24.0,0.0,44.0,7.3,4940.47,5326.43,0,0.0,0.0,0.0,0.249088,0.421287
2021-09-22,23.0,5.0,54.7,9.1,4883.22,5298.66,0,0.0,0.0,0.0,0.282549,0.447809
2021-09-23,24.8,6.7,49.0,6.0,5147.48,5168.69,0,0.0,0.0,0.0,0.26188,0.513879
2021-09-24,20.8,2.9,46.6,9.3,4645.22,4927.55,0,0.0,0.0,0.0,0.251841,0.441743
2021-09-25,22.8,0.0,46.8,12.6,5058.88,4873.49,0,0.0,0.038042,0.0,0.287324,0.588523
2021-09-26,21.8,0.0,46.8,6.3,4844.19,4785.31,0,0.0,0.012304,0.0,0.232121,0.503275
2021-09-27,22.5,3.0,45.6,6.3,4975.23,5234.57,0,0.0,0.0,0.0,0.238145,0.437098
2021-09-28,20.0,0.0,51.5,11.2,4734.33,5049.3,0,0.0,0.0,0.0,0.266878,0.450847
2021-09-29,22.8,7.0,52.9,8.1,5127.92,4858.11,0,0.0,0.055538,0.0,0.27258,0.594205
2021-09-30,24.9,37.0,54.3,9.3,5201.04,5114.57,0,0.0,0.016906,0.0,0.334909,0.611436
2021-10-01,25.9,0.0,40.4,6.9,5198.34,5338.59,0,0.0,0.0,0.0,0.251775,0.477896
2021-10-02,21.6,0.0,45.7,7.2,4677.33,5193.65,0,0.0,0.0,0.0,0.235685,0.376419
2021-10-03,22.9,1.1,41.0,10.7,5058.04,5051.84,0,0.0,0.001227,0.0,0.263789,0.522012
2021-10-04,23.0,0.0,50.6,7.5,4999.19,5293.42,0,0.0,0.0,0.0,0.256415,0.448316
2021-10-05,19.0,0.0,51.0,7.3,4664.03,4969.33,0,0.0,0.0,0.0,0.229257,0.414325
2021-10-06,18.9,1.2,46.8,6.5,4896.43,5064.23,1,0.5,0.0,0.0245,0.216014,0.434123
2021-10-07,19.5,8.2,38.9,7.5,5944.3,6341.89,0,0.0,0.0,0.0,0.221413,0.405015
2021-10-08,20.4,16.4,44.1,7.0,4981.74,4808.73,0,0.0,0.035979,0.0,0.243242,0.542033
2021-10-09,20.2,0.0,41.1,7.1,4926.06,4968.84,0,0.0,0.0,0.0,0.21706,0.463799
2021-10-10,20.3,0.0,37.6,7.4,4942.81,5636.61,0,0.0,0.0,0.0,0.213472,0.326569
2021-10-11,22.7,0.0,40.0,10.5,5145.27,5890.31,0,0.0,0.0,0.0,0.257711,0.366841
2021-10-12,24.0,0.0,42.5,6.9,5161.51,5693.68,0,0.0,0.0,0.0,0.243189,0.390866
2021-10-13,16.8,8.3,45.7,8.8,4478.54,5012.94,0,0.0,0.0,0.0,0.226519,0.358859
2021-10-14,16.1,0.0,47.2,8.1,4853.34,4537.71,0,0.0,0.069556,0.0,0.209189,0.54718
2021-10-15,15.8,7.8,42.4,9.2,4875.8,4828.17,1,1.119,0.009864,0.0546,0.216217,0.484523
2021-10-16,12.3,0.0,38.8,9.6,4705.11,4848.15,0,0.0,0.0,0.0,0.179966,0.402313
2021-10-17,13.2,0.0,33.6,7.8,4958.07,5960.52,0,0.0,0.0,0.0,0.16226,0.222714
2021-10-18,16.1,0.0,41.6,11.1,5083.57,5237.48,0,0.0,0.0,0.0,0.221838,0.444322
2021-10-19,13.8,0.0,37.3,14.3,4768.72,5230.94,0,0.0,0.0,0.0,0.223306,0.376941
2021-10-20,14.7,0.0,38.3,7.7,4956.88,5322.88,0,0.0,0.0,0.0,0.180188,0.356708
2021-10-21,12.8,0.0,36.3,10.4,4817.79,5166.77,0,0.0,0.0,0.0,0.184747,0.362687
2021-10-22,11.8,0.0,36.3,9.0,4878.05,5114.72,0,0.0,0.0,0.0,0.167354,0.370126
2021-10-23,15.2,0.0,42.3,9.3,5117.18,4986.17,0,0.0,0.026275,0.0,0.203329,0.490792
2021-10-24,13.9,0.0,38.2,11.6,4846.76,4264.3,0,0.0,0.136588,0.0,0.20482,0.621065
2021-10-25,14.8,0.0,46.1,10.7,4972.91,5623.15,0,0.0,0.0,0.0,0.21862,0.340416
2021-10-26,10.7,0.0,32.5,9.0,4724.37,4777.09,0,0.0,0.0,0.0,0.152978,0.396885
2021-10-27,15.0,0.0,44.2,12.2,5173.76,4823.87,0,0.0,0.072533,0.0,0.22795,0.569415
2021-10-28,15.8,0.0,35.3,9.4,4988.59,5375.66,0,0.0,0.0,0.0,0.19493,0.367662
2021-10-29,14.8,0.0,37.3,8.7,4878.05,5250.65,0,0.0,0.0,0.0,0.186688,0.360636
2021-10-30,15.5,0.0,39.9,10.0,4984.61,5474.98,0,0.0,0.0,0.0,0.206208,0.358439
2021-10-31,12.0,9.1,44.6,13.0,4763.15,5336.11,1,5.082,0.0,0.2421,0.226202,0.357643
2021-11-01,14.4,0.0,42.4,8.4,5089.05,5048.87,0,0.0,0.007959,0.0,0.191299,0.457379
2021-11-02,13.2,0.0,42.1,11.0,4896.05,4870.96,0,0.0,0.00515,0.0,0.202889,0.465692
2021-11-03,12.5,0.0,35.7,8.3,4930.88,5078.42,0,0.0,0.0,0.0,0.165441,0.388315
2021-11-04,11.3,0.0,45.7,11.6,4917.04,5417.41,0,0.0,0.0,0.0,0.201745,0.35071
2021-11-05,10.1,0.0,39.5,10.8,4932.6,4525.83,0,0.0,0.089878,0.0,0.176037,0.53775
2021-11-06,11.7,0.0,21.6,14.2,5084.65,5379.95,0,0.0,0.0,0.0,0.179255,0.371967
2021-11-07,12.0,0.0,36.5,8.9,5011.68,5556.57,0,0.0,0.0,0.0,0.168275,0.310587
2021-11-08,13.0,7.9,36.3,10.8,5045.77,5581.24,0,0.0,0.0,0.0,0.198791,0.343579
2021-11-09,12.5,0.0,34.5,9.4,4959.94,5429.35,0,0.0,0.0,0.0,0.171679,0.327538
2021-11-10,13.1,0.0,39.1,9.9,5022.71,5610.21,0,0.0,0.0,0.0,0.188117,0.322657
2021-11-11,11.6,0.0,37.4,15.3,4920.68,4315.08,0,0.0,0.140345,0.0,0.216709,0.637338
2021-11-12,15.8,0.0,32.3,11.2,5227.77,6020.55,0,0.0,0.0,0.0,0.203194,0.306262
2021-11-13,11.4,0.0,43.1,11.8,4753.57,5090.19,0,0.0,0.0,0.0,0.199072,0.37866
2021-11-14,13.6,0.0,29.1,10.2,5120.96,5807.59,0,0.0,0.0,0.0,0.174977,0.293745
2021-11-15,15.5,0.0,28.7,10.8,5101.08,4978.65,0,0.0,0.024592,0.0,0.191381,0.476879
2021-11-16,12.5,0.0,29.9,13.3,4834.42,4541.98,0,0.0,0.064386,0.0,0.193147,0.525101
2021-11-17,16.3,0.0,37.5,14.9,5227.7,6077.42,0,0.0,0.0,0.0,0.244789,0.338358
2021-11-18,16.8,0.0,37.0,11.0,5046.34,5004.09,0,0.0,0.008442,0.0,0.217055,0.483701
2021-11-19,17.2,0.0,31.1,14.2,5042.76,5196.14,0,0.0,0.0,0.0,0.23332,0.455651
2021-11-20,15.5,0.0,32.1,11.1,4904.12,5312.29,0,0.0,0.0,0.0,0.20007,0.367163
2021-11-21,13.7,0.0,35.0,10.3,4899.71,5383.27,0,0.0,0.0,0.0,0.187471,0.339397
2021-11-22,12.2,0.0,29.6,11.6,4937.39,5519.7,0,0.0,0.0,0.0,0.177489,0.311122
2021-11-23,12.2,0.0,38.9,10.3,5026.81,5348.9,0,0.0,0.0,0.0,0.184896,0.37139
2021-11-24,14.2,0.0,42.7,11.9,5126.4,5042.22,0,0.0,0.016696,0.0,0.217549,0.493829
2021-11-25,13.4,1.6,34.4,10.1,4966.07,5435.45,0,0.0,0.0,0.0,0.184777,0.340756
2021-11-26,10.5,0.0,36.6,12.9,4873.25,5338.75,0,0.0,0.0,0.0,0.18944,0.344441
2021-11-27,11.6,0.0,35.4,10.3,5106.55,4777.96,0,0.0,0.068773,0.0,0.174379,0.511454
2021-11-28,12.7,0.0,41.6,10.7,5093.32,5803.21,0,0.0,0.0,0.0,0.196341,0.310326
2021-11-29,13.0,0.0,44.5,10.9,5046.2,4507.84,0,0.0,0.119427,0.0,0.205299,0.601509
2021-11-30,13.4,0.0,33.0,10.5,5049.67,5631.23,0,0.0,0.0,0.0,0.183286,0.319514
2021-12-01,11.7,0.0,35.0,11.7,5545.31,5601.05,0,0.0,0.0,0.0,0.18509,0.430262
2021-12-02,9.0,0.0,39.1,10.1,5507.12,6027.25,0,0.0,0.0,0.0,0.162636,0.318683
2021-12-03,6.9,0.0,36.6,11.7,5573.7,6031.53,1,0.5,0.0,0.0279,0.156452,0.324629
2021-12-04,3.7,0.0,30.3,12.6,5525.65,5789.01,0,0.0,0.0,0.0,0.130492,0.334173
2021-12-05,4.9,0.0,25.8,10.7,5818.82,6275.12,0,0.0,0.0,0.0,0.115303,0.287205
2021-12-06,5.2,0.0,31.9,12.9,5755.06,6011.47,0,0.0,0.0,0.0,0.145693,0.352689
2021-12-07,4.7,0.0,36.6,15.2,5706.91,6248.95,0,0.0,0.0,0.0,0.168957,0.324485
2021-12-08,-0.7,0.0,33.0,11.5,5405.79,6420.31,0,0.0,0.0,0.0,0.098065,0.170385
2021-12-09,-1.7,0.0,29.8,12.4,5736.26,5538.37,0,0.0,0.035731,0.0,0.092418,0.39092
2021-12-10,2.3,0.0,32.2,10.9,6045.93,5133.88,0,0.0,0.177653,0.0,0.111709,0.575892
2021-12-11,1.9,0.2,44.4,13.2,5743.4,5880.17,0,0.0,0.0,0.0,0.149938,0.379575
2021-12-12,3.7,0.0,29.6,13.7,5873.61,5988.18,0,0.0,0.0,0.0,0.137667,0.372121
2021-12-13,1.5,0.0,33.7,11.0,5626.3,5773.78,0,0.0,0.0,0.0,0.11002,0.336991
2021-12-14,5.5,0.0,32.8,13.9,6009.91,5959.64,0,0.0,0.008436,0.0,0.157074,0.423711
2021-12-15,5.5,0.0,45.3,12.1,5736.36,6338.46,0,0.0,0.0,0.0,0.166623,0.31252
2021-12-16,6.4,0.0,28.2,11.9,5786.41,5572.18,0,0.0,0.038447,0.0,0.138949,0.440621
2021-12-17,11.1,0.0,31.8,14.9,5998.49,6468.76,0,0.0,0.0,0.0,0.199827,0.371748
2021-12-18,13.3,0.0,36.1,11.9,5799.09,6322.3,0,0.0,0.0,0.0,0.199242,0.359422
2021-12-19,11.5,0.0,36.7,11.4,5544.78,5932.57,0,0.0,0.0,0.0,0.184645,0.365126
2021-12-20,9.4,0.0,41.6,12.6,5553.38,6001.48,0,0.0,0.0,0.0,0.18925,0.358876
2021-12-21,8.3,0.0,41.2,14.5,5628.74,6246.79,0,0.0,0.0,0.0,0.19591,0.337199
2021-12-22,9.0,0.0,32.7,12.7,5751.66,6058.65,1,0.5,0.0,0.0288,0.170697,0.368335
2021-12-23,8.4,0.0,38.0,12.5,5663.57,5823.11,0,0.0,0.0,0.0,0.175137,0.399943
2021-12-24,7.4,0.0,35.7,13.9,5641.31,6096.23,0,0.0,0.0,0.0,0.175035,0.34471
2021-12-25,10.3,0.0,34.4,11.9,5877.02,6393.16,0,0.0,0.0,0.0,0.176281,0.338823
2021-12-26,9.4,0.0,41.9,13.2,5634.63,6232.18,0,0.0,0.0,0.0,0.194442,0.3393
2021-12-27,13.6,0.0,38.2,11.5,5920.59,5577.9,0,0.0,0.061437,0.0,0.202071,0.530583
2021-12-28,12.5,0.0,45.1,13.9,5583.91,5798.54,0,0.0,0.0,0.0,0.226276,0.439855
2021-12-29,15.1,0.0,39.7,15.6,5794.58,5695.38,0,0.0,0.017416,0.0,0.246406,0.523529
2021-12-30,14.3,0.0,42.1,17.0,5578.41,6054.48,0,0.0,0.0,0.0,0.256435,0.421431
2021-12-31,14.9,0.0,24.1,15.1,5661.72,6204.01,0,0.0,0.0,0.0,0.21198,0.366728
2022-01-01,12.0,0.0,38.3,14.5,5461.15,5639.79,0,0.0,0.0,0.0,0.21486,0.434673
2022-01-02,9.4,0.0,40.2,13.1,5509.19,5531.53,0,0.0,0.0,0.0,0.190483,0.442558
2022-01-03,10.0,0.0,40.8,14.7,5715.25,6215.95,0,0.0,0.0,0.0,0.207908,0.370663
2022-01-04,11.6,0.0,46.1,13.4,5759.38,5999.01,0,0.0,0.0,0.0,0.218361,0.428519
2022-01-05,10.9,0.0,41.7,12.1,5619.53,6405.52,0,0.0,0.0,0.0,0.195466,0.30901
2022-01-06,7.8,0.0,32.7,16.1,5478.1,6363.89,0,0.0,0.0,0.0,0.189022,0.283321
2022-01-07,5.2,0.0,41.7,11.8,5534.06,6159.66,0,0.0,0.0,0.0,0.155581,0.293805
2022-01-08,3.0,0.0,43.4,12.8,5580.39,5941.21,0,0.0,0.0,0.0,0.151983,0.337875
2022-01-09,0.5,0.0,36.4,12.5,5585.95,6507.69,0,0.0,0.0,0.0,0.120065,0.211506
2022-01-10,2.4,1.0,37.9,13.6,5865.7,6247.94,0,0.0,0.0,0.0,0.145109,0.330479
2022-01-11,5.9,0.0,43.8,15.3,5944.33,6062.09,0,0.0,0.0,0.0,0.191138,0.42525
2022-01-12,6.5,0.0,40.2,14.7,5731.44,5774.16,0,0.0,0.0,0.0,0.183714,0.431867
2022-01-13,2.5,1.9,46.3,12.0,5447.47,5478.41,1,0.975,0.0,0.0531,0.150271,0.400468
2022-01-14,3.4,0.0,41.5,12.3,5785.7,6072.66,0,0.0,0.0,0.0,0.147199,0.348824
2022-01-15,4.3,0.0,30.0,14.9,5765.95,6222.47,0,0.0,0.0,0.0,0.151631,0.322773
2022-01-16,9.5,0.0,41.4,20.7,6006.6,5771.41,0,0.0,0.04075,0.0,0.252034,0.556397
2022-01-17,6.6,3.7,40.3,12.9,5480.47,5599.5,0,0.0,0.0,0.0,0.175186,0.40716
2022-01-18,6.5,1.8,45.2,12.3,5666.55,6025.86,0,0.0,0.0,0.0,0.176766,0.363946
2022-01-19,10.6,0.0,44.0,13.1,5908.66,6443.68,0,0.0,0.0,0.0,0.205517,0.365377
2022-01-20,11.4,0.0,37.4,12.3,5674.58,5949.04,0,0.0,0.0,0.0,0.192243,0.395175
2022-01-21,12.3,0.0,43.4,13.4,5668.45,6039.19,0,0.0,0.0,0.0,0.217912,0.403036
2022-01-22,12.2,0.0,45.4,13.8,5596.17,5439.33,0,0.0,0.028835,0.0,0.22409,0.514541
2022-01-23,12.6,0.0,45.2,16.2,5621.09,5579.26,0,0.0,0.007498,0.0,0.24487,0.510412
2022-01-24,13.8,0.0,48.1,14.7,5662.08,5923.47,1,1.84,0.0,0.1042,0.246643,0.451918
2022-01-25,11.6,0.0,38.4,15.4,5457.66,5906.09,0,0.0,0.0,0.0,0.219356,0.387509
2022-01-26,13.3,4.1,44.1,13.4,5692.86,6060.46,0,0.0,0.0,0.0,0.230819,0.4168
2022-01-27,10.2,0.0,33.0,18.7,5400.02,5381.25,0,0.0,0.003488,0.0,0.225466,0.486328
2022-01-28,11.2,0.0,50.3,12.3,5659.71,5858.35,0,0.0,0.0,0.0,0.215112,0.432319
2022-01-29,11.7,0.0,45.3,13.5,5620.73,6437.12,0,0.0,0.0,0.0,0.218292,0.327026
2022-01-30,10.5,4.0,45.6,13.5,5519.77,5985.03,0,0.0,0.0,0.0,0.215825,0.381864
2022-01-31,10.9,5.9,46.3,12.8,5608.93,5831.94,0,0.0,0.0,0.0,0.216691,0.42884
2022-02-01,10.0,0.0,48.1,16.8,5532.21,5451.29,0,0.0,0.014845,0.0,0.237799,0.511918
2022-02-02,8.4,0.0,51.2,12.0,5498.83,5526.64,0,0.0,0.0,0.0,0.196029,0.446945
2022-02-03,8.6,0.0,44.9,12.5,5615.79,5898.91,0,0.0,0.0,0.0,0.189393,0.390153
2022-02-04,7.3,0.0,48.7,13.9,5522.58,5894.72,0,0.0,0.0,0.0,0.198751,0.381842
2022-02-05,9.2,0.0,49.0,13.2,5714.31,6203.63,0,0.0,0.0,0.0,0.206436,0.371146
2022-02-06,7.8,0.0,36.3,13.5,5501.4,5910.95,0,0.0,0.0,0.0,0.175711,0.351616
2022-02-07,10.5,0.0,44.1,12.6,5743.87,5897.09,0,0.0,0.0,0.0,0.201188,0.427646
2022-02-08,8.9,0.6,50.3,12.9,5466.86,5564.17,0,0.0,0.0,0.0,0.205313,0.441687
2022-02-09,8.9,0.0,54.4,16.0,5571.46,6568.53,0,0.0,0.0,0.0,0.236189,0.315773
2022-02-10,8.8,0.0,55.4,14.8,5564.25,5647.39,0,0.0,0.0,0.0,0.228145,0.467749
2022-02-11,12.7,0.0,42.8,13.6,5784.41,5602.91,0,0.0,0.032394,0.0,0.220967,0.515574
2022-02-12,13.9,0.0,54.2,15.2,5585.05,5287.7,0,0.0,0.056233,0.0,0.262597,0.585035
2022-02-13,13.8,0.0,54.7,15.8,5497.85,5650.41,0,0.0,0.0,0.0,0.267505,0.492775
2022-02-14,15.2,0.0,52.0,19.4,5582.29,6191.98,0,0.0,0.0,0.0,0.299449,0.441291
2022-02-15,11.2,0.0,40.1,15.0,5250.21,5322.22,0,0.0,0.0,0.0,0.21682,0.457815
2022-02-16,12.1,0.0,47.9,15.6,5572.53,6369.87,0,0.0,0.0,0.0,0.242007,0.352669
2022-02-17,17.0,0.0,51.4,12.6,5829.59,6118.4,0,0.0,0.0,0.0,0.257719,0.459404
2022-02-18,17.3,0.0,50.1,14.3,5521.84,6183.92,0,0.0,0.0,0.0,0.270376,0.402178
2022-02-19,17.4,0.0,40.7,13.5,5511.21,5523.68,1,1.299,0.0,0.0716,0.247237,0.501392
2022-02-20,18.5,0.0,50.6,15.6,5590.44,5608.56,0,0.0,0.0,0.0,0.289254,0.542272
2022-02-21,20.1,0.0,47.6,15.4,5647.77,5962.56,0,0.0,0.0,0.0,0.292632,0.48779
2022-02-22,15.7,0.0,55.5,15.3,5170.42,5586.12,0,0.0,0.0,0.0,0.277671,0.447587
2022-02-23,12.9,0.0,55.3,16.3,5277.25,5481.62,0,0.0,0.0,0.0,0.266556,0.479822
2022-02-24,14.4,0.0,55.9,14.4,5551.3,5931.15,0,0.0,0.0,0.0,0.262908,0.444934
2022-02-25,13.9,0.0,51.8,12.4,5411.65,5882.86,0,0.0,0.0,0.0,0.236493,0.399776
2022-02-26,17.6,1.8,54.5,14.5,5716.48,5490.73,0,0.0,0.041116,0.0,0.284343,0.58913
2022-02-27,17.3,0.0,53.9,15.3,5448.0,5603.38,0,0.0,0.0,0.0,0.285217,0.509635
2022-02-28,14.0,0.0,59.2,15.4,5206.71,5296.9,0,0.0,0.0,0.0,0.274175,0.511088
2022-03-01,12.6,0.0,52.3,12.6,4624.14,4718.39,0,0.0,0.0,0.0,0.230405,0.463876
2022-03-02,8.7,0.0,51.6,11.6,4495.45,4835.46,0,0.0,0.0,0.0,0.19567,0.370373
2022-03-03,10.6,0.0,60.5,16.7,4820.4,4908.13,0,0.0,0.0,0.0,0.264233,0.500156
2022-03-04,12.3,0.0,60.1,12.4,4786.92,4421.58,0,0.0,0.082626,0.0,0.241509,0.594757
2022-03-05,13.3,0.0,58.7,12.8,4729.37,4895.37,0,0.0,0.0,0.0,0.248562,0.465766
2022-03-06,17.1,0.0,64.6,12.5,4903.74,4820.09,0,0.0,0.017354,0.0,0.282356,0.559406
2022-03-07,20.5,0.0,67.5,13.3,4920.79,5320.7,0,0.0,0.0,0.0,0.316377,0.485424
2022-03-08,20.5,0.0,63.6,12.5,4725.72,5201.88,0,0.0,0.0,0.0,0.302892,0.452823
2022-03-09,16.6,8.8,56.2,13.1,4445.81,4058.96,0,0.0,0.095307,0.0,0.278677,0.646729
2022-03-10,19.1,6.6,63.9,11.9,4837.96,4843.88,0,0.0,0.0,0.0,0.29765,0.553013
2022-03-11,21.0,0.0,59.0,15.9,4829.14,5178.1,0,0.0,0.0,0.0,0.323797,0.501914
2022-03-12,22.1,5.0,57.2,13.9,4797.92,4611.96,0,0.0,0.040322,0.0,0.318341,0.622202
2022-03-13,24.4,0.0,55.4,12.9,4983.75,5478.67,0,0.0,0.0,0.0,0.31631,0.467642
2022-03-14,22.0,0.0,60.8,11.0,4584.01,5116.25,1,2.843,0.0,0.1303,0.295955,0.431301
2022-03-15,26.5,3.7,64.8,11.5,5217.55,5425.17,0,0.0,0.0,0.0,0.341488,0.553602
2022-03-16,24.2,0.0,67.0,14.1,4694.48,4700.31,0,0.0,0.0,0.0,0.346001,0.601343
2022-03-17,25.9,0.0,63.8,11.5,5008.3,4529.67,0,0.0,0.105664,0.0,0.331144,0.711288
2022-03-18,22.4,0.0,63.6,13.4,4523.98,4982.19,0,0.0,0.0,0.0,0.32236,0.471785
2022-03-19,21.2,0.0,60.1,12.0,4617.44,5430.84,0,0.0,0.0,0.0,0.297085,0.379028
2022-03-20,25.2,0.0,62.5,12.6,5093.21,5924.05,0,0.0,0.0,0.0,0.33258,0.425643
2022-03-21,24.8,0.0,54.3,12.0,4818.39,5000.12,0,0.0,0.0,0.0,0.309939,0.5243
2022-03-22,26.9,4.2,65.9,12.0,5060.58,4965.25,0,0.0,0.0192,0.0,0.350655,0.629858
2022-03-23,27.3,5.3,65.9,13.7,5983.92,6598.89,0,0.0,0.0,0.0,0.367751,0.515747
2022-03-24,27.1,0.0,72.3,13.7,4928.23,5135.25,0,0.0,0.0,0.0,0.371967,0.581695
2022-03-25,29.9,0.0,62.8,12.5,5256.83,5678.02,0,0.0,0.0,0.0,0.363351,0.533544
2022-03-26,29.0,0.0,69.3,13.7,4980.39,5324.4,0,0.0,0.0,0.0,0.378865,0.560229
2022-03-27,25.3,6.1,62.8,10.7,4614.95,4872.73,0,0.0,0.0,0.0,0.326584,0.521615
2022-03-28,24.3,0.0,72.4,12.0,4720.83,5262.77,0,0.0,0.0,0.0,0.340581,0.477156
2022-03-29,26.3,0.0,71.5,11.3,4994.65,5579.71,0,0.0,0.0,0.0,0.346675,0.481057
2022-03-30,27.6,0.0,70.2,11.2,5021.68,5107.41,0,0.0,0.0,0.0,0.352035,0.58923
2022-03-31,24.8,0.0,65.2,11.0,4628.09,4590.35,0,0.0,0.008223,0.0,0.322661,0.589049
2022-04-01,24.3,3.7,65.0,14.4,4732.28,4223.83,0,0.0,0.120378,0.0,0.349739,0.747057
2022-04-02,24.3,0.0,63.6,10.5,4752.98,4886.97,0,0.0,0.0,0.0,0.312507,0.537289
2022-04-03,24.7,0.0,60.9,10.9,4799.4,4708.79,0,0.0,0.019243,0.0,0.313167,0.592421
2022-04-04,23.1,0.0,68.4,11.9,4594.01,4945.03,0,0.0,0.0,0.0,0.3244,0.498323
2022-04-05,23.4,0.0,65.1,10.8,4712.65,4848.57,0,0.0,0.0,0.0,0.311702,0.535766
2022-04-06,23.5,0.0,68.5,10.7,4701.93,4869.65,0,0.0,0.0,0.0,0.317965,0.534547
2022-04-07,26.6,0.0,67.7,10.8,5038.79,5548.48,0,0.0,0.0,0.0,0.337669,0.48722
2022-04-08,29.2,0.0,61.8,12.4,5145.54,5531.6,0,0.0,0.0,0.0,0.35609,0.531405
2022-04-09,29.5,0.0,72.7,14.1,5012.98,5226.77,0,0.0,0.0,0.0,0.391622,0.600662
2022-04-10,29.3,0.0,68.2,12.7,4968.27,5744.54,0,0.0,0.0,0.0,0.371064,0.470101
2022-04-11,30.2,0.0,72.3,16.5,5082.85,5573.36,0,0.0,0.0,0.0,0.414005,0.568052
2022-04-12,29.1,0.0,62.4,15.4,4896.83,5013.38,0,0.0,0.0,0.0,0.379704,0.609354
2022-04-13,27.6,0.0,64.7,9.4,4792.06,4919.58,0,0.0,0.0,0.0,0.327833,0.554363
2022-04-14,26.9,0.0,66.8,13.6,4796.97,5275.07,0,0.0,0.0,0.0,0.359564,0.510548
2022-04-15,27.0,0.0,70.2,15.1,4845.92,5150.14,0,0.0,0.0,0.0,0.378172,0.566003
2022-04-16,26.0,0.0,68.7,11.8,4730.9,4633.29,0,0.0,0.021068,0.0,0.343306,0.62469
2022-04-17,28.0,0.0,76.3,10.5,5002.2,5534.27,0,0.0,0.0,0.0,0.360707,0.505262
2022-04-18,30.7,0.0,74.9,9.6,5191.82,5862.63,0,0.0,0.0,0.0,0.368935,0.492149
2022-04-19,28.3,0.0,66.3,11.9,4751.84,5343.1,0,0.0,0.0,0.0,0.354737,0.482344
2022-04-20,29.7,0.0,84.9,9.2,5046.4,5789.2,0,0.0,0.0,0.0,0.378007,0.48501
2022-04-21,30.4,0.0,70.0,10.7,5035.75,5944.0,0,0.0,0.0,0.0,0.366257,0.444667
2022-04-22,32.1,0.0,77.1,19.3,5186.4,6010.97,0,0.0,0.0,0.0,0.457133,0.553782
2022-04-23,32.8,0.0,69.4,8.9,5158.4,5527.02,0,0.0,0.0,0.0,0.367063,0.545994
2022-04-24,30.5,0.0,74.2,10.5,4851.78,5030.66,0,0.0,0.0,0.0,0.373248,0.588528
2022-04-25,29.1,0.0,76.0,12.3,4829.69,4514.48,0,0.0,0.069822,0.0,0.381284,0.719584
2022-04-26,30.7,0.0,63.9,10.6,5085.08,5342.82,0,0.0,0.0,0.0,0.356026,0.5565
2022-04-27,33.9,0.0,80.4,11.4,5362.76,5806.29,0,0.0,0.0,0.0,0.414228,0.581843
2022-04-28,30.1,0.0,67.9,8.6,4721.83,4970.88,0,0.0,0.0,0.0,0.344139,0.54244
2022-04-29,32.2,0.0,70.3,15.1,5190.89,4832.93,0,0.0,0.074065,0.0,0.412635,0.755891
2022-04-30,35.6,0.0,69.1,10.3,5454.77,5629.01,0,0.0,0.0,0.0,0.395758,0.616412
2022-05-01,35.7,0.0,69.5,8.5,5246.4,5722.02,0,0.0,0.0,0.0,0.383279,0.543033
2022-05-02,37.2,0.0,69.9,11.7,5415.54,5336.29,0,0.0,0.01485,0.0,0.418607,0.692734
2022-05-03,36.0,0.0,66.7,14.7,5170.59,5483.09,0,0.0,0.0,0.0,0.427846,0.618102
2022-05-04,36.2,10.6,79.3,9.2,5270.66,5677.51,0,0.0,0.0,0.0,0.423284,0.596418
2022-05-05,33.4,0.0,73.6,9.4,4931.15,5525.02,0,0.0,0.0,0.0,0.38275,0.514059
2022-05-06,29.8,0.0,72.4,12.2,4691.49,5432.24,0,0.0,0.0,0.0,0.378377,0.475978
2022-05-07,33.5,0.0,78.4,11.2,5333.7,5473.43,0,0.0,0.0,0.0,0.406298,0.633286
2022-05-08,32.6,0.0,82.3,8.4,5000.54,5308.45,0,0.0,0.0,0.0,0.386074,0.57515
2022-05-09,33.1,0.0,65.8,7.6,5101.12,5425.3,0,0.0,0.0,0.0,0.352259,0.539293
2022-05-10,31.6,0.0,81.8,14.3,4902.06,5347.71,0,0.0,0.0,0.0,0.42407,0.583575
2022-05-11,30.4,0.0,73.7,8.6,4854.78,5261.88,0,0.0,0.0,0.0,0.356991,0.523462
2022-05-12,31.9,0.0,67.2,7.8,5099.47,5812.25,0,0.0,0.0,0.0,0.348518,0.462145
2022-05-13,32.1,0.0,76.1,8.1,5021.43,4535.0,0,0.0,0.107262,0.0,0.368838,0.750845
2022-05-14,34.4,0.0,73.5,12.4,5280.4,5683.49,0,0.0,0.0,0.0,0.412302,0.586296
2022-05-15,36.5,0.3,78.6,7.1,5372.97,5806.6,0,0.0,0.0,0.0,0.395178,0.564788
2022-05-16,38.0,9.2,77.3,11.4,5409.57,5599.89,0,0.0,0.0,0.0,0.446665,0.663779
2022-05-17,39.0,0.0,76.2,9.7,5434.62,4931.2,0,0.0,0.102089,0.0,0.426852,0.802821
2022-05-18,42.5,0.0,72.3,8.3,5790.7,6057.99,0,0.0,0.0,0.0,0.431806,0.637088
2022-05-19,40.1,0.0,69.4,8.8,5263.64,5291.19,0,0.0,0.0,0.0,0.414408,0.66512
2022-05-20,40.2,0.0,78.3,10.2,5432.63,6278.55,0,0.0,0.0,0.0,0.442557,0.542061
2022-05-21,42.6,0.0,72.1,8.0,5720.81,6142.11,0,0.0,0.0,0.0,0.429776,0.606491
2022-05-22,44.9,0.0,76.8,7.5,5833.41,5832.73,0,0.0,0.000116,0.0,0.44989,0.706816
2022-05-23,41.4,0.0,82.2,9.8,5253.15,4836.49,1,2.811,0.08615,1.2723,0.454693,0.812054
2022-05-24,40.8,0.0,74.0,8.7,5413.19,5885.27,0,0.0,0.0,0.0,0.426875,0.590023
2022-05-25,43.7,7.0,80.1,12.0,5801.73,6346.26,0,0.0,0.0,0.0,0.491431,0.648054
2022-05-26,44.4,0.0,74.8,11.6,5686.58,5893.6,0,0.0,0.0,0.0,0.47448,0.690264
2022-05-27,44.3,0.0,73.1,7.7,5630.19,6125.82,0,0.0,0.0,0.0,0.440541,0.602878
2022-05-28,43.4,0.0,67.2,8.0,5526.87,5681.95,1,3.328,0.0,0.1839,0.425861,0.650789
2022-05-29,42.4,0.0,74.8,11.1,5461.58,6101.87,0,0.0,0.0,0.0,0.45744,0.591731
2022-05-30,42.9,0.0,74.2,10.1,5592.14,6221.47,0,0.0,0.0,0.0,0.451894,0.590596
2022-05-31,42.3,0.0,70.6,8.9,5479.6,5187.8,0,0.0,0.056248,0.0,0.43193,0.754383
2022-06-01,42.3,0.0,64.8,10.5,6675.26,6422.29,0,0.0,0.03939,0.0,0.433401,0.736174
2022-06-02,42.5,0.0,66.6,6.3,6708.78,7902.75,0,0.0,0.0,0.0,0.405687,0.486103
2022-06-03,41.1,5.6,85.3,8.7,6493.76,7199.82,0,0.0,0.0,0.0,0.456873,0.59918
2022-06-04,42.5,4.7,76.3,6.6,6799.85,6599.05,0,0.0,0.030429,0.0,0.431924,0.724236
2022-06-05,48.4,13.6,71.2,9.5,7573.28,7202.69,0,0.0,0.051452,0.0,0.494486,0.811341
2022-06-06,43.7,2.8,72.6,8.5,6388.46,6791.5,0,0.0,0.0,0.0,0.445238,0.632749
2022-06-07,44.2,5.6,76.3,10.0,6837.02,6686.84,1,0.5,0.022459,0.0768,0.470462,0.753471
2022-06-08,42.4,0.0,77.1,10.9,6535.87,6732.25,0,0.0,0.0,0.0,0.460209,0.682946
2022-06-09,43.6,3.5,74.5,6.0,6860.41,7183.0,0,0.0,0.0,0.0,0.429705,0.634067
2022-06-10,43.6,3.1,85.6,8.3,6753.02,7052.19,0,0.0,0.0,0.0,0.467777,0.675043
2022-06-11,45.0,60.5,100.0,17.2,6963.6,7884.06,0,0.0,0.0,0.0,0.642712,0.763208
2022-06-12,47.0,0.0,76.5,8.8,7143.33,8326.19,0,0.0,0.0,0.0,0.473201,0.564144
2022-06-13,46.6,0.0,72.7,6.4,6921.32,7058.56,1,2.197,0.0,0.1521,0.44492,0.679012
2022-06-14,48.1,0.0,76.4,6.4,7186.65,7034.07,1,2.792,0.021692,0.4353,0.461745,0.743858
2022-06-15,42.4,0.0,67.7,7.4,6218.01,6681.24,0,0.0,0.0,0.0,0.415578,0.591429
2022-06-16,45.7,0.0,79.3,5.6,7166.57,8261.5,0,0.0,0.0,0.0,0.44519,0.54726
2022-06-17,45.9,0.0,75.0,5.9,6926.47,7096.84,0,0.0,0.0,0.0,0.440761,0.669526
2022-06-18,47.5,0.0,68.0,8.2,7146.86,7887.08,0,0.0,0.0,0.0,0.455929,0.603156
2022-06-19,44.2,7.8,73.0,11.3,6523.4,6505.53,0,0.0,0.002747,0.0,0.476989,0.736986
2022-06-20,42.3,0.0,76.7,5.2,6517.22,6851.81,0,0.0,0.0,0.0,0.414818,0.614601
2022-06-21,42.7,22.8,71.1,5.9,6731.54,6575.36,1,1.676,0.023754,0.268,0.440175,0.724693
2022-06-22,42.7,0.0,69.1,7.5,6698.77,7038.28,1,0.5,0.0,0.0335,0.420952,0.621429
2022-06-23,43.3,9.8,73.6,5.1,6786.95,7076.5,0,0.0,0.0,0.0,0.426783,0.635806
2022-06-24,45.4,13.9,81.7,6.3,7048.5,7670.97,0,0.0,0.0,0.0,0.470074,0.632134
2022-06-25,41.4,0.3,81.9,7.2,6290.64,7309.84,0,0.0,0.0,0.0,0.434434,0.528455
2022-06-26,43.6,0.0,75.0,6.6,6940.61,7117.59,0,0.0,0.0,0.0,0.431002,0.658764
2022-06-27,43.5,0.0,57.1,5.9,6740.67,6228.5,0,0.0,0.082231,0.0,0.391379,0.744164
2022-06-28,42.9,39.7,77.1,5.0,8004.44,8302.75,0,0.0,0.0,0.0,0.466418,0.681264
2022-06-29,39.9,0.0,90.1,14.0,6283.29,6715.94,0,0.0,0.0,0.0,0.492025,0.673609
2022-06-30,41.4,3.3,74.0,5.5,6742.64,7165.54,0,0.0,0.0,0.0,0.410165,0.598057
2022-07-01,36.8,0.0,59.2,8.2,5965.06,6204.15,0,0.0,0.0,0.0,0.368902,0.580704
2022-07-02,39.2,13.4,87.3,7.6,6668.44,7626.87,1,0.5,0.0,0.0333,0.449128,0.559217
2022-07-03,36.9,4.1,66.3,6.0,6147.33,6507.45,0,0.0,0.0,0.0,0.370901,0.563087
2022-07-04,38.0,0.0,74.6,5.7,6496.4,6778.33,0,0.0,0.0,0.0,0.386396,0.59463
2022-07-05,38.6,0.0,65.8,4.8,6490.31,6496.83,0,0.0,0.0,0.0,0.366907,0.622525
2022-07-06,41.6,0.0,82.3,8.5,6884.98,6471.59,0,0.0,0.063878,0.0,0.446167,0.777528
2022-07-07,41.3,0.0,64.0,8.7,6602.22,7069.28,0,0.0,0.0,0.0,0.411421,0.591082
2022-07-08,40.0,0.0,68.0,5.9,6441.02,6862.66,0,0.0,0.0,0.0,0.388747,0.573812
2022-07-09,39.4,5.0,77.2,5.3,6450.85,6342.87,0,0.0,0.017023,0.0,0.403513,0.680177
2022-07-10,42.3,18.3,72.3,5.0,6939.03,7266.58,0,0.0,0.0,0.0,0.427353,0.631521
2022-07-11,43.2,0.0,72.7,5.9,6833.4,7113.14,0,0.0,0.0,0.0,0.418652,0.629531
2022-07-12,42.1,2.8,74.9,5.0,6597.38,6667.69,0,0.0,0.0,0.0,0.411998,0.656478
2022-07-13,41.4,0.0,70.7,6.4,6595.28,6595.42,0,0.0,0.0,0.0,0.406896,0.663661
2022-07-14,38.2,18.2,68.6,6.6,6189.83,6657.28,1,0.5,0.0,0.0309,0.405615,0.580434
2022-07-15,39.5,0.0,65.4,6.6,6631.39,6868.62,0,0.0,0.0,0.0,0.385978,0.602448
2022-07-16,36.2,17.6,71.6,4.9,6065.15,6142.58,0,0.0,0.0,0.0,0.384208,0.626282
2022-07-17,38.6,0.0,71.8,4.9,6660.51,6631.96,0,0.0,0.004304,0.0,0.378928,0.640744
2022-07-18,39.2,0.0,72.7,5.7,6566.44,6840.99,0,0.0,0.0,0.0,0.390743,0.600682
2022-07-19,44.2,15.9,73.4,8.1,7256.08,8041.49,0,0.0,0.0,0.0,0.462931,0.605701
2022-07-20,41.2,55.0,85.4,6.5,6414.28,6886.68,0,0.0,0.0,0.0,0.501017,0.677728
2022-07-21,40.7,14.6,63.5,4.7,6589.84,6820.89,0,0.0,0.0,0.0,0.393478,0.610724
2022-07-22,44.1,0.8,69.3,6.6,7131.65,7626.83,0,0.0,0.0,0.0,0.424586,0.605581
2022-07-23,45.6,26.4,73.6,7.4,7079.92,8042.47,0,0.0,0.0,0.0,0.479944,0.597015
2022-07-24,43.0,0.0,69.5,8.6,6575.73,7107.68,0,0.0,0.0,0.0,0.432167,0.601587
2022-07-25,42.7,38.7,80.2,5.2,6747.23,7195.2,0,0.0,0.0,0.0,0.471236,0.655344
2022-07-26,41.9,8.9,63.4,6.0,6665.8,7267.24,0,0.0,0.0,0.0,0.404276,0.564451
2022-07-27,41.9,0.0,65.6,4.8,6721.78,6990.96,0,0.0,0.0,0.0,0.388283,0.600123
2022-07-28,39.8,2.1,73.1,4.6,6431.12,6827.25,0,0.0,0.0,0.0,0.389523,0.578578
2022-07-29,39.3,7.7,69.1,7.9,6528.26,6653.58,0,0.0,0.0,0.0,0.411023,0.645825
2022-07-30,35.9,0.0,64.8,4.8,6083.08,5793.01,0,0.0,0.050073,0.0,0.347235,0.66248
2022-07-31,36.6,0.0,58.9,5.9,6447.63,6909.27,0,0.0,0.0,0.0,0.349274,0.528065
2022-08-01,37.7,0.0,67.4,6.9,6559.58,7030.82,0,0.0,0.0,0.0,0.380178,0.558723
2022-08-02,37.2,31.7,65.4,6.2,6405.2,6609.36,0,0.0,0.0,0.0,0.406409,0.627138
2022-08-03,34.0,0.0,63.2,4.4,5996.66,6687.81,0,0.0,0.0,0.0,0.328625,0.46477
2022-08-04,36.6,0.0,61.4,5.6,6612.04,6642.05,0,0.0,0.0,0.0,0.351647,0.603162
2022-08-05,37.4,0.0,65.5,7.3,6529.03,6126.86,0,0.0,0.06564,0.0,0.377725,0.711144
2022-08-06,35.8,0.0,60.2,5.6,6245.74,6283.72,0,0.0,0.0,0.0,0.344124,0.593858
2022-08-07,35.3,22.4,66.8,5.7,6308.25,6011.26,0,0.0,0.049405,0.0,0.381305,0.695771
2022-08-08,32.5,0.0,58.0,7.7,5952.39,6376.77,0,0.0,0.0,0.0,0.334451,0.513549
2022-08-09,31.1,0.0,61.0,7.1,5978.84,5994.5,0,0.0,0.0,0.0,0.326218,0.579958
2022-08-10,30.9,0.0,63.0,5.2,6060.02,6738.96,0,0.0,0.0,0.0,0.31399,0.453166
2022-08-11,34.3,0.0,59.9,9.4,6548.55,7273.61,0,0.0,0.0,0.0,0.362995,0.503414
2022-08-12,33.2,0.0,59.7,4.9,6145.0,6094.16,0,0.0,0.008342,0.0,0.320647,0.587176
2022-08-13,34.8,9.9,64.2,5.2,6460.55,6454.66,0,0.0,0.000912,0.0,0.354025,0.61188
2022-08-14,33.7,0.0,65.6,6.0,6186.65,6704.28,0,0.0,0.0,0.0,0.343493,0.510149
2022-08-15,34.3,0.0,64.0,7.0,6362.78,7073.69,0,0.0,0.0,0.0,0.352164,0.491629
2022-08-16,34.0,0.0,53.5,8.9,6275.27,5793.36,0,0.0,0.083183,0.0,0.34516,0.699058
2022-08-17,35.7,0.0,63.4,5.3,6547.31,6990.86,0,0.0,0.0,0.0,0.34715,0.529872
2022-08-18,34.2,3.8,67.1,6.1,6209.94,5660.68,0,0.0,0.09703,0.0,0.355009,0.725073
2022-08-19,30.8,3.6,63.4,9.6,5864.44,5955.01,0,0.0,0.0,0.0,0.352424,0.591459
2022-08-20,28.5,66.1,63.0,20.7,5798.22,6552.5,0,0.0,0.0,0.0,0.498418,0.620825
2022-08-21,28.3,0.0,59.6,6.8,5943.43,7367.56,0,0.0,0.0,0.0,0.302823,0.333957
2022-08-22,26.6,0.0,64.8,6.4,5738.21,5938.78,0,0.0,0.0,0.0,0.298281,0.515644
2022-08-23,28.5,0.0,55.3,4.6,6123.44,5948.5,0,0.0,0.029408,0.0,0.279103,0.570225
2022-08-24,28.2,0.0,71.7,7.2,5950.87,6055.9,0,0.0,0.0,0.0,0.327938,0.564481
2022-08-25,33.7,0.0,46.0,5.6,6736.16,7101.01,0,0.0,0.0,0.0,0.303657,0.500466
2022-08-26,29.7,35.2,66.1,8.6,5785.98,5830.96,0,0.0,0.0,0.0,0.381075,0.62886
2022-08-27,30.4,0.0,59.8,6.5,6173.89,6122.87,0,0.0,0.008333,0.0,0.314725,0.581243
2022-08-28,28.2,0.0,56.7,4.9,5830.98,5965.72,0,0.0,0.0,0.0,0.282066,0.512489
2022-08-29,27.6,0.0,56.3,5.1,5918.68,6362.11,0,0.0,0.0,0.0,0.278904,0.454328
2022-08-30,28.4,0.0,50.0,12.3,6070.04,6308.76,0,0.0,0.0,0.0,0.32792,0.540536
2022-08-31,24.0,0.0,52.0,7.6,5434.46,5404.34,0,0.0,0.005572,0.0,0.266403,0.529699
2022-09-01,25.6,41.4,67.7,5.7,5076.94,5116.47,0,0.0,0.0,0.0,0.342239,0.59001
2022-09-02,30.1,0.0,43.6,6.8,5515.37,5647.34,0,0.0,0.0,0.0,0.284687,0.514197
2022-09-03,28.9,0.0,58.3,6.2,5100.15,5034.03,0,0.0,0.013134,0.0,0.299711,0.571834
2022-09-04,29.4,0.0,52.9,8.9,5230.53,5259.04,0,0.0,0.0,0.0,0.313715,0.564176
2022-09-05,31.2,10.5,58.5,8.0,5422.39,5913.38,0,0.0,0.0,0.0,0.341946,0.501806
2022-09-06,30.2,22.5,62.6,15.3,5195.76,5380.15,0,0.0,0.0,0.0,0.41401,0.63079
2022-09-07,28.5,11.2,73.9,7.3,5064.96,4758.68,0,0.0,0.064362,0.0,0.348477,0.680404
2022-09-08,23.8,0.0,59.1,5.4,4631.21,5161.82,0,0.0,0.0,0.0,0.261422,0.398209
2022-09-09,25.7,18.2,50.3,5.1,5142.05,5534.15,0,0.0,0.0,0.0,0.277337,0.451415
2022-09-10,25.7,12.9,65.4,8.9,5027.91,4841.19,0,0.0,0.03857,0.0,0.328504,0.63032
2022-09-11,23.8,0.0,37.5,7.0,4819.55,4949.59,0,0.0,0.0,0.0,0.233268,0.459387
2022-09-12,24.5,31.4,56.4,6.6,5016.98,5017.47,0,0.0,0.0,0.0,0.308544,0.56522
2022-09-13,23.6,0.0,51.3,5.8,4875.82,5327.54,0,0.0,0.0,0.0,0.248565,0.406371
2022-09-14,22.9,1.6,48.9,6.9,4857.04,4986.17,0,0.0,0.0,0.0,0.249891,0.476448
2022-09-15,24.6,2.7,51.8,8.4,5092.9,5324.19,0,0.0,0.0,0.0,0.27945,0.485526
2022-09-16,21.9,0.0,48.6,6.8,4703.26,4882.36,0,0.0,0.0,0.0,0.240013,0.453979
2022-09-17,24.6,0.0,55.5,9.7,5159.08,4935.96,0,0.0,0.045203,0.0,0.293124,0.602684
2022-09-18,21.7,0.0,46.3,11.8,4694.54,5344.92,0,0.0,0.0,0.0,0.272963,0.387701
2022-09-19,20.8,0.0,47.8,7.6,4802.58,5243.11,0,0.0,0.0,0.0,0.237436,0.39614
2022-09-20,25.2,51.6,69.8,6.9,5315.35,5384.15,0,0.0,0.0,0.0,0.365244,0.607117
2022-09-21,27.1,0.0,52.6,6.8,5272.4,5599.75,0,0.0,0.0,0.0,0.281788,0.470334
2022-09-22,26.5,9.3,48.9,7.6,5091.26,5658.28,0,0.0,0.0,0.0,0.288416,0.42822
2022-09-23,23.8,0.0,49.5,7.8,4830.31,5088.79,0,0.0,0.0,0.0,0.26194,0.459433
2022-09-24,22.5,18.4,60.8,8.1,4841.49,5558.39,0,0.0,0.0,0.0,0.299324,0.405547
2022-09-25,22.5,0.0,39.6,6.0,4930.41,6083.27,0,0.0,0.0,0.0,0.22092,0.256472
2022-09-26,22.5,62.6,56.4,17.1,4925.14,5183.58,0,0.0,0.0,0.0,0.414447,0.613033
2022-09-27,22.1,13.8,46.5,8.1,4890.55,4955.6,0,0.0,0.0,0.0,0.264262,0.505728
2022-09-28,21.8,25.8,53.1,9.0,4895.47,4835.09,0,0.0,0.012487,0.0,0.296246,0.567614
2022-09-29,21.2,0.0,50.1,9.5,4868.49,4432.98,0,0.0,0.098244,0.0,0.259045,0.630524
2022-09-30,18.2,15.3,45.0,10.7,4688.03,5291.07,0,0.0,0.0,0.0,0.257636,0.381374
2022-10-01,17.6,0.0,40.0,8.6,4824.07,4957.84,0,0.0,0.0,0.0,0.209435,0.434727
2022-10-02,19.9,0.0,37.8,9.7,5034.45,5563.81,0,0.0,0.0,0.0,0.228957,0.374676
2022-10-03,17.1,0.0,39.4,8.7,4698.85,5252.46,0,0.0,0.0,0.0,0.205785,0.339531
2022-10-04,17.2,0.0,40.5,10.8,4872.14,4783.94,0,0.0,0.018435,0.0,0.224711,0.503024
2022-10-05,15.9,0.0,32.7,8.1,4779.5,4738.2,0,0.0,0.008717,0.0,0.180684,0.44765
2022-10-06,16.7,0.0,40.4,7.5,4916.37,5702.57,0,0.0,0.0,0.0,0.195765,0.291608
2022-10-07,16.3,4.4,38.8,8.4,4842.87,5063.64,0,0.0,0.0,0.0,0.202441,0.408333
2022-10-08,19.6,0.0,41.9,11.9,5117.18,5160.17,0,0.0,0.0,0.0,0.251643,0.498707
2022-10-09,20.3,0.9,51.1,7.8,4974.47,4895.64,0,0.0,0.016101,0.0,0.242969,0.518557
2022-10-10,17.1,0.0,34.2,12.0,4707.16,4900.57,0,0.0,0.0,0.0,0.221498,0.432214
2022-10-11,18.5,0.0,47.0,9.3,4998.67,5723.46,0,0.0,0.0,0.0,0.233893,0.342849
2022-10-12,16.7,0.0,50.0,10.6,4786.13,5232.11,0,0.0,0.0,0.0,0.237684,0.394966
2022-10-13,15.5,0.0,46.2,9.7,4815.18,5111.08,0,0.0,0.0,0.0,0.215705,0.40491
2022-10-14,16.4,0.0,42.8,9.0,4946.13,5688.43,0,0.0,0.0,0.0,0.209861,0.314313
2022-10-15,15.3,0.0,47.5,8.1,4827.71,5493.62,0,0.0,0.0,0.0,0.204479,0.319762
2022-10-16,17.3,0.0,43.8,16.9,5031.25,5388.72,0,0.0,0.0,0.0,0.278625,0.457973
2022-10-17,15.4,0.0,46.0,7.5,4786.15,5862.53,0,0.0,0.0,0.0,0.197696,0.240147
2022-10-18,14.2,0.0,40.8,11.5,4828.25,4994.4,0,0.0,0.0,0.0,0.210901,0.428855
2022-10-19,13.0,1.8,35.1,7.4,4851.55,5429.74,0,0.0,0.0,0.0,0.162864,0.295342
2022-10-20,12.3,0.0,45.5,13.4,4881.88,5005.1,0,0.0,0.0,0.0,0.22185,0.4499
2022-10-21,15.0,0.0,52.6,10.6,5061.58,5602.56,0,0.0,0.0,0.0,0.231354,0.37542
2022-10-22,16.1,0.0,37.6,8.2,4992.43,5163.93,1,0.778,0.0,0.0388,0.191961,0.40998
2022-10-23,19.1,0.0,39.2,8.4,5151.36,5558.66,0,0.0,0.0,0.0,0.216278,0.387529
2022-10-24,22.6,0.0,39.4,9.6,5258.46,6313.2,0,0.0,0.0,0.0,0.248982,0.310735
2022-10-25,18.8,0.0,31.3,7.8,4748.48,5270.66,0,0.0,0.0,0.0,0.194859,0.335991
2022-10-26,17.8,0.0,34.2,12.2,4910.35,5303.38,0,0.0,0.0,0.0,0.227656,0.397931
2022-10-27,14.5,5.8,41.2,8.8,4738.92,4744.57,0,0.0,0.0,0.0,0.199871,0.455271
2022-10-28,12.7,0.0,37.6,8.3,4840.73,5140.17,0,0.0,0.0,0.0,0.170322,0.359105
2022-10-29,11.4,8.0,40.0,11.9,4893.91,4827.82,0,0.0,0.013689,0.0,0.203792,0.476563
2022-10-30,9.5,0.0,37.9,8.1,4875.07,5391.25,0,0.0,0.0,0.0,0.148249,0.293267
2022-10-31,8.0,0.0,37.0,9.8,4911.46,5423.72,0,0.0,0.0,0.0,0.149792,0.296323
2022-11-01,8.5,0.0,33.6,8.8,5037.35,5232.21,0,0.0,0.0,0.0,0.138997,0.35231
2022-11-02,6.7,0.0,39.4,10.9,4917.07,5678.24,0,0.0,0.0,0.0,0.154211,0.25451
2022-11-03,9.4,0.0,38.7,12.9,5164.46,5918.17,0,0.0,0.0,0.0,0.186127,0.294242
2022-11-04,8.0,3.6,33.4,8.5,4931.87,5224.96,0,0.0,0.0,0.0,0.137403,0.328709
2022-11-05,14.2,0.0,38.9,13.0,5334.26,5791.02,0,0.0,0.0,0.0,0.218912,0.383625
2022-11-06,12.7,0.0,33.5,10.0,4889.23,4952.44,0,0.0,0.0,0.0,0.175752,0.417642
2022-11-07,12.5,0.0,39.8,9.1,4971.97,5135.31,0,0.0,0.0,0.0,0.179302,0.39896
2022-11-08,9.5,0.0,36.2,9.1,4839.1,4752.41,0,0.0,0.018241,0.0,0.152778,0.430863
2022-11-09,13.1,0.0,38.2,10.3,5199.73,5303.02,1,1.299,0.0,0.0676,0.189516,0.423568
2022-11-10,14.8,0.0,37.0,8.9,5069.63,5289.77,0,0.0,0.0,0.0,0.187669,0.395876
2022-11-11,14.4,0.0,35.8,10.3,4958.48,4687.73,0,0.0,0.057757,0.0,0.193585,0.517801
2022-11-12,10.8,0.0,37.6,10.6,4800.76,5215.26,0,0.0,0.0,0.0,0.175546,0.339553
2022-11-13,11.0,12.4,43.1,11.9,5029.59,5604.94,0,0.0,0.0,0.0,0.212336,0.349292
2022-11-14,8.5,0.0,36.3,13.3,4889.04,5131.06,0,0.0,0.0,0.0,0.178781,0.380507
2022-11-15,11.6,4.1,37.2,12.2,5201.92,4578.07,0,0.0,0.136268,0.0,0.197417,0.613288
2022-11-16,12.8,0.0,33.8,14.6,5074.16,5246.99,0,0.0,0.0,0.0,0.212467,0.430804
2022-11-17,12.2,8.5,28.5,9.9,4982.83,4794.56,0,0.0,0.039267,0.0,0.172681,0.475312
2022-11-18,6.7,0.0,35.6,11.9,4730.34,4785.18,0,0.0,0.0,0.0,0.154802,0.398213
2022-11-19,5.2,0.0,29.0,12.1,4988.45,5694.18,0,0.0,0.0,0.0,0.134083,0.246187
2022-11-20,7.2,0.0,32.5,14.7,5196.14,4659.01,0,0.0,0.115289,0.0,0.17389,0.565268
2022-11-21,9.9,0.0,30.9,12.2,5207.79,5200.34,0,0.0,0.001433,0.0,0.169396,0.427858
2022-11-22,11.8,0.0,31.6,10.4,5144.06,5670.1,0,0.0,0.0,0.0,0.169344,0.317829
2022-11-23,8.0,0.0,31.9,11.4,4829.28,4857.19,0,0.0,0.0,0.0,0.152575,0.402657
2022-11-24,8.6,0.0,37.5,12.3,5102.55,5107.44,0,0.0,0.0,0.0,0.173974,0.429646
2022-11-25,10.5,7.9,38.7,10.0,5162.89,6082.1,0,0.0,0.0,0.0,0.18064,0.260996
2022-11-26,6.7,0.0,35.6,15.7,4849.46,5207.53,0,0.0,0.0,0.0,0.184123,0.360642
2022-11-27,6.9,0.0,41.1,11.7,5097.24,5652.13,0,0.0,0.0,0.0,0.164889,0.307071
2022-11-28,7.6,0.0,50.3,17.8,5123.04,5538.85,0,0.0,0.0,0.0,0.233821,0.402972
2022-11-29,7.1,0.0,37.5,10.3,5047.59,5351.39,0,0.0,0.0,0.0,0.148655,0.339171
2022-11-30,3.5,0.0,39.5,10.7,4893.83,5528.23,0,0.0,0.0,0.0,0.131763,0.254586
2022-12-01,3.6,0.0,36.4,13.0,5756.7,6735.55,0,0.0,0.0,0.0,0.144356,0.231492
2022-12-02,3.7,0.0,38.3,11.5,5753.69,5431.13,0,0.0,0.059391,0.0,0.137004,0.463127
2022-12-03,4.2,0.0,26.9,14.4,5771.25,6046.97,0,0.0,0.0,0.0,0.141301,0.344862
2022-12-04,3.7,0.0,21.5,12.3,5712.52,5982.6,0,0.0,0.0,0.0,0.111677,0.315766
2022-12-05,3.5,0.0,24.5,12.2,5738.95,5870.69,0,0.0,0.0,0.0,0.115212,0.345805
2022-12-06,4.2,0.0,32.0,12.2,5790.09,6437.47,0,0.0,0.0,0.0,0.133888,0.273279
2022-12-07,5.6,0.0,42.0,10.9,5834.94,6221.12,0,0.0,0.0,0.0,0.151835,0.336158
2022-12-08,5.3,0.0,36.5,12.5,5714.08,6692.93,0,0.0,0.0,0.0,0.151891,0.237947
2022-12-09,4.9,0.0,33.3,11.2,5706.74,6387.65,1,0.535,0.0,0.0305,0.133224,0.265571
2022-12-10,5.5,0.0,38.2,18.7,5777.21,6562.78,0,0.0,0.0,0.0,0.204236,0.321287
2022-12-11,1.9,0.0,37.1,10.7,5522.54,5381.45,0,0.0,0.026217,0.0,0.116717,0.404114
2022-12-12,3.9,3.7,29.6,13.0,5888.33,5883.72,0,0.0,0.000784,0.0,0.138098,0.395803
2022-12-13,4.5,0.0,37.9,13.3,5788.65,5814.17,0,0.0,0.0,0.0,0.155416,0.407082
2022-12-14,5.1,0.0,39.8,13.7,5779.12,6549.81,0,0.0,0.0,0.0,0.16602,0.285446
2022-12-15,7.4,1.3,46.5,14.4,5873.54,5809.33,0,0.0,0.011053,0.0,0.20073,0.470423
2022-12-16,3.4,2.4,36.0,11.1,5478.1,5428.3,0,0.0,0.009173,0.0,0.130556,0.398056
2022-12-17,0.2,0.0,44.3,13.6,5557.22,5442.49,0,0.0,0.021081,0.0,0.141388,0.422787
2022-12-18,2.1,0.0,34.0,12.7,5902.84,7221.78,0,0.0,0.0,0.0,0.127655,0.171238
2022-12-19,3.0,0.0,47.7,12.5,5828.76,6067.96,0,0.0,0.0,0.0,0.157731,0.368502
2022-12-20,4.2,0.0,33.2,15.0,5826.6,6312.43,0,0.0,0.0,0.0,0.157743,0.324685
2022-12-21,3.8,0.0,39.5,16.1,5727.48,5602.28,0,0.0,0.022347,0.0,0.175407,0.458286
2022-12-22,5.8,0.0,37.9,11.5,5867.66,6515.65,0,0.0,0.0,0.0,0.150096,0.290786
2022-12-23,7.9,5.4,45.4,13.1,5854.6,5493.13,1,0.5,0.065804,0.1926,0.196934,0.530544
2022-12-24,8.7,10.3,46.1,14.7,5755.62,5688.41,0,0.0,0.011815,0.0,0.221844,0.492427
2022-12-25,7.9,0.0,31.6,13.3,5650.69,5672.86,0,0.0,0.0,0.0,0.166014,0.418242
2022-12-26,3.5,0.0,35.3,16.0,5448.48,5796.04,0,0.0,0.0,0.0,0.164783,0.35157
2022-12-27,5.8,0.0,47.8,12.2,5885.76,5885.97,1,0.5,0.0,0.0294,0.17406,0.430808
2022-12-28,8.6,0.0,37.8,15.8,5884.04,6743.18,0,0.0,0.0,0.0,0.201543,0.309596
2022-12-29,9.6,0.0,41.6,12.8,5757.72,6228.15,0,0.0,0.0,0.0,0.192111,0.360724
2022-12-30,7.4,0.0,32.3,12.1,5558.34,5594.78,0,0.0,0.0,0.0,0.154772,0.403958
2022-12-31,8.8,0.0,36.6,13.6,5785.12,6437.97,1,1.398,0.0,0.0809,0.183636,0.322044
2023-01-01,10.3,0.9,34.7,13.1,5774.57,5920.23,0,0.0,0.0,0.0,0.187201,0.415268
2023-01-02,12.9,0.0,42.8,11.9,5817.66,5892.14,0,0.0,0.0,0.0,0.209168,0.451201
2023-01-03,10.1,0.0,42.1,13.5,5486.65,6070.63,0,0.0,0.0,0.0,0.201746,0.346235
2023-01-04,9.2,0.0,44.7,15.5,5621.05,5033.49,0,0.0,0.116729,0.0,0.216121,0.609182
2023-01-05,10.5,0.0,33.3,16.9,5749.82,6303.49,0,0.0,0.0,0.0,0.214117,0.368368
2023-01-06,10.1,0.0,41.7,15.1,5644.45,5673.1,0,0.0,0.0,0.0,0.213341,0.464235
2023-01-07,7.5,0.0,39.3,12.5,5514.98,5542.44,0,0.0,0.0,0.0,0.171642,0.422648
2023-01-08,8.5,0.0,27.2,14.3,5749.39,6746.11,0,0.0,0.0,0.0,0.169435,0.253744
2023-01-09,9.7,0.6,42.1,14.8,5743.76,5838.72,0,0.0,0.0,0.0,0.209872,0.447676
2023-01-10,9.6,0.0,46.3,14.6,5663.41,6287.64,0,0.0,0.0,0.0,0.214813,0.355705
2023-01-11,9.9,0.0,47.9,12.6,5677.41,6061.15,0,0.0,0.0,0.0,0.204358,0.387238
2023-01-12,9.2,0.0,40.1,13.1,5615.58,6031.85,0,0.0,0.0,0.0,0.188977,0.365202
2023-01-13,12.1,0.0,44.7,14.2,5827.2,6026.59,0,0.0,0.0,0.0,0.225205,0.443371
2023-01-14,9.7,15.3,47.3,14.7,5493.2,5663.1,0,0.0,0.0,0.0,0.236786,0.458552
2023-01-15,8.5,0.0,37.2,15.9,5578.69,6394.65,0,0.0,0.0,0.0,0.20053,0.308359
2023-01-16,8.7,0.0,36.8,12.2,5675.12,6291.55,0,0.0,0.0,0.0,0.172549,0.31496
2023-01-17,10.6,0.0,41.3,12.1,5769.22,5876.06,0,0.0,0.0,0.0,0.192739,0.428303
2023-01-18,7.5,0.0,40.6,14.3,5449.92,5363.32,0,0.0,0.016147,0.0,0.187968,0.463608
2023-01-19,5.4,2.6,43.1,15.3,5537.42,5610.4,0,0.0,0.0,0.0,0.189703,0.431307
2023-01-20,2.3,0.0,40.2,13.4,5491.67,6105.83,0,0.0,0.0,0.0,0.145999,0.285365
2023-01-21,3.9,0.0,43.6,13.2,5810.94,6533.0,0,0.0,0.0,0.0,0.161377,0.28914
2023-01-22,3.0,0.0,37.5,12.6,5634.41,6113.12,0,0.0,0.0,0.0,0.139378,0.30475
2023-01-23,3.8,0.0,50.7,15.5,5741.0,5443.29,0,0.0,0.054693,0.0,0.191777,0.512416
2023-01-24,6.5,0.0,34.3,14.2,5847.52,6417.58,0,0.0,0.0,0.0,0.168793,0.321885
2023-01-25,6.2,0.0,43.3,14.8,5631.49,6375.55,0,0.0,0.0,0.0,0.18832,0.308868
2023-01-26,7.7,0.0,42.9,13.5,5740.3,6090.08,0,0.0,0.0,0.0,0.187426,0.377167
2023-01-27,7.8,0.0,43.6,13.3,5646.83,6633.49,0,0.0,0.0,0.0,0.187855,0.271007
2023-01-28,10.0,0.0,40.3,13.8,5751.17,5560.11,0,0.0,0.034363,0.0,0.200026,0.496931
2023-01-29,11.3,27.0,44.0,13.6,5681.6,6210.8,0,0.0,0.0,0.0,0.246932,0.404252
2023-01-30,10.1,0.0,46.3,16.9,5517.78,5439.02,0,0.0,0.014481,0.0,0.235855,0.50955
2023-01-31,10.2,0.0,44.4,12.6,5603.5,6257.37,0,0.0,0.0,0.0,0.199773,0.334574
2023-02-01,12.8,0.0,47.7,15.6,5734.61,6242.76,0,0.0,0.0,0.0,0.246246,0.408011
2023-02-02,13.6,0.0,37.8,13.0,5603.86,6520.01,0,0.0,0.0,0.0,0.212895,0.305649
2023-02-03,10.7,0.0,54.9,13.3,5382.8,5821.39,0,0.0,0.0,0.0,0.228157,0.396994
2023-02-04,12.5,0.0,46.3,14.4,5678.28,5817.67,0,0.0,0.0,0.0,0.232384,0.461203
2023-02-05,10.5,0.0,31.8,15.3,5440.76,5544.48,0,0.0,0.0,0.0,0.198959,0.433911
2023-02-06,14.0,0.0,48.2,13.5,5761.73,5959.0,0,0.0,0.0,0.0,0.238889,0.457033
2023-02-07,16.1,7.9,47.2,12.5,5668.98,5770.02,0,0.0,0.0,0.0,0.252779,0.489126
2023-02-08,16.3,0.0,42.3,18.3,5547.83,6296.06,0,0.0,0.0,0.0,0.280024,0.398079
2023-02-09,16.2,0.0,54.4,12.2,5525.94,6246.33,0,0.0,0.0,0.0,0.254984,0.377137
2023-02-10,15.5,4.4,54.3,12.5,5465.51,5223.48,0,0.0,0.046336,0.0,0.257866,0.568748
2023-02-11,16.8,0.0,50.6,17.3,5611.96,5906.12,0,0.0,0.0,0.0,0.291166,0.489812
2023-02-12,15.7,0.0,49.6,16.3,5438.82,5732.18,0,0.0,0.0,0.0,0.274325,0.47137
2023-02-13,16.2,0.0,52.1,17.6,5538.87,5543.18,0,0.0,0.0,0.0,0.292339,0.548221
2023-02-14,17.8,0.0,42.0,12.9,5643.87,6081.89,0,0.0,0.0,0.0,0.247682,0.420395
2023-02-15,16.4,0.0,51.2,12.6,5407.3,6175.32,0,0.0,0.0,0.0,0.253389,0.36499
2023-02-16,15.1,0.0,56.7,15.7,5398.33,5971.54,0,0.0,0.0,0.0,0.279053,0.423784
2023-02-17,13.0,8.2,58.2,12.3,5355.96,6078.29,0,0.0,0.0,0.0,0.251794,0.369853
2023-02-18,11.7,0.0,46.0,12.6,5412.21,5437.85,0,0.0,0.0,0.0,0.21266,0.463946
2023-02-19,9.1,2.7,53.2,12.1,5351.67,5631.56,0,0.0,0.0,0.0,0.208459,0.407229
2023-02-20,12.3,0.0,46.3,12.7,5696.3,5706.35,0,0.0,0.0,0.0,0.217949,0.472683
2023-02-21,17.0,0.0,53.0,12.4,5798.47,6175.86,0,0.0,0.0,0.0,0.259176,0.444629
2023-02-22,20.0,0.0,48.8,12.1,5735.18,6140.97,1,0.5,0.0,0.0287,0.26876,0.448409
2023-02-23,16.4,0.0,48.6,13.6,5231.7,5809.64,1,0.5,0.0,0.0262,0.25623,0.396887
2023-02-24,18.3,0.0,55.1,12.9,5619.6,6365.6,0,0.0,0.0,0.0,0.27554,0.395519
2023-02-25,21.3,0.0,50.0,14.3,5734.65,6270.3,0,0.0,0.0,0.0,0.296554,0.453617
2023-02-26,20.0,0.0,50.0,12.1,5424.63,5401.89,0,0.0,0.004208,0.0,0.27101,0.532714
2023-02-27,20.1,0.0,56.1,12.5,5516.74,5322.62,0,0.0,0.03647,0.0,0.286193,0.585559
2023-02-28,16.0,3.3,48.1,12.7,5168.7,5596.47,0,0.0,0.0,0.0,0.249738,0.417297
2023-03-01,17.3,0.0,53.4,15.4,4788.01,5480.03,0,0.0,0.0,0.0,0.285051,0.394421
2023-03-02,15.8,0.0,47.7,14.8,4598.44,4821.18,0,0.0,0.0,0.0,0.259847,0.462703
2023-03-03,17.2,0.0,48.9,13.0,4778.45,4557.56,0,0.0,0.048466,0.0,0.257436,0.570806
2023-03-04,14.8,0.0,61.9,11.7,4532.06,5353.9,0,0.0,0.0,0.0,0.255961,0.333551
2023-03-05,17.2,0.0,54.3,15.6,4827.36,5217.56,0,0.0,0.0,0.0,0.287623,0.457108
2023-03-06,20.1,0.0,53.1,11.9,4895.99,5193.58,0,0.0,0.0,0.0,0.275938,0.465836
2023-03-07,18.9,0.0,61.3,13.0,4638.4,4529.01,0,0.0,0.024152,0.0,0.291891,0.576877
2023-03-08,17.3,0.0,65.5,14.2,4587.99,4822.08,0,0.0,0.0,0.0,0.298479,0.498597
2023-03-09,14.0,0.0,59.0,12.0,4464.98,4881.45,0,0.0,0.0,0.0,0.247565,0.404756
2023-03-10,15.3,4.0,64.2,12.1,4712.04,5096.96,0,0.0,0.0,0.0,0.271536,0.440164
2023-03-11,15.7,0.0,55.7,15.4,4667.12,4700.57,0,0.0,0.0,0.0,0.278818,0.527301
2023-03-12,14.1,0.0,59.0,13.0,4549.36,4760.47,0,0.0,0.0,0.0,0.25594,0.46096
2023-03-13,17.0,0.0,59.1,11.3,4814.56,4868.44,0,0.0,0.0,0.0,0.262126,0.505996
2023-03-14,17.5,0.0,61.1,12.2,4685.88,5411.45,0,0.0,0.0,0.0,0.276116,0.37638
2023-03-15,16.7,0.0,64.6,11.8,4596.71,5085.69,0,0.0,0.0,0.0,0.274319,0.418865
2023-03-16,17.2,0.0,52.8,11.1,4670.97,4750.23,0,0.0,0.0,0.0,0.250088,0.487399
2023-03-17,20.9,0.0,56.0,11.1,4902.66,4786.89,0,0.0,0.024185,0.0,0.280476,0.565499
2023-03-18,23.0,0.0,58.3,13.1,4874.61,5203.65,0,0.0,0.0,0.0,0.314062,0.497034
2023-03-19,23.3,0.0,56.2,11.4,4780.68,4871.28,0,0.0,0.0,0.0,0.298985,0.534063
2023-03-20,25.0,0.0,62.6,13.1,4954.34,5071.49,1,0.5,0.0,0.0248,0.335308,0.565131
2023-03-21,22.9,0.0,62.8,14.5,4617.58,4518.22,0,0.0,0.021992,0.0,0.332643,0.615105
2023-03-22,23.7,0.0,62.4,10.7,4819.28,4753.16,0,0.0,0.01391,0.0,0.307845,0.580874
2023-03-23,24.7,0.0,60.4,13.0,4874.05,5167.7,0,0.0,0.0,0.0,0.328434,0.518887
2023-03-24,24.2,0.0,69.5,12.5,4765.47,4923.62,0,0.0,0.0,0.0,0.338342,0.557634
2023-03-25,25.7,0.0,64.1,13.2,4954.49,5981.46,0,0.0,0.0,0.0,0.343506,0.399862
2023-03-26,24.6,0.0,62.6,17.1,4735.28,5149.32,0,0.0,0.0,0.0,0.363535,0.526458
2023-03-27,26.3,11.9,67.0,11.9,4988.55,4876.02,0,0.0,0.023077,0.0,0.357386,0.641118
2023-03-28,27.8,0.0,67.7,11.8,5052.69,4816.5,0,0.0,0.049037,0.0,0.353295,0.667332
2023-03-29,22.2,0.0,65.3,12.1,4341.24,4667.2,0,0.0,0.0,0.0,0.314198,0.489456
2023-03-30,25.9,0.0,60.3,10.9,5073.11,5199.93,0,0.0,0.0,0.0,0.319952,0.54827
2023-03-31,20.5,0.0,73.7,16.0,4315.71,4893.51,0,0.0,0.0,0.0,0.348836,0.467785
2023-04-01,21.1,1.9,68.0,10.1,4662.21,4978.11,0,0.0,0.0,0.0,0.298896,0.481605
2023-04-02,24.9,0.0,59.7,11.1,5009.7,4634.48,1,0.5,0.080963,0.2028,0.313779,0.665085
2023-04-03,25.3,0.0,56.7,11.0,4828.99,4760.31,0,0.0,0.014429,0.0,0.310019,0.583652
2023-04-04,23.4,0.0,69.5,10.6,4591.93,4626.17,0,0.0,0.0,0.0,0.318409,0.566559
2023-04-05,22.7,0.0,72.8,11.2,4619.87,4979.52,0,0.0,0.0,0.0,0.324612,0.497085
2023-04-06,26.4,5.1,70.2,10.8,5068.69,4985.95,0,0.0,0.016594,0.0,0.347261,0.623424
2023-04-07,23.6,0.0,70.0,10.3,4533.48,4803.8,1,0.5,0.0,0.0227,0.31835,0.509448
2023-04-08,27.5,0.0,70.4,11.3,5126.96,4951.73,0,0.0,0.035387,0.0,0.352522,0.650624
2023-04-09,28.3,0.8,67.7,11.5,4981.15,5232.15,0,0.0,0.0,0.0,0.355252,0.556039
2023-04-10,26.7,0.0,59.3,18.7,4752.29,5100.69,0,0.0,0.0,0.0,0.383535,0.560586
2023-04-11,26.7,1.7,64.9,10.0,4842.38,5530.36,0,0.0,0.0,0.0,0.32898,0.440545
2023-04-12,25.9,0.0,72.2,11.8,4748.72,5059.63,0,0.0,0.0,0.0,0.349209,0.534263
2023-04-13,29.0,0.0,71.4,11.6,5146.35,5138.87,0,0.0,0.001456,0.0,0.366599,0.625088
2023-04-14,31.4,0.0,67.8,12.9,5219.42,5971.33,0,0.0,0.0,0.0,0.385699,0.49549
2023-04-15,28.4,2.3,66.8,12.4,4735.68,4917.81,0,0.0,0.0,0.0,0.362998,0.576554
2023-04-16,28.7,2.2,70.7,9.2,4944.01,5432.15,0,0.0,0.0,0.0,0.347475,0.499361
2023-04-17,28.1,0.0,67.8,10.3,4852.79,4908.05,0,0.0,0.0,0.0,0.343886,0.587532
2023-04-18,31.9,0.0,69.3,9.5,5325.12,5621.83,0,0.0,0.0,0.0,0.365573,0.56075
2023-04-19,29.8,0.0,70.6,9.2,4842.01,4839.68,0,0.0,0.00048,0.0,0.351853,0.609205
2023-04-20,34.0,0.0,66.3,10.1,5456.55,5840.16,0,0.0,0.0,0.0,0.378419,0.558528
2023-04-21,34.2,0.0,74.4,11.3,5208.39,5732.57,0,0.0,0.0,0.0,0.404184,0.554228
2023-04-22,32.1,0.0,69.8,14.0,4954.85,5048.13,0,0.0,0.0,0.0,0.402551,0.63777
2023-04-23,31.5,0.0,73.3,10.4,5007.15,5083.7,0,0.0,0.0,0.0,0.37738,0.616591
2023-04-24,30.8,0.0,71.3,9.2,4962.13,5321.78,0,0.0,0.0,0.0,0.359757,0.537653
2023-04-25,29.3,0.0,78.9,10.5,4835.16,4825.61,0,0.0,0.00198,0.0,0.374151,0.633251
2023-04-26,30.9,0.0,74.1,11.1,5102.67,4869.84,0,0.0,0.047812,0.0,0.380327,0.692931
2023-04-27,29.6,0.0,73.7,13.0,4853.18,5203.83,0,0.0,0.0,0.0,0.385669,0.563796
2023-04-28,26.7,0.0,73.7,8.8,4606.22,4805.27,0,0.0,0.0,0.0,0.334146,0.542578
2023-04-29,28.1,0.0,82.4,8.5,4925.06,5131.33,0,0.0,0.0,0.0,0.357372,0.567235
2023-04-30,26.3,0.0,72.0,10.3,4647.66,5032.61,1,0.832,0.0,0.0387,0.339896,0.50739
2023-05-01,27.1,0.0,73.2,9.7,4832.24,5275.01,0,0.0,0.0,0.0,0.34279,0.501591
2023-05-02,27.4,0.0,73.0,9.2,4820.06,5012.17,1,0.5,0.0,0.0241,0.340534,0.552579
2023-05-03,27.8,0.0,62.9,9.5,4840.49,4740.16,0,0.0,0.021167,0.0,0.326548,0.608047
2023-05-04,33.9,0.0,73.3,8.4,5514.48,5568.35,0,0.0,0.0,0.0,0.377768,0.623264
2023-05-05,34.9,0.0,78.1,7.9,5249.07,5704.96,0,0.0,0.0,0.0,0.389501,0.553003
2023-05-06,36.2,0.0,75.7,10.9,5328.54,5640.75,0,0.0,0.0,0.0,0.416718,0.608893
2023-05-07,33.2,7.7,82.8,10.6,4899.78,4975.07,0,0.0,0.0,0.0,0.417336,0.656459
2023-05-08,33.0,0.0,77.3,7.9,5066.61,5069.57,1,3.745,0.0,0.1897,0.375477,0.631585
2023-05-09,34.7,12.3,79.1,9.0,5266.4,5734.7,0,0.0,0.0,0.0,0.413553,0.575012
2023-05-10,33.6,17.0,82.4,10.3,5031.26,5212.56,0,0.0,0.0,0.0,0.428255,0.644441
2023-05-11,36.6,0.0,75.6,9.9,5449.31,5980.19,0,0.0,0.0,0.0,0.411451,0.564607
2023-05-12,34.9,3.2,73.3,8.1,5051.13,5583.51,0,0.0,0.0,0.0,0.385948,0.531428
2023-05-13,35.3,0.1,73.4,9.2,5210.25,5368.08,0,0.0,0.0,0.0,0.393478,0.615945
2023-05-14,35.1,0.0,62.2,7.6,5155.54,5721.76,0,0.0,0.0,0.0,0.358692,0.499957
2023-05-15,36.5,0.0,82.2,10.5,5327.13,5639.94,0,0.0,0.0,0.0,0.427796,0.619838
2023-05-16,36.0,2.3,73.9,8.4,5180.51,5526.92,0,0.0,0.0,0.0,0.395541,0.579162
2023-05-17,36.4,4.3,70.3,9.0,5254.15,4792.36,0,0.0,0.09636,0.0,0.398497,0.767777
2023-05-18,36.8,0.0,72.7,9.3,5274.77,5215.86,0,0.0,0.011294,0.0,0.402702,0.672677
2023-05-19,36.2,0.0,83.3,8.2,5173.06,5132.96,0,0.0,0.007812,0.0,0.410134,0.676044
2023-05-20,38.1,0.0,75.0,9.1,5439.83,5602.61,0,0.0,0.0,0.0,0.41404,0.636912
2023-05-21,39.2,0.0,76.0,10.2,5442.24,5753.56,0,0.0,0.0,0.0,0.431653,0.625276
2023-05-22,39.5,0.0,85.2,7.2,5400.6,5723.46,0,0.0,0.0,0.0,0.427732,0.618669
2023-05-23,39.0,0.0,79.0,10.7,5326.32,5688.52,0,0.0,0.0,0.0,0.439818,0.622277
2023-05-24,41.1,0.0,73.4,7.5,5606.65,5645.05,0,0.0,0.0,0.0,0.418468,0.667317
2023-05-25,40.8,0.0,66.4,8.9,5425.74,5933.35,0,0.0,0.0,0.0,0.414168,0.571084
2023-05-26,40.4,0.0,78.1,7.7,5399.06,6284.43,0,0.0,0.0,0.0,0.42421,0.516533
2023-05-27,40.9,0.0,71.6,8.5,5485.37,5637.54,0,0.0,0.0,0.0,0.421491,0.64677
2023-05-28,44.5,0.0,78.3,10.2,5890.28,5938.52,0,0.0,0.0,0.0,0.4709,0.718207
2023-05-29,41.4,0.0,74.7,7.9,5266.56,5302.5,0,0.0,0.0,0.0,0.42597,0.674847
2023-05-30,43.1,0.6,77.2,8.5,5680.02,5994.61,1,2.877,0.0,0.1634,0.447224,0.64275
2023-05-31,39.2,0.0,79.5,10.9,5096.7,5182.72,0,0.0,0.0,0.0,0.443617,0.681031
2023-06-01,40.3,22.6,72.0,7.1,6634.77,6243.24,0,0.0,0.062711,0.0,0.435058,0.765059
2023-06-02,43.9,0.0,75.6,6.6,7076.7,6781.07,0,0.0,0.043597,0.0,0.434105,0.741789
2023-06-03,44.6,0.0,74.9,9.6,6889.14,7676.37,0,0.0,0.0,0.0,0.460554,0.597624
2023-06-04,44.5,0.0,76.4,7.3,6819.73,7711.43,0,0.0,0.0,0.0,0.444961,0.56676
2023-06-05,43.0,9.4,79.8,7.0,6603.08,7598.78,0,0.0,0.0,0.0,0.450603,0.554423
2023-06-06,43.1,6.4,77.3,9.9,6726.86,7159.11,0,0.0,0.0,0.0,0.465291,0.651596
2023-06-07,42.5,3.2,72.4,6.5,6642.39,6559.84,0,0.0,0.012583,0.0,0.422009,0.69349
2023-06-08,41.0,0.0,69.2,8.1,6467.81,6612.72,0,0.0,0.0,0.0,0.414564,0.645772
2023-06-09,40.8,0.0,66.8,11.1,6557.28,6269.03,0,0.0,0.045979,0.0,0.431894,0.742361
2023-06-10,41.6,0.0,75.3,6.0,6691.19,6380.83,0,0.0,0.048639,0.0,0.413752,0.727324
2023-06-11,40.4,0.0,77.3,11.1,6444.57,6870.44,0,0.0,0.0,0.0,0.448945,0.633373
2023-06-12,39.3,0.0,72.9,6.6,6387.47,6923.74,0,0.0,0.0,0.0,0.398722,0.565092
2023-06-13,37.3,0.0,78.7,6.6,6190.44,7263.72,0,0.0,0.0,0.0,0.396414,0.48071
2023-06-14,39.2,14.4,77.5,5.6,6617.87,6914.12,0,0.0,0.0,0.0,0.416541,0.623311
2023-06-15,41.1,8.3,76.0,7.4,6737.04,6497.58,0,0.0,0.036853,0.0,0.432699,0.732512
2023-06-16,41.9,31.0,74.8,5.8,6711.72,6995.76,0,0.0,0.0,0.0,0.451072,0.660463
2023-06-17,44.1,0.0,72.0,7.8,6962.53,7186.76,0,0.0,0.0,0.0,0.437932,0.658299
2023-06-18,44.1,0.0,78.7,6.6,6784.44,6913.7,0,0.0,0.0,0.0,0.441235,0.676199
2023-06-19,44.6,0.0,81.0,7.1,6869.45,7361.69,0,0.0,0.0,0.0,0.452702,0.631434
2023-06-20,44.9,0.0,72.9,7.9,6865.41,6683.4,0,0.0,0.027234,0.0,0.445664,0.734246
2023-06-21,44.4,0.0,78.1,11.7,6761.78,7155.55,0,0.0,0.0,0.0,0.48144,0.673988
2023-06-22,43.0,7.7,82.6,6.6,6609.05,7210.79,0,0.0,0.0,0.0,0.450692,0.610062
2023-06-23,47.4,18.5,73.4,7.5,7377.95,8406.76,0,0.0,0.0,0.0,0.482566,0.596491
2023-06-24,45.6,0.0,74.9,7.2,6742.92,7211.91,0,0.0,0.0,0.0,0.448627,0.629501
2023-06-25,43.7,0.0,74.2,6.9,6613.4,7378.68,0,0.0,0.0,0.0,0.432476,0.568189
2023-06-26,44.4,0.0,78.4,5.1,6868.68,7020.03,1,3.041,0.0,0.2089,0.431076,0.662697
2023-06-27,44.6,188.9,98.7,13.1,6840.9,7192.84,1,2.372,0.0,0.1623,0.762664,0.962334
2023-06-28,41.4,0.0,74.3,5.1,6362.46,7220.85,0,0.0,0.0,0.0,0.403615,0.521628
2023-06-29,43.9,0.0,71.3,9.7,6984.99,6730.67,0,0.0,0.037786,0.0,0.449962,0.750863
2023-06-30,43.4,0.0,74.6,9.8,6715.37,6880.58,0,0.0,0.0,0.0,0.453625,0.682384
2023-07-01,41.0,42.3,88.9,7.5,6403.24,7178.62,0,0.0,0.0,0.0,0.498482,0.629178
2023-07-02,43.7,0.0,79.5,8.3,6988.86,7245.36,0,0.0,0.0,0.0,0.453216,0.668678
2023-07-03,44.6,0.0,78.1,4.9,6917.04,7138.44,1,1.597,0.0,0.1105,0.430289,0.650872
2023-07-04,41.6,0.0,66.8,7.1,6399.26,6612.26,0,0.0,0.0,0.0,0.406303,0.625488
2023-07-05,45.3,0.0,69.2,5.4,7185.51,7597.82,0,0.0,0.0,0.0,0.422073,0.615512
2023-07-06,46.0,0.0,76.4,5.0,6989.46,7817.18,0,0.0,0.0,0.0,0.437101,0.570281
2023-07-07,45.1,0.0,74.2,8.1,6810.52,7547.6,0,0.0,0.0,0.0,0.450963,0.593747
2023-07-08,47.6,0.0,69.6,7.0,7258.09,7626.24,1,0.5,0.0,0.0363,0.450329,0.650764
2023-07-09,46.8,38.0,75.6,4.8,6923.73,7746.41,0,0.0,0.0,0.0,0.485695,0.618505
2023-07-10,45.7,4.6,52.1,9.0,6834.44,7323.32,1,3.388,0.0,0.2316,0.426037,0.604895
2023-07-11,43.5,8.6,64.4,5.8,6605.51,7293.3,0,0.0,0.0,0.0,0.414788,0.561487
2023-07-12,44.2,0.0,68.5,7.3,6889.39,6787.52,0,0.0,0.015009,0.0,0.428171,0.702482
2023-07-13,44.6,39.7,78.3,5.3,6886.68,7985.3,0,0.0,0.0,0.0,0.482188,0.578367
2023-07-14,43.9,41.1,81.9,6.3,6760.38,7192.18,0,0.0,0.0,0.0,0.493749,0.680451
2023-07-15,41.7,0.0,72.4,7.4,6498.45,5698.21,0,0.0,0.140437,0.0,0.419776,0.840512
2023-07-16,41.8,0.0,80.4,6.2,6686.76,7720.2,1,1.011,0.0,0.0676,0.426176,0.526695
2023-07-17,41.4,6.1,66.5,6.8,7954.19,8354.43,0,0.0,0.0,0.0,0.40955,0.610413
2023-07-18,38.5,4.7,60.0,5.6,6248.61,6405.35,0,0.0,0.0,0.0,0.36728,0.595503
2023-07-19,35.9,0.0,63.7,7.1,6107.28,6179.6,0,0.0,0.0,0.0,0.362919,0.606047
2023-07-20,37.9,26.3,83.1,6.5,6591.29,7103.36,0,0.0,0.0,0.0,0.439936,0.61257
2023-07-21,33.1,0.0,67.9,4.1,5771.92,5737.47,0,0.0,0.006004,0.0,0.329191,0.592991
2023-07-22,34.8,0.0,72.6,5.8,6377.86,6464.95,0,0.0,0.0,0.0,0.362326,0.60339
2023-07-23,34.8,7.4,66.3,7.9,6247.89,6342.66,0,0.0,0.0,0.0,0.375746,0.615093
2023-07-24,38.4,0.0,64.5,4.2,6759.68,6973.21,1,0.836,0.0,0.0565,0.358521,0.579563
2023-07-25,37.5,3.4,59.0,9.2,6367.32,6479.02,0,0.0,0.0,0.0,0.385005,0.621669
2023-07-26,39.1,0.0,64.8,4.3,6665.92,7357.36,0,0.0,0.0,0.0,0.364469,0.511547
2023-07-27,38.3,10.0,68.8,6.2,6422.4,6853.2,0,0.0,0.0,0.0,0.393558,0.576964
2023-07-28,38.6,30.5,77.9,10.0,6535.83,7024.45,0,0.0,0.0,0.0,0.466931,0.642517
2023-07-29,40.0,3.0,69.2,6.5,6723.41,7318.21,0,0.0,0.0,0.0,0.399287,0.561194
2023-07-30,38.7,0.0,75.3,7.4,6427.75,6711.44,0,0.0,0.0,0.0,0.40544,0.612884
2023-07-31,40.6,7.3,66.1,7.8,6803.09,6705.94,0,0.0,0.014486,0.0,0.412707,0.686409
2023-08-01,38.0,25.3,72.3,6.8,6292.65,7322.92,0,0.0,0.0,0.0,0.42144,0.513987
2023-08-02,38.5,36.9,73.6,4.7,6566.53,7278.56,0,0.0,0.0,0.0,0.425123,0.567711
2023-08-03,40.1,0.0,60.6,5.4,6764.8,7790.4,0,0.0,0.0,0.0,0.371673,0.474775
2023-08-04,40.8,15.7,69.8,4.7,6745.78,7522.73,0,0.0,0.0,0.0,0.407292,0.543512
2023-08-05,43.8,0.0,62.1,9.6,7141.04,7290.98,0,0.0,0.0,0.0,0.431281,0.664063
2023-08-06,40.9,0.0,71.5,5.4,6467.79,5834.45,0,0.0,0.108552,0.0,0.397384,0.780898
2023-08-07,37.2,0.0,58.9,8.1,6182.37,6012.77,0,0.0,0.028207,0.0,0.370204,0.659922
2023-08-08,35.0,0.0,60.9,7.1,6158.64,6713.54,0,0.0,0.0,0.0,0.351737,0.512037
2023-08-09,36.5,51.9,69.0,6.1,6544.14,6897.69,0,0.0,0.0,0.0,0.432419,0.629372
2023-08-10,37.3,0.0,63.6,4.8,6550.2,6704.46,0,0.0,0.0,0.0,0.354213,0.584143
2023-08-11,37.1,0.0,55.0,5.0,6464.37,5771.26,0,0.0,0.120097,0.0,0.338313,0.735304
2023-08-12,34.5,34.1,69.8,5.1,6111.92,6412.46,0,0.0,0.0,0.0,0.391303,0.593379
2023-08-13,36.1,0.0,55.1,4.6,6545.81,6426.99,0,0.0,0.018488,0.0,0.328823,0.607195
2023-08-14,33.3,43.1,66.5,11.3,6039.44,6065.8,0,0.0,0.0,0.0,0.436026,0.687743
2023-08-15,35.8,0.0,56.4,7.1,6606.79,7290.97,0,0.0,0.0,0.0,0.348573,0.495815
2023-08-16,41.2,0.0,63.6,6.2,7201.82,7094.97,0,0.0,0.015059,0.0,0.390722,0.665093
2023-08-17,40.5,0.0,59.1,4.3,6673.57,6614.69,0,0.0,0.008901,0.0,0.36301,0.630191
2023-08-18,40.2,81.3,79.0,17.3,6702.43,7258.23,0,0.0,0.0,0.0,0.597848,0.765244
2023-08-19,37.8,0.0,61.7,5.8,6381.04,7050.78,0,0.0,0.0,0.0,0.361662,0.507563
2023-08-20,33.2,0.0,55.3,6.2,5924.96,6070.89,0,0.0,0.0,0.0,0.322428,0.551156
2023-08-21,31.9,15.7,52.3,6.2,6093.2,6961.08,1,1.338,0.0,0.0815,0.32739,0.438633
2023-08-22,29.8,0.0,52.4,7.1,5908.51,5727.97,0,0.0,0.031519,0.0,0.301525,0.59511
2023-08-23,27.4,0.0,56.1,4.7,5738.01,5499.28,0,0.0,0.043412,0.0,0.274125,0.581593
2023-08-24,31.7,0.0,57.0,5.4,6516.36,6210.26,0,0.0,0.04929,0.0,0.309556,0.623886
2023-08-25,32.2,0.0,59.7,7.0,6270.11,5930.97,0,0.0,0.05718,0.0,0.33026,0.653803
2023-08-26,32.8,9.0,58.1,7.1,6317.95,6767.81,0,0.0,0.0,0.0,0.342967,0.522159
2023-08-27,31.8,18.7,66.0,6.5,6143.31,6072.05,0,0.0,0.011737,0.0,0.358394,0.628884
2023-08-28,31.2,10.5,60.3,8.0,6141.18,5902.65,0,0.0,0.040412,0.0,0.345321,0.649286
2023-08-29,33.0,7.5,50.3,5.8,6437.03,6912.9,0,0.0,0.0,0.0,0.317799,0.494227
2023-08-30,32.3,0.0,42.4,6.2,6217.76,6851.41,0,0.0,0.0,0.0,0.292309,0.441132
2023-08-31,32.9,0.0,49.8,8.1,6350.93,7088.93,0,0.0,0.0,0.0,0.324799,0.460055
2023-09-01,31.8,20.7,60.4,5.0,5253.09,5805.41,0,0.0,0.0,0.0,0.33876,0.484485
2023-09-02,30.6,0.0,56.0,10.3,5183.36,5142.72,0,0.0,0.007902,0.0,0.338239,0.604254
2023-09-03,27.4,48.0,65.3,7.9,4895.93,5225.88,0,0.0,0.0,0.0,0.374631,0.557714
2023-09-04,23.7,22.5,59.7,5.7,4671.96,5051.8,0,0.0,0.0,0.0,0.291655,0.460669
2023-09-05,24.1,0.0,59.7,8.4,4943.22,5042.5,0,0.0,0.0,0.0,0.287672,0.521477
2023-09-06,25.0,0.0,52.8,5.3,5026.1,5329.58,0,0.0,0.0,0.0,0.256747,0.447062
2023-09-07,22.9,31.8,62.1,9.9,4744.86,4607.96,0,0.0,0.029709,0.0,0.334636,0.626109
2023-09-08,23.7,0.0,60.1,5.0,4961.5,5013.41,0,0.0,0.0,0.0,0.259551,0.504253
2023-09-09,24.5,0.0,42.7,5.3,5006.06,5373.62,0,0.0,0.0,0.0,0.234514,0.411453
2023-09-10,20.6,14.1,63.5,5.7,4583.07,5247.5,0,0.0,0.0,0.0,0.268098,0.377073
2023-09-11,20.0,0.0,38.3,5.9,4765.48,5349.44,0,0.0,0.0,0.0,0.201233,0.330586
2023-09-12,22.0,0.0,46.6,7.3,4959.87,5414.36,0,0.0,0.0,0.0,0.240781,0.399577
2023-09-13,23.5,16.4,51.7,8.5,5016.38,5292.39,0,0.0,0.0,0.0,0.289499,0.485406
2023-09-14,21.6,0.0,41.9,5.4,4730.41,4944.51,0,0.0,0.0,0.0,0.214671,0.420912
2023-09-15,22.6,0.0,48.9,10.5,4946.92,4743.12,0,0.0,0.042969,0.0,0.273739,0.580689
2023-09-16,25.1,0.0,49.1,7.9,5175.54,5161.89,0,0.0,0.002644,0.0,0.270531,0.530408
2023-09-17,26.6,0.0,52.8,12.4,5198.75,5195.74,0,0.0,0.00058,0.0,0.322078,0.579544
2023-09-18,25.9,0.0,52.3,7.0,5038.44,5472.8,0,0.0,0.0,0.0,0.274859,0.438996
2023-09-19,24.6,3.4,50.1,11.1,4931.7,5471.87,0,0.0,0.0,0.0,0.29795,0.439497
2023-09-20,23.1,29.7,61.1,13.0,4849.79,5317.33,0,0.0,0.0,0.0,0.355437,0.50958
2023-09-21,24.1,33.8,59.4,6.3,5052.24,5681.29,0,0.0,0.0,0.0,0.312146,0.439678
2023-09-22,24.3,58.7,60.5,6.3,5019.37,5346.12,0,0.0,0.0,0.0,0.345907,0.531346
2023-09-23,25.2,3.2,48.5,6.9,5120.33,5059.27,0,0.0,0.012069,0.0,0.266253,0.537132
2023-09-24,24.9,0.0,43.6,6.9,5033.52,5269.36,0,0.0,0.0,0.0,0.251184,0.455725
2023-09-25,26.0,26.8,47.1,7.9,5181.01,5203.47,0,0.0,0.0,0.0,0.305412,0.557163
2023-09-26,25.3,50.4,60.9,7.0,5043.63,5559.9,0,0.0,0.0,0.0,0.348523,0.496913
2023-09-27,26.1,0.0,38.4,9.5,5179.85,5321.66,0,0.0,0.0,0.0,0.269405,0.495086
2023-09-28,26.9,12.1,47.7,8.8,5225.11,5453.93,0,0.0,0.0,0.0,0.301478,0.50929
2023-09-29,24.0,0.0,33.8,6.7,4858.24,5313.45,0,0.0,0.0,0.0,0.225334,0.382111
2023-09-30,19.7,0.0,45.3,7.6,4634.2,4649.55,0,0.0,0.0,0.0,0.225498,0.478434
2023-10-01,22.9,0.0,41.0,9.9,5163.81,5735.6,0,0.0,0.0,0.0,0.256274,0.396684
2023-10-02,22.8,9.3,49.6,8.6,4969.33,4795.91,0,0.0,0.036161,0.0,0.273056,0.572059
2023-10-03,18.8,0.0,43.0,9.2,4647.97,4970.13,0,0.0,0.0,0.0,0.227599,0.408719
2023-10-04,17.5,1.5,43.5,7.0,4795.07,5007.36,1,0.658,0.0,0.0315,0.204822,0.412119
2023-10-05,19.3,0.0,43.8,8.1,5013.47,5525.45,0,0.0,0.0,0.0,0.223907,0.372527
2023-10-06,18.7,0.0,40.2,6.8,4858.89,4681.12,0,0.0,0.037975,0.0,0.203171,0.504294
2023-10-07,17.6,0.0,40.1,8.5,4824.73,4600.67,0,0.0,0.048702,0.0,0.20885,0.522494
2023-10-08,20.5,0.0,39.9,8.0,5105.93,5602.5,0,0.0,0.0,0.0,0.223732,0.377051
2023-10-09,17.9,0.0,41.8,8.7,4746.05,4866.47,0,0.0,0.0,0.0,0.215559,0.443462
2023-10-10,16.2,20.0,44.4,7.3,4782.67,4994.45,0,0.0,0.0,0.0,0.222828,0.430117
2023-10-11,16.9,0.0,44.1,9.3,4931.07,4972.67,0,0.0,0.0,0.0,0.217909,0.464933
2023-10-12,17.7,0.0,32.8,10.7,4957.4,5490.35,0,0.0,0.0,0.0,0.212797,0.356267
2023-10-13,18.5,0.0,33.9,6.9,4972.96,5315.35,0,0.0,0.0,0.0,0.190812,0.372403
2023-10-14,19.9,0.0,50.6,7.2,5033.95,5361.97,0,0.0,0.0,0.0,0.233667,0.419041
2023-10-15,19.6,0.0,38.7,7.8,4929.19,4812.44,0,0.0,0.024261,0.0,0.214007,0.499118
2023-10-16,19.8,0.0,35.6,8.3,4971.94,5377.62,0,0.0,0.0,0.0,0.213371,0.382094
2023-10-17,18.5,0.0,40.3,8.1,4861.9,4801.08,0,0.0,0.012668,0.0,0.212071,0.48365
2023-10-18,18.0,0.0,44.0,7.6,4909.22,4951.0,0,0.0,0.0,0.0,0.211855,0.458794
2023-10-19,17.6,0.0,43.2,9.4,4915.81,4738.76,0,0.0,0.037363,0.0,0.221607,0.522014
2023-10-20,17.5,0.0,36.0,9.4,4931.62,5129.56,0,0.0,0.0,0.0,0.207448,0.41919
2023-10-21,18.5,0.0,36.9,8.4,5013.56,5600.46,0,0.0,0.0,0.0,0.208011,0.342463
2023-10-22,18.8,0.0,37.6,9.9,4981.61,5301.83,0,0.0,0.0,0.0,0.222875,0.409156
2023-10-23,17.9,0.0,40.6,9.0,4906.5,5015.25,0,0.0,0.0,0.0,0.215623,0.447099
2023-10-24,15.5,0.0,39.1,13.5,4781.06,5052.99,0,0.0,0.0,0.0,0.231714,0.425679
2023-10-25,15.3,0.0,34.1,7.9,4909.95,5187.5,0,0.0,0.0,0.0,0.177811,0.372141
2023-10-26,14.8,0.0,35.9,8.4,4900.78,5166.21,0,0.0,0.0,0.0,0.181748,0.378559
2023-10-27,14.9,0.0,37.0,9.1,4930.86,5232.49,0,0.0,0.0,0.0,0.189871,0.379365
2023-10-28,18.9,7.5,47.4,11.9,5224.36,5143.28,0,0.0,0.015764,0.0,0.266492,0.541685
2023-10-29,16.6,0.0,37.0,11.1,4823.01,5096.53,0,0.0,0.0,0.0,0.216508,0.410646
2023-10-30,16.6,0.0,54.3,10.6,4962.08,4661.47,0,0.0,0.064487,0.0,0.245088,0.577162
2023-10-31,17.9,0.0,36.2,8.4,5057.06,5493.31,0,0.0,0.0,0.0,0.202744,0.366825
2023-11-01,16.9,0.0,29.0,9.0,4914.41,4818.71,0,0.0,0.01986,0.0,0.187282,0.467257
2023-11-02,20.6,0.0,39.0,9.7,5243.66,5894.87,0,0.0,0.0,0.0,0.235821,0.363647
2023-11-03,18.0,0.0,42.3,11.9,4844.43,4340.37,0,0.0,0.116134,0.0,0.241847,0.634211
2023-11-04,17.4,0.0,39.3,9.9,4947.64,5716.94,0,0.0,0.0,0.0,0.216835,0.316534
2023-11-05,14.5,0.0,37.8,11.2,4794.53,4539.12,0,0.0,0.056268,0.0,0.204938,0.527416
2023-11-06,13.1,0.0,34.7,11.0,4894.38,4769.11,0,0.0,0.026268,0.0,0.188355,0.475809
2023-11-07,13.2,0.0,35.1,11.4,4981.02,5323.92,0,0.0,0.0,0.0,0.19285,0.374451
2023-11-08,14.3,0.0,24.7,9.4,5041.99,5490.62,0,0.0,0.0,0.0,0.165168,0.326571
2023-11-09,14.2,0.0,40.6,11.9,4966.69,5126.36,0,0.0,0.0,0.0,0.213612,0.434041
2023-11-10,15.9,1.6,34.6,11.4,5085.09,5625.3,0,0.0,0.0,0.0,0.211661,0.356343
2023-11-11,14.6,0.0,41.8,14.4,4895.81,4894.92,0,0.0,0.000183,0.0,0.237789,0.494791
2023-11-12,13.0,0.0,33.3,10.0,4899.68,5021.29,0,0.0,0.0,0.0,0.177354,0.405871
2023-11-13,17.7,2.3,36.1,11.0,5297.49,5461.54,0,0.0,0.0,0.0,0.224106,0.44583
2023-11-14,16.9,0.0,42.0,9.4,4957.95,5037.68,0,0.0,0.0,0.0,0.214743,0.453057
2023-11-15,14.0,0.0,42.3,9.3,4818.21,4472.0,0,0.0,0.077416,0.0,0.195419,0.542586
2023-11-16,11.6,0.0,39.8,15.4,4879.51,5115.9,0,0.0,0.0,0.0,0.221981,0.424829
2023-11-17,9.2,0.0,26.1,11.6,4899.51,5108.98,0,0.0,0.0,0.0,0.151153,0.360079
2023-11-18,11.1,0.0,29.0,9.5,5135.91,5741.57,0,0.0,0.0,0.0,0.15291,0.286554
2023-11-19,9.9,0.0,38.8,12.0,4970.02,4815.88,0,0.0,0.032007,0.0,0.182666,0.476821
2023-11-20,9.9,0.0,31.8,10.6,5044.15,5093.17,0,0.0,0.0,0.0,0.158738,0.404292
2023-11-21,9.5,0.0,35.6,12.3,5025.16,5657.42,0,0.0,0.0,0.0,0.176344,0.302668
2023-11-22,10.8,0.0,36.2,12.9,5112.69,5462.79,0,0.0,0.0,0.0,0.190667,0.37264
2023-11-23,8.6,0.0,36.4,11.8,4928.35,5345.34,0,0.0,0.0,0.0,0.168054,0.333775
2023-11-24,6.3,0.0,29.8,11.0,4948.16,5336.92,0,0.0,0.0,0.0,0.134346,0.306098
2023-11-25,7.1,0.0,40.2,11.5,5127.82,5532.13,0,0.0,0.0,0.0,0.162977,0.334449
2023-11-26,8.5,0.0,32.4,12.7,5150.46,5998.88,1,0.5,0.0,0.0258,0.166839,0.258524
2023-11-27,9.1,0.0,38.0,13.1,5094.87,5379.0,0,0.0,0.0,0.0,0.18438,0.379505
2023-11-28,7.2,0.0,34.0,10.7,4967.47,4899.34,0,0.0,0.013905,0.0,0.145838,0.418862
2023-11-29,8.6,0.0,44.6,10.3,5159.58,5625.2,0,0.0,0.0,0.0,0.171855,0.332015
2023-11-30,6.9,22.7,47.9,10.5,4984.67,5055.99,0,0.0,0.0,0.0,0.196077,0.4364
2023-12-01,6.0,11.2,48.5,11.5,5657.57,5901.27,0,0.0,0.0,0.0,0.184954,0.393535
2023-12-02,4.4,0.0,43.3,13.3,5627.49,6040.11,0,0.0,0.0,0.0,0.164882,0.341923
2023-12-03,7.6,0.0,34.4,11.7,5926.13,5915.79,0,0.0,0.001748,0.0,0.156941,0.415771
2023-12-04,8.8,0.0,32.4,10.7,5778.25,5881.4,0,0.0,0.0,0.0,0.153384,0.3897
2023-12-05,9.7,8.0,31.4,12.5,5748.22,6207.95,0,0.0,0.0,0.0,0.181091,0.351429
2023-12-06,11.7,0.0,36.4,12.0,5799.94,5889.46,0,0.0,0.0,0.0,0.19003,0.429075
2023-12-07,16.4,0.0,35.3,13.8,5964.09,6628.03,1,1.387,0.0,0.0827,0.232836,0.372686
2023-12-08,11.1,0.0,35.0,11.1,5319.73,5255.21,1,0.5,0.012277,0.0327,0.176506,0.447629
2023-12-09,8.8,0.0,31.1,12.9,5544.89,5476.47,0,0.0,0.012494,0.0,0.167922,0.439297
2023-12-10,7.3,0.0,37.1,12.7,5606.17,6559.67,0,0.0,0.0,0.0,0.167742,0.254841
2023-12-11,5.5,0.0,33.5,13.4,5614.2,5353.67,0,0.0,0.048662,0.0,0.154529,0.468129
2023-12-12,3.6,0.0,33.0,14.4,5625.56,5897.37,0,0.0,0.0,0.0,0.148784,0.351768
2023-12-13,3.7,0.0,36.3,10.9,5758.51,6718.13,0,0.0,0.0,0.0,0.128624,0.218662
2023-12-14,1.9,0.0,35.2,11.7,5646.36,5918.51,0,0.0,0.0,0.0,0.12087,0.32398
2023-12-15,3.6,0.0,28.6,12.3,5871.93,6663.74,0,0.0,0.0,0.0,0.12433,0.242405
2023-12-16,4.4,0.0,31.8,11.8,5800.48,6328.94,0,0.0,0.0,0.0,0.131745,0.291058
2023-12-17,5.9,0.0,38.5,12.9,5833.23,6122.25,0,0.0,0.0,0.0,0.162682,0.364361
2023-12-18,7.1,0.0,35.7,12.5,5804.33,6046.78,0,0.0,0.0,0.0,0.162256,0.372238
2023-12-19,8.3,0.0,26.4,11.4,5787.08,5303.76,0,0.0,0.091128,0.0,0.14424,0.507413
2023-12-20,7.3,0.0,39.7,13.9,5647.77,5816.61,0,0.0,0.0,0.0,0.181876,0.40478
2023-12-21,11.5,0.0,36.1,11.7,5952.36,6337.06,0,0.0,0.0,0.0,0.185835,0.371756
2023-12-22,11.0,0.0,31.1,13.2,5649.45,6014.38,0,0.0,0.0,0.0,0.184738,0.370694
2023-12-23,6.5,0.0,33.2,11.7,5413.38,6525.01,0,0.0,0.0,0.0,0.14744,0.205346
2023-12-24,4.6,5.7,39.0,13.2,6734.41,7190.33,0,0.0,0.0,0.0,0.164321,0.347089
2023-12-25,1.7,0.0,25.8,12.8,5559.47,6058.15,0,0.0,0.0,0.0,0.110415,0.27111
2023-12-26,2.8,0.0,39.1,13.0,5838.53,6558.97,0,0.0,0.0,0.0,0.144146,0.272708
2023-12-27,3.5,0.0,42.1,13.5,5795.0,6282.08,0,0.0,0.0,0.0,0.158243,0.324519
2023-12-28,3.3,0.0,41.8,14.9,5739.94,5995.82,0,0.0,0.0,0.0,0.167164,0.374133
2023-12-29,8.1,0.0,43.3,12.5,6033.0,6303.79,0,0.0,0.0,0.0,0.183097,0.389739
2023-12-30,9.1,0.8,34.0,11.8,5755.5,5916.13,0,0.0,0.0,0.0,0.167826,0.39292
2023-12-31,10.3,0.0,43.0,12.9,5751.87,6200.43,0,0.0,0.0,0.0,0.200122,0.372458
2024-01-01,7.9,7.4,41.2,15.1,5536.17,5753.57,0,0.0,0.0,0.0,0.206932,0.419611
2024-01-02,5.8,0.0,34.0,11.6,5580.56,6079.3,0,0.0,0.0,0.0,0.143555,0.304572
2024-01-03,6.3,0.0,40.7,12.0,5745.59,5667.61,0,0.0,0.013759,0.0,0.162499,0.435351
2024-01-04,7.0,0.0,40.8,13.1,5749.69,6090.37,0,0.0,0.0,0.0,0.175789,0.367277
2024-01-05,3.5,0.0,46.5,15.5,5492.35,6304.01,0,0.0,0.0,0.0,0.181925,0.288409
2024-01-06,4.1,0.0,45.0,12.7,5768.38,5975.17,0,0.0,0.0,0.0,0.161462,0.37785
2024-01-07,4.9,0.0,35.7,13.1,5780.19,6740.33,0,0.0,0.0,0.0,0.152384,0.242881
2024-01-08,5.2,20.0,46.1,12.6,5732.26,6077.98,0,0.0,0.0,0.0,0.194406,0.384793
2024-01-09,4.2,0.0,41.3,12.9,5655.54,5918.19,0,0.0,0.0,0.0,0.156727,0.361708
2024-01-10,4.0,0.0,41.1,14.8,5708.58,6035.95,0,0.0,0.0,0.0,0.169694,0.363168
2024-01-11,4.6,0.0,38.5,15.2,5755.3,5930.15,0,0.0,0.0,0.0,0.171861,0.39423
2024-01-12,5.7,2.1,49.6,15.0,5771.43,5339.87,0,0.0,0.080818,0.0,0.200943,0.552081
2024-01-13,7.5,3.2,38.2,14.6,5809.78,6422.43,0,0.0,0.0,0.0,0.189688,0.335117
2024-01-14,10.0,0.0,49.1,12.4,5820.3,6915.34,0,0.0,0.0,0.0,0.205724,0.277657
2024-01-15,9.3,0.0,33.9,17.6,5606.8,6056.84,0,0.0,0.0,0.0,0.212733,0.382782
2024-01-16,8.4,0.0,39.4,17.2,5603.75,6075.04,0,0.0,0.0,0.0,0.214027,0.380252
2024-01-17,9.5,0.0,45.3,13.4,5725.45,5945.86,0,0.0,0.0,0.0,0.203019,0.416534
2024-01-18,10.8,0.0,36.5,15.6,5718.41,6421.43,0,0.0,0.0,0.0,0.212063,0.341046
2024-01-19,9.8,0.0,38.4,12.0,5569.49,5834.19,0,0.0,0.0,0.0,0.181257,0.385081
2024-01-20,11.4,0.0,45.0,16.0,5731.76,6114.84,0,0.0,0.0,0.0,0.235042,0.418697
2024-01-21,13.2,0.0,33.9,13.9,5712.59,5434.91,0,0.0,0.051092,0.0,0.20989,0.526325
2024-01-22,15.2,0.0,48.4,12.6,5713.13,5808.26,1,1.627,0.0,0.0929,0.240229,0.477899
2024-01-23,17.9,0.0,50.5,16.1,5793.42,6217.17,0,0.0,0.0,0.0,0.28897,0.466192
2024-01-24,14.8,0.0,51.0,12.1,5362.4,5937.0,0,0.0,0.0,0.0,0.23861,0.382415
2024-01-25,14.1,0.0,45.3,15.1,5527.05,6128.96,0,0.0,0.0,0.0,0.246457,0.388599
2024-01-26,13.5,0.0,41.8,16.1,5543.12,5268.8,0,0.0,0.052065,0.0,0.243655,0.561226
2024-01-27,12.9,0.0,42.4,16.7,5541.4,5302.56,0,0.0,0.045041,0.0,0.245455,0.554828
2024-01-28,11.4,0.0,46.0,12.1,5489.94,5966.47,1,1.398,0.0,0.0767,0.206824,0.370376
2024-01-29,8.5,0.0,45.5,12.3,5425.67,5441.68,0,0.0,0.0,0.0,0.188315,0.44167
2024-01-30,9.4,0.0,43.2,12.3,5669.72,6272.75,0,0.0,0.0,0.0,0.189935,0.334497
2024-01-31,8.5,0.0,53.3,14.9,5547.85,5255.48,0,0.0,0.055632,0.0,0.223002,0.544736
2024-02-01,9.5,0.0,44.5,17.5,5665.83,5913.99,0,0.0,0.0,0.0,0.233155,0.440959
2024-02-02,8.6,0.0,53.2,14.4,5540.79,5805.88,0,0.0,0.0,0.0,0.219616,0.423104
2024-02-03,7.3,0.0,46.8,13.0,5523.32,5966.67,0,0.0,0.0,0.0,0.188244,0.358291
2024-02-04,8.9,2.8,47.5,17.1,5707.59,5622.19,0,0.0,0.01519,0.0,0.235155,0.509678
2024-02-05,10.2,0.0,49.6,17.2,5657.5,5239.38,0,0.0,0.079804,0.0,0.245017,0.59497
2024-02-06,12.0,0.0,49.8,17.9,5679.52,6024.77,0,0.0,0.0,0.0,0.262657,0.452549
2024-02-07,16.8,10.2,49.4,12.6,5860.67,6348.07,0,0.0,0.0,0.0,0.265096,0.432254
2024-02-08,16.8,16.5,54.9,12.4,5545.75,6175.03,0,0.0,0.0,0.0,0.281552,0.419375
2024-02-09,17.4,0.0,51.7,12.2,5580.04,5732.99,0,0.0,0.0,0.0,0.257832,0.483477
2024-02-10,14.7,0.0,56.8,12.3,5330.19,5857.17,0,0.0,0.0,0.0,0.250369,0.402126
2024-02-11,12.2,0.0,49.3,12.1,5361.69,5793.86,0,0.0,0.0,0.0,0.218285,0.387997
2024-02-12,16.0,4.6,46.5,15.6,5761.17,6529.2,1,2.319,0.0,0.1336,0.270701,0.390169
2024-02-13,14.0,0.0,46.2,14.3,5374.36,5624.33,0,0.0,0.0,0.0,0.241312,0.446218
2024-02-14,12.3,0.0,61.7,24.6,5399.67,5081.18,0,0.0,0.062681,0.0,0.338645,0.668608
2024-02-15,13.0,0.0,40.8,13.5,5548.48,5802.26,0,0.0,0.0,0.0,0.218423,0.424153
2024-02-16,13.5,0.0,44.6,13.7,5526.26,5833.36,0,0.0,0.0,0.0,0.230387,0.425719
2024-02-17,12.3,0.0,51.0,16.0,5423.33,5871.54,0,0.0,0.0,0.0,0.252224,0.419899
2024-02-18,12.6,2.5,48.8,12.9,5515.08,5258.3,0,0.0,0.048833,0.0,0.229207,0.543005
2024-02-19,16.0,0.0,55.7,12.4,5702.85,5875.88,0,0.0,0.0,0.0,0.257647,0.48006
2024-02-20,14.7,0.0,55.6,14.0,5375.06,5937.78,0,0.0,0.0,0.0,0.261236,0.407392
2024-02-21,12.5,0.0,49.6,13.3,5335.92,5567.73,0,0.0,0.0,0.0,0.230084,0.43827
2024-02-22,15.5,0.0,60.1,13.9,5655.53,5829.37,0,0.0,0.0,0.0,0.274175,0.496151
2024-02-23,17.0,0.0,47.4,17.6,5581.23,6530.59,0,0.0,0.0,0.0,0.288799,0.375882
2024-02-24,16.1,0.0,49.6,12.4,5397.61,5303.64,0,0.0,0.017719,0.0,0.246868,0.524342
2024-02-25,13.5,0.0,61.5,12.5,5278.23,5952.21,1,0.5,0.0,0.0264,0.252815,0.377418
2024-02-26,13.2,0.0,47.4,17.7,5425.53,6045.88,0,0.0,0.0,0.0,0.264524,0.40153
2024-02-27,14.3,1.5,56.4,12.7,5510.19,5707.54,0,0.0,0.0,0.0,0.251899,0.468324
2024-02-28,17.7,0.0,62.5,12.4,5692.34,5965.16,0,0.0,0.0,0.0,0.281602,0.485
2024-02-29,16.1,0.0,42.0,13.7,5328.96,5583.17,0,0.0,0.0,0.0,0.242649,0.446285
2024-03-01,16.8,0.0,53.7,12.4,4737.96,5029.16,0,0.0,0.0,0.0,0.25917,0.448365
2024-03-02,18.9,0.0,60.4,13.4,4846.21,4907.0,0,0.0,0.0,0.0,0.29329,0.535618
2024-03-03,14.6,0.0,54.7,12.2,4419.49,4521.26,0,0.0,0.0,0.0,0.245001,0.475514
2024-03-04,18.0,0.0,56.7,15.2,4897.31,5032.58,0,0.0,0.0,0.0,0.294309,0.519721
2024-03-05,16.4,0.0,57.7,12.4,4581.5,4717.26,0,0.0,0.0,0.0,0.264033,0.487226
2024-03-06,18.1,9.0,60.9,14.9,5756.77,5931.91,0,0.0,0.0,0.0,0.31151,0.533832
2024-03-07,19.4,0.0,53.4,14.8,4785.15,4348.88,0,0.0,0.100318,0.0,0.294263,0.668164
2024-03-08,22.2,0.0,61.6,12.9,4912.4,5188.24,0,0.0,0.0,0.0,0.313434,0.508157
2024-03-09,23.4,0.0,59.4,12.0,4882.59,4964.46,0,0.0,0.0,0.0,0.310274,0.547812
2024-03-10,18.6,0.0,52.7,17.0,4411.24,4113.0,0,0.0,0.072512,0.0,0.304653,0.646093
2024-03-11,18.0,0.0,56.4,12.5,4638.17,4767.79,0,0.0,0.0,0.0,0.272914,0.497966
2024-03-12,19.4,0.0,52.0,13.0,4769.69,4893.7,0,0.0,0.0,0.0,0.27775,0.504957
2024-03-13,20.0,0.0,60.5,11.6,4722.22,5337.71,0,0.0,0.0,0.0,0.286839,0.409016
2024-03-14,21.8,0.0,62.2,13.1,4818.06,4895.29,0,0.0,0.0,0.0,0.313465,0.551838
2024-03-15,24.0,0.0,61.2,12.6,4940.28,5395.14,0,0.0,0.0,0.0,0.322233,0.4806
2024-03-16,25.4,0.0,63.2,15.8,4968.26,5649.5,0,0.0,0.0,0.0,0.359902,0.475922
2024-03-17,24.9,5.8,62.9,13.2,4828.96,4879.33,0,0.0,0.0,0.0,0.343059,0.587798
2024-03-18,21.4,0.0,64.9,12.6,4486.9,4697.82,1,0.5,0.0,0.0224,0.312033,0.51641
2024-03-19,21.4,0.0,60.8,11.1,4685.09,5429.59,0,0.0,0.0,0.0,0.292772,0.389489
2024-03-20,23.2,0.0,65.3,13.4,4855.5,5168.32,0,0.0,0.0,0.0,0.330821,0.516952
2024-03-21,21.7,4.4,56.7,16.6,4594.61,4932.53,0,0.0,0.0,0.0,0.334868,0.511681
2024-03-22,24.0,0.0,55.4,20.3,4917.4,5037.1,0,0.0,0.0,0.0,0.370772,0.59982
2024-03-23,26.4,0.0,63.1,11.5,5051.2,5522.4,0,0.0,0.0,0.0,0.333127,0.490308
2024-03-24,26.9,0.0,66.5,14.1,4954.99,5190.36,0,0.0,0.0,0.0,0.36286,0.566711
2024-03-25,20.9,0.0,62.0,14.2,4313.41,4031.22,0,0.0,0.070002,0.0,0.315646,0.654155
2024-03-26,19.8,0.9,67.1,14.2,5481.45,5632.85,0,0.0,0.0,0.0,0.319056,0.544469
2024-03-27,25.3,0.0,65.5,13.6,5151.28,5024.86,0,0.0,0.025158,0.0,0.346581,0.632742
2024-03-28,24.9,0.0,54.0,12.7,4780.51,5053.34,0,0.0,0.0,0.0,0.315437,0.509199
2024-03-29,21.7,0.0,76.2,13.3,4467.26,4432.59,0,0.0,0.007822,0.0,0.340599,0.60652
2024-03-30,25.7,0.0,58.6,13.2,5071.83,5478.2,0,0.0,0.0,0.0,0.333193,0.503386
2024-03-31,26.5,0.0,60.4,13.9,4922.97,5183.0,0,0.0,0.0,0.0,0.347242,0.545464
2024-04-01,29.4,0.0,71.2,15.1,5197.98,5049.19,0,0.0,0.029468,0.0,0.395867,0.687058
2024-04-02,30.1,0.0,65.9,14.1,5099.82,5196.57,0,0.0,0.0,0.0,0.382827,0.617882
2024-04-03,31.1,1.6,62.6,10.9,5165.9,5626.16,0,0.0,0.0,0.0,0.360492,0.52178
2024-04-04,31.8,0.0,64.0,10.2,5178.18,5811.6,0,0.0,0.0,0.0,0.360377,0.489929
2024-04-05,33.0,0.0,62.2,11.5,5276.14,5239.98,0,0.0,0.0069,0.0,0.374943,0.639789
2024-04-06,37.3,0.0,62.9,10.5,5695.66,5586.65,0,0.0,0.019512,0.0,0.396882,0.676451
2024-04-07,38.1,0.0,71.1,14.5,5517.99,6472.12,0,0.0,0.0,0.0,0.448394,0.533084
2024-04-08,33.7,0.0,65.0,11.3,4948.32,5192.69,0,0.0,0.0,0.0,0.383263,0.585115
2024-04-09,34.3,0.0,62.4,14.1,5287.31,5582.15,0,0.0,0.0,0.0,0.403948,0.599078
2024-04-10,36.2,0.0,64.2,10.4,5470.74,5489.44,0,0.0,0.0,0.0,0.391297,0.64411
2024-04-11,38.0,0.0,67.5,10.3,5551.32,5904.16,0,0.0,0.0,0.0,0.408578,0.595603
2024-04-12,36.1,11.1,67.5,12.6,5218.15,6042.89,0,0.0,0.0,0.0,0.427344,0.524806
2024-04-13,37.9,0.0,67.2,10.3,5541.32,5907.19,0,0.0,0.0,0.0,0.407356,0.591841
2024-04-14,38.9,0.0,70.7,9.5,5542.28,6191.24,0,0.0,0.0,0.0,0.414337,0.548761
2024-04-15,43.1,0.0,66.8,12.9,5980.26,6290.2,0,0.0,0.0,0.0,0.460943,0.660211
2024-04-16,39.8,0.0,65.2,11.0,5304.31,5226.73,0,0.0,0.014843,0.0,0.421531,0.695649
2024-04-17,37.7,0.0,66.2,10.6,5265.21,5301.84,0,0.0,0.0,0.0,0.406477,0.655201
2024-04-18,36.5,0.0,76.9,10.3,5252.32,5145.06,0,0.0,0.020847,0.0,0.416316,0.697443
2024-04-19,35.2,0.0,81.0,9.8,5174.37,5504.08,0,0.0,0.0,0.0,0.411576,0.598435
2024-04-20,33.4,0.0,70.6,10.9,5044.81,5686.03,0,0.0,0.0,0.0,0.3887,0.513841
2024-04-21,28.3,0.0,74.2,12.4,4575.88,4851.09,0,0.0,0.0,0.0,0.373408,0.563969
2024-04-22,28.9,0.0,66.1,10.2,4946.84,5098.26,0,0.0,0.0,0.0,0.3452,0.567318
2024-04-23,31.1,0.0,68.1,8.9,5152.27,5153.57,0,0.0,0.0,0.0,0.35342,0.609915
2024-04-24,31.1,0.0,73.5,10.2,5020.4,5383.84,0,0.0,0.0,0.0,0.373576,0.55156
2024-04-25,36.1,0.0,59.6,10.9,5592.7,5436.09,0,0.0,0.028809,0.0,0.385871,0.676293
2024-04-26,36.2,0.0,75.5,9.7,5291.72,5178.22,0,0.0,0.021918,0.0,0.407084,0.689462
2024-04-27,38.9,5.6,70.4,14.1,5601.04,6198.73,0,0.0,0.0,0.0,0.456101,0.600329
2024-04-28,39.1,0.0,66.6,10.1,5442.15,5619.03,0,0.0,0.0,0.0,0.412597,0.632639
2024-04-29,40.4,0.0,74.1,12.1,5584.3,5758.87,0,0.0,0.0,0.0,0.450661,0.672063
2024-04-30,40.4,0.0,79.6,9.0,5494.85,5711.07,1,1.803,0.0,0.0991,0.437053,0.649645
2024-05-01,42.6,0.0,71.0,11.2,5760.0,6311.4,0,0.0,0.0,0.0,0.452405,0.607204
2024-05-02,41.8,0.0,74.1,8.7,5511.63,5844.68,0,0.0,0.0,0.0,0.433654,0.623921
2024-05-03,42.1,8.1,77.1,11.1,5595.87,5613.69,0,0.0,0.0,0.0,0.469658,0.722742
2024-05-04,42.1,0.0,74.2,9.2,5574.4,5604.79,0,0.0,0.0,0.0,0.439677,0.690137
2024-05-05,40.9,0.0,68.2,8.1,5420.91,5625.32,0,0.0,0.0,0.0,0.41203,0.6264
2024-05-06,41.3,0.0,74.4,8.8,5550.02,5933.19,0,0.0,0.0,0.0,0.431692,0.61309
2024-05-07,45.3,0.0,74.3,8.2,6013.15,6300.36,1,6.017,0.0,0.3618,0.453241,0.656813
2024-05-08,43.6,0.0,59.9,8.8,5525.61,5758.55,0,0.0,0.0,0.0,0.419665,0.629232
2024-05-09,43.6,0.0,78.0,7.8,5640.9,5939.4,0,0.0,0.0,0.0,0.445886,0.644005
2024-05-10,45.3,0.0,66.3,7.7,5848.04,6127.1,0,0.0,0.0,0.0,0.434383,0.638003
2024-05-11,46.5,14.4,78.2,7.9,5875.33,5880.24,0,0.0,0.0,0.0,0.483717,0.739532
2024-05-12,45.2,0.0,81.6,7.4,5633.58,6308.17,0,0.0,0.0,0.0,0.460096,0.592045
2024-05-13,39.4,0.0,72.9,11.6,5024.29,5122.84,0,0.0,0.0,0.0,0.437961,0.672293
2024-05-14,40.7,0.0,69.0,8.8,5545.25,5867.65,0,0.0,0.0,0.0,0.417613,0.61026
2024-05-15,36.2,0.0,77.1,8.9,4937.4,4543.39,0,0.0,0.086722,0.0,0.403911,0.76194
2024-05-16,40.0,0.0,81.4,8.3,5673.63,5880.4,0,0.0,0.0,0.0,0.432391,0.648132
2024-05-17,40.5,0.0,68.9,7.4,5480.72,5375.09,0,0.0,0.019653,0.0,0.405304,0.685035
2024-05-18,42.6,0.0,62.8,9.4,5698.73,5632.18,0,0.0,0.011816,0.0,0.423141,0.693725
2024-05-19,40.5,0.0,80.5,9.0,5305.42,6380.29,0,0.0,0.0,0.0,0.4394,0.499521
2024-05-20,37.5,0.0,79.0,7.2,5090.33,5424.87,0,0.0,0.0,0.0,0.402925,0.587724
2024-05-21,38.8,0.0,76.7,10.0,5430.55,6121.53,0,0.0,0.0,0.0,0.428786,0.553803
2024-05-22,39.3,0.0,65.8,7.0,5401.95,5963.13,0,0.0,0.0,0.0,0.388496,0.535424
2024-05-23,38.8,0.0,77.8,8.4,5308.94,5903.25,0,0.0,0.0,0.0,0.418503,0.557765
2024-05-24,39.5,0.0,80.1,10.2,5428.75,5632.11,0,0.0,0.0,0.0,0.441318,0.655956
2024-05-25,45.5,0.0,85.7,11.4,6111.5,7035.58,0,0.0,0.0,0.0,0.500625,0.604084
2024-05-26,46.5,0.0,73.5,7.7,5823.23,6425.01,0,0.0,0.0,0.0,0.455792,0.603241
2024-05-27,47.7,0.0,75.8,7.0,5906.9,6217.63,0,0.0,0.0,0.0,0.462613,0.661061
2024-05-28,48.3,0.0,64.2,6.4,5894.96,6287.49,0,0.0,0.0,0.0,0.440188,0.624097
2024-05-29,50.0,0.0,79.8,7.3,6072.05,6323.34,0,0.0,0.0,0.0,0.487588,0.697985
2024-05-30,48.1,0.0,79.7,7.2,5709.06,6013.3,1,4.587,0.0,0.2619,0.474105,0.671831
2024-05-31,42.9,0.0,77.0,10.0,5202.44,5448.27,0,0.0,0.0,0.0,0.456373,0.660489
2024-06-01,42.4,0.0,80.9,7.8,6650.56,7142.94,0,0.0,0.0,0.0,0.443414,0.619732
2024-06-02,44.1,28.2,78.1,6.3,6931.38,8037.76,0,0.0,0.0,0.0,0.472203,0.568303
2024-06-03,41.9,0.0,73.9,9.1,6471.48,6303.68,0,0.0,0.026619,0.0,0.437025,0.72489
2024-06-04,41.7,96.3,98.1,22.6,6620.98,7577.1,0,0.0,0.0,0.0,0.702744,0.812225
2024-06-05,40.5,15.4,84.2,7.8,6464.01,6637.25,0,0.0,0.0,0.0,0.455868,0.682187
2024-06-06,44.0,0.0,80.5,9.0,7066.7,7985.29,0,0.0,0.0,0.0,0.46247,0.584968
2024-06-07,45.3,0.0,76.4,7.3,6975.18,7177.41,0,0.0,0.0,0.0,0.450234,0.674131
2024-06-08,46.1,0.0,76.1,8.7,6992.66,7524.13,0,0.0,0.0,0.0,0.465747,0.640077
2024-06-09,46.7,14.5,81.1,6.5,7014.61,7295.15,0,0.0,0.0,0.0,0.479793,0.69169
2024-06-10,45.9,14.9,76.7,10.6,6841.75,6437.9,0,0.0,0.06273,0.0,0.498394,0.828415
2024-06-11,45.7,0.0,81.4,5.8,6880.74,7978.6,0,0.0,0.0,0.0,0.450671,0.546826
2024-06-12,42.8,0.0,72.3,15.6,6468.34,6407.58,0,0.0,0.009483,0.0,0.490111,0.757971
2024-06-13,38.5,0.0,76.6,12.3,6082.05,6418.3,0,0.0,0.0,0.0,0.444368,0.639999
2024-06-14,39.7,0.0,71.4,10.6,6593.75,6486.26,0,0.0,0.016573,0.0,0.42941,0.705546
2024-06-15,41.0,0.0,79.0,5.9,6688.38,6459.43,0,0.0,0.035444,0.0,0.415963,0.714131
2024-06-16,43.8,0.0,73.7,6.4,6997.78,7257.32,0,0.0,0.0,0.0,0.42834,0.643381
2024-06-17,46.8,25.1,90.7,6.1,7215.63,7306.61,1,0.881,0.0,0.0636,0.508299,0.750553
2024-06-18,49.2,0.0,73.3,5.8,7330.96,7157.69,0,0.0,0.024207,0.0,0.458553,0.743603
2024-06-19,46.0,0.0,78.5,6.0,6648.79,6966.38,0,0.0,0.0,0.0,0.448754,0.652323
2024-06-20,44.7,0.0,70.6,7.7,6722.4,6430.92,0,0.0,0.045325,0.0,0.43849,0.748192
2024-06-21,45.3,28.1,79.1,6.2,6920.1,7320.81,0,0.0,0.0,0.0,0.481094,0.673985
2024-06-22,49.9,0.0,73.3,5.4,7567.64,7885.31,0,0.0,0.0,0.0,0.460081,0.669841
2024-06-23,50.0,6.6,76.8,5.0,7350.51,6569.4,0,0.0,0.118901,0.0,0.472269,0.867865
2024-06-24,50.0,0.0,69.5,8.4,7274.35,7398.33,0,0.0,0.0,0.0,0.476763,0.71399
2024-06-25,49.4,0.0,70.2,6.8,6928.84,7479.75,0,0.0,0.0,0.0,0.461775,0.632582
2024-06-26,46.3,0.0,73.4,6.5,6685.83,6572.15,1,6.041,0.017298,0.6986,0.445027,0.72201
2024-06-27,47.1,5.5,76.1,4.7,7068.01,7649.31,1,2.362,0.0,0.167,0.448184,0.616259
2024-06-28,44.0,4.0,73.4,5.2,6538.72,7043.89,0,0.0,0.0,0.0,0.424717,0.597784
2024-06-29,43.3,0.0,71.5,6.4,6681.66,6587.34,0,0.0,0.014319,0.0,0.420919,0.694424
2024-06-30,42.9,0.0,65.6,7.1,6688.29,7017.53,0,0.0,0.0,0.0,0.412621,0.61464
2024-07-01,46.0,0.0,74.6,4.5,7181.53,7913.87,1,3.338,0.0,0.2397,0.429868,0.578628
2024-07-02,44.5,4.8,77.3,6.2,6712.8,6677.8,0,0.0,0.005242,0.0,0.444017,0.706926
2024-07-03,39.2,0.0,76.5,6.7,6062.53,6287.05,0,0.0,0.0,0.0,0.405584,0.620684
2024-07-04,40.8,0.0,72.3,5.1,6714.9,7537.25,0,0.0,0.0,0.0,0.39591,0.525331
2024-07-05,39.6,1.3,68.6,8.7,6422.04,6396.15,0,0.0,0.004047,0.0,0.410427,0.671942
2024-07-06,40.2,35.7,78.4,4.8,6595.62,7116.2,0,0.0,0.0,0.0,0.444636,0.616026
2024-07-07,40.3,0.0,71.7,6.6,6574.65,6456.38,0,0.0,0.018319,0.0,0.403063,0.681238
2024-07-08,40.0,11.1,73.4,5.4,6523.99,6784.03,0,0.0,0.0,0.0,0.408557,0.620599
2024-07-09,41.9,0.0,66.3,7.1,6823.44,7356.65,0,0.0,0.0,0.0,0.407342,0.579519
2024-07-10,38.8,0.0,61.9,6.0,6222.84,5591.32,0,0.0,0.112948,0.0,0.370172,0.758816
2024-07-11,38.2,0.0,67.3,8.2,6394.46,6498.93,0,0.0,0.0,0.0,0.393317,0.631341
2024-07-12,40.2,12.9,71.7,4.8,6722.38,7240.32,0,0.0,0.0,0.0,0.404255,0.577534
2024-07-13,39.1,0.0,71.1,5.3,6416.18,6828.28,0,0.0,0.0,0.0,0.383998,0.570333
2024-07-14,36.3,0.0,67.3,7.0,6098.53,6202.76,0,0.0,0.0,0.0,0.371534,0.608707
2024-07-15,38.5,0.0,67.9,6.1,6639.55,6509.49,0,0.0,0.01998,0.0,0.380216,0.660331
2024-07-16,41.2,0.0,69.4,7.0,6856.69,7471.0,0,0.0,0.0,0.0,0.407769,0.568568
2024-07-17,40.9,0.0,76.4,7.4,6610.46,6806.72,0,0.0,0.0,0.0,0.422003,0.645133
2024-07-18,36.9,0.0,67.5,7.3,6056.84,6567.77,0,0.0,0.0,0.0,0.378179,0.544153
2024-07-19,38.9,0.0,60.4,6.3,6665.64,7158.6,0,0.0,0.0,0.0,0.370333,0.546733
2024-07-20,35.8,0.0,64.4,7.3,6066.86,6199.19,0,0.0,0.0,0.0,0.365116,0.596986
2024-07-21,37.2,41.5,87.0,5.6,6508.95,7274.21,0,0.0,0.0,0.0,0.454236,0.588213
2024-07-22,35.9,16.3,78.5,6.7,6219.29,6297.41,0,0.0,0.0,0.0,0.407471,0.649779
2024-07-23,34.3,0.0,71.7,4.5,6096.04,6858.04,0,0.0,0.0,0.0,0.347312,0.474391
2024-07-24,34.4,36.7,79.4,6.0,6236.61,7067.58,0,0.0,0.0,0.0,0.41876,0.538293
2024-07-25,34.9,0.0,70.0,6.1,6308.52,7041.3,0,0.0,0.0,0.0,0.360425,0.495725
2024-07-26,34.4,0.0,65.0,9.7,6198.25,6437.66,0,0.0,0.0,0.0,0.375532,0.588908
2024-07-27,36.4,10.5,72.9,5.4,6525.65,7899.08,0,0.0,0.0,0.0,0.383159,0.43697
2024-07-28,35.9,5.1,71.4,4.4,6303.9,6679.4,0,0.0,0.0,0.0,0.362746,0.553907
2024-07-29,38.3,0.0,69.5,4.3,6690.93,7127.09,0,0.0,0.0,0.0,0.368009,0.553357
2024-07-30,38.8,20.4,67.1,9.7,6577.82,6897.57,0,0.0,0.0,0.0,0.433361,0.636034
2024-07-31,37.2,0.0,63.1,8.8,6314.24,6180.53,0,0.0,0.021633,0.0,0.38348,0.665526
2024-08-01,35.5,0.0,61.2,6.4,6205.49,7022.07,0,0.0,0.0,0.0,0.350194,0.47123
2024-08-02,32.6,0.0,69.1,4.2,5929.31,6011.95,0,0.0,0.0,0.0,0.328916,0.569659
2024-08-03,34.1,0.0,65.3,6.4,6361.61,7048.25,0,0.0,0.0,0.0,0.348654,0.491716
2024-08-04,33.9,0.0,65.5,6.6,6230.41,6997.07,0,0.0,0.0,0.0,0.349254,0.478133
2024-08-05,29.7,3.1,66.9,5.8,5669.79,6168.78,0,0.0,0.0,0.0,0.321805,0.484164
2024-08-06,30.0,77.5,75.2,25.7,6019.67,5751.69,0,0.0,0.046592,0.0,0.58367,0.894851
2024-08-07,29.4,10.3,69.5,5.3,5925.77,6094.73,0,0.0,0.0,0.0,0.329629,0.554056
2024-08-08,33.8,0.0,59.5,4.3,6590.26,5808.29,0,0.0,0.13463,0.0,0.319598,0.733555
2024-08-09,30.8,8.6,61.8,7.6,5840.39,6089.56,0,0.0,0.0,0.0,0.340092,0.549115
2024-08-10,28.8,52.7,70.6,6.4,5800.64,6447.86,0,0.0,0.0,0.0,0.387957,0.527566
2024-08-11,32.3,13.5,65.0,8.9,6431.05,6656.37,0,0.0,0.0,0.0,0.371988,0.589261
2024-08-12,35.5,0.0,60.6,7.2,6630.32,6715.35,0,0.0,0.0,0.0,0.355242,0.59725
2024-08-13,33.8,0.8,53.8,4.9,6152.16,6344.36,0,0.0,0.0,0.0,0.314516,0.53594
2024-08-14,32.7,0.0,51.3,4.3,6123.83,6898.91,0,0.0,0.0,0.0,0.296972,0.422607
2024-08-15,34.2,22.9,64.6,6.6,6427.88,6727.25,0,0.0,0.0,0.0,0.377484,0.582323
2024-08-16,29.4,0.0,63.7,6.0,5665.21,6611.58,0,0.0,0.0,0.0,0.311588,0.401278
2024-08-17,26.5,38.8,72.6,6.1,5624.39,5703.37,0,0.0,0.0,0.0,0.357272,0.597896
2024-08-18,27.3,0.0,63.9,6.5,5943.32,6321.82,0,0.0,0.0,0.0,0.301979,0.488874
2024-08-19,31.5,28.4,64.7,4.4,6474.68,6621.62,0,0.0,0.0,0.0,0.34961,0.580494
2024-08-20,30.9,0.0,56.5,5.8,6078.88,7177.29,0,0.0,0.0,0.0,0.306432,0.384563
2024-08-21,31.4,0.0,57.4,5.0,6201.12,6581.38,0,0.0,0.0,0.0,0.305242,0.494582
2024-08-22,33.8,16.3,65.7,6.3,6506.84,7704.55,0,0.0,0.0,0.0,0.366543,0.441855
2024-08-23,37.6,0.0,65.3,5.1,6876.39,7038.21,0,0.0,0.0,0.0,0.361693,0.591642
2024-08-24,35.3,7.1,56.4,5.6,6251.71,7165.94,0,0.0,0.0,0.0,0.342366,0.450219
2024-08-25,34.4,0.0,55.2,5.5,6317.21,6680.03,0,0.0,0.0,0.0,0.324749,0.518133
2024-08-26,37.4,0.0,56.4,5.6,6811.43,7511.02,0,0.0,0.0,0.0,0.347545,0.495601
2024-08-27,33.0,22.7,60.2,7.8,5970.31,5810.06,0,0.0,0.027582,0.0,0.37034,0.659329
2024-08-28,34.5,5.5,54.0,5.6,6519.98,6989.1,0,0.0,0.0,0.0,0.330641,0.509073
2024-08-29,31.6,19.6,59.4,8.1,6002.45,5898.28,0,0.0,0.017661,0.0,0.358144,0.635552
2024-08-30,31.4,0.0,50.9,4.6,6201.41,6611.92,0,0.0,0.0,0.0,0.289968,0.474278
2024-08-31,30.5,6.3,59.7,5.4,6096.3,5817.95,0,0.0,0.047843,0.0,0.314396,0.627038
2024-09-01,28.4,0.0,61.5,4.7,5002.84,5223.33,0,0.0,0.0,0.0,0.290841,0.498352
2024-09-02,26.5,19.2,57.2,7.6,4926.68,5513.07,1,0.5,0.0,0.0246,0.316057,0.448678
2024-09-03,27.5,0.0,61.8,6.3,5158.02,5593.85,0,0.0,0.0,0.0,0.297817,0.463652
2024-09-04,29.6,87.4,74.4,20.2,5353.16,5308.76,0,0.0,0.008363,0.0,0.549174,0.815728
2024-09-05,29.0,0.0,49.3,5.7,5154.26,4795.53,0,0.0,0.074805,0.0,0.279637,0.623755
2024-09-06,28.9,46.1,67.4,8.2,5181.36,5602.64,0,0.0,0.0,0.0,0.388452,0.557461
2024-09-07,29.7,11.6,50.4,7.0,5290.97,6082.59,0,0.0,0.0,0.0,0.310497,0.415355
2024-09-08,27.2,5.8,56.3,5.9,4955.07,4901.91,0,0.0,0.010845,0.0,0.289517,0.558967
2024-09-09,28.6,0.0,52.7,12.3,5273.2,6233.64,0,0.0,0.0,0.0,0.334301,0.411225
2024-09-10,29.8,5.2,50.4,6.2,5333.72,5598.22,0,0.0,0.0,0.0,0.297175,0.498809
2024-09-11,34.3,0.0,48.2,5.3,5802.55,5376.66,1,0.72,0.079212,0.3311,0.309422,0.658683
2024-09-12,31.8,0.0,46.0,9.1,5224.54,4972.01,0,0.0,0.05079,0.0,0.31814,0.634223
2024-09-13,29.6,10.9,57.9,6.1,5126.49,5631.48,0,0.0,0.0,0.0,0.316102,0.468208
2024-09-14,30.3,17.2,52.9,5.8,5345.9,5656.84,0,0.0,0.0,0.0,0.316713,0.509334
2024-09-15,30.8,3.2,51.8,8.1,5373.85,6144.35,0,0.0,0.0,0.0,0.318611,0.429009
2024-09-16,28.5,13.9,52.5,7.6,5072.05,4942.81,0,0.0,0.026148,0.0,0.313961,0.601275
2024-09-17,26.8,0.0,47.7,6.2,5026.62,5315.47,0,0.0,0.0,0.0,0.265994,0.459346
2024-09-18,27.3,0.0,50.0,6.2,5190.68,5452.42,0,0.0,0.0,0.0,0.273602,0.474352
2024-09-19,24.9,2.8,51.3,8.7,4889.2,5089.61,0,0.0,0.0,0.0,0.282927,0.493749
2024-09-20,23.8,34.2,57.0,7.3,4909.34,5036.47,0,0.0,0.0,0.0,0.313873,0.541196
2024-09-21,23.8,0.0,46.5,8.8,4983.92,5119.23,0,0.0,0.0,0.0,0.264032,0.489966
2024-09-22,25.6,3.0,42.4,7.1,5191.74,5508.45,0,0.0,0.0,0.0,0.258751,0.448421
2024-09-23,23.7,0.0,43.8,6.2,4876.56,5213.34,0,0.0,0.0,0.0,0.238248,0.419624
2024-09-24,19.7,0.0,45.0,8.0,4629.17,4934.29,0,0.0,0.0,0.0,0.228022,0.412624
2024-09-25,16.3,0.0,46.3,8.4,4618.26,5200.06,0,0.0,0.0,0.0,0.211135,0.337312
2024-09-26,14.8,0.0,37.2,7.1,4719.58,4598.38,0,0.0,0.026357,0.0,0.174155,0.461714
2024-09-27,13.4,0.0,48.7,7.4,4744.62,4440.32,0,0.0,0.068531,0.0,0.188804,0.525597
2024-09-28,14.6,0.0,46.9,6.6,4887.03,5444.48,0,0.0,0.0,0.0,0.187166,0.324428
2024-09-29,13.4,0.0,42.1,6.3,4763.04,4718.06,0,0.0,0.009532,0.0,0.167941,0.43586
2024-09-30,13.4,0.0,40.1,9.0,4835.07,4961.23,0,0.0,0.0,0.0,0.185025,0.412129
2024-10-01,13.1,0.0,41.0,6.6,4831.68,4886.94,0,0.0,0.0,0.0,0.166216,0.409805
2024-10-02,13.6,0.0,37.5,8.4,4869.09,4918.21,0,0.0,0.0,0.0,0.176838,0.421969
2024-10-03,17.4,0.0,42.1,9.7,5094.41,4881.1,0,0.0,0.0437,0.0,0.220541,0.528348
2024-10-04,19.0,0.0,42.6,8.9,4997.31,5067.87,1,2.004,0.0,0.1001,0.225852,0.466388
2024-10-05,19.0,0.0,47.8,9.5,4902.37,5348.04,0,0.0,0.0,0.0,0.240232,0.399739
2024-10-06,18.0,0.0,45.3,10.8,4832.23,5072.64,0,0.0,0.0,0.0,0.238984,0.440447
2024-10-07,17.2,0.0,48.9,6.7,4836.31,5231.85,0,0.0,0.0,0.0,0.208825,0.377357
2024-10-08,18.0,0.0,43.0,9.2,4948.18,5040.94,0,0.0,0.0,0.0,0.222326,0.457634
2024-10-09,19.1,0.0,37.6,8.5,4985.87,5518.76,0,0.0,0.0,0.0,0.21405,0.358116
2024-10-10,16.9,0.0,50.6,8.6,4766.58,4852.25,0,0.0,0.0,0.0,0.224696,0.460875
2024-10-11,17.0,0.0,40.0,9.4,4905.36,4499.01,0,0.0,0.090321,0.0,0.211653,0.573883
2024-10-12,12.9,0.0,33.7,7.2,4649.67,4974.9,0,0.0,0.0,0.0,0.15584,0.336312
2024-10-13,14.0,0.0,42.2,11.7,4955.78,5443.15,0,0.0,0.0,0.0,0.21375,0.366013
2024-10-14,16.0,0.0,32.9,9.3,5012.04,5086.05,0,0.0,0.0,0.0,0.190977,0.430779
2024-10-15,15.4,0.0,40.2,7.2,4858.83,5468.86,0,0.0,0.0,0.0,0.184506,0.311077
2024-10-16,19.1,0.0,38.0,9.9,5167.03,5148.46,0,0.0,0.003607,0.0,0.225602,0.486603
2024-10-17,16.6,0.0,42.8,7.3,4770.46,5210.56,0,0.0,0.0,0.0,0.198062,0.35625
2024-10-18,16.8,0.0,44.7,10.7,4931.96,5720.69,0,0.0,0.0,0.0,0.229178,0.325015
2024-10-19,16.3,0.0,38.1,10.7,4894.73,5150.8,0,0.0,0.0,0.0,0.213507,0.41226
2024-10-20,15.8,0.0,37.5,7.8,4885.26,5059.81,0,0.0,0.0,0.0,0.18671,0.403228
2024-10-21,15.3,0.0,43.1,7.6,4883.19,5094.85,0,0.0,0.0,0.0,0.192371,0.400663
2024-10-22,15.3,0.0,35.2,10.0,4915.74,5665.8,0,0.0,0.0,0.0,0.196077,0.298322
2024-10-23,16.7,12.2,42.2,7.7,5024.65,5403.38,0,0.0,0.0,0.0,0.215568,0.390533
2024-10-24,18.8,2.5,42.0,8.9,5102.53,6046.93,0,0.0,0.0,0.0,0.226459,0.300926
2024-10-25,17.7,0.0,34.5,13.1,4899.67,5230.85,0,0.0,0.0,0.0,0.234503,0.417381
2024-10-26,18.5,3.2,37.6,9.2,5019.85,5064.08,0,0.0,0.0,0.0,0.219401,0.465995
2024-10-27,16.0,20.4,43.7,11.2,4796.84,4860.35,0,0.0,0.0,0.0,0.250778,0.492314
2024-10-28,16.8,0.0,44.6,12.4,5012.6,5282.68,0,0.0,0.0,0.0,0.242107,0.439213
2024-10-29,14.4,0.0,31.7,12.0,4802.35,4424.87,0,0.0,0.085309,0.0,0.199014,0.555394
2024-10-30,16.2,0.0,36.8,10.0,5060.33,5161.92,0,0.0,0.0,0.0,0.205009,0.438824
2024-10-31,19.8,0.0,44.2,8.8,5224.96,5337.16,0,0.0,0.0,0.0,0.233354,0.465602
2024-11-01,17.9,0.0,42.1,12.7,4882.05,5199.91,0,0.0,0.0,0.0,0.246985,0.432414
2024-11-02,12.3,0.6,35.8,12.7,4639.5,5439.04,0,0.0,0.0,0.0,0.198993,0.284175
2024-11-03,11.0,0.0,36.6,9.9,4915.82,5178.59,0,0.0,0.0,0.0,0.169588,0.367142
2024-11-04,13.5,0.0,39.1,9.4,5119.19,4755.08,0,0.0,0.076574,0.0,0.186895,0.533076
2024-11-05,14.1,0.0,39.0,11.2,5003.72,4965.81,0,0.0,0.007634,0.0,0.204552,0.470254
2024-11-06,14.0,0.0,43.4,8.8,4961.27,5291.32,0,0.0,0.0,0.0,0.193624,0.377596
2024-11-07,15.3,0.0,42.0,9.9,5048.27,5330.26,0,0.0,0.0,0.0,0.208055,0.403085
2024-11-08,15.3,0.0,29.4,14.8,4971.21,5728.53,0,0.0,0.0,0.0,0.222239,0.324697
2024-11-09,16.7,0.0,28.2,8.9,5079.01,5640.16,0,0.0,0.0,0.0,0.183692,0.324335
2024-11-10,17.2,0.0,33.3,9.6,5035.16,5581.96,0,0.0,0.0,0.0,0.201952,0.344385
2024-11-11,18.8,0.0,26.7,10.4,5123.69,5309.79,0,0.0,0.0,0.0,0.206295,0.422169
2024-11-12,17.7,0.0,42.4,9.3,4952.74,5543.33,0,0.0,0.0,0.0,0.219995,0.352409
2024-11-13,17.9,0.0,28.3,10.2,5033.07,5000.64,0,0.0,0.006485,0.0,0.20182,0.466181
2024-11-14,15.6,0.0,34.1,10.7,4854.85,5393.75,0,0.0,0.0,0.0,0.201393,0.341546
2024-11-15,13.1,0.0,31.2,11.3,4857.3,5013.74,0,0.0,0.0,0.0,0.184107,0.404471
2024-11-16,15.7,20.1,32.6,11.3,5150.89,4938.56,0,0.0,0.042996,0.0,0.228393,0.535375
2024-11-17,14.8,0.0,41.3,10.4,4936.71,5368.05,0,0.0,0.0,0.0,0.207305,0.370291
2024-11-18,15.2,0.0,32.5,12.6,5018.32,5711.07,0,0.0,0.0,0.0,0.210417,0.325602
2024-11-19,14.2,0.0,44.8,11.0,4937.86,5058.27,0,0.0,0.0,0.0,0.214542,0.443542
2024-11-20,11.9,0.0,42.3,9.7,4888.4,5614.1,0,0.0,0.0,0.0,0.184664,0.290551
2024-11-21,11.2,0.0,35.2,17.9,4994.75,4723.41,0,0.0,0.057445,0.0,0.230009,0.553861
2024-11-22,13.5,3.4,25.5,11.7,5149.42,5018.64,0,0.0,0.02606,0.0,0.183291,0.470502
2024-11-23,13.6,0.0,33.4,10.1,5016.49,5220.95,0,0.0,0.0,0.0,0.182268,0.393341
2024-11-24,9.0,2.4,47.1,12.3,4787.87,4915.42,0,0.0,0.0,0.0,0.197539,0.424036
2024-11-25,8.4,0.0,37.2,11.6,5029.01,5069.1,0,0.0,0.0,0.0,0.166692,0.414249
2024-11-26,11.9,0.0,34.2,10.5,5242.01,5548.26,0,0.0,0.0,0.0,0.175649,0.368001
2024-11-27,10.6,0.0,32.0,16.3,4975.68,5058.77,0,0.0,0.0,0.0,0.207709,0.445324
2024-11-28,6.4,0.0,39.4,10.0,4834.65,4967.04,0,0.0,0.0,0.0,0.145289,0.370963
2024-11-29,10.5,0.0,36.8,11.1,5294.79,5652.4,0,0.0,0.0,0.0,0.175926,0.358858
2024-11-30,11.2,0.0,36.4,12.0,5095.32,5135.8,0,0.0,0.0,0.0,0.186735,0.434324
2024-12-01,10.3,0.0,40.7,11.6,5617.43,5860.78,0,0.0,0.0,0.0,0.185778,0.394095
2024-12-02,9.0,0.0,40.4,10.8,5601.88,5654.15,0,0.0,0.0,0.0,0.170474,0.416472
2024-12-03,10.8,0.0,37.2,17.6,5797.84,5647.36,0,0.0,0.026646,0.0,0.228808,0.516705
2024-12-04,9.0,0.0,27.1,10.4,5572.89,6119.66,0,0.0,0.0,0.0,0.14245,0.294937
2024-12-05,11.0,0.0,30.2,13.4,5803.25,6717.79,0,0.0,0.0,0.0,0.184594,0.282457
2024-12-06,11.3,0.7,32.2,10.5,5692.87,6359.32,0,0.0,0.0,0.0,0.168799,0.303247
2024-12-07,10.9,6.4,36.6,11.5,5653.95,6054.8,0,0.0,0.0,0.0,0.189083,0.368587
2024-12-08,10.5,0.0,42.7,11.7,5648.3,5702.43,0,0.0,0.0,0.0,0.191618,0.437326
2024-12-09,9.4,0.0,45.6,12.6,5624.32,5803.87,0,0.0,0.0,0.0,0.19675,0.417425
2024-12-10,11.0,14.0,40.8,11.1,5785.98,6460.58,0,0.0,0.0,0.0,0.203803,0.338695
2024-12-11,8.5,0.0,38.2,15.9,5531.33,5012.86,0,0.0,0.103428,0.0,0.202405,0.579937
2024-12-12,4.9,0.0,28.0,11.6,5496.62,5645.66,0,0.0,0.0,0.0,0.126373,0.352345
2024-12-13,6.6,0.0,33.5,11.3,5836.64,6398.41,0,0.0,0.0,0.0,0.145576,0.29987
2024-12-14,7.9,5.3,34.3,12.1,5803.1,5677.11,0,0.0,0.022194,0.0,0.168284,0.450982
2024-12-15,8.7,0.0,32.6,14.1,5754.99,6196.24,0,0.0,0.0,0.0,0.179335,0.352991
2024-12-16,9.1,6.2,40.3,12.7,5731.51,6154.21,0,0.0,0.0,0.0,0.193171,0.369778
2024-12-17,8.1,0.0,33.7,15.4,5635.04,5400.49,0,0.0,0.043431,0.0,0.187473,0.494965
2024-12-18,9.4,2.1,27.1,13.1,5787.57,6108.67,0,0.0,0.0,0.0,0.168482,0.363908
2024-12-19,8.8,0.0,40.4,13.3,5662.75,5725.61,0,0.0,0.0,0.0,0.188446,0.432419
2024-12-20,7.5,0.0,42.3,15.9,5622.86,6051.4,0,0.0,0.0,0.0,0.203502,0.37762
2024-12-21,6.8,4.1,38.9,13.5,5671.93,6194.86,0,0.0,0.0,0.0,0.178997,0.337242
2024-12-22,10.9,0.0,35.7,11.8,5952.99,6400.26,0,0.0,0.0,0.0,0.181901,0.357109
2024-12-23,6.7,0.0,32.2,13.4,5430.1,5726.44,0,0.0,0.0,0.0,0.160001,0.356379
2024-12-24,7.8,0.0,32.7,12.9,5783.43,6177.86,0,0.0,0.0,0.0,0.164331,0.346587
2024-12-25,4.3,0.0,42.4,12.2,5502.37,5369.81,1,3.808,0.024687,0.5172,0.154047,0.439656
2024-12-26,4.7,0.0,33.4,13.9,5764.47,6041.53,0,0.0,0.0,0.0,0.152926,0.35618
2024-12-27,4.3,0.0,47.4,13.1,5718.87,5717.85,0,0.0,0.000178,0.0,0.170367,0.427365
2024-12-28,0.8,0.0,42.2,12.6,5522.04,6157.01,0,0.0,0.0,0.0,0.133689,0.270085
2024-12-29,2.9,0.0,39.3,11.7,5900.82,6449.86,0,0.0,0.0,0.0,0.135149,0.292565
2024-12-30,3.1,0.0,51.4,14.7,5760.81,6295.79,0,0.0,0.0,0.0,0.182303,0.339894
2024-12-31,-0.2,0.0,44.4,16.6,5545.31,6421.19,1,0.5,0.0,0.0277,0.162087,0.259638
2025-01-01,3.0,9.6,38.3,13.1,5976.84,6151.43,0,0.0,0.0,0.0,0.156449,0.380106
2025-01-02,6.8,0.0,33.1,13.1,5971.98,6064.03,0,0.0,0.0,0.0,0.160033,0.399102
2025-01-03,10.0,0.3,36.3,12.9,7067.42,7263.35,0,0.0,0.0,0.0,0.185948,0.411247
2025-01-04,10.3,0.0,38.1,13.8,5689.87,5400.02,0,0.0,0.053675,0.0,0.197879,0.51733
2025-01-05,9.9,0.0,35.0,13.6,5648.04,5388.31,0,0.0,0.048202,0.0,0.187886,0.500948
2025-01-06,12.2,0.0,33.4,16.3,5799.21,6316.09,1,0.5,0.0,0.029,0.22088,0.382135
2025-01-07,14.8,4.3,41.4,15.1,5783.37,5564.22,0,0.0,0.039386,0.0,0.249005,0.551774
2025-01-08,15.8,0.0,43.8,12.8,5687.04,5586.27,0,0.0,0.018039,0.0,0.237103,0.514952
2025-01-09,12.4,0.0,48.9,11.9,5414.13,5650.14,0,0.0,0.0,0.0,0.21731,0.425337
2025-01-10,12.1,0.0,40.2,15.1,5613.45,5748.34,0,0.0,0.0,0.0,0.223711,0.453107
2025-01-11,12.3,0.0,43.1,15.0,5647.75,6245.26,0,0.0,0.0,0.0,0.229696,0.374796
2025-01-12,8.0,0.2,31.1,12.0,5383.46,5673.14,0,0.0,0.0,0.0,0.155949,0.35313
2025-01-13,9.1,0.8,45.0,13.2,5741.98,5740.24,0,0.0,0.000304,0.0,0.199253,0.456397
2025-01-14,13.7,0.0,35.7,13.9,5913.23,6570.86,0,0.0,0.0,0.0,0.216561,0.356514
2025-01-15,14.1,0.0,42.5,12.1,5630.81,6170.89,0,0.0,0.0,0.0,0.218058,0.372676
2025-01-16,16.1,0.0,41.0,12.9,5743.11,5519.75,0,0.0,0.040466,0.0,0.234602,0.538632
2025-01-17,15.2,0.0,40.3,12.1,5530.18,5894.58,0,0.0,0.0,0.0,0.221184,0.405806
2025-01-18,14.0,0.0,34.3,13.6,5515.36,5542.66,0,0.0,0.0,0.0,0.213598,0.464638
2025-01-19,13.9,0.0,38.2,12.7,5593.51,5611.91,1,0.5,0.0,0.028,0.213307,0.466269
2025-01-20,11.6,0.0,37.5,14.9,5456.6,6372.11,0,0.0,0.0,0.0,0.21381,0.302874
2025-01-21,9.4,0.0,39.6,15.4,5490.52,5808.04,0,0.0,0.0,0.0,0.207105,0.400074
2025-01-22,12.1,3.8,49.7,20.3,5791.72,6001.93,0,0.0,0.0,0.0,0.286284,0.502187
2025-01-23,14.6,0.0,41.3,14.9,5737.89,6055.49,0,0.0,0.0,0.0,0.240709,0.436271
2025-01-24,11.9,0.0,40.0,16.6,5419.18,5988.61,0,0.0,0.0,0.0,0.233592,0.379379
2025-01-25,13.7,0.0,46.9,13.3,5696.51,5729.54,0,0.0,0.0,0.0,0.232931,0.482991
2025-01-26,13.0,0.0,45.6,13.2,5540.51,5632.24,0,0.0,0.0,0.0,0.225108,0.462885
2025-01-27,13.4,0.0,54.4,13.7,5600.52,6112.24,1,0.686,0.0,0.0384,0.248103,0.407157
2025-01-28,14.0,0.0,49.6,13.0,5603.82,5348.66,0,0.0,0.047705,0.0,0.237656,0.550137
2025-01-29,15.6,0.0,34.9,15.0,5664.07,6300.81,0,0.0,0.0,0.0,0.236072,0.374888
2025-01-30,15.0,0.0,49.2,12.7,5513.65,5231.76,0,0.0,0.053881,0.0,0.241183,0.560873
2025-01-31,17.3,0.0,48.9,12.7,5732.68,5930.55,0,0.0,0.0,0.0,0.25578,0.47362
2025-02-01,17.0,1.7,54.4,12.6,5551.05,5269.47,0,0.0,0.053437,0.0,0.265418,0.584589
2025-02-02,17.4,0.0,45.0,14.6,5602.99,5510.3,0,0.0,0.016822,0.0,0.263788,0.540215
2025-02-03,14.9,0.0,51.8,12.7,5365.19,6072.07,0,0.0,0.0,0.0,0.245399,0.366286
2025-02-04,18.9,0.0,44.9,12.7,5856.18,6534.33,0,0.0,0.0,0.0,0.258827,0.394461
2025-02-05,18.7,0.0,48.4,12.7,5577.52,6260.95,0,0.0,0.0,0.0,0.264071,0.39343
2025-02-06,19.2,0.0,42.0,12.1,5617.64,5385.71,0,0.0,0.043064,0.0,0.250737,0.5578
2025-02-07,14.9,0.0,40.7,13.1,5237.27,5152.34,0,0.0,0.016484,0.0,0.227673,0.503706
2025-02-08,13.1,16.6,56.4,15.0,5415.21,5801.93,0,0.0,0.0,0.0,0.28016,0.459138
2025-02-09,15.9,0.0,48.3,14.7,5704.25,6246.53,0,0.0,0.0,0.0,0.26086,0.416304
2025-02-10,16.2,0.0,42.2,14.8,5547.34,5545.29,0,0.0,0.000369,0.0,0.252171,0.509393
2025-02-11,12.2,0.4,53.1,15.3,5256.81,5327.92,0,0.0,0.0,0.0,0.250589,0.491798
2025-02-12,14.9,0.0,35.6,15.0,5674.15,5553.44,0,0.0,0.021737,0.0,0.232771,0.514936
2025-02-13,13.9,0.0,45.5,13.2,5440.03,6280.35,0,0.0,0.0,0.0,0.230853,0.331443
2025-02-14,17.1,0.4,41.7,15.0,5732.87,5847.97,0,0.0,0.0,0.0,0.259197,0.49301
2025-02-15,16.7,0.0,56.2,12.4,5485.51,5770.6,0,0.0,0.0,0.0,0.263198,0.462314
2025-02-16,17.1,0.0,48.4,13.8,5533.78,5839.63,0,0.0,0.0,0.0,0.262012,0.457659
2025-02-17,19.3,0.0,51.3,12.4,5694.53,6375.9,0,0.0,0.0,0.0,0.271148,0.403182
2025-02-18,17.1,0.0,52.8,12.8,5351.91,5298.37,0,0.0,0.010107,0.0,0.262546,0.531133
2025-02-19,15.1,0.0,55.6,16.6,5336.18,5995.73,0,0.0,0.0,0.0,0.283935,0.412307
2025-02-20,15.2,0.0,55.4,13.1,5467.58,5300.49,0,0.0,0.031523,0.0,0.257213,0.550804
2025-02-21,17.3,0.0,56.3,12.7,5636.48,6332.25,0,0.0,0.0,0.0,0.269655,0.398174
2025-02-22,14.8,0.0,51.3,15.4,5285.69,4978.78,0,0.0,0.061643,0.0,0.264635,0.593388
2025-02-23,12.2,0.0,57.2,12.6,5297.92,5527.92,0,0.0,0.0,0.0,0.236955,0.445173
2025-02-24,15.1,0.0,50.0,14.3,5635.91,6494.84,0,0.0,0.0,0.0,0.255688,0.358091
2025-02-25,14.7,0.0,51.6,13.8,5408.61,5916.62,0,0.0,0.0,0.0,0.252193,0.408748
2025-02-26,14.8,0.0,46.3,13.2,5440.72,5857.14,0,0.0,0.0,0.0,0.238285,0.412077
2025-02-27,12.0,9.8,65.1,12.4,5271.53,5186.92,0,0.0,0.016312,0.0,0.260864,0.536697
2025-02-28,12.2,0.0,49.7,17.4,5463.4,5483.66,0,0.0,0.0,0.0,0.25993,0.512407
2025-03-01,13.8,0.0,62.1,12.5,4777.42,5420.92,0,0.0,0.0,0.0,0.255918,0.374129
2025-03-02,17.0,0.0,58.0,16.5,4882.58,5272.0,0,0.0,0.0,0.0,0.300186,0.470745
2025-03-03,16.2,1.6,57.1,14.3,4640.1,5132.35,0,0.0,0.0,0.0,0.278203,0.423026
2025-03-04,20.4,0.0,57.9,15.1,4986.18,5258.67,0,0.0,0.0,0.0,0.311607,0.507905
2025-03-05,19.2,0.0,51.0,13.5,4652.45,4802.5,0,0.0,0.0,0.0,0.278414,0.49873
2025-03-06,18.3,0.0,64.7,17.3,4652.66,5110.01,0,0.0,0.0,0.0,0.327491,0.479798
2025-03-07,22.1,1.8,55.7,18.5,4973.05,5302.96,0,0.0,0.0,0.0,0.347118,0.531281
2025-03-08,22.6,4.1,63.5,12.7,4803.08,4991.8,0,0.0,0.0,0.0,0.323092,0.535747
2025-03-09,21.5,0.0,55.0,12.2,4671.34,4488.77,1,0.5,0.040672,0.095,0.291043,0.595314
2025-03-10,21.4,0.0,50.9,13.1,4727.89,5248.42,0,0.0,0.0,0.0,0.289641,0.43065
2025-03-11,24.5,0.0,68.3,12.5,5041.67,5433.52,0,0.0,0.0,0.0,0.33807,0.51067
2025-03-12,27.2,0.0,55.7,15.5,5165.23,5226.2,0,0.0,0.0,0.0,0.35539,0.598561
2025-03-13,24.9,0.0,61.4,14.0,4741.11,5330.39,0,0.0,0.0,0.0,0.339343,0.467076
2025-03-14,24.6,0.0,44.3,11.5,4842.63,5159.14,0,0.0,0.0,0.0,0.286013,0.471184
2025-03-15,24.8,0.0,59.4,11.4,4869.54,5193.82,0,0.0,0.0,0.0,0.314872,0.498774
2025-03-16,22.8,0.0,63.1,13.1,4638.96,5129.23,1,0.5,0.0,0.0232,0.321744,0.46695
2025-03-17,23.1,0.0,61.2,15.2,4783.8,5224.52,0,0.0,0.0,0.0,0.336363,0.494676
2025-03-18,23.6,0.0,60.3,11.6,4811.57,5141.17,0,0.0,0.0,0.0,0.310193,0.492141
2025-03-19,26.2,0.0,60.0,13.5,5077.54,5271.09,0,0.0,0.0,0.0,0.341429,0.555353
2025-03-20,28.6,0.0,65.8,14.1,5181.94,6088.63,0,0.0,0.0,0.0,0.372752,0.455698
2025-03-21,27.5,0.0,55.3,13.5,4910.02,4928.54,1,0.711,0.0,0.0349,0.341185,0.593588
2025-03-22,26.9,8.5,63.0,11.0,4904.52,5380.24,0,0.0,0.0,0.0,0.342748,0.496317
2025-03-23,28.2,9.4,71.9,11.8,5084.96,5312.34,0,0.0,0.0,0.0,0.375276,0.582099
2025-03-24,26.8,0.0,55.3,11.7,4845.81,5226.92,0,0.0,0.0,0.0,0.322682,0.494353
2025-03-25,28.1,0.0,62.5,13.8,5069.77,5717.21,0,0.0,0.0,0.0,0.360955,0.485544
2025-03-26,27.9,0.0,57.8,11.5,4961.08,5111.75,0,0.0,0.0,0.0,0.333077,0.555458
2025-03-27,26.0,0.0,65.2,10.8,4759.44,5177.87,0,0.0,0.0,0.0,0.329027,0.491478
2025-03-28,24.6,0.0,64.1,13.5,4709.61,5023.89,0,0.0,0.0,0.0,0.33857,0.522331
2025-03-29,28.3,0.0,59.6,10.9,5206.0,5255.97,0,0.0,0.0,0.0,0.334459,0.58015
2025-03-30,28.1,0.0,64.7,10.4,4958.42,5599.35,0,0.0,0.0,0.0,0.338845,0.462008
2025-03-31,31.6,12.0,68.2,11.3,5366.5,5875.27,0,0.0,0.0,0.0,0.390063,0.545762
2025-04-01,30.2,0.0,62.1,10.3,4983.61,5096.35,0,0.0,0.0,0.0,0.34704,0.578005
2025-04-02,30.7,0.0,63.4,10.1,5124.98,5737.56,1,1.655,0.0,0.0848,0.35123,0.48338
2025-04-03,35.4,0.0,62.5,9.9,5636.71,5623.29,0,0.0,0.002385,0.0,0.378979,0.638555
2025-04-04,32.3,0.0,54.6,12.4,4978.31,5218.15,0,0.0,0.0,0.0,0.363023,0.566156
2025-04-05,28.2,0.0,71.0,11.6,4701.75,4809.69,0,0.0,0.0,0.0,0.360576,0.591167
2025-04-06,31.4,0.0,72.6,17.9,5304.33,5820.61,0,0.0,0.0,0.0,0.433279,0.586522
2025-04-07,29.7,0.0,58.1,10.7,4917.52,5014.79,0,0.0,0.0,0.0,0.339331,0.573477
2025-04-08,30.1,0.0,73.2,15.0,5054.66,5548.93,0,0.0,0.0,0.0,0.403459,0.556263
2025-04-09,29.3,0.0,69.4,12.2,4939.03,5370.95,0,0.0,0.0,0.0,0.369456,0.532366
2025-04-10,30.4,0.0,62.2,10.5,5109.98,5244.68,0,0.0,0.0,0.0,0.350089,0.576896
2025-04-11,28.9,0.0,66.9,10.0,4869.27,5674.03,0,0.0,0.0,0.0,0.345157,0.436372
2025-04-12,29.3,0.0,64.7,11.6,5000.26,5015.51,0,0.0,0.0,0.0,0.356014,0.609254
2025-04-13,31.0,6.0,74.6,9.9,5160.71,4960.64,0,0.0,0.040331,0.0,0.379985,0.683858
2025-04-14,29.4,0.0,64.2,11.4,4879.01,5386.11,0,0.0,0.0,0.0,0.354192,0.501072
2025-04-15,28.9,0.0,79.6,9.8,4906.93,4487.82,0,0.0,0.093389,0.0,0.367426,0.733238
2025-04-16,29.2,0.0,75.0,9.5,4971.25,5687.03,0,0.0,0.0,0.0,0.358463,0.468322
2025-04-17,27.3,0.0,63.3,9.1,4739.16,5006.5,0,0.0,0.0,0.0,0.320916,0.515368
2025-04-18,27.9,0.0,77.9,11.0,4911.14,4715.19,0,0.0,0.041558,0.0,0.366906,0.67221
2025-04-19,29.5,0.0,73.6,10.5,5052.94,5003.66,0,0.0,0.009849,0.0,0.365532,0.633819
2025-04-20,29.8,0.0,69.4,9.2,4985.91,4721.92,0,0.0,0.055908,0.0,0.349603,0.671659
2025-04-21,30.3,0.0,73.8,10.2,5024.16,5396.56,0,0.0,0.0,0.0,0.368865,0.545096
2025-04-22,31.3,0.0,75.2,8.9,5100.35,4929.0,0,0.0,0.034763,0.0,0.368051,0.665424
2025-04-23,30.9,0.0,67.0,10.4,4988.1,5395.29,1,0.914,0.0,0.0456,0.361613,0.530298
2025-04-24,33.3,12.3,78.3,10.1,5286.78,5449.59,0,0.0,0.0,0.0,0.411312,0.633225
2025-04-25,36.8,0.0,69.1,11.5,5541.25,5652.37,0,0.0,0.0,0.0,0.412927,0.646767
2025-04-26,35.8,0.0,75.5,8.6,5200.92,5627.86,1,0.613,0.0,0.0319,0.395959,0.564188
2025-04-27,36.9,0.0,70.9,8.4,5393.58,5875.13,0,0.0,0.0,0.0,0.393042,0.554147
2025-04-28,36.5,0.0,66.8,13.4,5262.89,5905.94,0,0.0,0.0,0.0,0.421298,0.550979
2025-04-29,37.3,3.5,76.0,10.6,5389.86,5444.14,0,0.0,0.0,0.0,0.426486,0.671637
2025-04-30,40.5,0.0,70.3,9.0,5709.15,5983.88,0,0.0,0.0,0.0,0.420275,0.623468
2025-05-01,40.9,0.0,73.1,12.8,5551.64,5607.02,0,0.0,0.0,0.0,0.457483,0.702743
2025-05-02,36.8,0.0,74.6,16.0,5029.77,5332.9,0,0.0,0.0,0.0,0.457962,0.648395
2025-05-03,37.9,0.0,80.0,10.4,5427.12,5432.38,0,0.0,0.0,0.0,0.432128,0.687788
2025-05-04,40.5,0.0,70.7,9.4,5654.68,5786.34,0,0.0,0.0,0.0,0.424111,0.654338
2025-05-05,39.6,0.0,68.8,8.2,5382.78,5509.83,0,0.0,0.0,0.0,0.405358,0.635229
2025-05-06,41.4,0.0,81.4,8.9,5651.1,6038.09,0,0.0,0.0,0.0,0.446248,0.628218
2025-05-07,39.5,0.0,73.3,8.0,5302.89,5569.02,0,0.0,0.0,0.0,0.411593,0.612596
2025-05-08,36.5,0.0,70.7,10.1,5064.75,5479.54,1,2.181,0.0,0.1105,0.403147,0.571567
2025-05-09,37.3,0.0,75.4,17.4,5353.98,5585.59,0,0.0,0.0,0.0,0.47356,0.681943
2025-05-10,34.2,0.0,72.0,10.2,4938.87,5005.43,0,0.0,0.0,0.0,0.391196,0.632462
2025-05-11,34.8,0.0,72.5,12.2,5198.73,5521.32,1,0.5,0.0,0.026,0.411521,0.600104
2025-05-12,38.4,0.0,86.8,8.8,5580.63,5537.2,0,0.0,0.007844,0.0,0.435828,0.701774
2025-05-13,34.9,0.0,69.1,9.7,4939.97,5364.1,0,0.0,0.0,0.0,0.386515,0.551001
2025-05-14,33.4,0.0,66.9,8.4,4984.24,5143.82,0,0.0,0.0,0.0,0.362472,0.583045
2025-05-15,32.7,6.4,82.0,7.3,4996.95,5311.18,0,0.0,0.0,0.0,0.385492,0.573214
2025-05-16,34.2,0.0,72.4,7.1,5203.7,5536.01,0,0.0,0.0,0.0,0.368027,0.554741
2025-05-17,34.7,0.4,76.1,16.2,5175.19,5956.11,0,0.0,0.0,0.0,0.448964,0.552693
2025-05-18,38.7,0.5,77.8,7.8,5610.61,6026.02,0,0.0,0.0,0.0,0.413824,0.590138
2025-05-19,41.1,0.0,65.8,8.3,5632.57,5940.19,0,0.0,0.0,0.0,0.410391,0.606726
2025-05-20,42.1,0.0,80.3,6.8,5595.73,5631.43,0,0.0,0.0,0.0,0.432596,0.681985
2025-05-21,42.2,0.0,71.9,8.0,5541.71,6098.93,0,0.0,0.0,0.0,0.426764,0.576896
2025-05-22,42.8,0.0,84.2,9.9,5605.76,5790.62,0,0.0,0.0,0.0,0.468442,0.687964
2025-05-23,40.8,0.0,70.8,9.6,5323.09,5077.67,0,0.0,0.048334,0.0,0.42782,0.741034
2025-05-24,42.7,0.0,82.7,8.3,5678.98,5893.13,0,0.0,0.0,0.0,0.452625,0.666993
2025-05-25,40.3,0.0,83.6,9.8,5263.73,5590.42,0,0.0,0.0,0.0,0.450067,0.638637
2025-05-26,42.3,0.0,72.5,7.3,5659.77,5650.91,0,0.0,0.001568,0.0,0.423147,0.681767
2025-05-27,44.6,0.0,74.0,11.2,5808.39,6055.56,0,0.0,0.0,0.0,0.471212,0.680352
2025-05-28,44.5,0.0,73.4,18.4,5640.46,5897.08,0,0.0,0.0,0.0,0.524984,0.730973
2025-05-29,43.7,0.0,82.6,10.5,5545.13,5802.86,0,0.0,0.0,0.0,0.476004,0.680945
2025-05-30,44.2,0.0,75.9,7.6,5660.78,6384.12,1,2.988,0.0,0.1692,0.444361,0.568881
2025-05-31,38.1,0.0,77.7,6.8,4901.51,4741.59,0,0.0,0.033729,0.0,0.401356,0.697519
2025-06-01,39.6,0.0,74.3,6.4,6619.08,7798.13,0,0.0,0.0,0.0,0.401781,0.482064
2025-06-02,39.9,0.0,77.4,7.7,6551.05,6865.05,0,0.0,0.0,0.0,0.419602,0.622996
2025-06-03,40.4,0.0,77.7,6.3,6586.38,7156.45,0,0.0,0.0,0.0,0.412658,0.576455
2025-06-04,42.2,0.0,72.0,8.0,6820.77,7216.74,0,0.0,0.0,0.0,0.426952,0.619689
2025-06-05,42.2,7.8,85.7,7.3,6664.22,6272.77,0,0.0,0.062405,0.0,0.456755,0.786396
2025-06-06,40.0,0.0,73.9,6.5,6352.99,6247.76,0,0.0,0.016843,0.0,0.404439,0.680891
2025-06-07,40.3,15.5,83.9,7.6,6563.84,6675.23,0,0.0,0.0,0.0,0.452566,0.689875
2025-06-08,40.9,0.0,68.5,7.7,6632.82,7379.7,0,0.0,0.0,0.0,0.409506,0.548146
2025-06-09,41.6,4.4,79.3,8.3,6674.53,6426.16,0,0.0,0.038651,0.0,0.444368,0.746278
2025-06-10,42.2,23.7,86.0,7.2,6711.64,6685.39,0,0.0,0.003927,0.0,0.475945,0.737319
2025-06-11,44.4,1.0,76.2,8.0,6991.82,7414.03,0,0.0,0.0,0.0,0.450548,0.640857
2025-06-12,42.0,0.0,80.0,10.0,6452.68,6967.54,0,0.0,0.0,0.0,0.456066,0.626592
2025-06-13,42.5,0.0,71.0,5.8,6728.28,7252.35,0,0.0,0.0,0.0,0.410079,0.58251
2025-06-14,45.2,17.8,81.3,5.7,7081.01,6996.09,0,0.0,0.012138,0.0,0.468134,0.739094
2025-06-15,41.3,32.3,74.8,8.5,6292.38,5973.52,0,0.0,0.053378,0.0,0.469537,0.788642
2025-06-16,42.0,36.9,84.2,6.1,6705.95,7268.98,0,0.0,0.0,0.0,0.47887,0.645237
2025-06-17,41.1,0.0,70.2,9.9,6512.19,7425.77,0,0.0,0.0,0.0,0.430987,0.544154
2025-06-18,40.7,0.0,73.7,9.0,6536.69,6721.32,0,0.0,0.0,0.0,0.427968,0.65269
2025-06-19,39.4,7.7,82.8,9.9,6372.59,6231.66,0,0.0,0.022615,0.0,0.452801,0.735992
2025-06-20,39.8,0.0,82.5,5.2,6535.39,6685.16,0,0.0,0.0,0.0,0.409215,0.639851
2025-06-21,44.1,0.0,67.3,6.5,7140.37,7674.66,0,0.0,0.0,0.0,0.419089,0.594607
2025-06-22,41.3,0.0,79.8,7.5,6386.01,6611.51,0,0.0,0.0,0.0,0.431787,0.64876
2025-06-23,39.3,0.0,80.5,5.4,6316.12,7191.87,0,0.0,0.0,0.0,0.403713,0.518349
2025-06-24,37.4,0.0,75.0,6.3,6206.15,6878.11,0,0.0,0.0,0.0,0.387821,0.530561
2025-06-25,42.0,0.0,80.0,7.1,7015.66,7447.91,0,0.0,0.0,0.0,0.433689,0.622727
2025-06-26,41.2,21.2,76.3,5.6,6541.2,6062.89,0,0.0,0.078891,0.0,0.435771,0.784659
2025-06-27,41.5,45.8,81.8,5.3,6641.89,6684.31,0,0.0,0.0,0.0,0.47576,0.725141
2025-06-28,40.9,19.6,75.1,5.9,6539.41,6640.61,0,0.0,0.0,0.0,0.431906,0.670905
2025-06-29,39.4,9.4,78.5,9.7,6364.81,6383.67,0,0.0,0.0,0.0,0.44527,0.698611
2025-06-30,39.5,18.6,76.6,7.3,6508.76,6912.44,0,0.0,0.0,0.0,0.435073,0.623688
2025-07-01,45.0,0.0,68.7,6.6,7310.07,7772.95,0,0.0,0.0,0.0,0.428418,0.615689
2025-07-02,47.3,0.0,68.7,8.2,7202.53,6803.03,0,0.0,0.058724,0.0,0.455923,0.781267
2025-07-03,44.6,2.3,72.5,6.1,6615.87,7282.02,0,0.0,0.0,0.0,0.431854,0.581852
2025-07-04,45.4,4.4,68.6,5.5,6959.02,7314.04,0,0.0,0.0,0.0,0.427747,0.627872
2025-07-05,43.1,0.0,74.9,5.0,6552.95,7028.24,0,0.0,0.0,0.0,0.415173,0.593017
2025-07-06,39.3,0.0,77.3,5.8,6196.97,6797.6,0,0.0,0.0,0.0,0.400799,0.554438
2025-07-07,41.9,6.2,77.6,7.5,6869.26,6880.81,0,0.0,0.0,0.0,0.439181,0.694011
2025-07-08,44.2,0.0,85.5,4.4,7006.86,7912.92,0,0.0,0.0,0.0,0.437669,0.560787
2025-07-09,45.8,5.6,74.2,5.4,7059.6,7349.52,0,0.0,0.0,0.0,0.441576,0.652315
2025-07-10,44.0,22.4,84.6,5.8,6666.68,7635.29,0,0.0,0.0,0.0,0.472796,0.58149
2025-07-11,43.2,0.0,71.2,5.3,6691.55,6649.28,0,0.0,0.006358,0.0,0.41121,0.675421
2025-07-12,44.3,0.0,68.7,8.0,6928.21,7902.38,1,1.93,0.0,0.1337,0.434606,0.547484
2025-07-13,44.4,4.2,71.5,6.8,6860.03,6812.35,0,0.0,0.007,0.0,0.43638,0.701341
2025-07-14,43.0,0.0,70.4,5.3,6636.69,8034.2,0,0.0,0.0,0.0,0.408392,0.462118
2025-07-15,39.3,0.0,68.7,7.7,6227.86,6165.79,0,0.0,0.010066,0.0,0.399335,0.667877
2025-07-16,39.8,12.0,66.7,4.5,6591.24,7359.55,0,0.0,0.0,0.0,0.38883,0.523748
2025-07-17,42.1,0.0,64.0,6.8,6890.66,7077.87,0,0.0,0.0,0.0,0.402033,0.627945
2025-07-18,39.4,0.3,74.4,4.8,6315.06,6915.28,0,0.0,0.0,0.0,0.388671,0.544135
2025-07-19,40.9,0.0,72.5,6.9,6746.25,7066.33,1,0.5,0.0,0.0337,0.410833,0.614744
2025-07-20,41.4,10.6,79.7,6.2,6708.47,6582.7,0,0.0,0.019106,0.0,0.43516,0.714255
2025-07-21,42.6,36.0,74.9,6.3,6848.33,5984.07,0,0.0,0.144427,0.0,0.465832,0.891226
2025-07-22,43.8,40.8,75.3,6.4,6929.45,8370.62,0,0.0,0.0,0.0,0.48112,0.536918
2025-07-23,41.5,0.0,61.6,5.5,6508.52,6863.89,0,0.0,0.0,0.0,0.383548,0.579897
2025-07-24,37.9,15.4,76.2,6.2,6167.0,5331.72,0,0.0,0.156661,0.0,0.411385,0.851063
2025-07-25,37.1,0.0,62.3,4.5,6341.45,6779.42,0,0.0,0.0,0.0,0.348142,0.529514
2025-07-26,39.2,5.4,67.7,5.5,6715.68,7343.22,0,0.0,0.0,0.0,0.386414,0.54344
2025-07-27,38.1,0.0,67.8,4.4,6385.06,6416.67,0,0.0,0.0,0.0,0.364275,0.615314
2025-07-28,36.8,0.0,58.1,10.1,6296.9,6330.74,0,0.0,0.0,0.0,0.3815,0.63205
2025-07-29,33.5,4.8,70.7,4.7,5935.91,6225.29,0,0.0,0.0,0.0,0.347563,0.550087
2025-07-30,37.9,0.0,70.4,9.3,6822.19,7680.17,0,0.0,0.0,0.0,0.40564,0.532015
2025-07-31,39.6,0.0,66.4,8.0,6722.09,7100.53,0,0.0,0.0,0.0,0.399314,0.593884
2025-08-01,40.7,0.0,64.3,5.2,6762.87,7724.44,0,0.0,0.0,0.0,0.381022,0.492489
2025-08-02,42.0,14.4,67.9,4.9,6863.64,7695.97,0,0.0,0.0,0.0,0.411596,0.54213
2025-08-03,42.2,0.0,71.1,5.4,6794.76,7036.56,1,1.276,0.0,0.0867,0.405203,0.621877
2025-08-04,40.7,0.0,64.1,11.6,6561.75,6240.6,0,0.0,0.051462,0.0,0.43003,0.746896
2025-08-05,39.6,7.1,65.2,5.2,6527.37,6760.53,0,0.0,0.0,0.0,0.384122,0.60065
2025-08-06,38.2,0.0,59.8,8.6,6411.89,6945.15,0,0.0,0.0,0.0,0.382341,0.549496
2025-08-07,43.1,4.5,50.0,9.3,7251.81,7641.76,0,0.0,0.0,0.0,0.407155,0.604374
2025-08-08,42.8,0.0,68.0,5.0,6818.65,7432.12,0,0.0,0.0,0.0,0.400258,0.560687
2025-08-09,40.5,0.0,62.2,5.5,6509.15,7188.68,0,0.0,0.0,0.0,0.378081,0.524519
2025-08-10,40.4,0.0,57.5,4.3,6688.52,7246.64,0,0.0,0.0,0.0,0.35935,0.526229
2025-08-11,37.4,6.5,73.8,6.2,6262.54,6467.04,0,0.0,0.0,0.0,0.39273,0.612605
2025-08-12,39.9,1.0,63.7,6.2,6870.09,7438.61,0,0.0,0.0,0.0,0.38356,0.551128
2025-08-13,37.6,0.5,60.0,5.7,6339.33,7549.1,0,0.0,0.0,0.0,0.356995,0.426705
2025-08-14,38.0,0.0,65.7,5.5,6583.5,6294.73,0,0.0,0.045875,0.0,0.368166,0.67851
2025-08-15,39.4,9.5,64.5,7.4,6759.88,7305.39,0,0.0,0.0,0.0,0.401395,0.571012
2025-08-16,39.1,24.8,67.9,8.2,6612.05,7705.79,0,0.0,0.0,0.0,0.430633,0.521725
2025-08-17,38.2,8.6,58.7,7.7,6513.61,6357.29,0,0.0,0.024589,0.0,0.383827,0.669322
2025-08-18,37.3,0.0,62.8,5.8,6455.89,7185.85,0,0.0,0.0,0.0,0.360429,0.498631
2025-08-19,36.4,16.9,67.9,7.2,6401.54,7179.25,0,0.0,0.0,0.0,0.395481,0.525809
2025-08-20,34.5,0.0,55.6,6.0,6215.57,5948.05,0,0.0,0.044977,0.0,0.330016,0.639311
2025-08-21,33.3,3.6,49.7,5.6,6185.25,6772.1,0,0.0,0.0,0.0,0.31235,0.467976
2025-08-22,36.1,11.7,65.6,6.2,6682.62,6902.52,0,0.0,0.0,0.0,0.375131,0.59473
2025-08-23,35.0,0.8,60.9,5.4,6327.33,6619.6,0,0.0,0.0,0.0,0.339596,0.544843
2025-08-24,32.8,204.9,91.4,18.7,6099.54,6405.24,0,0.0,0.0,0.0,0.73393,0.935004
2025-08-25,31.5,0.0,57.1,7.7,6091.17,6899.46,0,0.0,0.0,0.0,0.326172,0.446198
2025-08-26,33.7,2.9,62.1,5.1,6495.78,6774.69,0,0.0,0.0,0.0,0.333525,0.542254
2025-08-27,34.5,7.3,54.8,5.2,6453.2,6587.5,0,0.0,0.0,0.0,0.33125,0.56424
2025-08-28,34.8,10.8,57.6,6.6,6445.35,6586.37,0,0.0,0.0,0.0,0.353551,0.585346
2025-08-29,33.4,6.1,51.8,6.2,6225.93,6403.47,0,0.0,0.0,0.0,0.324627,0.54905
2025-08-30,33.9,17.2,65.3,5.5,6405.72,6290.35,0,0.0,0.018341,0.0,0.361377,0.639578
2025-08-31,31.8,22.4,60.2,5.8,6081.08,6204.26,0,0.0,0.0,0.0,0.346632,0.580244
2025-09-01,30.8,0.3,55.7,5.5,6244.93,6603.47,0,0.0,0.0,0.0,0.302324,0.495729
2025-09-02,32.4,0.0,56.3,6.9,5462.1,5874.36,0,0.0,0.0,0.0,0.324432,0.499294
2025-09-03,33.5,0.0,52.6,8.5,5491.14,6182.23,0,0.0,0.0,0.0,0.33709,0.46338
2025-09-04,30.5,0.0,57.6,6.6,5079.04,5410.1,0,0.0,0.0,0.0,0.312031,0.497384
2025-09-05,28.3,15.5,65.3,6.2,5014.86,5115.7,0,0.0,0.0,0.0,0.327792,0.56157
2025-09-06,28.5,0.0,57.7,5.4,5171.61,5100.78,0,0.0,0.013886,0.0,0.289776,0.562777
2025-09-07,31.8,0.0,43.8,5.1,5557.79,5938.8,0,0.0,0.0,0.0,0.28315,0.465044
2025-09-08,27.0,0.0,52.6,5.3,4803.15,5007.79,0,0.0,0.0,0.0,0.269555,0.47864
2025-09-09,27.6,1.2,52.8,7.2,5162.27,5392.96,0,0.0,0.0,0.0,0.29001,0.496863
2025-09-10,24.7,0.0,57.6,7.3,4799.19,5118.53,0,0.0,0.0,0.0,0.279202,0.463159
2025-09-11,23.7,0.0,48.3,5.2,4872.13,5275.15,0,0.0,0.0,0.0,0.23897,0.406571
2025-09-12,23.5,0.0,45.5,5.4,4904.59,5233.16,0,0.0,0.0,0.0,0.233945,0.417438
2025-09-13,23.1,0.0,54.6,6.2,4880.76,5072.37,0,0.0,0.0,0.0,0.254543,0.467234
2025-09-14,22.5,0.0,50.0,6.3,4840.82,4838.46,0,0.0,0.000487,0.0,0.242735,0.500094
2025-09-15,23.1,0.0,46.6,13.9,4944.19,5000.53,0,0.0,0.0,0.0,0.298957,0.542594
2025-09-16,22.3,4.6,49.2,5.3,4832.89,5332.8,0,0.0,0.0,0.0,0.237813,0.385168
2025-09-17,19.9,16.9,46.2,6.6,4685.02,4794.25,0,0.0,0.0,0.0,0.241407,0.471599
2025-09-18,22.3,0.0,49.6,5.7,5026.68,4851.74,0,0.0,0.036055,0.0,0.236037,0.53492
2025-09-19,24.1,56.7,61.1,7.6,5094.85,5779.01,0,0.0,0.0,0.0,0.353305,0.47189
2025-09-20,25.7,15.5,54.6,6.4,5172.66,5124.19,0,0.0,0.009458,0.0,0.292136,0.559968
2025-09-21,22.1,19.3,51.6,6.6,4677.25,4921.5,0,0.0,0.0,0.0,0.268961,0.467814
2025-09-22,22.9,1.0,47.9,5.6,4979.54,5382.6,0,0.0,0.0,0.0,0.237253,0.406626
2025-09-23,24.2,64.4,60.9,27.6,5087.36,5072.41,0,0.0,0.002946,0.0,0.517305,0.777536
2025-09-24,21.8,0.0,45.5,13.5,4748.41,4244.5,0,0.0,0.118722,0.0,0.285239,0.680624
2025-09-25,21.9,72.0,58.9,14.3,4901.35,5319.66,0,0.0,0.0,0.0,0.405044,0.570036
2025-09-26,21.6,0.0,51.4,7.6,4882.91,5535.11,0,0.0,0.0,0.0,0.249459,0.368694
2025-09-27,25.3,29.4,53.0,9.2,5307.31,5835.66,0,0.0,0.0,0.0,0.325064,0.47616
2025-09-28,28.3,0.0,35.6,7.6,5444.12,4987.84,0,0.0,0.091479,0.0,0.263996,0.627578
2025-09-29,23.5,0.0,37.3,7.6,4711.2,5578.14,0,0.0,0.0,0.0,0.235545,0.3109
2025-09-30,27.9,0.0,50.2,9.1,5515.19,5330.27,0,0.0,0.034692,0.0,0.300308,0.597598
2025-10-01,24.5,0.0,44.5,6.2,4860.77,4773.57,0,0.0,0.018268,0.0,0.244834,0.522949
2025-10-02,25.6,3.4,45.1,8.3,6227.32,6845.43,0,0.0,0.0,0.0,0.273561,0.42494
2025-10-03,26.3,0.0,44.1,7.1,5216.13,5625.75,0,0.0,0.0,0.0,0.262893,0.434683
2025-10-04,22.9,0.0,46.2,10.9,4787.86,5051.48,0,0.0,0.0,0.0,0.273741,0.469608
2025-10-05,23.1,9.4,53.5,8.4,5016.27,5087.14,0,0.0,0.0,0.0,0.280925,0.521452
2025-10-06,22.1,0.0,45.5,7.3,4888.1,5542.34,0,0.0,0.0,0.0,0.239377,0.358362
2025-10-07,22.4,0.0,44.5,9.1,4997.43,5234.92,0,0.0,0.0,0.0,0.253368,0.457197
2025-10-08,22.1,1.9,40.3,9.9,4937.86,4697.65,0,0.0,0.051134,0.0,0.252007,0.568491
2025-10-09,23.6,0.0,34.7,8.3,5140.83,5796.98,0,0.0,0.0,0.0,0.23673,0.361384
2025-10-10,22.6,0.0,44.5,11.9,4934.66,5249.56,0,0.0,0.0,0.0,0.276292,0.463054
2025-10-11,21.2,1.8,45.1,11.1,4875.32,5461.56,0,0.0,0.0,0.0,0.264212,0.395694
2025-10-12,22.5,0.0,47.1,8.8,5081.37,5518.72,0,0.0,0.0,0.0,0.256588,0.420863
2025-10-13,22.6,0.0,49.9,7.9,5009.25,6014.46,0,0.0,0.0,0.0,0.255552,0.317232
2025-10-14,22.8,0.0,35.3,7.0,5039.63,5193.19,0,0.0,0.0,0.0,0.222551,0.444822
2025-10-15,20.2,0.0,37.8,8.3,4802.31,5047.29,0,0.0,0.0,0.0,0.220132,0.42026
2025-10-16,17.2,0.0,44.0,8.0,4746.35,5198.91,0,0.0,0.0,0.0,0.209668,0.364837
2025-10-17,15.8,0.0,40.4,9.1,4816.54,4965.19,0,0.0,0.0,0.0,0.202178,0.424018
2025-10-18,14.5,0.0,47.4,8.7,4820.76,5305.57,0,0.0,0.0,0.0,0.203648,0.353764
2025-10-19,16.2,0.0,39.0,9.0,5015.57,4335.02,0,0.0,0.156988,0.0,0.201418,0.641477
2025-10-20,17.9,0.0,49.7,9.3,5043.47,5272.52,0,0.0,0.0,0.0,0.235001,0.441076
2025-10-21,16.9,0.0,39.8,11.4,4877.2,5089.41,0,0.0,0.0,0.0,0.226051,0.434165
2025-10-22,19.3,0.0,47.4,8.5,5110.35,5321.04,1,0.5,0.0,0.0256,0.233743,0.444309
2025-10-23,21.0,0.0,27.0,8.7,5101.17,5074.4,0,0.0,0.005274,0.0,0.208242,0.471191
2025-10-24,20.1,10.2,43.8,10.6,4935.78,5464.33,0,0.0,0.0,0.0,0.260915,0.404785
2025-10-25,17.1,0.0,38.8,13.1,4779.18,4866.26,0,0.0,0.0,0.0,0.238611,0.474511
2025-10-26,19.5,0.0,28.0,10.1,5131.58,5452.91,0,0.0,0.0,0.0,0.211032,0.399029
2025-10-27,18.1,0.0,38.2,16.4,4891.03,5124.13,0,0.0,0.0,0.0,0.26954,0.473224
2025-10-28,17.4,0.0,31.9,9.5,4918.55,5319.52,0,0.0,0.0,0.0,0.199873,0.368668
2025-10-29,15.7,0.0,35.3,10.5,4850.08,5529.82,1,1.201,0.0,0.0583,0.202759,0.316049
2025-10-30,13.3,0.0,39.3,9.1,4809.74,5109.35,0,0.0,0.0,0.0,0.183637,0.371971
2025-10-31,10.2,0.0,37.0,11.6,4796.53,5290.61,0,0.0,0.0,0.0,0.178182,0.325951
2025-11-01,11.8,0.0,39.2,10.4,5072.92,5372.87,0,0.0,0.0,0.0,0.183594,0.375212
2025-11-02,10.2,0.4,38.1,19.0,4899.68,4988.47,0,0.0,0.0,0.0,0.237831,0.473842
2025-11-03,16.6,0.0,48.9,9.3,5349.75,5569.53,0,0.0,0.0,0.0,0.224932,0.435655
2025-11-04,13.4,0.0,38.2,8.4,4778.27,4931.83,0,0.0,0.0,0.0,0.176833,0.397274
2025-11-05,10.5,0.0,37.4,9.1,4821.26,5234.89,0,0.0,0.0,0.0,0.161619,0.326168
2025-11-06,11.6,1.3,39.1,9.4,5059.57,5346.54,0,0.0,0.0,0.0,0.175958,0.370089
2025-11-07,14.5,0.0,36.4,11.0,5137.62,5137.42,0,0.0,3.9e-05,0.0,0.20077,0.457605
2025-11-08,13.9,0.0,28.5,11.9,4936.5,5114.29,0,0.0,0.0,0.0,0.188947,0.405154
2025-11-09,14.3,0.0,39.7,9.0,5001.56,4770.83,0,0.0,0.048364,0.0,0.190207,0.503456
2025-11-10,9.8,0.0,42.6,11.4,4749.35,4931.59,0,0.0,0.0,0.0,0.184502,0.398152
2025-11-11,8.5,0.0,43.8,8.9,4956.42,5204.65,0,0.0,0.0,0.0,0.158893,0.360005
2025-11-12,6.6,0.0,39.4,9.4,4941.35,5751.4,0,0.0,0.0,0.0,0.141978,0.234347
2025-11-13,3.5,0.0,34.5,12.7,4887.16,5546.69,0,0.0,0.0,0.0,0.13782,0.2558
2025-11-14,4.9,0.0,37.0,14.5,5165.51,5087.27,1,3.494,0.01538,0.2776,0.165624,0.440368
2025-11-15,1.3,5.7,46.0,12.9,4883.37,5189.61,0,0.0,0.0,0.0,0.153379,0.34128
2025-11-16,0.3,0.0,34.4,10.4,5051.5,5373.87,0,0.0,0.0,0.0,0.098793,0.285552
2025-11-17,1.0,1.2,29.8,10.0,5158.5,5341.54,0,0.0,0.0,0.0,0.09316,0.309946
2025-11-18,0.9,14.5,50.1,13.6,5114.64,5316.66,0,0.0,0.0,0.0,0.174568,0.387
2025-11-19,3.3,4.8,31.4,10.0,5248.33,5393.72,0,0.0,0.0,0.0,0.115712,0.341034
2025-11-20,5.0,8.1,29.4,12.1,5192.17,6064.35,0,0.0,0.0,0.0,0.143398,0.232291
2025-11-21,7.5,0.0,36.8,10.5,5220.07,5344.2,0,0.0,0.0,0.0,0.151522,0.381197
2025-11-22,9.2,0.0,37.2,12.0,5155.91,5524.45,0,0.0,0.0,0.0,0.175052,0.353964
2025-11-23,11.3,0.0,37.4,9.9,5161.45,4597.16,0,0.0,0.122749,0.0,0.173065,0.573151
2025-11-24,10.7,0.0,39.5,15.4,5005.06,5515.0,0,0.0,0.0,0.0,0.215486,0.364333
2025-11-25,10.8,0.0,34.3,10.1,5048.45,5677.52,0,0.0,0.0,0.0,0.1655,0.292942
2025-11-26,11.2,0.0,34.3,10.4,5069.72,4987.2,0,0.0,0.016547,0.0,0.170451,0.446557
2025-11-27,10.8,0.0,32.2,11.9,5024.16,5113.35,0,0.0,0.0,0.0,0.175451,0.411878
2025-11-28,9.4,0.0,35.7,15.0,4977.18,5367.61,0,0.0,0.0,0.0,0.196706,0.368581
2025-11-29,8.4,0.0,37.7,10.5,5011.22,5267.92,0,0.0,0.0,0.0,0.159142,0.359046
2025-11-30,6.6,0.0,39.5,11.3,4980.57,5375.94,0,0.0,0.0,0.0,0.156826,0.32776
2025-12-01,7.6,0.0,30.5,11.8,5775.64,5959.91,0,0.0,0.0,0.0,0.1504,0.371096
2025-12-02,7.4,0.0,28.8,14.1,5692.9,6645.81,0,0.0,0.0,0.0,0.163641,0.253043
2025-12-03,6.1,0.0,39.5,10.6,5630.46,5674.41,0,0.0,0.0,0.0,0.148129,0.395877
2025-12-04,5.0,0.0,32.4,13.3,5660.27,6903.09,0,0.0,0.0,0.0,0.148399,0.195012
2025-12-05,3.0,1.0,30.4,15.0,5618.3,6338.8,0,0.0,0.0,0.0,0.145804,0.269901
2025-12-06,5.8,0.0,25.9,12.6,5921.94,6528.48,0,0.0,0.0,0.0,0.136083,0.284413
2025-12-07,6.2,0.0,42.2,10.6,5755.54,5666.04,0,0.0,0.015796,0.0,0.15385,0.42908
2025-12-08,4.7,0.0,36.6,13.7,5633.56,6238.09,0,0.0,0.0,0.0,0.157383,0.301041
2025-12-09,6.8,0.0,38.0,15.5,5864.38,6380.73,0,0.0,0.0,0.0,0.187739,0.350059
2025-12-10,5.7,13.2,40.8,11.9,5658.98,5186.25,0,0.0,0.09115,0.0,0.174066,0.537265
2025-12-11,3.2,0.0,36.4,11.0,5578.74,5364.01,0,0.0,0.040031,0.0,0.126288,0.429811
2025-12-12,6.0,2.7,36.0,13.0,5923.58,6353.23,0,0.0,0.0,0.0,0.16272,0.340562
2025-12-13,5.1,0.0,35.2,12.4,5679.24,5915.51,0,0.0,0.0,0.0,0.147364,0.357527
2025-12-14,4.6,0.0,30.7,13.9,5715.02,5814.82,0,0.0,0.0,0.0,0.147205,0.383959
2025-12-15,5.2,0.0,26.9,13.2,5776.63,6458.12,0,0.0,0.0,0.0,0.138633,0.272233
2025-12-16,7.8,0.0,47.0,12.5,5893.31,5859.85,0,0.0,0.005711,0.0,0.188057,0.451513
2025-12-17,7.7,4.3,37.1,12.4,5704.18,5825.79,0,0.0,0.0,0.0,0.17331,0.405731
2025-12-18,5.1,0.0,33.8,13.3,5564.6,5616.0,0,0.0,0.0,0.0,0.151683,0.397788
2025-12-19,6.6,0.0,32.1,11.6,5824.51,6302.94,0,0.0,0.0,0.0,0.145265,0.313442
2025-12-20,5.7,0.0,41.5,15.0,5672.01,5341.18,0,0.0,0.061938,0.0,0.183193,0.512291
2025-12-21,9.7,6.6,38.7,15.8,5965.51,6076.75,0,0.0,0.0,0.0,0.218534,0.453954
2025-12-22,9.2,0.0,32.1,12.6,5659.31,5328.05,0,0.0,0.062173,0.0,0.170119,0.49949
2025-12-23,4.3,0.0,35.1,12.4,5405.74,5569.47,0,0.0,0.0,0.0,0.141903,0.364374
2025-12-24,5.6,0.0,38.3,12.0,5820.24,6376.37,0,0.0,0.0,0.0,0.153386,0.308358
2025-12-25,9.8,0.0,34.9,11.6,5972.2,6549.57,0,0.0,0.0,0.0,0.171608,0.325487
2025-12-26,12.4,0.0,41.1,12.4,5834.91,5859.19,0,0.0,0.0,0.0,0.206543,0.458495
2025-12-27,15.1,0.0,47.8,13.2,5802.11,6287.16,0,0.0,0.0,0.0,0.243075,0.409801
2025-12-28,11.5,0.0,35.2,14.6,5425.05,5633.01,0,0.0,0.0,0.0,0.206524,0.420216
2025-12-29,12.5,0.0,36.1,11.9,5721.14,6497.77,0,0.0,0.0,0.0,0.193969,0.311228
2025-12-30,10.0,0.0,33.5,13.0,5515.39,5746.0,0,0.0,0.0,0.0,0.181103,0.39104
2025-12-31,10.0,0.0,37.1,13.1,5675.43,4896.18,0,0.0,0.159154,0.0,0.188625,0.631212
2026-01-01,7.0,0.0,28.2,14.2,5501.56,6086.73,0,0.0,0.0,0.0,0.160651,0.305209
2026-01-02,5.8,0.0,43.7,12.5,5641.77,5760.68,0,0.0,0.0,0.0,0.168687,0.40138
2026-01-03,4.9,0.0,31.7,16.8,5660.53,5845.78,0,0.0,0.0,0.0,0.173434,0.39323
2026-01-04,7.3,4.9,35.8,15.4,5865.72,6283.14,0,0.0,0.0,0.0,0.192116,0.37135
2026-01-05,9.0,1.9,39.7,13.7,5801.08,5570.45,0,0.0,0.041403,0.0,0.193857,0.49898
2026-01-06,9.4,0.0,45.9,16.5,5700.95,6012.81,0,0.0,0.0,0.0,0.227405,0.423647
2026-01-07,6.5,0.0,34.9,14.5,5501.46,5961.79,0,0.0,0.0,0.0,0.172233,0.338884
2026-01-08,6.2,0.0,38.5,16.1,5688.32,6103.2,0,0.0,0.0,0.0,0.189351,0.366784
2026-01-09,5.2,0.0,41.1,15.3,5640.36,5709.55,0,0.0,0.0,0.0,0.181462,0.424105
2026-01-10,7.6,0.0,36.5,14.3,5852.31,6510.64,0,0.0,0.0,0.0,0.18094,0.319687
2026-01-11,10.2,0.0,39.5,14.4,5831.07,5756.18,0,0.0,0.013009,0.0,0.204474,0.476452
2026-01-12,12.1,0.0,32.3,13.9,5756.58,5817.56,0,0.0,0.0,0.0,0.19964,0.444193
2026-01-13,9.9,0.0,37.9,20.9,5512.46,5740.85,0,0.0,0.0,0.0,0.249651,0.459998
2026-01-14,4.3,0.0,46.9,15.8,5318.04,5682.94,0,0.0,0.0,0.0,0.190263,0.372094
2026-01-15,1.8,0.0,45.1,13.8,5552.21,5716.3,0,0.0,0.0,0.0,0.154977,0.378256
2026-01-16,6.2,0.0,39.0,17.0,5986.89,6749.63,0,0.0,0.0,0.0,0.197233,0.322101
2026-01-17,6.1,0.0,36.4,12.9,5675.6,6064.96,0,0.0,0.0,0.0,0.160063,0.341908
2026-01-18,5.3,0.0,40.7,14.1,5636.87,5945.58,0,0.0,0.0,0.0,0.172112,0.368287
2026-01-19,9.5,0.6,34.9,12.9,5929.74,6323.41,1,1.488,0.0,0.0882,0.180393,0.364505
2026-01-20,12.2,8.2,43.4,13.8,5788.67,6345.39,1,0.52,0.0,0.0301,0.230345,0.384712
2026-01-21,11.9,0.0,40.5,13.2,5589.35,5953.6,0,0.0,0.0,0.0,0.208295,0.393662
2026-01-22,11.0,0.0,40.6,13.9,5560.62,5204.74,0,0.0,0.068376,0.0,0.207952,0.544564
2026-01-23,10.7,0.0,42.4,12.9,5595.98,6259.89,0,0.0,0.0,0.0,0.201633,0.334611
2026-01-24,11.2,0.0,46.1,14.2,5642.69,5967.37,0,0.0,0.0,0.0,0.221897,0.41517
2026-01-25,14.4,0.0,38.5,12.4,5781.3,6319.8,0,0.0,0.0,0.0,0.214851,0.372169
2026-01-26,14.6,0.0,48.7,13.4,5580.85,5717.16,0,0.0,0.0,0.0,0.24301,0.471966
2026-01-27,15.4,0.0,49.9,13.1,5619.79,5254.04,0,0.0,0.069614,0.0,0.248218,0.586274
2026-01-28,17.0,0.0,55.5,16.2,5692.93,5160.23,0,0.0,0.103231,0.0,0.293184,0.670487
2026-01-29,13.7,0.0,46.3,18.4,5341.5,5290.78,0,0.0,0.009586,0.0,0.271158,0.539139
2026-01-30,14.9,0.0,52.5,14.7,5627.36,6092.13,0,0.0,0.0,0.0,0.262143,0.429872
2026-01-31,13.8,0.0,50.3,13.8,5484.1,6206.73,0,0.0,0.0,0.0,0.243823,0.364696
2026-02-01,8.5,0.4,46.8,13.1,5250.1,5612.49,0,0.0,0.0,0.0,0.197414,0.378827
2026-02-02,5.1,7.0,41.7,14.2,5403.72,5315.69,0,0.0,0.01656,0.0,0.181981,0.458104
2026-02-03,4.7,0.0,50.8,15.2,5606.61,5609.97,0,0.0,0.0,0.0,0.195582,0.451673
2026-02-04,7.5,0.0,47.9,16.0,5797.19,6584.04,0,0.0,0.0,0.0,0.214773,0.332048
2026-02-05,8.9,0.0,55.9,15.2,5687.1,5501.82,0,0.0,0.033676,0.0,0.232828,0.528932
2026-02-06,10.2,0.0,51.0,12.9,5663.15,6696.18,0,0.0,0.0,0.0,0.214463,0.291156
2026-02-07,14.9,0.0,52.9,13.2,5824.82,6804.49,0,0.0,0.0,0.0,0.251319,0.340033
2026-02-08,12.2,0.0,45.0,12.5,5364.67,6354.38,0,0.0,0.0,0.0,0.213309,0.288273
2026-02-09,12.6,0.0,49.5,12.8,5561.42,5972.88,0,0.0,0.0,0.0,0.226698,0.403068
2026-02-10,13.7,0.0,39.0,15.1,5586.31,5745.43,0,0.0,0.0,0.0,0.232008,0.456467
2026-02-11,12.5,0.0,51.7,13.6,5445.75,5840.29,0,0.0,0.0,0.0,0.236336,0.414262
2026-02-12,13.1,4.4,56.4,15.2,5556.97,6152.9,0,0.0,0.0,0.0,0.266818,0.410541
2026-02-13,10.4,0.0,56.5,15.6,5356.44,5404.65,0,0.0,0.0,0.0,0.246927,0.493304
2026-02-14,14.3,0.0,48.1,13.9,5752.7,5641.24,0,0.0,0.019759,0.0,0.243766,0.523622
2026-02-15,13.3,2.0,41.7,15.3,6519.99,6729.36,0,0.0,0.0,0.0,0.238417,0.458886
2026-02-16,18.0,0.0,47.9,13.3,5835.18,5843.03,0,0.0,0.0,0.0,0.263149,0.518371
2026-02-17,17.6,0.0,50.5,13.9,5494.64,6198.92,0,0.0,0.0,0.0,0.270017,0.394175
2026-02-18,19.5,0.0,53.3,12.2,5669.63,5732.93,0,0.0,0.0,0.0,0.274673,0.518573
2026-02-19,19.0,0.0,41.4,13.1,5491.21,5798.85,0,0.0,0.0,0.0,0.25601,0.450867
2026-02-20,18.6,0.0,51.4,12.6,5494.93,6109.98,0,0.0,0.0,0.0,0.268265,0.407541
2026-02-21,17.3,0.0,47.1,12.0,5403.64,6109.51,0,0.0,0.0,0.0,0.247004,0.368917
2026-02-22,17.7,0.0,59.8,14.1,5519.66,5868.16,0,0.0,0.0,0.0,0.289657,0.477117
2026-02-23,18.4,0.0,41.3,13.2,5552.47,5964.52,0,0.0,0.0,0.0,0.252639,0.428781
2026-02-24,16.9,0.0,58.3,12.9,5370.6,5295.03,0,0.0,0.014271,0.0,0.272312,0.545763
2026-02-25,17.0,0.0,52.8,12.9,5479.37,6106.5,1,0.615,0.0,0.0337,0.262659,0.399558
2026-02-26,16.3,0.0,43.7,12.0,5399.33,6099.1,0,0.0,0.0,0.0,0.234038,0.356888
2026-02-27,21.5,0.0,62.7,14.5,5879.44,5480.63,0,0.0,0.072768,0.0,0.323228,0.664966
2026-02-28,21.0,0.0,61.4,14.4,5485.19,6368.67,0,0.0,0.0,0.0,0.316723,0.411568
2026-03-01,23.9,0.0,61.2,12.4,5045.74,5075.3,0,0.0,0.0,0.0,0.320031,0.570022
2026-03-02,22.8,0.0,55.8,12.0,4752.35,5167.99,1,0.5,0.0,0.0238,0.299569,0.46247
2026-03-03,22.9,0.0,52.3,13.8,4821.41,5086.04,0,0.0,0.0,0.0,0.307555,0.503604
2026-03-04,19.9,0.0,56.4,16.8,4561.71,4772.44,0,0.0,0.0,0.0,0.318616,0.523859
2026-03-05,19.3,0.0,59.1,13.2,4686.29,4859.64,0,0.0,0.0,0.0,0.291946,0.507093
2026-03-06,20.2,0.0,54.0,14.5,4780.0,4720.1,0,0.0,0.012691,0.0,0.298347,0.569952
2026-03-07,23.7,0.0,52.8,12.4,5043.68,5462.31,0,0.0,0.0,0.0,0.302963,0.470284
2026-03-08,23.8,0.0,59.9,13.3,4850.49,5005.6,0,0.0,0.0,0.0,0.323879,0.544494
2026-03-09,26.3,0.0,58.7,11.3,5117.36,4951.08,0,0.0,0.033585,0.0,0.322675,0.618672
2026-03-10,26.9,0.0,62.7,12.2,5031.08,4954.58,0,0.0,0.01544,0.0,0.341074,0.615889
2026-03-11,29.4,0.0,66.0,11.6,5276.83,5111.01,0,0.0,0.032444,0.0,0.35911,0.653775
2026-03-12,28.1,0.0,63.0,18.4,4972.98,5057.27,0,0.0,0.0,0.0,0.397386,0.634719
2026-03-13,32.0,0.0,53.3,12.7,5497.86,5940.77,0,0.0,0.0,0.0,0.360923,0.530678
2026-03-14,29.5,0.0,59.4,21.1,4961.68,4987.48,0,0.0,0.0,0.0,0.420697,0.671448
2026-03-15,26.9,0.0,61.7,12.6,4822.7,5360.2,0,0.0,0.0,0.0,0.342286,0.482013
2026-03-16,24.0,0.0,64.2,13.2,4650.81,4848.42,0,0.0,0.0,0.0,0.332488,0.541697
2026-03-17,28.9,0.0,64.7,12.4,5362.71,5533.07,0,0.0,0.0,0.0,0.35955,0.580396
2026-03-18,29.8,0.0,60.5,12.0,5170.46,5434.44,0,0.0,0.0,0.0,0.354521,0.554604
2026-03-19,28.3,0.0,58.6,13.0,4939.39,5620.5,0,0.0,0.0,0.0,0.348787,0.464108
2026-03-20,30.3,0.0,66.5,13.8,5255.2,5063.94,0,0.0,0.037769,0.0,0.382955,0.683837
2026-03-21,30.9,0.0,63.6,11.3,5193.17,5994.75,0,0.0,0.0,0.0,0.362183,0.462875
2026-03-22,34.0,11.7,66.4,11.8,5513.07,6122.21,0,0.0,0.0,0.0,0.405999,0.546636
2026-03-23,29.4,0.0,58.9,10.9,4797.58,5030.91,0,0.0,0.0,0.0,0.340397,0.543044
2026-03-24,28.5,0.0,73.2,10.7,4957.22,5574.55,0,0.0,0.0,0.0,0.359734,0.487245
2026-03-25,27.3,14.7,67.9,13.5,4882.7,5027.64,0,0.0,0.0,0.0,0.381427,0.604562
2026-03-26,23.5,2.6,63.6,13.2,4522.38,4829.89,0,0.0,0.0,0.0,0.33124,0.513704
2026-03-27,26.5,0.0,64.9,11.7,5077.54,5158.22,0,0.0,0.0,0.0,0.338705,0.577236
2026-03-28,26.4,0.0,63.3,13.1,4877.31,5418.15,0,0.0,0.0,0.0,0.345848,0.486108
2026-03-29,28.3,0.0,57.8,13.4,5100.11,5127.87,0,0.0,0.0,0.0,0.350374,0.600844
2026-03-30,33.2,0.0,66.1,14.3,5542.0,5801.16,0,0.0,0.0,0.0,0.405178,0.609816
2026-03-31,31.7,0.0,57.6,10.2,5064.36,5534.26,0,0.0,0.0,0.0,0.347718,0.505387
2026-04-01,30.4,0.0,65.7,11.8,5005.15,5585.93,0,0.0,0.0,0.0,0.366682,0.502095
2026-04-02,30.6,0.0,57.5,10.5,5094.87,5086.04,0,0.0,0.001736,0.0,0.342595,0.601412
2026-04-03,32.5,0.0,55.0,10.7,5301.5,5818.12,0,0.0,0.0,0.0,0.351974,0.505105
2026-04-04,30.9,14.9,72.8,10.6,5001.69,4942.35,0,0.0,0.012008,0.0,0.392211,0.663017
2026-04-05,29.6,0.0,60.8,12.0,4943.42,4520.9,0,0.0,0.093459,0.0,0.353765,0.719659
2026-04-06,32.1,13.9,72.3,10.7,5296.62,5311.83,0,0.0,0.0,0.0,0.398735,0.652182
2026-04-07,32.7,0.0,67.7,9.7,5215.17,5750.17,0,0.0,0.0,0.0,0.369389,0.517563
2026-04-08,28.4,0.0,67.9,12.1,4686.91,4917.65,0,0.0,0.0,0.0,0.35994,0.561955
2026-04-09,26.6,0.0,64.3,10.0,4743.76,4821.06,0,0.0,0.0,0.0,0.325122,0.563194
2026-04-10,30.8,6.0,68.6,10.0,5313.39,5597.63,0,0.0,0.0,0.0,0.368188,0.565699
2026-04-11,31.9,0.0,64.7,20.5,5188.01,5454.73,0,0.0,0.0,0.0,0.441824,0.641532
2026-04-12,30.6,0.0,73.0,14.3,4960.71,5403.11,0,0.0,0.0,0.0,0.400978,0.562183
2026-04-13,30.7,5.6,67.5,10.3,5054.63,4794.12,0,0.0,0.054338,0.0,0.367293,0.687519
2026-04-14,31.3,0.0,67.5,9.8,5105.43,5327.78,0,0.0,0.0,0.0,0.360558,0.568628
2026-04-15,33.2,0.0,72.7,12.1,5289.84,5595.74,0,0.0,0.0,0.0,0.400578,0.59355
2026-04-16,30.7,0.0,66.1,22.2,4873.58,4698.04,0,0.0,0.037364,0.0,0.449657,0.750066
2026-04-17,29.7,0.0,60.5,14.9,4915.38,4734.09,0,0.0,0.038295,0.0,0.376238,0.677733
2026-04-18,31.2,0.0,64.4,12.1,5141.36,5280.3,0,0.0,0.0,0.0,0.371833,0.597905
2026-04-19,31.7,0.0,75.2,14.7,5103.27,5361.17,0,0.0,0.0,0.0,0.41544,0.616072
2026-04-20,33.5,0.0,70.6,11.5,5275.99,5543.79,0,0.0,0.0,0.0,0.393988,0.594385
2026-04-21,31.4,0.0,71.8,14.3,4918.82,4992.36,0,0.0,0.0,0.0,0.404001,0.643595
2026-04-22,32.9,0.0,72.1,9.5,5219.53,5284.08,0,0.0,0.0,0.0,0.377414,0.619943
2026-04-23,35.7,0.0,79.8,12.6,5443.2,5579.84,1,0.687,0.0,0.0374,0.434227,0.662429
2026-04-24,36.7,0.0,60.7,10.1,5386.13,5756.73,0,0.0,0.0,0.0,0.385716,0.567352
2026-04-25,36.9,0.0,70.6,11.6,5338.39,6023.89,1,2.511,0.0,0.1341,0.41717,0.541113
2026-04-26,36.6,0.0,71.6,14.4,5289.54,4814.09,0,0.0,0.098762,0.0,0.438673,0.810758
2026-04-27,35.0,0.0,71.5,9.6,5112.66,5568.96,0,0.0,0.0,0.0,0.390902,0.552039
2026-04-28,35.2,0.0,75.8,9.0,5240.26,5465.57,0,0.0,0.0,0.0,0.395653,0.604319
2026-04-29,38.1,0.0,76.1,12.5,5564.43,6026.95,0,0.0,0.0,0.0,0.442337,0.609538
2026-04-30,37.7,0.0,71.1,10.3,5327.51,5991.79,0,0.0,0.0,0.0,0.41335,0.540716
2026-05-01,35.9,0.0,63.9,10.4,5137.3,5149.77,1,0.721,0.0,0.037,0.388757,0.64272
2026-05-02,35.3,0.0,85.1,8.7,5177.79,5744.71,0,0.0,0.0,0.0,0.411435,0.553019
2026-05-03,36.3,0.0,72.7,10.9,5325.3,5170.84,0,0.0,0.029871,0.0,0.411752,0.703414
2026-05-04,35.9,0.0,73.3,11.6,5219.06,5521.96,0,0.0,0.0,0.0,0.415642,0.608396
2026-05-05,37.4,0.0,79.3,8.8,5412.88,5600.82,0,0.0,0.0,0.0,0.415174,0.632791
2026-05-06,38.7,5.9,72.7,9.3,6562.87,6910.15,0,0.0,0.0,0.0,0.422424,0.620544
2026-05-07,40.5,0.0,79.7,8.6,5598.43,5529.52,0,0.0,0.012463,0.0,0.434814,0.706152
2026-05-08,43.1,0.0,71.9,10.3,5788.9,6237.68,0,0.0,0.0,0.0,0.450443,0.623242
2026-05-09,44.3,0.0,82.7,12.4,5764.63,6628.95,0,0.0,0.0,0.0,0.494807,0.599385
2026-05-10,41.5,0.0,76.0,7.4,5337.1,5277.18,0,0.0,0.011354,0.0,0.425208,0.695253
2026-05-11,39.3,0.0,70.4,8.5,5260.83,5586.72,0,0.0,0.0,0.0,0.408695,0.597387
2026-05-12,39.3,0.0,84.8,14.5,5395.11,5955.77,0,0.0,0.0,0.0,0.481991,0.628885
2026-05-13,38.5,0.0,77.0,8.7,5304.22,5470.27,0,0.0,0.0,0.0,0.41734,0.638694
2026-05-14,36.6,0.0,71.1,9.3,5123.64,5818.94,0,0.0,0.0,0.0,0.398384,0.515682
2026-05-15,36.4,0.0,67.2,17.5,5227.01,5346.86,0,0.0,0.0,0.0,0.453024,0.683647
2026-05-16,36.3,0.0,77.8,13.6,5218.05,5440.72,0,0.0,0.0,0.0,0.442148,0.65116
2026-05-17,35.8,0.0,81.3,9.8,5168.09,5103.14,0,0.0,0.012729,0.0,0.416094,0.687742
2026-05-18,36.2,0.0,76.4,8.4,5239.49,5543.25,0,0.0,0.0,0.0,0.39874,0.591558
2026-05-19,39.5,3.8,77.2,10.5,5606.44,5887.83,0,0.0,0.0,0.0,0.442832,0.64383
2026-05-20,40.2,0.0,82.4,7.8,5474.13,5967.13,0,0.0,0.0,0.0,0.431726,0.592066
2026-05-21,45.4,0.0,77.7,7.8,6057.37,6117.45,0,0.0,0.0,0.0,0.457188,0.702513
2026-05-22,44.9,0.0,71.5,7.1,5648.95,5688.68,0,0.0,0.0,0.0,0.436866,0.685503
2026-05-23,43.6,0.0,71.7,7.4,5522.32,5959.34,0,0.0,0.0,0.0,0.430988,0.602168
2026-05-24,43.3,0.0,77.6,8.0,5560.09,6327.51,0,0.0,0.0,0.0,0.444702,0.559906
2026-05-25,43.5,0.0,77.4,9.1,5609.84,6112.63,0,0.0,0.0,0.0,0.454133,0.614899
2026-05-26,44.0,0.0,80.4,9.3,5658.94,6600.51,0,0.0,0.0,0.0,0.464597,0.554856
2026-05-27,47.8,0.0,76.8,7.7,6087.41,6604.75,0,0.0,0.0,0.0,0.470548,0.635897
2026-05-28,44.9,0.0,78.4,8.5,5477.67,5930.76,1,0.837,0.0,0.0459,0.460606,0.62821
2026-05-29,46.1,0.0,76.7,11.4,5811.82,6351.13,0,0.0,0.0,0.0,0.487705,0.645364
2026-05-30,45.7,0.0,79.8,9.6,5685.82,6503.18,0,0.0,0.0,0.0,0.476992,0.587056
2026-05-31,41.9,0.0,78.7,6.8,5246.68,5918.08,0,0.0,0.0,0.0,0.428278,0.552627
2026-06-01,43.6,14.3,77.3,7.8,6899.52,6772.93,0,0.0,0.01869,0.0,0.462021,0.74063
2026-06-02,45.9,14.9,77.8,10.6,7109.87,7823.97,1,0.5,0.0,0.0355,0.500456,0.650696
2026-06-03,43.5,29.8,84.1,6.8,6565.7,7003.75,0,0.0,0.0,0.0,0.485308,0.669083
2026-06-04,43.3,0.0,75.5,6.5,6728.0,6982.15,0,0.0,0.0,0.0,0.429191,0.643488
2026-06-05,39.8,0.0,81.5,6.8,6228.79,5844.51,0,0.0,0.065751,0.0,0.419686,0.753233
2026-06-06,37.8,22.7,81.6,7.3,6232.21,5939.11,0,0.0,0.049351,0.0,0.438245,0.752647
2026-06-07,40.9,0.0,67.7,6.4,6827.52,7012.13,0,0.0,0.0,0.0,0.397975,0.624031
2026-06-08,40.4,15.2,72.7,6.6,6504.1,6229.18,0,0.0,0.044135,0.0,0.424143,0.732455
2026-06-09,38.7,6.8,75.3,10.9,6301.38,6479.98,0,0.0,0.0,0.0,0.440743,0.665357
2026-06-10,40.0,18.1,82.9,10.3,6623.28,7252.52,0,0.0,0.0,0.0,0.472719,0.628223
2026-06-11,39.5,6.1,72.5,5.5,6452.27,6538.73,0,0.0,0.0,0.0,0.398245,0.639599
2026-06-12,39.3,0.0,77.8,5.6,6453.34,6809.94,0,0.0,0.0,0.0,0.400193,0.595852
2026-06-13,41.5,6.0,72.2,8.8,6794.43,6676.16,0,0.0,0.017715,0.0,0.436206,0.713677
2026-06-14,39.5,5.5,76.6,6.2,6326.55,6761.95,0,0.0,0.0,0.0,0.410602,0.592223
2026-06-15,38.4,43.5,87.3,5.9,6327.73,6846.69,0,0.0,0.0,0.0,0.467463,0.635767
2026-06-16,39.6,0.0,68.6,7.7,6589.92,6328.66,0,0.0,0.041281,0.0,0.401124,0.706107
2026-06-17,42.3,0.0,76.2,8.2,6878.18,6896.28,0,0.0,0.0,0.0,0.437029,0.690755
2026-06-18,44.9,0.0,82.2,8.5,7056.11,6845.62,0,0.0,0.030749,0.0,0.467731,0.760416
2026-06-19,43.2,0.0,73.0,8.3,6591.02,7132.01,0,0.0,0.0,0.0,0.437733,0.605971
2026-06-20,45.0,0.0,74.2,7.6,6999.45,7421.74,0,0.0,0.0,0.0,0.446446,0.636812
2026-06-21,43.1,6.1,76.5,6.4,6562.5,6870.08,0,0.0,0.0,0.0,0.436418,0.640942
2026-06-22,46.7,6.0,75.6,8.8,7263.47,7567.94,0,0.0,0.0,0.0,0.476856,0.68668
2026-06-23,43.7,0.0,73.6,8.6,6518.67,6977.19,0,0.0,0.0,0.0,0.444468,0.62454
2026-06-24,46.2,11.5,76.0,9.2,7136.73,7647.72,0,0.0,0.0,0.0,0.484108,0.662897
2026-06-25,44.2,0.0,65.4,5.5,6637.84,6762.49,0,0.0,0.0,0.0,0.408469,0.643741
2026-06-26,47.9,0.0,75.3,5.4,7360.64,7433.94,0,0.0,0.0,0.0,0.450648,0.695927
2026-06-27,48.1,5.7,69.0,15.4,7073.9,7401.3,0,0.0,0.0,0.0,0.524269,0.729418
2026-06-28,45.0,0.0,74.6,9.0,6600.49,6851.62,0,0.0,0.0,0.0,0.457999,0.672001
2026-06-29,43.5,12.7,79.3,5.6,6633.42,7826.26,0,0.0,0.0,0.0,0.446185,0.525045
2026-06-30,44.8,7.5,76.3,6.0,6958.13,7137.75,1,2.415,0.0,0.168,0.44587,0.673283
2026-07-01,46.5,0.0,67.8,7.7,7094.17,7578.34,0,0.0,0.0,0.0,0.445105,0.627311
2026-07-02,45.5,0.0,73.7,8.0,6816.51,7357.42,0,0.0,0.0,0.0,0.451891,0.622855
2026-07-03,45.0,24.7,77.0,4.7,6817.12,7759.47,0,0.0,0.0,0.0,0.459456,0.574471
2026-07-04,45.9,13.9,72.3,6.9,7005.23,6997.49,0,0.0,0.001106,0.0,0.460374,0.718455
2026-07-05,45.4,25.8,88.3,8.1,6853.39,7774.47,0,0.0,0.0,0.0,0.510857,0.629339
2026-07-06,42.2,17.0,71.1,5.4,6420.01,6681.4,0,0.0,0.0,0.0,0.425944,0.637063
2026-07-07,40.5,3.9,74.6,4.5,6440.01,7776.85,0,0.0,0.0,0.0,0.398374,0.454488
2026-07-08,41.2,83.6,99.5,17.4,6679.99,7309.92,1,0.5,0.0,0.0334,0.646455,0.802645
2026-07-09,43.7,0.0,72.6,4.7,6994.27,6802.47,0,0.0,0.028196,0.0,0.412501,0.702207
2026-07-10,46.5,0.0,67.4,9.3,7210.39,7481.35,0,0.0,0.0,0.0,0.4567,0.671209
2026-07-11,47.1,0.0,67.5,4.9,7066.07,8014.23,0,0.0,0.0,0.0,0.426892,0.545567
2026-07-12,46.5,0.0,63.1,6.5,6936.27,7318.72,0,0.0,0.0,0.0,0.427033,0.622819
2026-07-13,46.9,0.0,70.3,4.4,7050.3,7376.33,0,0.0,0.0,0.0,0.426966,0.632157
2026-07-14,44.4,0.0,70.2,6.4,6644.77,7278.0,0,0.0,0.0,0.0,0.425732,0.580951
2026-07-15,43.4,0.0,68.1,6.0,6703.44,6892.92,1,0.891,0.0,0.0598,0.412117,0.636816
2026-07-16,41.2,0.0,76.2,5.5,6469.2,6706.78,0,0.0,0.0,0.0,0.408945,0.624381
2026-07-17,38.6,0.0,68.7,5.2,6269.59,6209.93,0,0.0,0.009606,0.0,0.375431,0.643436
2026-07-18,39.6,0.0,60.9,5.6,6625.24,7678.09,0,0.0,0.0,0.0,0.370483,0.467194
2026-07-19,40.1,0.0,75.9,5.2,6619.23,6440.35,0,0.0,0.027775,0.0,0.398818,0.688032
2026-07-20,41.5,7.7,64.3,7.2,6784.12,7195.76,0,0.0,0.0,0.0,0.411122,0.60113
2026-07-21,42.3,41.5,80.9,6.4,6793.3,7338.35,0,0.0,0.0,0.0,0.482587,0.652669
2026-07-22,42.3,48.7,83.2,6.1,6732.45,7063.29,0,0.0,0.0,0.0,0.49337,0.69548
2026-07-23,42.8,14.5,70.7,6.2,6818.79,6621.09,0,0.0,0.029859,0.0,0.432272,0.72392
2026-07-24,42.1,38.0,81.4,5.3,6666.05,6579.91,0,0.0,0.013091,0.0,0.469448,0.741521
2026-07-25,42.3,14.6,71.0,6.6,6766.59,7327.67,0,0.0,0.0,0.0,0.432747,0.600149
2026-07-26,40.2,31.4,72.7,7.8,6443.7,6449.29,0,0.0,0.0,0.0,0.45185,0.707628
2026-07-27,40.6,0.0,56.0,6.9,6678.86,6140.97,0,0.0,0.087591,0.0,0.377918,0.736961
2026-07-28,41.6,32.0,65.5,7.7,6784.98,7289.65,0,0.0,0.0,0.0,0.447538,0.623508
2026-07-29,39.6,13.3,82.9,7.1,6427.81,6395.89,0,0.0,0.004992,0.0,0.439535,0.702151
2026-07-30,39.4,85.3,90.5,19.8,6560.59,7292.5,0,0.0,0.0,0.0,0.638308,0.777932
2026-07-31,37.9,3.9,72.5,4.5,6360.15,6597.37,0,0.0,0.0,0.0,0.377299,0.592113
2026-08-01,36.8,0.0,77.5,4.9,6329.22,6546.07,0,0.0,0.0,0.0,0.377751,0.595869
2026-08-02,34.7,0.0,62.9,4.2,6120.43,6446.6,0,0.0,0.0,0.0,0.331133,0.528858
2026-08-03,37.7,14.9,67.4,7.8,6717.97,6572.02,0,0.0,0.022208,0.0,0.405302,0.688017
2026-08-04,39.7,0.0,55.8,4.5,6774.06,6760.49,0,0.0,0.002008,0.0,0.353092,0.612225
2026-08-05,40.2,27.5,69.2,4.8,6693.41,6918.47,0,0.0,0.0,0.0,0.417381,0.636195
2026-08-06,43.4,0.0,61.9,5.3,7132.85,6975.26,1,5.679,0.022593,0.9152,0.395091,0.678256
2026-08-07,41.7,0.0,61.2,5.3,6618.41,7246.96,0,0.0,0.0,0.0,0.382573,0.538111
2026-08-08,46.6,0.0,68.1,5.6,7507.5,7737.49,0,0.0,0.0,0.0,0.430123,0.652213
2026-08-09,44.0,4.1,67.1,7.9,6715.84,6438.38,0,0.0,0.043095,0.0,0.43386,0.740959
2026-08-10,42.8,0.0,66.8,6.5,6758.15,6858.04,0,0.0,0.0,0.0,0.409582,0.649368
2026-08-11,40.5,0.0,55.7,7.0,6522.23,6889.92,0,0.0,0.0,0.0,0.377468,0.571958
2026-08-12,40.2,0.0,61.6,4.8,6660.78,6806.62,1,0.5,0.0,0.0333,0.369578,0.601355
2026-08-13,40.8,45.2,74.2,7.1,6780.62,7290.45,0,0.0,0.0,0.0,0.470053,0.645205
2026-08-14,39.3,0.0,70.2,4.8,6523.43,7085.52,0,0.0,0.0,0.0,0.379771,0.543952
2026-08-15,41.9,5.3,62.4,5.6,7020.68,8433.99,0,0.0,0.0,0.0,0.394922,0.456087
2026-08-16,40.8,8.7,61.5,5.2,6662.26,7478.32,0,0.0,0.0,0.0,0.387046,0.516445
2026-08-17,39.9,0.0,65.3,5.2,6626.74,6274.92,0,0.0,0.056068,0.0,0.377624,0.699867
2026-08-18,36.8,3.6,59.1,13.0,6255.43,6426.24,0,0.0,0.0,0.0,0.410144,0.635904
2026-08-19,36.9,74.6,80.2,18.8,6516.2,6799.87,0,0.0,0.0,0.0,0.581746,0.789836
2026-08-20,35.9,0.0,61.0,4.4,6363.71,6912.45,0,0.0,0.0,0.0,0.337024,0.501141
2026-08-21,34.0,0.0,55.9,7.9,6187.01,6132.46,0,0.0,0.008894,0.0,0.341944,0.609118
2026-08-22,32.1,0.0,54.7,5.9,6069.84,6170.18,0,0.0,0.0,0.0,0.311738,0.549544
2026-08-23,37.5,0.0,57.4,7.2,6981.03,6782.78,0,0.0,0.029228,0.0,0.362425,0.653336
2026-08-24,35.8,0.0,55.1,5.1,6334.33,6410.71,0,0.0,0.0,0.0,0.330703,0.573584
2026-08-25,32.0,0.0,49.4,5.9,5938.56,6024.12,0,0.0,0.0,0.0,0.301141,0.54135
2026-08-26,30.5,1.4,60.5,6.2,6012.37,6194.42,0,0.0,0.0,0.0,0.31609,0.538571
2026-08-27,30.5,2.9,59.8,6.2,6131.5,5979.74,0,0.0,0.025378,0.0,0.316608,0.603025
2026-08-28,31.6,0.0,52.1,6.1,6293.14,6997.14,0,0.0,0.0,0.0,0.305111,0.444446
2026-08-29,32.5,9.0,53.6,7.9,6336.74,6842.09,0,0.0,0.0,0.0,0.338725,0.509292
2026-08-30,33.3,1.3,57.9,8.4,6397.07,6133.02,0,0.0,0.043053,0.0,0.346524,0.653575
2026-08-31,31.3,0.0,63.6,5.3,6058.29,6371.11,0,0.0,0.0,0.0,0.318523,0.517994
2026-09-01,31.6,18.0,64.1,8.3,5330.21,5071.1,0,0.0,0.051095,0.0,0.366548,0.682987
2026-09-02,29.4,8.4,62.2,5.5,5053.68,5733.71,0,0.0,0.0,0.0,0.315166,0.4335
2026-09-03,28.0,0.0,52.3,7.4,5039.74,5804.21,0,0.0,0.0,0.0,0.291788,0.39482
2026-09-04,26.3,27.5,62.4,4.8,4929.02,5158.16,0,0.0,0.0,0.0,0.313011,0.517942
2026-09-05,24.3,0.0,52.4,8.2,4812.25,4794.37,0,0.0,0.003731,0.0,0.27376,0.534904
2026-09-06,27.2,40.7,59.3,7.3,5266.79,5309.72,0,0.0,0.0,0.0,0.348526,0.595877
2026-09-07,28.6,0.0,53.4,5.7,5265.29,5378.04,0,0.0,0.0,0.0,0.284688,0.517004
2026-09-08,30.3,0.9,48.0,6.8,5378.46,5611.19,0,0.0,0.0,0.0,0.295354,0.503725
2026-09-09,29.7,0.0,48.0,6.5,5207.98,5918.03,0,0.0,0.0,0.0,0.287986,0.40471
2026-09-10,30.7,42.9,59.9,7.0,5363.18,5954.22,0,0.0,0.0,0.0,0.37309,0.513999
2026-09-11,26.3,37.1,58.6,7.1,4800.74,5334.46,0,0.0,0.0,0.0,0.335346,0.475336
2026-09-12,28.0,0.0,50.6,6.7,5268.16,5588.19,0,0.0,0.0,0.0,0.283199,0.473133
2026-09-13,27.9,11.1,42.8,10.6,5158.55,5041.56,0,0.0,0.023204,0.0,0.311551,0.595431
2026-09-14,28.7,0.0,45.4,6.3,5259.77,5267.58,0,0.0,0.0,0.0,0.274976,0.530035
2026-09-15,28.7,4.7,58.8,7.8,5221.5,5502.55,0,0.0,0.0,0.0,0.31741,0.514573
2026-09-16,26.0,0.0,49.4,7.6,4907.06,4781.1,0,0.0,0.026346,0.0,0.274711,0.562257
2026-09-17,22.7,7.4,53.7,6.6,4705.99,5031.42,0,0.0,0.0,0.0,0.262335,0.443618
2026-09-18,21.6,0.0,50.8,10.4,4795.33,5278.33,0,0.0,0.0,0.0,0.269939,0.419904
2026-09-19,23.2,20.1,52.9,6.1,5030.88,5455.27,0,0.0,0.0,0.0,0.275768,0.441741
2026-09-20,24.6,13.7,47.1,8.5,5105.47,5523.24,0,0.0,0.0,0.0,0.28483,0.453319
2026-09-21,21.6,0.0,45.0,8.1,4698.91,4381.38,0,0.0,0.072473,0.0,0.241317,0.582712
2026-09-22,19.9,28.7,64.4,8.0,4755.78,5393.06,0,0.0,0.0,0.0,0.300732,0.419574
2026-09-23,19.0,0.0,44.5,7.5,4793.68,4560.01,1,1.693,0.051243,0.4159,0.218612,0.535223
2026-09-24,19.0,0.0,55.4,9.3,4847.48,5043.2,0,0.0,0.0,0.0,0.252939,0.464424
2026-09-25,16.9,0.0,44.4,6.2,4699.78,5117.91,0,0.0,0.0,0.0,0.194552,0.355966
2026-09-26,15.0,0.0,44.6,6.6,4690.96,5031.48,0,0.0,0.0,0.0,0.18549,0.363273
2026-09-27,14.7,39.2,56.1,8.3,4786.36,4640.36,0,0.0,0.031463,0.0,0.266021,0.559541
2026-09-28,16.1,0.0,44.7,6.8,4912.68,4818.38,0,0.0,0.01957,0.0,0.194471,0.474108
2026-09-29,14.7,0.0,40.6,6.7,4733.54,5055.83,0,0.0,0.0,0.0,0.176784,0.359157
2026-09-30,15.6,60.1,59.9,24.2,4882.98,5337.12,0,0.0,0.0,0.0,0.427263,0.584718
2026-10-01,18.7,0.0,37.3,10.8,5055.61,4955.74,0,0.0,0.020152,0.0,0.228598,0.508914
2026-10-02,16.3,0.0,46.2,8.8,4708.64,5060.53,0,0.0,0.0,0.0,0.214034,0.389647
2026-10-03,16.6,0.0,45.2,7.1,4869.65,4648.27,0,0.0,0.047627,0.0,0.201019,0.513408
2026-10-04,19.2,0.0,47.5,7.4,5050.64,5501.85,0,0.0,0.0,0.0,0.224784,0.385835
2026-10-05,18.3,0.0,41.0,8.5,4838.51,4811.02,0,0.0,0.005715,0.0,0.215152,0.478612
2026-10-06,17.3,0.0,46.9,7.9,4815.67,5080.88,0,0.0,0.0,0.0,0.214993,0.410847
2026-10-07,19.8,0.0,45.1,9.6,5071.03,5296.66,0,0.0,0.0,0.0,0.241214,0.448274
2026-10-08,18.9,0.0,43.3,7.1,4854.99,5452.74,0,0.0,0.0,0.0,0.212617,0.341432
2026-10-09,20.9,0.0,52.3,7.2,5062.36,5392.7,0,0.0,0.0,0.0,0.243446,0.428725
2026-10-10,21.1,0.0,44.5,8.3,4963.06,5023.89,0,0.0,0.0,0.0,0.238627,0.481282
2026-10-11,19.7,4.1,40.6,11.5,4849.6,5201.95,0,0.0,0.0,0.0,0.25178,0.429497
2026-10-12,20.1,0.0,49.3,9.3,4970.51,5889.92,0,0.0,0.0,0.0,0.248752,0.323312
2026-10-13,20.1,0.2,44.0,8.8,4947.11,5425.13,0,0.0,0.0,0.0,0.2352,0.389128
2026-10-14,21.4,0.0,50.0,8.9,5050.07,5283.75,0,0.0,0.0,0.0,0.255546,0.460706
2026-10-15,19.3,0.0,31.6,11.6,4819.39,4807.26,0,0.0,0.002524,0.0,0.228038,0.487774
2026-10-16,18.7,0.0,39.1,13.5,4906.06,4960.81,0,0.0,0.0,0.0,0.252806,0.496712
2026-10-17,18.0,0.0,38.9,7.6,4890.96,5345.03,0,0.0,0.0,0.0,0.202292,0.359909
2026-10-18,18.9,0.0,30.7,9.4,5003.51,4974.46,0,0.0,0.005839,0.0,0.206739,0.470346
2026-10-19,16.1,9.6,43.2,9.6,4749.3,4987.57,0,0.0,0.0,0.0,0.224977,0.425997
2026-10-20,17.9,0.0,37.9,8.5,5049.5,5759.3,1,1.194,0.0,0.0603,0.206703,0.319618
2026-10-21,18.2,31.6,37.4,8.2,4968.55,5264.05,0,0.0,0.0,0.0,0.243983,0.43524
2026-10-22,14.8,0.0,35.5,7.6,4711.12,4626.39,0,0.0,0.018315,0.0,0.174825,0.452995
2026-10-23,17.1,0.0,46.0,9.4,5077.61,6028.17,0,0.0,0.0,0.0,0.223562,0.296269
2026-10-24,20.9,0.0,43.4,13.8,5228.41,6070.36,0,0.0,0.0,0.0,0.277684,0.372557
2026-10-25,21.5,0.0,35.1,11.3,5047.27,5459.0,0,0.0,0.0,0.0,0.246787,0.415529
2026-10-26,22.7,0.0,34.8,9.6,5138.38,5808.29,0,0.0,0.0,0.0,0.241016,0.363162
2026-10-27,21.0,0.0,42.6,10.3,4912.55,5075.55,0,0.0,0.0,0.0,0.249837,0.469136
2026-10-28,16.0,0.1,28.3,9.7,4655.76,5101.04,0,0.0,0.0,0.0,0.185561,0.340446
2026-10-29,11.7,0.0,40.9,9.7,4705.29,4815.0,0,0.0,0.0,0.0,0.180721,0.410912
2026-10-30,12.4,0.0,28.6,11.6,5001.68,4824.67,0,0.0,0.03669,0.0,0.176933,0.476553
2026-10-31,11.2,0.0,45.8,10.0,4904.43,5950.5,0,0.0,0.0,0.0,0.188927,0.240493
2026-11-01,9.5,11.4,43.5,8.7,4896.61,4707.54,0,0.0,0.040163,0.0,0.177288,0.480965
2026-11-02,9.8,0.0,28.0,8.9,5017.94,5362.9,0,0.0,0.0,0.0,0.137837,0.319536
2026-11-03,11.4,0.0,35.2,9.5,5080.32,5425.83,0,0.0,0.0,0.0,0.166513,0.348964
2026-11-04,8.5,0.0,38.5,10.8,4838.75,5237.99,0,0.0,0.0,0.0,0.163616,0.331427
2026-11-05,8.2,0.0,26.9,9.1,4998.37,5220.05,1,0.698,0.0,0.0349,0.126771,0.333985
2026-11-06,11.8,10.5,39.1,8.6,5203.9,5438.12,0,0.0,0.0,0.0,0.182328,0.388838
2026-11-07,9.4,0.0,38.9,9.9,4874.71,5160.95,0,0.0,0.0,0.0,0.163354,0.355397
2026-11-08,11.4,0.0,26.0,11.4,5118.36,5529.01,0,0.0,0.0,0.0,0.163923,0.334008
2026-11-09,10.2,9.4,42.4,12.6,4944.63,5191.3,0,0.0,0.0,0.0,0.207492,0.408812
2026-11-10,11.3,0.0,35.5,9.6,5072.37,5304.14,0,0.0,0.0,0.0,0.167188,0.372967
2026-11-11,13.3,0.0,40.6,10.4,5104.33,4934.71,0,0.0,0.034372,0.0,0.196106,0.493023
2026-11-12,14.1,0.0,34.8,9.5,5031.51,5921.39,0,0.0,0.0,0.0,0.183559,0.264909
2026-11-13,15.0,0.6,30.7,10.1,5033.65,5455.21,0,0.0,0.0,0.0,0.187166,0.353743
2026-11-14,11.6,4.5,31.1,9.2,4811.14,5115.01,0,0.0,0.0,0.0,0.163319,0.350757
2026-11-15,13.4,0.0,34.1,9.5,5104.22,5158.62,0,0.0,0.0,0.0,0.177633,0.422112
2026-11-16,10.9,0.0,34.6,9.5,4872.53,4808.08,0,0.0,0.013405,0.0,0.162092,0.43453
2026-11-17,11.1,0.0,40.8,13.3,5034.45,5558.93,1,0.5,0.0,0.0252,0.204356,0.351003
2026-11-18,11.2,0.0,34.0,10.0,5031.78,5232.7,0,0.0,0.0,0.0,0.166802,0.378767
2026-11-19,11.7,0.0,27.5,12.5,5053.34,5503.73,0,0.0,0.0,0.0,0.177201,0.338458
2026-11-20,11.7,0.0,33.0,9.8,5031.2,4854.17,0,0.0,0.036469,0.0,0.16668,0.466045
2026-11-21,9.4,0.0,27.6,11.2,4909.69,5633.63,0,0.0,0.0,0.0,0.152197,0.258972
2026-11-22,6.5,0.0,36.9,11.7,4901.39,5424.79,0,0.0,0.0,0.0,0.154378,0.298534
2026-11-23,8.6,0.0,38.0,12.2,5189.14,5422.1,0,0.0,0.0,0.0,0.17414,0.380773
2026-11-24,8.9,2.7,39.5,9.8,5077.6,5481.07,0,0.0,0.0,0.0,0.163706,0.334562
2026-11-25,11.0,0.0,33.6,12.4,5170.34,5670.22,0,0.0,0.0,0.0,0.183253,0.337126
2026-11-26,10.3,0.0,31.5,12.8,5008.42,4836.98,0,0.0,0.035443,0.0,0.177788,0.475955
2026-11-27,7.0,0.0,32.5,10.5,4881.18,5641.19,0,0.0,0.0,0.0,0.140164,0.239676
2026-11-28,9.1,0.3,34.6,12.7,5190.76,5608.33,0,0.0,0.0,0.0,0.175285,0.345156
2026-11-29,8.1,0.0,32.5,15.9,5012.73,5041.01,0,0.0,0.0,0.0,0.189081,0.439322
2026-11-30,8.7,0.0,43.0,12.8,5106.21,5008.75,0,0.0,0.019457,0.0,0.188804,0.468309
2026-12-01,7.2,0.0,33.2,10.1,5603.5,6232.14,0,0.0,0.0,0.0,0.139709,0.278742
2026-12-02,10.5,0.0,34.5,12.8,5901.16,6274.73,0,0.0,0.0,0.0,0.184731,0.372019
2026-12-03,8.1,0.0,31.3,10.6,5540.13,5985.57,0,0.0,0.0,0.0,0.145936,0.315849
2026-12-04,7.3,0.0,31.4,12.5,5653.93,5946.12,0,0.0,0.0,0.0,0.155511,0.354935
2026-12-05,7.5,0.0,28.7,13.1,5724.64,5649.23,0,0.0,0.013349,0.0,0.156397,0.42877
2026-12-06,5.3,0.0,30.0,12.6,5577.8,6035.42,0,0.0,0.0,0.0,0.140475,0.30875
2026-12-07,6.3,0.0,44.5,13.9,5796.16,6013.83,1,0.704,0.0,0.0408,0.184285,0.398821
2026-12-08,9.7,0.0,37.9,11.3,5918.76,6206.61,0,0.0,0.0,0.0,0.174259,0.376907
2026-12-09,8.2,1.4,33.9,13.4,5603.32,6722.59,0,0.0,0.0,0.0,0.174784,0.237209
2026-12-10,8.7,0.0,32.0,11.8,5740.5,6341.83,0,0.0,0.0,0.0,0.160463,0.30656
2026-12-11,2.9,0.0,41.6,13.5,5351.65,5931.69,0,0.0,0.0,0.0,0.15335,0.295984
2026-12-12,3.6,0.0,31.3,11.2,5806.71,7092.28,0,0.0,0.0,0.0,0.120905,0.166088
2026-12-13,3.7,0.0,27.0,11.6,5756.18,6183.45,0,0.0,0.0,0.0,0.116588,0.292712
2026-12-14,2.7,0.0,38.0,14.0,5694.89,6022.59,0,0.0,0.0,0.0,0.14914,0.34241
2026-12-15,5.7,1.7,31.5,12.5,5942.49,5985.33,0,0.0,0.0,0.0,0.147227,0.395661
2026-12-16,5.3,0.0,29.4,11.7,5710.31,5833.02,0,0.0,0.0,0.0,0.132406,0.364637
2026-12-17,5.3,3.2,31.2,14.3,5736.05,5283.08,0,0.0,0.085738,0.0,0.159747,0.51663
2026-12-18,4.9,0.0,38.1,11.9,5712.37,6282.45,0,0.0,0.0,0.0,0.147625,0.298483
2026-12-19,1.4,0.0,35.6,13.5,5536.22,5371.15,0,0.0,0.030732,0.0,0.132213,0.42488
2026-12-20,0.3,0.0,31.3,12.0,5703.74,6313.32,0,0.0,0.0,0.0,0.105326,0.249398
2026-12-21,3.6,0.0,38.7,17.0,5981.12,6263.96,0,0.0,0.0,0.0,0.179533,0.383611
2026-12-22,0.0,0.0,32.3,13.1,5538.25,5859.84,0,0.0,0.0,0.0,0.113712,0.306435
2026-12-23,-0.1,0.0,28.4,12.9,5779.26,6052.8,0,0.0,0.0,0.0,0.104197,0.308229
2026-12-24,0.6,0.0,30.2,15.1,5825.3,6625.24,0,0.0,0.0,0.0,0.129161,0.244997
2026-12-25,5.4,0.0,37.0,12.1,6065.51,6830.94,0,0.0,0.0,0.0,0.150401,0.27638
2026-12-26,7.3,0.0,33.1,14.5,5843.45,6124.99,0,0.0,0.0,0.0,0.174131,0.37726
2026-12-27,6.2,0.0,37.7,12.1,5646.02,5608.55,0,0.0,0.006682,0.0,0.156987,0.421576
2026-12-28,9.0,3.3,43.7,13.0,5886.7,6523.67,1,0.5,0.0,0.0294,0.197663,0.340468
2026-12-29,7.2,0.0,34.3,12.5,5587.55,5523.86,0,0.0,0.01153,0.0,0.16029,0.43054
2026-12-30,9.3,0.0,51.0,11.9,5828.0,5548.51,0,0.0,0.050372,0.0,0.200814,0.516408
2026-12-31,6.2,0.0,39.2,12.0,5507.92,5956.24,0,0.0,0.0,0.0,0.159028,0.327949
2027-01-01,8.7,0.0,37.1,12.6,5855.92,6598.24,0,0.0,0.0,0.0,0.176198,0.301652
2027-01-02,7.7,0.0,31.5,14.6,5631.29,5769.14,0,0.0,0.0,0.0,0.174539,0.403435
2027-01-03,5.6,0.0,36.6,22.2,5580.82,6002.09,0,0.0,0.0,0.0,0.228902,0.403755
2027-01-04,5.7,0.0,37.3,12.1,5718.26,5854.42,0,0.0,0.0,0.0,0.152941,0.38258
2027-01-05,6.7,10.3,45.1,13.2,5775.91,6327.43,0,0.0,0.0,0.0,0.195212,0.350247
2027-01-06,6.0,0.0,36.0,13.0,5662.19,6335.92,0,0.0,0.0,0.0,0.159426,0.29208
2027-01-07,7.6,14.0,44.9,14.8,5798.28,5992.18,0,0.0,0.0,0.0,0.21763,0.436644
2027-01-08,6.5,0.0,39.6,16.5,5633.47,5550.44,0,0.0,0.014959,0.0,0.196477,0.47073
2027-01-09,8.2,0.0,44.5,13.9,5792.84,5550.74,0,0.0,0.043616,0.0,0.196808,0.504515
2027-01-10,9.2,0.0,45.1,12.3,5734.58,6355.74,0,0.0,0.0,0.0,0.192179,0.334876
2027-01-11,9.0,2.5,42.4,13.1,5654.65,5532.48,0,0.0,0.022081,0.0,0.195021,0.47759
2027-01-12,8.1,0.0,44.1,14.4,5614.41,6026.72,0,0.0,0.0,0.0,0.199257,0.376181
2027-01-13,8.6,0.0,46.1,13.2,5701.8,6266.15,0,0.0,0.0,0.0,0.197044,0.348694
2027-01-14,9.8,0.0,43.5,12.5,5736.15,5841.8,0,0.0,0.0,0.0,0.194677,0.430354
2027-01-15,13.8,0.0,42.4,13.6,5875.24,6107.48,0,0.0,0.0,0.0,0.227468,0.439867
2027-01-16,14.8,0.0,43.3,13.3,5660.66,6299.97,0,0.0,0.0,0.0,0.233432,0.371756
2027-01-17,15.7,0.0,49.6,14.1,5661.04,5655.85,0,0.0,0.000917,0.0,0.257349,0.51521
2027-01-18,20.7,0.0,42.3,15.2,6009.6,5965.66,0,0.0,0.007366,0.0,0.285106,0.550494
2027-01-19,19.6,0.0,45.7,16.5,5585.13,5781.92,0,0.0,0.0,0.0,0.294261,0.511318
2027-01-20,18.7,6.4,40.5,18.6,5579.97,6308.2,0,0.0,0.0,0.0,0.302592,0.424615
2027-01-21,18.4,0.0,50.1,20.7,5616.16,6466.88,0,0.0,0.0,0.0,0.327009,0.430227
2027-01-22,14.8,0.0,45.1,12.3,5338.85,5572.57,0,0.0,0.0,0.0,0.229091,0.436919
2027-01-23,13.1,0.0,41.4,14.4,5478.31,5506.45,0,0.0,0.0,0.0,0.227152,0.477976
2027-01-24,11.7,2.0,43.5,12.2,5505.85,6150.25,0,0.0,0.0,0.0,0.207326,0.3418
2027-01-25,12.9,0.0,42.6,14.1,5665.73,5353.17,0,0.0,0.058387,0.0,0.225768,0.55072
2027-01-26,12.2,0.0,44.0,15.0,5547.86,5911.8,0,0.0,0.0,0.0,0.230724,0.415647
2027-01-27,12.3,0.0,45.3,12.4,5597.36,5861.75,0,0.0,0.0,0.0,0.213759,0.417894
2027-01-28,14.4,0.0,43.5,18.9,5696.47,6445.62,0,0.0,0.0,0.0,0.27438,0.395487
2027-01-29,15.6,0.0,36.9,12.4,5642.42,6420.43,0,0.0,0.0,0.0,0.21976,0.335087
2027-01-30,14.6,0.0,54.0,12.6,5484.26,5432.82,0,0.0,0.009468,0.0,0.246775,0.514618
2027-01-31,12.8,0.0,46.8,15.0,5448.73,5778.73,0,0.0,0.0,0.0,0.239929,0.430053
2027-02-01,15.0,2.9,47.8,14.4,5687.32,5767.24,1,0.5,0.0,0.0284,0.255213,0.495826
2027-02-02,16.1,0.0,45.8,14.5,5627.69,5805.08,0,0.0,0.0,0.0,0.255947,0.477064
2027-02-03,12.3,0.0,50.9,12.0,5305.64,5777.29,0,0.0,0.0,0.0,0.221172,0.382657
2027-02-04,11.9,5.6,48.3,14.6,5532.78,5692.69,0,0.0,0.0,0.0,0.240555,0.464552
2027-02-05,12.5,0.0,45.4,14.3,5596.4,5944.59,0,0.0,0.0,0.0,0.229925,0.418337
2027-02-06,14.3,0.0,46.1,13.0,5648.21,6271.25,0,0.0,0.0,0.0,0.233071,0.373881
2027-02-07,16.1,0.0,53.9,12.2,5650.17,6472.01,0,0.0,0.0,0.0,0.253388,0.361937
2027-02-08,16.3,0.0,48.9,13.7,5546.84,5925.07,0,0.0,0.0,0.0,0.256905,0.439173
2027-02-09,17.1,0.7,48.3,15.2,5596.57,5917.92,0,0.0,0.0,0.0,0.273481,0.46688
2027-02-10,16.8,1.1,46.7,16.1,5510.58,5401.7,0,0.0,0.020158,0.0,0.275936,0.556257
2027-02-11,15.1,0.0,47.3,13.2,5388.81,6196.63,0,0.0,0.0,0.0,0.242137,0.346739
2027-02-12,14.6,0.0,54.6,16.6,5467.81,5911.95,0,0.0,0.0,0.0,0.278764,0.447852
2027-02-13,14.8,0.0,45.0,12.1,5508.64,5831.34,0,0.0,0.0,0.0,0.22736,0.419547
2027-02-14,15.0,0.0,53.2,15.2,5494.28,5798.43,0,0.0,0.0,0.0,0.267973,0.463528
2027-02-15,11.4,0.0,53.8,13.5,5282.28,5666.41,0,0.0,0.0,0.0,0.232252,0.409903
2027-02-16,11.6,0.3,51.7,12.1,5526.8,6071.87,0,0.0,0.0,0.0,0.219196,0.371189
2027-02-17,12.7,0.0,49.9,15.9,5572.63,6165.67,0,0.0,0.0,0.0,0.252027,0.396531
2027-02-18,13.0,0.0,43.8,13.5,5508.11,6342.48,0,0.0,0.0,0.0,0.224048,0.327263
2027-02-19,13.3,0.0,54.9,15.3,5505.68,5865.14,0,0.0,0.0,0.0,0.260727,0.44597
2027-02-20,15.1,15.1,47.7,13.3,5580.52,6476.27,0,0.0,0.0,0.0,0.262083,0.357407
2027-02-21,13.5,0.0,53.1,13.2,5361.89,5987.28,0,0.0,0.0,0.0,0.242466,0.377317
2027-02-22,11.2,0.0,52.9,12.7,5330.77,5577.11,0,0.0,0.0,0.0,0.223073,0.428299
2027-02-23,11.9,0.0,56.8,13.4,5526.91,5222.69,0,0.0,0.058251,0.0,0.240401,0.565192
2027-02-24,14.8,0.0,48.8,14.2,5631.7,5943.65,0,0.0,0.0,0.0,0.250689,0.446208
2027-02-25,19.0,0.0,48.9,13.2,5778.45,6634.72,0,0.0,0.0,0.0,0.270844,0.37697
2027-02-26,20.6,0.0,56.6,12.0,5629.05,5635.57,0,0.0,0.0,0.0,0.286568,0.542007
2027-02-27,17.4,0.0,53.5,13.9,5257.74,5547.94,0,0.0,0.0,0.0,0.274324,0.47005
2027-02-28,17.4,0.0,44.6,13.9,5461.66,5791.59,0,0.0,0.0,0.0,0.257636,0.447923
2027-03-01,18.5,0.0,55.0,11.9,4786.57,5310.0,0,0.0,0.0,0.0,0.268955,0.410669
2027-03-02,19.2,0.0,64.4,12.4,4775.31,4897.4,0,0.0,0.0,0.0,0.295052,0.522739
2027-03-03,20.6,0.0,58.4,11.8,4826.85,4803.82,0,0.0,0.004794,0.0,0.2884,0.550787
2027-03-04,18.8,0.0,50.1,13.2,4619.32,5016.17,0,0.0,0.0,0.0,0.271775,0.436207
2027-03-05,19.5,0.0,58.7,14.3,4759.25,4774.33,0,0.0,0.0,0.0,0.301002,0.554105
2027-03-06,20.7,0.0,61.6,14.0,4809.9,4494.19,0,0.0,0.070248,0.0,0.312034,0.650832
2027-03-07,22.6,0.0,48.4,11.5,4891.02,5702.66,0,0.0,0.0,0.0,0.280518,0.371156
2027-03-08,20.9,0.0,56.0,12.9,4635.19,5137.65,0,0.0,0.0,0.0,0.294365,0.436984
2027-03-09,20.6,0.0,64.2,11.7,4700.82,5493.62,0,0.0,0.0,0.0,0.298503,0.386822
2027-03-10,15.6,0.0,50.5,11.5,4364.71,4823.27,0,0.0,0.0,0.0,0.238316,0.384118
2027-03-11,15.9,0.1,57.0,12.8,4661.44,5094.32,0,0.0,0.0,0.0,0.262634,0.420226
2027-03-12,16.3,0.0,57.7,12.1,4675.27,5017.88,0,0.0,0.0,0.0,0.261059,0.438141
2027-03-13,15.8,0.0,57.0,17.1,4604.71,4780.98,0,0.0,0.0,0.0,0.295032,0.508781
2027-03-14,17.8,2.0,66.8,17.6,4773.6,5166.29,0,0.0,0.0,0.0,0.332887,0.500943
2027-03-15,19.0,0.0,65.9,13.9,4742.03,4813.85,0,0.0,0.0,0.0,0.30812,0.547493
2027-03-16,15.6,0.0,58.6,11.8,4428.06,4351.18,0,0.0,0.017668,0.0,0.255818,0.533235
2027-03-17,17.9,0.0,55.4,11.0,4780.71,4919.68,0,0.0,0.0,0.0,0.258805,0.482618
2027-03-18,17.5,0.0,67.1,11.7,4617.71,5224.32,0,0.0,0.0,0.0,0.283508,0.404748
2027-03-19,20.1,0.0,65.0,14.0,4819.21,4686.0,0,0.0,0.028427,0.0,0.314455,0.604431
2027-03-20,18.7,0.0,61.3,11.8,4567.34,4445.66,1,0.627,0.02737,0.0783,0.281314,0.570056
2027-03-21,20.3,0.0,65.0,10.9,4754.28,5169.1,0,0.0,0.0,0.0,0.291853,0.454959
2027-03-22,21.0,1.1,65.6,15.9,4709.65,4821.97,0,0.0,0.0,0.0,0.337514,0.567111
2027-03-23,22.8,0.0,58.0,11.2,4823.87,5212.61,0,0.0,0.0,0.0,0.297521,0.46725
2027-03-24,23.9,0.0,59.7,11.2,4840.24,5384.09,0,0.0,0.0,0.0,0.307959,0.446829
2027-03-25,24.1,0.0,63.1,14.9,4792.83,5171.83,0,0.0,0.0,0.0,0.344202,0.515443
2027-03-26,21.8,0.0,53.7,12.4,4531.08,4577.16,0,0.0,0.0,0.0,0.292127,0.537164
2027-03-27,20.1,4.1,63.0,12.4,4539.5,5133.38,0,0.0,0.0,0.0,0.303361,0.425094
2027-03-28,20.6,0.0,60.0,12.4,4666.8,5118.33,0,0.0,0.0,0.0,0.29603,0.449834
2027-03-29,22.2,0.0,65.1,10.7,4756.42,5002.28,0,0.0,0.0,0.0,0.303021,0.502434
2027-03-30,22.3,0.0,58.9,12.9,4674.52,4901.89,0,0.0,0.0,0.0,0.30903,0.511671
2027-03-31,25.0,0.0,67.0,13.8,4955.23,5319.75,1,0.5,0.0,0.0248,0.348959,0.525756
2027-04-01,25.3,0.0,66.3,11.8,4834.56,4981.27,0,0.0,0.0,0.0,0.334192,0.556599
2027-04-02,24.3,0.0,65.0,11.4,4697.36,4449.5,0,0.0,0.055705,0.0,0.322076,0.643896
2027-04-03,24.9,0.0,68.1,14.6,4819.65,5288.41,0,0.0,0.0,0.0,0.356535,0.509848
2027-04-04,26.5,0.0,69.0,13.3,4954.34,5417.66,0,0.0,0.0,0.0,0.358738,0.515691
2027-04-05,28.0,0.2,65.2,10.5,5026.52,4549.16,0,0.0,0.104932,0.0,0.340139,0.719429
2027-04-06,32.4,2.6,67.4,12.8,5435.14,5881.76,0,0.0,0.0,0.0,0.393941,0.562087
2027-04-07,30.8,0.0,63.5,11.1,4982.37,5782.83,0,0.0,0.0,0.0,0.359793,0.454991
2027-04-08,30.9,3.3,64.5,11.7,5076.98,4970.16,0,0.0,0.021493,0.0,0.370983,0.652863
2027-04-09,31.9,0.0,75.3,15.8,5191.73,5427.35,0,0.0,0.0,0.0,0.425434,0.631543
2027-04-10,32.0,0.0,66.7,9.7,5126.4,5323.94,0,0.0,0.0,0.0,0.3629,0.576375
2027-04-11,31.1,0.0,67.9,9.5,5019.27,5795.28,0,0.0,0.0,0.0,0.357675,0.458145
2027-04-12,28.3,0.0,67.8,10.2,4757.5,5331.35,0,0.0,0.0,0.0,0.344432,0.475566
2027-04-13,28.2,0.0,70.3,10.7,4909.2,4882.98,0,0.0,0.005369,0.0,0.352319,0.615378
2027-04-14,27.1,10.0,68.5,9.9,4784.55,5126.91,0,0.0,0.0,0.0,0.347722,0.526556
2027-04-15,25.0,0.0,66.8,12.0,4612.05,5511.72,1,1.163,0.0,0.0537,0.334695,0.400932
2027-04-16,25.2,0.0,73.9,11.6,4755.31,4805.93,0,0.0,0.0,0.0,0.346239,0.590733
2027-04-17,24.9,0.0,62.0,10.7,4707.53,4939.6,0,0.0,0.0,0.0,0.315005,0.516949
2027-04-18,28.0,0.0,70.6,11.2,5065.18,5482.31,0,0.0,0.0,0.0,0.355421,0.523387
2027-04-19,30.5,0.0,65.8,11.0,5164.48,5224.22,0,0.0,0.0,0.0,0.361356,0.604797
2027-04-20,29.6,0.0,60.1,13.8,4902.17,5691.82,0,0.0,0.0,0.0,0.366342,0.461173
2027-04-21,30.2,0.0,70.0,9.3,5022.08,5123.64,0,0.0,0.0,0.0,0.354137,0.587787
2027-04-22,27.5,0.0,64.8,10.7,4682.55,4506.91,0,0.0,0.038971,0.0,0.337392,0.639677
2027-04-23,28.2,1.1,64.4,13.0,4911.66,4994.8,0,0.0,0.0,0.0,0.360345,0.597703
2027-04-24,30.5,0.0,84.0,9.9,5133.72,5601.61,0,0.0,0.0,0.0,0.386994,0.546274
2027-04-25,33.3,0.0,73.9,10.2,5307.58,5306.07,0,0.0,0.000285,0.0,0.388827,0.645949
2027-04-26,32.5,7.5,76.1,11.7,5038.86,5386.73,0,0.0,0.0,0.0,0.408403,0.589803
2027-04-27,35.5,0.0,71.4,8.4,5429.08,5892.94,0,0.0,0.0,0.0,0.384751,0.54965
2027-04-28,32.7,0.0,65.8,12.0,4922.13,4793.35,0,0.0,0.026866,0.0,0.383573,0.671727
2027-04-29,31.1,5.0,72.4,10.5,4905.07,4976.13,0,0.0,0.0,0.0,0.379929,0.620048
2027-04-30,33.8,5.3,71.7,11.2,5309.07,5691.25,0,0.0,0.0,0.0,0.40218,0.580576
2027-05-01,37.9,0.0,62.7,10.9,5622.63,6152.57,0,0.0,0.0,0.0,0.403548,0.559786
2027-05-02,38.9,0.0,81.5,8.3,5472.02,5559.88,0,0.0,0.0,0.0,0.425328,0.66367
2027-05-03,38.6,12.7,75.4,8.3,5374.29,5694.39,0,0.0,0.0,0.0,0.427408,0.618575
2027-05-04,34.2,0.0,68.7,7.9,4870.26,5026.65,0,0.0,0.0,0.0,0.367262,0.587732
2027-05-05,31.0,0.0,73.6,8.1,4783.05,5241.53,0,0.0,0.0,0.0,0.3569,0.511577
2027-05-06,32.8,0.0,66.2,8.2,5180.43,5608.98,0,0.0,0.0,0.0,0.355661,0.523257
2027-05-07,33.3,0.0,68.6,9.4,5123.76,5259.39,0,0.0,0.0,0.0,0.372716,0.599401
2027-05-08,32.2,2.8,81.8,12.1,4967.16,5365.24,0,0.0,0.0,0.0,0.414466,0.584639
2027-05-09,33.8,0.0,71.0,8.7,5208.62,5333.66,0,0.0,0.0,0.0,0.375111,0.604533
2027-05-10,35.1,0.0,73.6,9.1,5265.93,5680.95,1,0.899,0.0,0.0473,0.391641,0.563147
2027-05-11,37.9,0.0,74.3,8.9,5505.9,5944.67,0,0.0,0.0,0.0,0.409866,0.580491
2027-05-12,38.6,0.0,73.0,9.9,5402.85,6480.05,0,0.0,0.0,0.0,0.419758,0.482487
2027-05-13,41.3,0.0,71.3,8.1,5685.47,5849.3,0,0.0,0.0,0.0,0.420479,0.644572
2027-05-14,41.1,0.0,85.5,8.7,5477.11,5702.22,0,0.0,0.0,0.0,0.450415,0.661119
2027-05-15,40.7,0.0,70.5,10.6,5441.71,5491.9,0,0.0,0.0,0.0,0.434314,0.680435
2027-05-16,42.8,0.0,69.8,11.7,5717.3,5631.15,0,0.0,0.015298,0.0,0.455331,0.729981
2027-05-17,40.4,0.0,76.9,11.4,5289.25,5401.61,0,0.0,0.0,0.0,0.450509,0.683016
2027-05-18,46.1,0.0,68.1,10.9,6144.18,6708.84,0,0.0,0.0,0.0,0.467722,0.626256
2027-05-19,45.8,1.1,79.9,11.0,5718.06,6269.62,0,0.0,0.0,0.0,0.489983,0.644073
2027-05-20,45.7,0.0,73.6,8.5,5715.16,6107.38,0,0.0,0.0,0.0,0.456879,0.638698
2027-05-21,45.8,0.0,75.3,7.5,5743.47,5923.63,0,0.0,0.0,0.0,0.45301,0.674295
2027-05-22,48.7,0.0,76.2,8.9,6089.23,6204.42,0,0.0,0.0,0.0,0.484615,0.719731
2027-05-23,48.8,0.0,73.1,9.1,5905.54,5859.72,0,0.0,0.007821,0.0,0.481005,0.746923
2027-05-24,44.2,0.0,79.4,7.8,5324.26,5403.68,0,0.0,0.0,0.0,0.452466,0.692098
2027-05-25,46.5,0.0,78.1,7.3,5920.19,5733.16,0,0.0,0.032624,0.0,0.461331,0.756205
2027-05-26,44.9,0.0,77.5,10.7,5562.72,6316.72,0,0.0,0.0,0.0,0.475894,0.593336
2027-05-27,44.5,0.0,67.4,8.0,5623.02,6554.98,0,0.0,0.0,0.0,0.433487,0.524301
2027-05-28,41.5,0.0,73.2,7.5,5280.27,4900.3,0,0.0,0.077539,0.0,0.42073,0.76804
2027-05-29,42.7,0.0,74.4,7.5,5624.0,6007.69,0,0.0,0.0,0.0,0.430889,0.613121
2027-05-30,41.3,0.0,83.7,8.1,5376.25,5737.42,0,0.0,0.0,0.0,0.443729,0.627031
2027-05-31,41.7,0.0,67.9,6.9,5515.12,5863.43,0,0.0,0.0,0.0,0.407481,0.594923
2027-06-01,41.3,38.1,81.3,8.5,6581.23,6664.53,0,0.0,0.0,0.0,0.488801,0.731
2027-06-02,45.4,1.7,80.8,5.9,7220.63,8046.8,0,0.0,0.0,0.0,0.450415,0.587347
2027-06-03,48.8,0.0,70.3,6.3,7398.05,7959.27,1,1.586,0.0,0.1174,0.45415,0.628625
2027-06-04,47.6,0.0,71.7,7.0,6937.27,7736.09,0,0.0,0.0,0.0,0.454266,0.590511
2027-06-05,46.8,0.0,83.3,8.4,6904.03,6928.44,0,0.0,0.0,0.0,0.481546,0.734223
2027-06-06,45.2,35.9,85.7,6.9,6740.82,6490.47,1,3.024,0.038573,0.7863,0.507727,0.809546
2027-06-07,47.0,0.0,79.2,9.4,7128.94,7680.72,0,0.0,0.0,0.0,0.482893,0.655817
2027-06-08,45.5,1.2,78.7,10.2,6763.59,6691.46,0,0.0,0.01078,0.0,0.479705,0.749079
2027-06-09,44.1,35.2,84.2,7.1,6681.07,7459.01,0,0.0,0.0,0.0,0.498354,0.633389
2027-06-10,45.9,0.5,75.3,6.2,7050.48,6458.4,0,0.0,0.091676,0.0,0.444248,0.808061
2027-06-11,44.2,30.6,86.7,7.0,6661.85,6798.3,0,0.0,0.0,0.0,0.497316,0.730675
2027-06-12,43.9,0.0,70.4,9.0,6749.75,6825.32,0,0.0,0.0,0.0,0.442873,0.686737
2027-06-13,40.6,23.1,89.0,5.9,6292.23,6475.09,0,0.0,0.0,0.0,0.460261,0.684083
2027-06-14,42.5,16.9,76.0,8.2,6834.39,7288.53,0,0.0,0.0,0.0,0.458592,0.642643
2027-06-15,46.5,0.0,79.5,6.7,7277.42,7822.96,0,0.0,0.0,0.0,0.459326,0.634706
2027-06-16,47.2,3.4,77.7,8.2,7058.69,7696.12,0,0.0,0.0,0.0,0.476288,0.636388
2027-06-17,49.3,1.4,71.8,7.6,7313.03,8026.52,0,0.0,0.0,0.0,0.471997,0.625015
2027-06-18,46.4,5.6,77.9,6.1,6697.96,6960.48,1,5.592,0.0,0.3746,0.45787,0.670631
2027-06-19,46.2,10.4,77.2,6.5,8294.23,9810.82,1,2.288,0.0,0.1897,0.464182,0.540511
2027-06-20,43.7,0.0,65.0,7.6,6557.26,7458.14,0,0.0,0.0,0.0,0.420627,0.536405
2027-06-21,43.1,19.7,78.2,8.5,6674.68,6877.22,0,0.0,0.0,0.0,0.472403,0.694812
2027-06-22,44.6,23.1,73.2,6.4,6946.89,7234.33,0,0.0,0.0,0.0,0.46086,0.671266
2027-06-23,44.5,11.2,78.8,8.5,6805.73,7003.21,0,0.0,0.0,0.0,0.472385,0.696256
2027-06-24,41.3,10.3,75.2,11.7,6356.5,6819.81,0,0.0,0.0,0.0,0.468136,0.645617
2027-06-25,39.0,7.3,79.4,8.6,6274.31,6203.83,0,0.0,0.01136,0.0,0.433271,0.703324
2027-06-26,37.0,11.9,72.6,6.4,6173.16,6174.76,0,0.0,0.0,0.0,0.395975,0.652462
2027-06-27,39.1,0.5,66.6,6.4,6632.97,6058.93,0,0.0,0.094744,0.0,0.384658,0.752051
2027-06-28,44.0,27.4,74.2,5.0,7180.68,7359.37,0,0.0,0.0,0.0,0.453224,0.681669
2027-06-29,46.4,0.0,82.7,6.1,7153.3,7990.81,0,0.0,0.0,0.0,0.460037,0.594473
2027-06-30,41.9,46.3,99.1,7.5,6286.28,6540.35,1,0.683,0.0,0.043,0.52842,0.73986
2027-07-01,44.8,0.9,82.5,8.1,7088.65,7400.14,1,0.968,0.0,0.0686,0.465646,0.673297
2027-07-02,46.2,0.0,64.4,5.1,7056.0,7532.45,0,0.0,0.0,0.0,0.416691,0.599639
2027-07-03,42.3,21.2,70.3,6.9,6373.95,6290.19,0,0.0,0.013316,0.0,0.441802,0.714137
2027-07-04,41.7,0.0,66.4,8.6,6595.65,6935.94,0,0.0,0.0,0.0,0.417786,0.617301
2027-07-05,44.0,65.3,91.7,15.2,6984.24,7802.45,0,0.0,0.0,0.0,0.610982,0.745351
2027-07-06,44.7,0.0,81.9,6.6,6906.39,7385.1,0,0.0,0.0,0.0,0.45119,0.632308
2027-07-07,41.5,0.0,75.7,5.4,6385.95,7098.78,1,0.529,0.0,0.0338,0.409214,0.548778
2027-07-08,42.8,48.3,83.9,4.8,6829.68,7715.09,0,0.0,0.0,0.0,0.487459,0.610274
2027-07-09,38.3,16.5,70.2,5.8,6083.0,6641.07,0,0.0,0.0,0.0,0.401027,0.559717
2027-07-10,38.5,0.0,69.1,4.6,6465.49,6498.19,0,0.0,0.0,0.0,0.370892,0.621807
2027-07-11,41.4,0.0,70.7,5.2,6869.16,7063.69,0,0.0,0.0,0.0,0.397636,0.622276
2027-07-12,41.4,1.7,74.9,6.0,6646.07,7787.09,1,0.5,0.0,0.0332,0.413758,0.499492
2027-07-13,40.4,0.0,67.3,7.7,6497.66,6951.15,0,0.0,0.0,0.0,0.40396,0.584589
2027-07-14,42.3,8.5,73.7,4.8,6862.13,7283.46,0,0.0,0.0,0.0,0.416478,0.605737
2027-07-15,43.9,0.0,70.7,5.5,6955.0,6925.95,1,0.5,0.004195,0.0348,0.416429,0.678115
2027-07-16,45.9,2.4,70.2,7.7,7118.59,7433.5,0,0.0,0.0,0.0,0.448578,0.655913
2027-07-17,46.6,0.0,66.9,4.9,7062.11,7733.94,0,0.0,0.0,0.0,0.422471,0.577851
2027-07-18,47.5,22.0,74.7,4.6,7147.59,7511.66,0,0.0,0.0,0.0,0.467556,0.667765
2027-07-19,47.5,0.0,67.9,8.7,7075.22,7197.47,0,0.0,0.0,0.0,0.4596,0.696562
2027-07-20,46.6,2.6,64.8,5.7,6936.42,7157.65,0,0.0,0.0,0.0,0.427879,0.648587
2027-07-21,45.4,0.0,72.3,7.8,6844.73,7700.9,0,0.0,0.0,0.0,0.447063,0.574064
2027-07-22,43.8,0.0,75.4,5.0,6704.73,7322.04,0,0.0,0.0,0.0,0.420725,0.579093
2027-07-23,40.5,0.0,68.2,7.0,6360.91,6892.97,0,0.0,0.0,0.0,0.400905,0.567585
2027-07-24,38.4,0.0,66.8,7.7,6317.99,6809.37,0,0.0,0.0,0.0,0.38984,0.562388
2027-07-25,38.0,0.0,70.5,5.1,6431.13,6273.36,0,0.0,0.025148,0.0,0.374079,0.660228
2027-07-26,38.7,0.0,67.4,6.9,6565.42,7006.34,0,0.0,0.0,0.0,0.386769,0.570093
2027-07-27,41.6,24.3,78.0,4.9,6939.11,7752.96,0,0.0,0.0,0.0,0.439976,0.574221
2027-07-28,40.9,0.0,66.4,8.5,6611.1,6832.98,0,0.0,0.0,0.0,0.411741,0.630623
2027-07-29,42.4,0.0,68.5,4.9,6889.75,7658.49,0,0.0,0.0,0.0,0.397788,0.537397
2027-07-30,43.7,70.5,91.6,20.2,6966.7,7629.88,0,0.0,0.0,0.0,0.653742,0.809063
2027-07-31,42.1,1.9,71.8,6.4,6628.26,7305.29,1,0.5,0.0,0.0331,0.41589,0.564489
2027-08-01,42.4,0.0,63.9,5.4,6807.73,7169.96,0,0.0,0.0,0.0,0.393021,0.590833
2027-08-02,41.0,0.0,69.8,9.2,6575.61,7271.67,0,0.0,0.0,0.0,0.424176,0.56922
2027-08-03,42.9,0.0,58.8,5.0,6977.6,6682.62,0,0.0,0.044141,0.0,0.383668,0.691989
2027-08-04,43.0,0.0,62.8,10.8,6844.11,7200.61,0,0.0,0.0,0.0,0.43658,0.635572
2027-08-05,39.4,10.2,70.2,6.9,6316.46,6916.01,0,0.0,0.0,0.0,0.409078,0.564666
2027-08-06,39.1,0.0,70.8,4.5,6568.27,7019.3,0,0.0,0.0,0.0,0.377262,0.55904
2027-08-07,41.9,0.0,59.1,5.2,6994.96,7827.53,0,0.0,0.0,0.0,0.379182,0.511802
2027-08-08,40.4,0.0,62.4,5.5,6560.54,6823.63,0,0.0,0.0,0.0,0.377797,0.589577
2027-08-09,40.4,0.0,62.2,11.0,6685.0,6788.69,0,0.0,0.0,0.0,0.419861,0.65882
2027-08-10,40.5,0.0,61.5,8.4,6709.1,6351.76,0,0.0,0.056258,0.0,0.399145,0.721611
2027-08-11,37.4,0.0,55.5,7.6,6257.55,6462.82,0,0.0,0.0,0.0,0.361289,0.581
2027-08-12,38.0,0.0,63.8,5.1,6585.37,7129.08,0,0.0,0.0,0.0,0.361517,0.529273
2027-08-13,34.5,0.0,54.6,5.7,6060.52,6654.11,0,0.0,0.0,0.0,0.325827,0.478477
2027-08-14,33.3,0.0,66.3,7.0,6152.12,5917.43,0,0.0,0.039662,0.0,0.349885,0.652975
2027-08-15,35.7,41.5,77.4,7.2,6586.1,7403.08,0,0.0,0.0,0.0,0.438695,0.566654
2027-08-16,36.1,0.6,56.9,5.8,6467.08,6393.43,0,0.0,0.01152,0.0,0.342189,0.612427
2027-08-17,35.0,0.0,53.3,5.7,6290.02,6556.51,0,0.0,0.0,0.0,0.326685,0.536026
2027-08-18,35.6,0.0,59.1,7.1,6460.99,6552.51,0,0.0,0.0,0.0,0.352317,0.592802
2027-08-19,35.0,0.0,56.3,9.4,6336.56,6819.95,0,0.0,0.0,0.0,0.360859,0.534905
2027-08-20,34.6,0.0,57.5,4.5,6331.99,6686.12,0,0.0,0.0,0.0,0.322664,0.517623
2027-08-21,35.5,1.9,59.2,7.2,6496.54,7098.84,0,0.0,0.0,0.0,0.354935,0.512677
2027-08-22,33.5,6.8,55.0,5.4,6141.99,7162.54,0,0.0,0.0,0.0,0.325967,0.41642
2027-08-23,33.3,0.0,65.9,5.1,6277.39,6748.6,0,0.0,0.0,0.0,0.334475,0.509753
2027-08-24,32.4,0.0,54.0,4.7,6170.05,6254.39,0,0.0,0.0,0.0,0.303144,0.544192
2027-08-25,29.0,8.7,63.7,5.2,5783.17,6240.31,0,0.0,0.0,0.0,0.313394,0.484665
2027-08-26,27.6,18.2,56.6,6.3,5841.71,6849.66,0,0.0,0.0,0.0,0.310932,0.395935
2027-08-27,31.4,42.6,67.2,5.9,6473.26,7064.59,0,0.0,0.0,0.0,0.382538,0.541613
2027-08-28,32.0,0.0,58.1,6.1,6281.67,6970.01,0,0.0,0.0,0.0,0.318997,0.460497
2027-08-29,29.1,0.0,56.2,6.1,5835.31,5541.24,0,0.0,0.05307,0.0,0.29632,0.615063
2027-08-30,26.2,17.0,58.1,7.2,5668.56,6090.15,0,0.0,0.0,0.0,0.309997,0.485974
2027-08-31,26.7,3.3,53.2,7.5,5946.12,6143.03,0,0.0,0.0,0.0,0.289704,0.509074
2027-09-01,30.4,0.0,52.4,5.2,5474.2,5513.35,0,0.0,0.0,0.0,0.290819,0.539319
2027-09-02,29.7,0.0,50.8,5.9,5172.7,5424.06,0,0.0,0.0,0.0,0.288606,0.491297
2027-09-03,32.2,0.0,55.5,11.2,5507.65,5820.72,0,0.0,0.0,0.0,0.354792,0.548793
2027-09-04,32.2,9.1,64.9,5.3,5355.8,5412.91,0,0.0,0.0,0.0,0.337996,0.582469
2027-09-05,32.3,53.2,68.2,6.9,5378.74,5768.66,0,0.0,0.0,0.0,0.410995,0.588877
2027-09-06,28.8,2.5,56.4,8.0,4959.53,5153.3,0,0.0,0.0,0.0,0.312428,0.525322
2027-09-07,30.4,0.0,57.8,9.0,5376.36,5883.1,0,0.0,0.0,0.0,0.330265,0.486501
2027-09-08,29.1,11.9,52.8,7.5,5126.29,5456.1,0,0.0,0.0,0.0,0.315267,0.50149
2027-09-09,30.4,0.0,42.7,6.3,5364.68,5759.97,1,0.5,0.0,0.0268,0.281119,0.457794
2027-09-10,28.1,0.0,51.4,5.9,5013.6,5573.62,0,0.0,0.0,0.0,0.279185,0.418678
2027-09-11,28.1,0.0,55.3,7.6,5166.42,5605.37,0,0.0,0.0,0.0,0.299615,0.464987
2027-09-12,28.4,1.6,61.2,8.4,5205.27,5463.54,0,0.0,0.0,0.0,0.32078,0.522385
2027-09-13,27.6,3.3,46.3,10.1,5095.86,4680.67,0,0.0,0.088704,0.0,0.302761,0.663103
2027-09-14,27.9,0.0,55.6,9.6,5193.56,5621.32,0,0.0,0.0,0.0,0.314291,0.482246
2027-09-15,26.9,8.5,53.1,8.8,5051.38,5013.75,1,0.709,0.007507,0.0358,0.307211,0.572763
2027-09-16,25.2,0.0,47.5,5.6,4927.59,5147.19,0,0.0,0.0,0.0,0.250443,0.457427
2027-09-17,28.2,2.1,44.4,5.9,5390.75,5786.3,0,0.0,0.0,0.0,0.269282,0.446269
2027-09-18,29.5,0.0,45.8,14.5,5357.45,6075.24,0,0.0,0.0,0.0,0.344271,0.463132
2027-09-19,26.9,0.0,51.3,7.0,4975.85,5802.17,0,0.0,0.0,0.0,0.279576,0.37011
2027-09-20,27.4,16.6,58.3,7.8,5198.85,5157.07,0,0.0,0.008102,0.0,0.322423,0.588671
2027-09-21,25.1,0.0,34.1,5.6,4909.64,4748.11,0,0.0,0.034019,0.0,0.224659,0.521164
2027-09-22,22.3,0.0,50.0,9.3,4737.19,5071.26,0,0.0,0.0,0.0,0.264565,0.444452
2027-09-23,24.4,0.0,44.3,7.6,5148.97,5485.06,0,0.0,0.0,0.0,0.254602,0.439861
2027-09-24,20.6,3.8,45.4,7.6,4649.5,4529.92,0,0.0,0.026397,0.0,0.236254,0.523861
2027-09-25,22.8,6.9,50.3,14.3,5068.48,5316.6,0,0.0,0.0,0.0,0.315422,0.517731
2027-09-26,22.1,0.0,55.8,8.4,4866.74,5293.29,0,0.0,0.0,0.0,0.267177,0.429894
2027-09-27,21.5,16.6,46.4,7.3,4868.9,4735.01,0,0.0,0.028277,0.0,0.257364,0.547164
2027-09-28,22.3,0.0,45.1,7.8,4972.14,4909.2,0,0.0,0.012821,0.0,0.243803,0.51556
2027-09-29,23.1,9.3,39.7,7.0,5029.31,5076.67,1,0.5,0.0,0.0251,0.244126,0.490025
2027-09-30,21.0,0.0,47.2,6.7,4778.53,4953.55,0,0.0,0.0,0.0,0.230685,0.446228
2027-10-01,22.3,0.0,41.2,7.7,5017.52,5487.76,0,0.0,0.0,0.0,0.235719,0.392476
2027-10-02,22.0,0.0,52.3,6.4,4916.67,5061.37,0,0.0,0.0,0.0,0.244524,0.467939
2027-10-03,19.0,3.5,46.8,7.5,4715.36,4967.56,0,0.0,0.0,0.0,0.227195,0.424717
2027-10-04,18.8,0.0,42.4,6.3,4875.03,5808.64,0,0.0,0.0,0.0,0.204097,0.273253
2027-10-05,21.6,0.0,42.1,10.0,5103.05,5050.75,0,0.0,0.010354,0.0,0.25054,0.519418
2027-10-06,24.4,0.0,45.1,13.5,5245.27,5291.75,0,0.0,0.0,0.0,0.301627,0.548163
2027-10-07,24.6,0.0,46.4,8.0,5109.56,5583.32,0,0.0,0.0,0.0,0.262944,0.420677
2027-10-08,21.0,0.0,36.9,7.2,4725.02,5255.39,0,0.0,0.0,0.0,0.21523,0.354207
2027-10-09,21.3,30.7,49.4,8.7,4972.12,5350.66,0,0.0,0.0,0.0,0.289676,0.463877
2027-10-10,22.3,0.0,42.1,10.7,5037.14,5863.05,0,0.0,0.0,0.0,0.260555,0.352897
2027-10-11,22.7,0.0,43.0,7.6,5034.72,5387.15,0,0.0,0.0,0.0,0.240959,0.421377
2027-10-12,23.2,16.8,52.4,9.7,5063.54,4686.33,0,0.0,0.080491,0.0,0.298581,0.649337
2027-10-13,22.6,4.3,35.3,7.2,4977.18,5256.45,0,0.0,0.0,0.0,0.228023,0.42279
2027-10-14,21.3,0.0,45.9,9.0,4889.36,4957.94,0,0.0,0.0,0.0,0.247971,0.488613
2027-10-15,19.0,0.0,42.7,10.1,4810.57,5470.48,0,0.0,0.0,0.0,0.235299,0.351264
2027-10-16,14.6,0.0,38.2,7.3,4630.25,5143.14,0,0.0,0.0,0.0,0.176255,0.316628
2027-10-17,15.5,20.7,49.6,10.3,4949.93,4701.69,0,0.0,0.052798,0.0,0.251966,0.570392
2027-10-18,15.9,0.0,38.3,8.6,4927.35,5592.89,0,0.0,0.0,0.0,0.195042,0.312914
2027-10-19,16.8,0.0,30.9,12.8,4981.96,5525.9,0,0.0,0.0,0.0,0.219506,0.361383
2027-10-20,13.8,0.0,22.6,9.4,4731.6,4871.46,0,0.0,0.0,0.0,0.157935,0.381209
2027-10-21,15.2,0.0,33.4,10.7,4994.82,5219.87,0,0.0,0.0,0.0,0.197444,0.403903
2027-10-22,19.2,0.0,36.6,14.0,5202.02,5918.37,0,0.0,0.0,0.0,0.255272,0.370762
2027-10-23,18.3,0.0,39.9,9.0,4911.53,4547.07,0,0.0,0.080153,0.0,0.216947,0.567307
2027-10-24,17.3,0.0,41.9,7.7,4890.94,5272.72,0,0.0,0.0,0.0,0.204075,0.376337
2027-10-25,17.2,0.0,37.4,8.4,4945.42,5533.36,1,1.247,0.0,0.0617,0.20038,0.333129
2027-10-26,20.5,0.0,31.4,9.5,5198.75,5429.64,0,0.0,0.0,0.0,0.219369,0.426516
2027-10-27,17.0,0.0,36.4,17.3,4749.52,5180.87,0,0.0,0.0,0.0,0.265859,0.425453
2027-10-28,16.6,0.0,37.0,13.3,4929.87,5208.4,0,0.0,0.0,0.0,0.233484,0.427845
2027-10-29,14.2,0.0,46.6,8.8,4801.58,4804.49,0,0.0,0.0,0.0,0.200942,0.457025
2027-10-30,12.8,0.0,40.5,9.4,4872.61,4867.88,0,0.0,0.00097,0.0,0.184906,0.44283
2027-10-31,12.6,7.3,31.1,11.1,4951.42,5421.07,0,0.0,0.0,0.0,0.187987,0.34364
2027-11-01,15.2,0.0,35.8,12.8,5098.06,5148.78,1,0.846,0.0,0.0431,0.218148,0.463438
2027-11-02,18.1,0.0,40.7,8.5,5164.75,4926.92,0,0.0,0.048271,0.0,0.213271,0.526413
2027-11-03,17.7,0.0,37.2,11.3,4965.88,5252.46,0,0.0,0.0,0.0,0.225677,0.418772
2027-11-04,15.7,0.0,28.8,10.2,4844.64,4930.27,0,0.0,0.0,0.0,0.188257,0.424771
2027-11-05,19.8,11.9,43.8,8.6,5266.43,5131.91,0,0.0,0.026213,0.0,0.24558,0.53297
2027-11-06,17.2,0.0,38.5,9.7,4837.15,5100.87,0,0.0,0.0,0.0,0.212473,0.408907
2027-11-07,14.8,17.5,40.1,9.5,4820.86,5294.93,0,0.0,0.0,0.0,0.219463,0.371732
2027-11-08,10.4,0.0,32.4,9.6,4745.78,4989.1,0,0.0,0.0,0.0,0.155443,0.355298
2027-11-09,13.2,0.0,41.3,13.3,5151.17,5062.71,0,0.0,0.017473,0.0,0.219136,0.496324
2027-11-10,14.5,0.0,27.1,11.2,5054.94,5461.12,0,0.0,0.0,0.0,0.184876,0.354839
2027-11-11,18.5,0.0,28.3,10.0,5255.42,5860.92,0,0.0,0.0,0.0,0.204232,0.340416
2027-11-12,14.0,0.0,32.3,9.8,4719.22,5613.14,0,0.0,0.0,0.0,0.180527,0.251403
2027-11-13,16.1,0.0,37.3,11.1,5114.35,5834.64,0,0.0,0.0,0.0,0.213775,0.326449
2027-11-14,14.9,0.0,28.9,10.2,4912.77,4847.24,0,0.0,0.013518,0.0,0.183171,0.455743
2027-11-15,15.4,0.0,32.9,12.3,5018.5,5540.72,0,0.0,0.0,0.0,0.21017,0.356931
2027-11-16,10.9,1.7,34.3,10.7,4753.26,5067.74,0,0.0,0.0,0.0,0.172863,0.35721
2027-11-17,13.5,0.0,37.2,9.3,5154.18,5037.78,0,0.0,0.023104,0.0,0.182561,0.466324
2027-11-18,14.1,0.0,34.0,9.6,5038.19,5380.18,0,0.0,0.0,0.0,0.182831,0.365415
2027-11-19,13.0,0.0,34.0,10.2,4943.22,5787.9,0,0.0,0.0,0.0,0.18021,0.266631
2027-11-20,13.4,0.0,31.8,10.9,5034.79,5665.85,0,0.0,0.0,0.0,0.184123,0.310888
2027-11-21,10.9,0.4,40.8,11.9,4885.62,4817.96,0,0.0,0.014042,0.0,0.192724,0.465908
2027-11-22,9.3,0.0,38.5,11.8,4952.04,5203.93,0,0.0,0.0,0.0,0.176605,0.376888
2027-11-23,8.2,0.0,38.3,15.5,4996.16,5400.72,0,0.0,0.0,0.0,0.197529,0.366871
2027-11-24,4.5,0.0,31.2,9.7,4870.6,4583.31,0,0.0,0.062681,0.0,0.115076,0.445041
2027-11-25,6.9,0.0,32.5,9.7,5230.26,4933.11,0,0.0,0.060235,0.0,0.133332,0.460441
2027-11-26,9.5,0.0,37.4,10.0,5214.73,5526.27,0,0.0,0.0,0.0,0.161972,0.35295
2027-11-27,7.8,0.0,32.1,10.5,4969.59,5270.57,0,0.0,0.0,0.0,0.144687,0.334812
2027-11-28,8.5,0.0,30.4,13.2,5112.1,4775.49,1,2.098,0.070487,0.7558,0.166947,0.506024
2027-11-29,7.8,0.0,36.4,12.1,5035.96,5410.85,0,0.0,0.0,0.0,0.165096,0.341003
2027-11-30,8.4,0.0,28.5,10.3,5111.55,5717.16,0,0.0,0.0,0.0,0.140349,0.273478
2027-12-01,7.0,0.0,34.0,10.7,5612.31,5815.74,0,0.0,0.0,0.0,0.14452,0.360475
2027-12-02,5.3,0.0,39.5,10.8,5613.92,5915.77,0,0.0,0.0,0.0,0.144399,0.341623
2027-12-03,7.8,0.0,35.8,10.7,5877.84,6383.33,0,0.0,0.0,0.0,0.153168,0.317513
2027-12-04,7.6,0.0,29.8,11.4,5692.57,6134.65,1,2.73,0.0,0.1554,0.146001,0.318665
2027-12-05,11.6,0.0,37.4,11.2,5932.82,5605.78,0,0.0,0.058339,0.0,0.185073,0.509969
2027-12-06,10.8,0.0,32.1,11.3,5623.3,5583.81,0,0.0,0.007072,0.0,0.170634,0.43568
2027-12-07,8.2,0.0,39.4,10.7,5529.0,5667.57,1,0.5,0.0,0.0276,0.162555,0.390802
2027-12-08,10.4,0.0,37.7,12.9,5833.6,5808.91,0,0.0,0.00425,0.0,0.190843,0.452595
2027-12-09,11.0,0.0,33.5,12.1,5716.16,6530.25,0,0.0,0.0,0.0,0.18075,0.292007
2027-12-10,11.7,0.0,31.6,11.4,5712.66,6226.64,0,0.0,0.0,0.0,0.176401,0.336827
2027-12-11,13.1,8.1,33.2,11.0,5750.57,5636.06,0,0.0,0.020317,0.0,0.195425,0.475934
2027-12-12,10.6,0.0,48.4,11.8,5510.92,5712.05,0,0.0,0.0,0.0,0.203737,0.419421
2027-12-13,9.6,0.0,24.1,10.9,5626.94,6309.0,0,0.0,0.0,0.0,0.144638,0.275221
2027-12-14,8.7,2.2,27.3,13.0,5644.07,5696.49,0,0.0,0.0,0.0,0.163594,0.409641
2027-12-15,5.8,0.0,41.2,13.2,5530.23,6103.44,0,0.0,0.0,0.0,0.169401,0.316553
2027-12-16,5.5,0.0,40.2,12.4,5715.69,6499.54,0,0.0,0.0,0.0,0.159375,0.275375
2027-12-17,8.5,0.0,37.7,16.6,5906.42,6654.27,0,0.0,0.0,0.0,0.206869,0.332459
2027-12-18,8.6,0.0,26.0,13.4,5716.41,6067.2,0,0.0,0.0,0.0,0.1609,0.350194
2027-12-19,5.6,0.0,38.8,14.1,5525.96,6237.79,0,0.0,0.0,0.0,0.170527,0.294098
2027-12-20,2.8,0.0,31.3,13.4,5563.13,5658.25,0,0.0,0.0,0.0,0.132607,0.369772
2027-12-21,7.0,0.0,35.8,13.4,6005.68,7246.51,0,0.0,0.0,0.0,0.168728,0.225622
2027-12-22,6.8,0.0,38.5,13.0,5709.99,6082.13,0,0.0,0.0,0.0,0.169386,0.354748
2027-12-23,5.6,0.0,39.1,14.2,5646.66,6336.95,0,0.0,0.0,0.0,0.171861,0.301485
2027-12-24,5.3,0.0,33.5,12.9,5719.35,5874.88,0,0.0,0.0,0.0,0.149353,0.375237
2027-12-25,2.7,0.0,43.3,11.7,5579.5,6034.03,0,0.0,0.0,0.0,0.141331,0.310183
2027-12-26,6.5,0.0,41.1,14.6,5978.54,6482.16,0,0.0,0.0,0.0,0.184629,0.35072
2027-12-27,5.9,0.0,32.4,13.6,5682.45,5634.05,0,0.0,0.00859,0.0,0.156646,0.423465
2027-12-28,8.9,0.0,34.9,11.9,5900.25,5839.0,0,0.0,0.010491,0.0,0.16799,0.437026
2027-12-29,8.7,0.0,33.7,12.8,5682.04,5892.94,0,0.0,0.0,0.0,0.171367,0.386377
2027-12-30,11.3,0.0,37.3,11.7,5841.99,6540.9,0,0.0,0.0,0.0,0.186766,0.318816
2027-12-31,11.1,0.0,41.0,16.0,5650.43,5281.01,0,0.0,0.069953,0.0,0.225565,0.564018
2028-01-01,12.1,0.0,28.8,13.6,5722.57,5877.89,0,0.0,0.0,0.0,0.190762,0.416704
2028-01-02,12.7,0.0,28.3,11.9,5683.26,6436.42,0,0.0,0.0,0.0,0.180662,0.300848
2028-01-03,12.9,0.0,34.2,12.9,5661.67,5505.27,0,0.0,0.028409,0.0,0.200759,0.490714
2028-01-04,12.6,0.0,45.3,12.1,5624.1,6349.58,0,0.0,0.0,0.0,0.213421,0.336828
2028-01-05,11.2,0.0,40.0,12.6,5565.35,5448.19,0,0.0,0.021504,0.0,0.198114,0.480008
2028-01-06,14.5,0.0,46.9,14.0,5830.59,5785.45,0,0.0,0.007803,0.0,0.243606,0.509504
2028-01-07,11.4,0.0,38.4,14.9,5446.66,5668.48,0,0.0,0.0,0.0,0.214179,0.425286
2028-01-08,10.8,0.0,35.2,12.1,5616.23,6559.91,0,0.0,0.0,0.0,0.18262,0.271473
2028-01-09,10.4,0.0,31.2,16.3,5629.01,5683.5,0,0.0,0.0,0.0,0.20489,0.450488
2028-01-10,10.8,0.0,35.7,15.6,5683.3,5346.98,0,0.0,0.062899,0.0,0.210563,0.540781
2028-01-11,9.6,0.0,37.0,12.8,5575.72,5362.05,0,0.0,0.039849,0.0,0.183486,0.486795
2028-01-12,10.1,0.0,28.2,12.5,5687.96,6306.31,0,0.0,0.0,0.0,0.167967,0.31029
2028-01-13,9.5,0.0,36.3,14.7,5622.62,5423.87,0,0.0,0.036644,0.0,0.196175,0.495743
2028-01-14,6.3,0.0,36.5,20.4,5466.87,6149.37,0,0.0,0.0,0.0,0.219439,0.346663
2028-01-15,6.9,0.0,41.1,13.4,5724.39,6035.78,0,0.0,0.0,0.0,0.178007,0.37457
2028-01-16,5.2,0.0,41.0,12.8,5579.01,5846.62,0,0.0,0.0,0.0,0.161984,0.36534
2028-01-17,2.6,0.0,43.1,12.8,5537.08,5917.65,0,0.0,0.0,0.0,0.148784,0.330497
2028-01-18,4.4,0.0,33.7,12.5,5815.28,5812.62,0,0.0,0.000458,0.0,0.140709,0.398033
2028-01-19,6.5,11.6,39.3,15.3,5817.67,6159.09,0,0.0,0.0,0.0,0.200809,0.392886
2028-01-20,8.3,0.0,46.9,16.2,5774.07,5628.77,0,0.0,0.025813,0.0,0.219715,0.50664
2028-01-21,9.8,0.0,41.3,13.0,5739.02,6513.67,0,0.0,0.0,0.0,0.19441,0.312365
2028-01-22,6.1,0.0,47.1,13.4,5411.68,5332.02,0,0.0,0.01494,0.0,0.183984,0.458215
2028-01-23,4.3,0.0,42.4,12.6,5557.67,5989.22,0,0.0,0.0,0.0,0.157134,0.329807
2028-01-24,9.6,0.0,44.3,12.7,5982.92,5892.05,0,0.0,0.015424,0.0,0.196402,0.471196
2028-01-25,7.8,0.0,46.3,13.5,5518.99,5609.55,0,0.0,0.0,0.0,0.194461,0.432405
2028-01-26,9.7,1.2,41.5,14.0,5749.21,5901.27,0,0.0,0.0,0.0,0.203306,0.430015
2028-01-27,8.7,0.0,40.9,17.9,5556.33,6877.77,0,0.0,0.0,0.0,0.224218,0.256713
2028-01-28,9.5,14.1,44.7,12.2,5664.76,5942.84,0,0.0,0.0,0.0,0.209838,0.412002
2028-01-29,8.7,0.0,44.4,13.3,5565.47,5555.7,0,0.0,0.001759,0.0,0.195287,0.45413
2028-01-30,10.5,0.0,48.0,13.9,5718.49,5844.26,0,0.0,0.0,0.0,0.218531,0.450198
2028-01-31,11.1,4.0,44.4,13.2,5630.26,5378.05,0,0.0,0.046895,0.0,0.215215,0.526752
2028-02-01,10.5,0.0,51.5,14.5,5548.12,5768.63,0,0.0,0.0,0.0,0.229723,0.441888
2028-02-02,8.9,0.0,54.8,15.6,5489.19,6403.79,1,0.5,0.0,0.0274,0.233852,0.323912
2028-02-03,10.3,0.0,42.0,13.2,5674.47,6078.33,0,0.0,0.0,0.0,0.200562,0.379787
2028-02-04,8.4,0.0,52.6,13.4,5474.8,6060.13,0,0.0,0.0,0.0,0.209456,0.35349
2028-02-05,10.3,0.0,46.9,12.9,5701.44,5659.67,0,0.0,0.007381,0.0,0.207434,0.47284
2028-02-06,16.3,0.0,49.2,14.6,5933.37,6154.03,0,0.0,0.0,0.0,0.264412,0.479343
2028-02-07,18.5,0.0,46.9,12.5,5722.78,6082.43,0,0.0,0.0,0.0,0.258397,0.446159
2028-02-08,19.1,0.0,54.0,15.3,5618.53,5642.72,0,0.0,0.0,0.0,0.297269,0.549054
2028-02-09,18.0,0.0,50.0,12.7,5485.87,5898.41,0,0.0,0.0,0.0,0.262457,0.437598
2028-02-10,13.5,0.0,46.8,14.1,5218.96,5682.25,0,0.0,0.0,0.0,0.237598,0.399206
2028-02-11,11.1,0.0,46.8,14.0,5384.82,5838.22,0,0.0,0.0,0.0,0.221007,0.387136
2028-02-12,14.5,0.0,43.2,16.7,5725.94,5957.74,0,0.0,0.0,0.0,0.257501,0.46887
2028-02-13,13.2,0.0,46.7,12.1,5418.02,6061.28,1,1.283,0.0,0.0695,0.220001,0.352899
2028-02-14,12.3,0.0,56.0,15.5,5457.32,5641.61,1,0.5,0.0,0.0273,0.257741,0.476396
2028-02-15,12.7,0.0,55.6,12.4,5535.6,5690.73,0,0.0,0.0,0.0,0.235708,0.460674
2028-02-16,11.3,0.0,47.4,15.4,5423.27,6186.96,0,0.0,0.0,0.0,0.234253,0.346944
2028-02-17,9.9,0.0,45.4,12.3,5432.67,5325.44,0,0.0,0.020136,0.0,0.197356,0.477652
2028-02-18,11.2,0.0,56.0,13.4,5596.01,5275.43,0,0.0,0.060768,0.0,0.234287,0.562018
2028-02-19,10.6,0.0,53.7,12.7,5470.66,5445.1,0,0.0,0.004694,0.0,0.220618,0.482888
2028-02-20,10.5,0.0,42.0,15.0,5498.73,5907.82,0,0.0,0.0,0.0,0.215769,0.391722
2028-02-21,10.4,0.0,66.7,12.2,5494.64,6213.7,0,0.0,0.0,0.0,0.239817,0.361513
2028-02-22,13.0,0.0,52.7,12.0,5642.05,5689.37,0,0.0,0.0,0.0,0.229161,0.476241
2028-02-23,13.6,0.0,61.4,13.6,5499.93,6403.76,0,0.0,0.0,0.0,0.261774,0.353796
2028-02-24,14.2,0.0,54.2,12.2,5492.42,5776.45,0,0.0,0.0,0.0,0.241427,0.440815
2028-02-25,16.4,0.0,48.4,14.0,5598.5,5837.67,0,0.0,0.0,0.0,0.258942,0.467903
2028-02-26,16.6,0.0,54.9,13.7,5476.56,5457.14,1,1.358,0.003559,0.0744,0.270133,0.531077
2028-02-27,16.7,0.0,47.0,13.1,5454.09,6397.29,0,0.0,0.0,0.0,0.25135,0.336021
2028-02-28,18.2,1.1,54.3,13.1,5577.62,5803.7,0,0.0,0.0,0.0,0.276266,0.48758
2028-02-29,19.9,0.0,49.6,13.8,5610.25,5419.98,0,0.0,0.035106,0.0,0.282718,0.58049
2028-03-01,19.7,0.0,54.3,12.9,4729.04,5697.71,0,0.0,0.0,0.0,0.283268,0.341588
2028-03-02,20.1,16.6,61.1,12.3,4761.49,5117.65,0,0.0,0.0,0.0,0.314279,0.489824
2028-03-03,18.7,0.0,57.5,12.7,4638.59,5103.97,0,0.0,0.0,0.0,0.281133,0.431479
2028-03-04,17.5,0.0,49.1,12.7,4627.35,5348.93,0,0.0,0.0,0.0,0.257474,0.356779
2028-03-05,19.9,0.0,53.5,13.0,4859.6,5290.7,0,0.0,0.0,0.0,0.283858,0.445525
2028-03-06,21.2,0.0,47.2,18.5,4813.4,5349.7,0,0.0,0.0,0.0,0.323052,0.462812
2028-03-07,22.3,0.0,60.5,12.5,4826.44,5084.28,0,0.0,0.0,0.0,0.308944,0.506531
2028-03-08,22.9,0.0,58.8,15.8,4824.51,5288.75,0,0.0,0.0,0.0,0.335174,0.489491
2028-03-09,23.0,0.0,52.2,14.8,4794.64,5024.05,0,0.0,0.0,0.0,0.315742,0.519226
2028-03-10,24.4,0.0,65.5,11.7,4942.34,5183.17,0,0.0,0.0,0.0,0.325988,0.528536
2028-03-11,26.1,0.0,61.1,11.5,5043.42,5333.63,0,0.0,0.0,0.0,0.3274,0.52067
2028-03-12,27.4,0.0,58.6,12.9,5090.66,5217.93,0,0.0,0.0,0.0,0.342084,0.5704
2028-03-13,26.6,0.0,57.1,14.5,4909.91,5311.42,0,0.0,0.0,0.0,0.346344,0.514886
2028-03-14,28.9,0.0,56.6,12.4,5220.76,5646.86,0,0.0,0.0,0.0,0.344363,0.513063
2028-03-15,28.5,0.0,56.2,12.8,5031.25,5542.38,0,0.0,0.0,0.0,0.344062,0.493192
2028-03-16,29.1,0.0,66.3,12.6,5115.03,5576.89,0,0.0,0.0,0.0,0.365412,0.525522
2028-03-17,28.9,0.0,62.1,16.3,5054.62,5944.24,0,0.0,0.0,0.0,0.384768,0.466844
2028-03-18,28.7,0.0,55.9,14.0,5041.69,5628.11,0,0.0,0.0,0.0,0.354078,0.489231
2028-03-19,26.7,0.0,67.9,11.7,4819.81,4997.87,0,0.0,0.0,0.0,0.345648,0.560847
2028-03-20,28.0,0.0,61.3,10.9,5082.74,5481.96,0,0.0,0.0,0.0,0.335669,0.507444
2028-03-21,33.4,0.0,57.5,12.1,5625.63,6407.59,0,0.0,0.0,0.0,0.373396,0.48772
2028-03-22,31.3,0.0,72.3,12.0,5046.02,4996.32,0,0.0,0.009946,0.0,0.386533,0.654935
2028-03-23,30.7,0.0,57.2,20.2,5091.42,5992.08,0,0.0,0.0,0.0,0.417537,0.498857
2028-03-24,29.1,0.0,58.9,12.1,4952.6,4958.54,0,0.0,0.0,0.0,0.347679,0.603071
2028-03-25,27.9,0.0,63.3,12.1,4901.37,5424.44,0,0.0,0.0,0.0,0.348019,0.492238
2028-03-26,31.0,0.0,65.3,11.5,5327.93,5596.54,0,0.0,0.0,0.0,0.367572,0.568332
2028-03-27,29.1,13.3,63.5,11.3,4918.45,5148.6,0,0.0,0.0,0.0,0.366358,0.570963
2028-03-28,28.1,0.0,53.2,13.5,4910.95,4753.39,0,0.0,0.033147,0.0,0.341202,0.636688
2028-03-29,25.1,0.0,64.7,13.2,4635.97,5132.82,0,0.0,0.0,0.0,0.340676,0.484463
2028-03-30,24.4,0.0,59.6,11.4,4731.17,4583.71,0,0.0,0.032169,0.0,0.312611,0.606957
2028-03-31,22.1,0.0,63.4,12.7,4510.16,4325.72,0,0.0,0.042638,0.0,0.314606,0.621172
2028-04-01,24.9,0.0,61.4,11.8,4952.32,5561.76,0,0.0,0.0,0.0,0.322368,0.451238
2028-04-02,31.5,0.0,60.3,11.8,5540.28,6441.93,0,0.0,0.0,0.0,0.363808,0.457202
2028-04-03,30.6,0.0,64.7,10.5,5020.95,5060.94,0,0.0,0.0,0.0,0.356095,0.603661
2028-04-04,27.3,0.0,63.2,12.6,4703.82,5236.27,1,0.5,0.0,0.0235,0.347735,0.485818
2028-04-05,29.9,0.0,62.4,11.0,5186.56,5706.15,0,0.0,0.0,0.0,0.351026,0.501515
2028-04-06,28.7,0.0,71.7,13.9,4895.46,5112.01,0,0.0,0.0,0.0,0.382931,0.590269
2028-04-07,31.9,0.0,62.2,9.9,5326.02,6040.54,0,0.0,0.0,0.0,0.355346,0.474047
2028-04-08,31.4,0.0,66.2,10.7,5063.99,5264.99,1,2.242,0.0,0.1135,0.365724,0.577946
2028-04-09,30.3,0.0,67.5,9.8,4969.39,5379.88,0,0.0,0.0,0.0,0.353966,0.521682
2028-04-10,30.4,1.1,59.8,12.9,5042.14,4895.98,0,0.0,0.029853,0.0,0.36545,0.65709
2028-04-11,32.4,0.0,62.6,11.5,5262.17,5123.8,0,0.0,0.027005,0.0,0.371738,0.660054
2028-04-12,32.1,0.0,68.3,9.6,5098.77,5729.24,0,0.0,0.0,0.0,0.365787,0.494111
2028-04-13,31.3,0.0,68.4,11.0,5027.35,5453.3,0,0.0,0.0,0.0,0.371504,0.53711
2028-04-14,31.4,0.0,65.0,10.4,5076.74,5285.01,0,0.0,0.0,0.0,0.361159,0.571944
2028-04-15,29.4,1.8,69.6,10.2,5807.08,6795.41,0,0.0,0.0,0.0,0.357254,0.444256
2028-04-16,31.1,0.0,70.8,10.6,5156.5,6030.68,0,0.0,0.0,0.0,0.3716,0.459169
2028-04-17,28.2,0.0,72.6,15.4,4718.36,5084.83,0,0.0,0.0,0.0,0.392897,0.565551
2028-04-18,28.6,0.0,73.3,15.4,4934.17,4728.39,0,0.0,0.043521,0.0,0.396846,0.704441
2028-04-19,31.4,0.0,76.2,10.6,5223.55,5448.0,0,0.0,0.0,0.0,0.383702,0.592397
2028-04-20,32.8,0.0,70.9,10.1,5207.32,5194.54,0,0.0,0.002459,0.0,0.379134,0.638796
2028-04-21,34.5,0.0,63.7,8.9,5317.53,5613.4,0,0.0,0.0,0.0,0.36758,0.562839
2028-04-22,34.6,0.0,69.3,10.5,5218.6,5171.7,0,0.0,0.009068,0.0,0.391085,0.658462
2028-04-23,37.2,0.0,64.7,15.2,5514.56,5374.7,0,0.0,0.026022,0.0,0.435863,0.723031
2028-04-24,38.9,0.0,75.5,10.8,5541.78,5028.92,0,0.0,0.101983,0.0,0.433368,0.809212
2028-04-25,39.3,0.0,78.3,9.6,5479.77,5811.5,0,0.0,0.0,0.0,0.431995,0.622148
2028-04-26,40.6,0.0,71.6,8.9,5608.64,5076.82,0,0.0,0.104755,0.0,0.4226,0.801681
2028-04-27,41.4,0.0,77.6,9.9,5610.73,5778.07,0,0.0,0.0,0.0,0.446839,0.66982
2028-04-28,39.7,3.0,78.2,14.3,5351.11,5852.76,0,0.0,0.0,0.0,0.47437,0.6311
2028-04-29,36.5,0.0,73.7,9.4,5087.28,5110.21,0,0.0,0.0,0.0,0.403371,0.654923
2028-04-30,37.6,0.0,75.0,12.1,5410.18,5310.93,0,0.0,0.018687,0.0,0.433892,0.712498
2028-05-01,38.7,0.0,77.3,9.4,5472.81,5723.06,0,0.0,0.0,0.0,0.424622,0.630365
2028-05-02,40.8,0.0,65.7,8.0,5643.16,5630.74,0,0.0,0.002207,0.0,0.405911,0.665276
2028-05-03,38.4,0.0,74.1,8.1,5222.27,5544.46,0,0.0,0.0,0.0,0.406614,0.595566
2028-05-04,36.6,0.0,75.8,10.6,5160.55,5082.79,0,0.0,0.015299,0.0,0.417227,0.691877
2028-05-05,37.9,0.0,66.0,9.5,5428.07,5663.74,0,0.0,0.0,0.0,0.398933,0.607147
2028-05-06,38.0,0.0,82.8,11.4,5346.56,5497.2,0,0.0,0.0,0.0,0.445753,0.670553
2028-05-07,34.4,0.0,78.9,9.1,4925.82,5168.54,0,0.0,0.0,0.0,0.396964,0.598932
2028-05-08,36.2,0.0,79.1,11.5,5349.13,6167.62,0,0.0,0.0,0.0,0.427722,0.529589
2028-05-09,33.1,0.0,75.7,10.1,4884.39,5190.09,0,0.0,0.0,0.0,0.390112,0.578141
2028-05-10,32.5,0.0,69.1,7.7,5002.99,5412.13,0,0.0,0.0,0.0,0.355263,0.523801
2028-05-11,36.7,0.0,67.6,8.6,5523.87,5582.63,0,0.0,0.0,0.0,0.387079,0.631581
2028-05-12,41.0,0.0,73.5,8.1,5771.57,6141.33,0,0.0,0.0,0.0,0.422626,0.609129
2028-05-13,38.4,0.0,77.6,7.7,5177.24,5346.47,0,0.0,0.0,0.0,0.41009,0.629929
2028-05-14,38.1,0.0,76.9,8.5,5308.82,5584.18,0,0.0,0.0,0.0,0.412973,0.612198
2028-05-15,38.7,0.0,82.9,11.0,5391.49,5881.48,0,0.0,0.0,0.0,0.447468,0.607001
2028-05-16,42.6,0.0,72.8,7.9,5828.46,5936.2,0,0.0,0.0,0.0,0.430317,0.665919
2028-05-17,41.3,0.0,72.7,7.4,5402.32,5536.96,1,0.515,0.0,0.0278,0.417702,0.646105
2028-05-18,40.3,0.0,74.6,10.2,5367.5,5471.39,0,0.0,0.0,0.0,0.436279,0.670903
2028-05-19,43.5,0.0,68.8,8.6,5825.65,5931.33,0,0.0,0.0,0.0,0.43415,0.67014
2028-05-20,42.3,0.0,82.2,6.9,5459.32,5791.87,0,0.0,0.0,0.0,0.438248,0.62801
2028-05-21,43.6,0.0,73.5,9.1,5691.5,5845.56,0,0.0,0.0,0.0,0.44748,0.673503
2028-05-22,40.2,0.0,76.1,9.1,5200.46,5951.26,0,0.0,0.0,0.0,0.429944,0.539457
2028-05-23,40.2,0.0,78.9,8.0,5413.65,6598.08,0,0.0,0.0,0.0,0.426707,0.473935
2028-05-24,37.2,0.0,71.1,6.8,5062.35,5134.33,0,0.0,0.0,0.0,0.383048,0.623472
2028-05-25,36.0,0.0,76.3,7.2,5114.76,5465.23,0,0.0,0.0,0.0,0.387975,0.569903
2028-05-26,38.9,0.0,74.9,7.5,5527.95,6165.85,0,0.0,0.0,0.0,0.40678,0.542794
2028-05-27,39.4,0.0,79.8,7.8,5403.1,5582.79,0,0.0,0.0,0.0,0.421578,0.640794
2028-05-28,39.3,0.0,75.0,6.7,5355.63,5287.9,0,0.0,0.012809,0.0,0.403431,0.675174
2028-05-29,38.4,0.0,60.7,9.2,5252.5,6090.3,0,0.0,0.0,0.0,0.389976,0.486175
2028-05-30,38.8,0.0,70.3,12.8,5352.73,5851.75,0,0.0,0.0,0.0,0.438391,0.595628
2028-05-31,40.1,0.0,67.5,6.6,5486.92,5871.43,0,0.0,0.0,0.0,0.39387,0.574209
2028-06-01,42.5,0.0,84.6,6.8,6890.36,7864.54,0,0.0,0.0,0.0,0.443295,0.555479
2028-06-02,37.3,4.2,83.1,6.7,5945.53,6531.32,1,1.479,0.0,0.0879,0.41056,0.562646
2028-06-03,36.7,0.0,64.2,16.5,6265.85,6560.22,0,0.0,0.0,0.0,0.441661,0.646067
2028-06-04,38.2,0.0,69.9,7.8,6526.2,6450.97,0,0.0,0.011662,0.0,0.395106,0.66551
2028-06-05,38.9,0.0,68.0,9.8,6508.04,6631.17,0,0.0,0.0,0.0,0.411589,0.646702
2028-06-06,40.5,0.0,75.9,8.0,6680.88,7522.03,0,0.0,0.0,0.0,0.423059,0.549304
2028-06-07,41.5,0.0,70.0,6.0,6700.35,7323.29,0,0.0,0.0,0.0,0.403156,0.560643
2028-06-08,41.2,4.7,74.6,6.1,6572.53,6823.87,0,0.0,0.0,0.0,0.416309,0.630101
2028-06-09,40.5,0.0,67.8,6.3,6496.67,7544.54,0,0.0,0.0,0.0,0.394754,0.489402
2028-06-10,40.5,0.0,76.8,6.3,6552.38,6815.1,0,0.0,0.0,0.0,0.411629,0.623416
2028-06-11,43.3,3.3,67.0,8.5,6961.72,7742.92,0,0.0,0.0,0.0,0.432712,0.57172
2028-06-12,41.8,1.7,87.5,14.3,6514.53,6930.56,0,0.0,0.0,0.0,0.504063,0.690776
2028-06-13,41.9,27.6,88.9,6.6,6652.84,7795.64,0,0.0,0.0,0.0,0.479534,0.565189
2028-06-14,42.5,0.0,86.8,7.1,6729.81,7385.58,0,0.0,0.0,0.0,0.449735,0.602871
2028-06-15,45.7,0.0,77.3,6.8,7160.39,7539.24,0,0.0,0.0,0.0,0.4507,0.648828
2028-06-16,44.6,0.0,82.0,5.4,6728.43,6989.06,0,0.0,0.0,0.0,0.441459,0.654715
2028-06-17,46.2,34.7,87.2,10.0,7060.61,7406.81,0,0.0,0.0,0.0,0.539587,0.741812
2028-06-18,48.0,1.4,69.3,7.8,7202.72,7233.69,0,0.0,0.0,0.0,0.460284,0.712076
2028-06-19,46.9,0.0,72.0,6.4,6882.21,6633.75,0,0.0,0.037454,0.0,0.445585,0.746099
2028-06-20,45.7,11.0,78.6,12.4,6796.96,7269.01,1,4.75,0.0,0.3229,0.509768,0.690747
2028-06-21,44.5,20.4,84.5,5.1,6718.02,6828.12,0,0.0,0.0,0.0,0.468063,0.706029
2028-06-22,43.7,2.3,74.0,8.1,6696.41,6805.03,0,0.0,0.0,0.0,0.444167,0.682323
2028-06-23,45.2,17.7,80.6,6.4,6991.91,7302.37,0,0.0,0.0,0.0,0.472101,0.679259
2028-06-24,45.2,25.4,77.9,5.9,6864.45,7230.25,0,0.0,0.0,0.0,0.472575,0.670303
2028-06-25,45.2,0.0,71.0,5.7,6865.32,7211.78,0,0.0,0.0,0.0,0.427104,0.627811
2028-06-26,42.5,10.4,68.2,6.1,6467.07,7498.64,0,0.0,0.0,0.0,0.419833,0.516026
2028-06-27,40.6,20.7,80.1,5.9,6413.87,7002.22,0,0.0,0.0,0.0,0.440646,0.599347
2028-06-28,45.3,0.0,70.1,7.1,7260.46,8587.62,0,0.0,0.0,0.0,0.436878,0.513254
2028-06-29,44.4,0.0,66.0,6.6,6744.23,6894.92,1,0.5,0.0,0.0337,0.4194,0.650676
2028-06-30,42.4,0.0,69.3,9.2,6532.94,7182.15,0,0.0,0.0,0.0,0.432467,0.583733
2028-07-01,45.3,0.0,73.5,5.7,7114.68,7298.56,0,0.0,0.0,0.0,0.43245,0.659828
2028-07-02,45.3,0.0,75.2,10.4,6879.47,6980.25,1,0.5,0.0,0.0344,0.471903,0.711838
2028-07-03,45.8,0.0,70.8,10.0,6963.52,8252.95,0,0.0,0.0,0.0,0.463863,0.53826
2028-07-04,44.8,0.0,76.9,5.4,6770.64,6781.52,0,0.0,0.0,0.0,0.433215,0.688132
2028-07-05,43.6,0.0,78.8,5.1,6679.13,6074.01,0,0.0,0.099625,0.0,0.426553,0.799645
2028-07-06,42.9,0.0,69.7,7.6,6677.26,6713.31,0,0.0,0.0,0.0,0.424167,0.674688
2028-07-07,39.9,0.0,75.8,6.7,6300.72,5818.56,0,0.0,0.082866,0.0,0.408886,0.762414
2028-07-08,40.1,36.4,76.5,5.2,6565.24,6500.02,0,0.0,0.010033,0.0,0.444354,0.712857
2028-07-09,41.0,21.2,69.3,6.6,6682.83,6655.46,0,0.0,0.004113,0.0,0.429043,0.690634
2028-07-10,44.8,7.7,67.5,5.2,7176.23,7550.99,0,0.0,0.0,0.0,0.423442,0.622293
2028-07-11,44.3,45.2,77.0,6.3,6793.28,6255.77,0,0.0,0.085923,0.0,0.4922,0.849296
2028-07-12,39.0,0.0,67.6,6.0,6074.59,6836.01,0,0.0,0.0,0.0,0.382177,0.508937
2028-07-13,39.2,0.0,79.5,5.2,6522.76,6078.08,0,0.0,0.073161,0.0,0.399635,0.741834
2028-07-14,45.0,8.1,68.8,10.3,7367.52,7676.6,0,0.0,0.0,0.0,0.467037,0.676824
2028-07-15,45.9,0.1,67.3,10.6,7027.42,7235.28,0,0.0,0.0,0.0,0.462711,0.685963
2028-07-16,43.2,33.3,77.9,5.4,6561.6,7230.86,0,0.0,0.0,0.0,0.465173,0.613913
2028-07-17,43.8,0.0,62.0,9.2,6872.55,7368.38,0,0.0,0.0,0.0,0.428007,0.606241
2028-07-18,41.6,8.3,71.2,4.9,6503.53,7315.0,0,0.0,0.0,0.0,0.407704,0.534991
2028-07-19,38.6,7.3,73.2,5.6,6249.06,6419.21,0,0.0,0.0,0.0,0.395861,0.621707
2028-07-20,38.2,22.3,80.8,5.4,6427.32,6560.5,0,0.0,0.0,0.0,0.424233,0.657324
2028-07-21,38.7,0.0,74.1,4.5,6536.1,7032.88,0,0.0,0.0,0.0,0.380813,0.555141
2028-07-22,35.1,5.9,70.6,4.9,5995.81,6684.37,0,0.0,0.0,0.0,0.360807,0.497342
2028-07-23,33.7,0.0,65.9,9.3,6071.42,6690.57,0,0.0,0.0,0.0,0.369519,0.518277
2028-07-24,34.8,0.0,65.9,6.0,6340.77,6786.36,0,0.0,0.0,0.0,0.351306,0.531445
2028-07-25,34.8,0.0,68.5,9.5,6261.18,6666.01,0,0.0,0.0,0.0,0.383187,0.56908
2028-07-26,36.4,0.0,66.0,6.5,6488.35,6797.93,0,0.0,0.0,0.0,0.365898,0.569524
2028-07-27,34.4,0.8,65.6,7.1,6090.08,6551.87,0,0.0,0.0,0.0,0.357571,0.53208
2028-07-28,36.6,9.2,63.2,6.6,6559.17,7728.02,0,0.0,0.0,0.0,0.373963,0.454185
2028-07-29,34.6,0.0,68.7,6.3,6104.82,6316.76,0,0.0,0.0,0.0,0.357553,0.575174
2028-07-30,38.5,17.4,70.9,5.3,6829.78,7014.43,0,0.0,0.0,0.0,0.400898,0.626957
2028-07-31,34.9,0.0,60.9,6.8,6016.89,6150.54,0,0.0,0.0,0.0,0.348763,0.580186
2028-08-01,33.3,0.0,71.9,7.0,6064.3,6516.27,0,0.0,0.0,0.0,0.360385,0.536204
2028-08-02,34.9,16.9,69.4,7.7,6422.83,5885.43,0,0.0,0.09131,0.0,0.392265,0.755651
2028-08-03,38.7,32.6,64.8,8.3,6843.63,7127.58,0,0.0,0.0,0.0,0.432472,0.642755
2028-08-04,38.9,0.0,68.2,9.8,6589.09,7284.11,0,0.0,0.0,0.0,0.411964,0.557365
2028-08-05,39.6,0.0,59.8,6.3,6670.36,6782.74,1,0.5,0.0,0.0334,0.373822,0.61127
2028-08-06,39.0,0.0,60.8,6.6,6535.44,6939.08,0,0.0,0.0,0.0,0.374057,0.56294
2028-08-07,36.4,1.2,61.9,6.2,6214.95,7351.59,1,0.5,0.0,0.0311,0.35736,0.433656
2028-08-08,35.3,0.0,66.6,9.6,6268.26,6712.62,0,0.0,0.0,0.0,0.383692,0.563203
2028-08-09,32.9,0.8,61.8,6.5,6024.12,5475.49,0,0.0,0.100196,0.0,0.335929,0.70969
2028-08-10,30.8,6.6,66.3,6.5,5918.69,5688.91,0,0.0,0.040391,0.0,0.337602,0.641544
2028-08-11,32.5,0.0,53.4,6.8,6308.12,6523.78,0,0.0,0.0,0.0,0.318882,0.537081
2028-08-12,30.7,0.0,55.4,6.8,5942.97,5939.16,0,0.0,0.000641,0.0,0.310767,0.568306
2028-08-13,32.1,15.7,64.7,6.3,6274.18,6628.75,1,0.5,0.0,0.0314,0.35273,0.547076
2028-08-14,30.0,0.0,56.6,5.2,5879.06,6063.91,0,0.0,0.0,0.0,0.296058,0.517261
2028-08-15,31.4,8.0,60.9,5.2,6237.37,7007.45,0,0.0,0.0,0.0,0.323109,0.451608
2028-08-16,30.9,31.4,71.2,4.6,6069.1,5955.28,0,0.0,0.019112,0.0,0.363046,0.642148
2028-08-17,34.2,43.5,66.1,5.7,6577.52,6820.41,0,0.0,0.0,0.0,0.398486,0.613702
2028-08-18,34.7,0.0,55.3,4.6,6395.72,6803.04,0,0.0,0.0,0.0,0.31997,0.506864
2028-08-19,36.8,5.3,60.5,4.4,6669.21,7146.0,0,0.0,0.0,0.0,0.348485,0.527384
2028-08-20,34.5,0.0,47.6,8.3,6181.62,6547.87,0,0.0,0.0,0.0,0.332763,0.524255
2028-08-21,34.2,12.5,66.1,5.3,6321.83,5677.57,0,0.0,0.113474,0.0,0.357577,0.746837
2028-08-22,31.8,0.0,58.2,8.7,6018.29,6350.79,0,0.0,0.0,0.0,0.337928,0.533598
2028-08-23,31.0,24.9,63.9,5.0,6087.52,6334.08,0,0.0,0.0,0.0,0.345174,0.556522
2028-08-24,30.6,6.2,55.7,5.8,6097.28,6734.07,0,0.0,0.0,0.0,0.310519,0.456917
2028-08-25,29.2,0.0,60.0,8.3,5948.78,6517.17,0,0.0,0.0,0.0,0.321079,0.476055
2028-08-26,27.2,0.0,55.4,7.3,5770.8,6146.91,0,0.0,0.0,0.0,0.291555,0.476915
2028-08-27,25.0,0.0,62.0,4.8,5638.32,6031.47,0,0.0,0.0,0.0,0.270139,0.450834
2028-08-28,21.4,17.9,51.4,5.0,5346.39,6069.23,0,0.0,0.0,0.0,0.249919,0.367672
2028-08-29,21.0,0.0,55.5,6.3,5567.78,6249.66,0,0.0,0.0,0.0,0.243161,0.37258
2028-08-30,24.0,0.0,55.0,5.1,5951.97,6352.82,0,0.0,0.0,0.0,0.252738,0.435867
2028-08-31,21.9,3.6,56.9,7.0,5474.26,6487.88,0,0.0,0.0,0.0,0.261511,0.335914
2028-09-01,20.6,0.0,61.2,6.6,4698.89,4747.87,0,0.0,0.0,0.0,0.253526,0.498273
2028-09-02,25.9,0.0,47.0,11.0,5324.36,5192.94,0,0.0,0.025308,0.0,0.295786,0.58212
2028-09-03,25.1,0.0,46.5,6.6,4925.63,5168.55,0,0.0,0.0,0.0,0.255625,0.457548
2028-09-04,26.4,0.0,51.3,5.7,5121.33,5256.79,0,0.0,0.0,0.0,0.266249,0.492957
2028-09-05,28.0,0.0,43.3,5.5,5234.15,4682.91,0,0.0,0.117714,0.0,0.260252,0.65446
2028-09-06,29.2,0.0,64.0,5.8,5285.24,5332.28,0,0.0,0.0,0.0,0.309289,0.55578
2028-09-07,25.8,0.0,56.8,9.3,4818.38,5163.59,0,0.0,0.0,0.0,0.300385,0.479129
2028-09-08,25.6,0.0,54.3,6.8,5006.18,5238.18,0,0.0,0.0,0.0,0.275089,0.480175
2028-09-09,22.6,31.7,63.2,6.4,4684.5,4689.57,0,0.0,0.0,0.0,0.307593,0.563121
2028-09-10,28.2,0.0,57.4,7.3,5520.49,5811.23,0,0.0,0.0,0.0,0.301897,0.500281
2028-09-11,24.6,0.0,47.7,5.4,4762.6,5037.65,0,0.0,0.0,0.0,0.24532,0.438371
2028-09-12,22.8,95.4,72.4,24.8,4776.34,5334.94,0,0.0,0.0,0.0,0.545858,0.680414
2028-09-13,21.2,0.0,51.8,6.6,4747.03,4792.53,0,0.0,0.0,0.0,0.239856,0.485563
2028-09-14,19.0,0.0,47.2,6.5,4679.99,5171.64,0,0.0,0.0,0.0,0.215959,0.361768
2028-09-15,22.9,0.0,44.8,10.8,5135.54,5039.45,0,0.0,0.019067,0.0,0.270344,0.549393
2028-09-16,28.1,0.0,46.4,6.6,5512.6,5613.41,0,0.0,0.0,0.0,0.275211,0.511036
2028-09-17,26.3,42.1,61.2,6.9,4996.22,5780.81,0,0.0,0.0,0.0,0.344778,0.443125
2028-09-18,23.2,0.0,53.0,6.3,4751.07,4682.16,0,0.0,0.014718,0.0,0.252974,0.526945
2028-09-19,18.8,0.0,41.7,8.5,4571.17,4610.02,0,0.0,0.0,0.0,0.21976,0.466712
2028-09-20,19.2,0.0,46.8,6.0,4864.12,4723.32,0,0.0,0.029809,0.0,0.212669,0.504259
2028-09-21,19.3,18.3,51.7,7.2,4853.49,4843.22,0,0.0,0.002122,0.0,0.254103,0.513368
2028-09-22,18.7,18.2,44.7,6.4,4804.26,5086.35,0,0.0,0.0,0.0,0.230728,0.422774
2028-09-23,19.9,0.0,49.1,9.7,4932.54,5398.73,0,0.0,0.0,0.0,0.250145,0.406128
2028-09-24,21.1,2.9,46.7,9.9,4958.09,5200.17,0,0.0,0.0,0.0,0.258636,0.461081
2028-09-25,21.9,57.9,56.0,6.8,4947.49,5144.6,0,0.0,0.0,0.0,0.324533,0.536595
2028-09-26,21.2,0.0,43.5,8.1,4853.53,4716.2,0,0.0,0.029119,0.0,0.235868,0.526651
2028-09-27,19.0,0.0,48.3,7.6,4738.06,4757.92,0,0.0,0.0,0.0,0.226509,0.478426
2028-09-28,20.7,0.0,50.2,7.1,4997.88,4760.98,0,0.0,0.049759,0.0,0.237419,0.552297
2028-09-29,20.7,0.0,46.7,9.5,4901.84,5374.39,0,0.0,0.0,0.0,0.249375,0.40352
2028-09-30,22.4,0.0,54.2,7.1,5046.69,5555.3,0,0.0,0.0,0.0,0.256124,0.406034
2028-10-01,23.5,0.0,50.0,8.6,5076.33,5317.22,0,0.0,0.0,0.0,0.267073,0.470975
2028-10-02,19.9,0.0,46.9,6.8,4691.0,5056.01,0,0.0,0.0,0.0,0.223643,0.396154
2028-10-03,16.9,0.0,40.3,14.6,4689.17,5182.48,0,0.0,0.0,0.0,0.251679,0.397346
2028-10-04,15.8,0.0,49.2,8.0,4788.94,5058.92,0,0.0,0.0,0.0,0.21019,0.404679
2028-10-05,14.3,9.4,41.8,7.4,4761.34,5417.44,0,0.0,0.0,0.0,0.193268,0.308675
2028-10-06,16.6,0.0,46.7,7.6,5011.02,4938.37,0,0.0,0.014712,0.0,0.20769,0.481654
2028-10-07,17.6,0.0,30.5,8.1,4951.64,5090.46,0,0.0,0.0,0.0,0.187764,0.412718
2028-10-08,19.9,0.0,40.0,8.1,5061.58,5165.51,0,0.0,0.0,0.0,0.220737,0.454039
2028-10-09,20.2,0.0,35.2,6.9,4958.28,5408.38,0,0.0,0.0,0.0,0.204455,0.364091
2028-10-10,20.1,0.0,40.5,10.9,4930.67,4731.71,0,0.0,0.042048,0.0,0.244597,0.550474
2028-10-11,21.9,0.0,33.9,7.8,5076.36,5793.26,0,0.0,0.0,0.0,0.220167,0.332494
2028-10-12,21.8,0.0,41.5,13.8,4969.05,5393.37,0,0.0,0.0,0.0,0.280054,0.444999
2028-10-13,20.9,0.0,43.5,9.2,4910.01,5696.93,0,0.0,0.0,0.0,0.242378,0.337914
2028-10-14,22.9,0.0,37.6,7.9,5154.47,5399.02,0,0.0,0.0,0.0,0.234467,0.438379
2028-10-15,21.7,0.0,39.0,10.0,4916.93,4992.31,0,0.0,0.0,0.0,0.245386,0.484549
2028-10-16,19.9,0.0,41.5,8.8,4855.26,5299.02,0,0.0,0.0,0.0,0.22895,0.387977
2028-10-17,17.3,0.0,39.9,14.3,4776.84,5325.82,0,0.0,0.0,0.0,0.251251,0.387706
2028-10-18,18.3,0.0,46.7,9.5,5003.34,5028.32,0,0.0,0.0,0.0,0.233555,0.484545
2028-10-19,20.1,0.0,36.3,11.4,5081.85,4696.4,0,0.0,0.082074,0.0,0.24058,0.593183
2028-10-20,18.9,5.0,43.4,10.3,4892.56,4574.28,0,0.0,0.069581,0.0,0.243596,0.581614
2028-10-21,20.6,0.0,40.6,8.1,5092.26,5430.73,0,0.0,0.0,0.0,0.226475,0.410507
2028-10-22,15.4,0.0,31.1,14.3,4610.41,5288.28,0,0.0,0.0,0.0,0.222228,0.329376
2028-10-23,15.0,0.0,39.3,7.9,4891.85,4735.54,0,0.0,0.033008,0.0,0.185583,0.480906
2028-10-24,14.6,0.0,38.2,9.2,4903.89,5064.94,0,0.0,0.0,0.0,0.190915,0.410585
2028-10-25,12.9,0.0,36.0,10.1,4843.46,4979.31,0,0.0,0.0,0.0,0.182529,0.407469
2028-10-26,17.7,0.0,47.2,7.9,5250.43,6148.22,0,0.0,0.0,0.0,0.218192,0.304513
2028-10-27,16.7,0.0,44.5,8.8,4890.27,5830.66,0,0.0,0.0,0.0,0.213483,0.28199
2028-10-28,15.1,0.0,34.1,10.1,4840.06,5211.49,0,0.0,0.0,0.0,0.193468,0.367056
2028-10-29,14.6,0.0,40.9,10.2,4913.62,5437.29,0,0.0,0.0,0.0,0.203694,0.348051
2028-10-30,10.1,0.0,41.3,15.8,4718.42,5213.02,0,0.0,0.0,0.0,0.217993,0.364022
2028-10-31,9.0,3.8,39.1,12.7,4931.95,4780.73,0,0.0,0.03163,0.0,0.187334,0.48105
2028-11-01,11.5,0.0,31.7,9.3,5132.82,5615.34,0,0.0,0.0,0.0,0.159066,0.315542
2028-11-02,10.3,0.0,32.3,8.3,4920.52,4850.48,0,0.0,0.014441,0.0,0.144565,0.418212
2028-11-03,8.9,0.0,39.6,8.6,4923.89,5116.87,0,0.0,0.0,0.0,0.15134,0.364102
2028-11-04,11.9,0.0,39.3,10.1,5171.43,5801.33,0,0.0,0.0,0.0,0.182125,0.31216
2028-11-05,14.4,0.0,35.2,11.7,5112.31,5393.99,0,0.0,0.0,0.0,0.203262,0.399089
2028-11-06,14.7,0.0,43.1,9.4,4983.46,5578.77,0,0.0,0.0,0.0,0.202305,0.334522
2028-11-07,13.0,0.0,43.9,16.2,4881.43,5525.06,0,0.0,0.0,0.0,0.245069,0.365865
2028-11-08,12.0,0.0,43.7,10.5,4937.77,4638.11,0,0.0,0.064608,0.0,0.194121,0.526335
2028-11-09,10.1,0.0,43.6,10.2,4898.94,4471.78,0,0.0,0.095524,0.0,0.179095,0.547399
2028-11-10,8.1,0.0,36.0,17.1,4917.77,5523.7,0,0.0,0.0,0.0,0.204903,0.333633
2028-11-11,6.4,0.0,29.3,16.0,4950.57,5573.11,0,0.0,0.0,0.0,0.172648,0.299034
2028-11-12,5.8,0.0,34.2,13.2,5030.37,5363.2,0,0.0,0.0,0.0,0.156276,0.340619
2028-11-13,4.5,0.0,35.2,10.3,4997.16,5370.5,1,0.566,0.0,0.0283,0.127205,0.302841
2028-11-14,2.3,0.0,32.5,16.8,4966.69,5494.46,0,0.0,0.0,0.0,0.157796,0.302451
2028-11-15,4.2,0.4,33.8,13.8,5198.59,5744.9,0,0.0,0.0,0.0,0.150097,0.295873
2028-11-16,5.6,0.0,29.7,10.9,5166.41,5325.72,0,0.0,0.0,0.0,0.128773,0.350642
2028-11-17,9.7,0.0,39.0,15.5,5286.49,5869.16,0,0.0,0.0,0.0,0.208729,0.349623
2028-11-18,8.2,13.6,46.9,10.5,4965.01,5104.89,0,0.0,0.0,0.0,0.191667,0.416469
2028-11-19,8.9,0.0,47.2,9.8,5094.3,5427.19,1,0.5,0.0,0.0255,0.174849,0.360034
2028-11-20,9.4,0.0,36.5,10.8,5084.46,5402.75,0,0.0,0.0,0.0,0.165798,0.353813
2028-11-21,8.7,0.0,34.3,9.9,5015.86,4995.07,0,0.0,0.004162,0.0,0.150115,0.411764
2028-11-22,10.1,2.9,35.7,11.4,5132.15,5148.53,0,0.0,0.0,0.0,0.17708,0.430156
2028-11-23,11.3,0.0,41.9,11.4,5106.72,6080.82,0,0.0,0.0,0.0,0.193077,0.262858
2028-11-24,11.3,0.0,41.8,10.7,5039.67,5008.48,0,0.0,0.006227,0.0,0.187488,0.451548
2028-11-25,10.1,0.0,33.8,14.4,4981.55,5346.73,0,0.0,0.0,0.0,0.193128,0.370185
2028-11-26,9.0,0.0,41.0,12.2,4992.87,5424.89,0,0.0,0.0,0.0,0.182402,0.346224
2028-11-27,6.0,0.0,35.8,11.0,4910.39,5139.14,0,0.0,0.0,0.0,0.143619,0.348446
2028-11-28,4.7,0.0,31.3,11.4,5027.78,5491.86,0,0.0,0.0,0.0,0.129699,0.28784
2028-11-29,4.1,6.7,35.9,13.5,5070.63,5429.26,0,0.0,0.0,0.0,0.158747,0.338424
2028-11-30,2.5,0.0,43.5,14.6,5030.7,5006.42,0,0.0,0.004849,0.0,0.162764,0.425216
2028-12-01,4.4,0.0,38.6,12.3,5867.93,6359.78,0,0.0,0.0,0.0,0.148353,0.314859
2028-12-02,7.4,0.0,32.5,11.0,5913.95,6006.7,0,0.0,0.0,0.0,0.146659,0.385423
2028-12-03,5.5,0.0,39.7,11.8,5604.3,6499.1,0,0.0,0.0,0.0,0.153808,0.249869
2028-12-04,6.5,0.0,38.7,13.5,5782.51,6227.96,0,0.0,0.0,0.0,0.171642,0.344934
2028-12-05,4.5,0.0,33.6,15.7,5609.16,5642.2,0,0.0,0.0,0.0,0.165872,0.415826
2028-12-06,4.4,4.1,32.5,11.7,5738.52,6149.19,0,0.0,0.0,0.0,0.137289,0.316115
2028-12-07,3.6,0.0,29.6,11.1,5693.1,5646.04,0,0.0,0.008335,0.0,0.116946,0.383466
2028-12-08,5.5,0.0,27.0,14.2,5865.28,6253.8,0,0.0,0.0,0.0,0.148514,0.332779
2028-12-09,4.4,0.0,32.0,15.8,5673.56,5876.57,0,0.0,0.0,0.0,0.162984,0.379445
2028-12-10,7.0,0.0,34.5,12.7,5893.6,5881.27,0,0.0,0.002097,0.0,0.16089,0.420127
2028-12-11,6.5,0.0,41.7,11.6,5691.48,5675.06,0,0.0,0.002893,0.0,0.162606,0.422774
2028-12-12,5.3,0.0,39.6,12.1,5654.37,6804.47,0,0.0,0.0,0.0,0.154617,0.214091
2028-12-13,3.1,0.0,36.6,12.9,5608.15,5920.85,0,0.0,0.0,0.0,0.140664,0.3358
2028-12-14,4.4,0.0,26.3,11.9,5835.49,5968.54,0,0.0,0.0,0.0,0.122204,0.35297
2028-12-15,6.7,0.0,37.3,11.4,5882.09,5952.03,0,0.0,0.0,0.0,0.154131,0.397203
2028-12-16,7.3,0.0,27.6,12.0,5758.58,6217.45,0,0.0,0.0,0.0,0.144528,0.31516
2028-12-17,11.7,0.0,40.3,12.3,5966.25,6024.57,0,0.0,0.0,0.0,0.199657,0.445146
2028-12-18,13.6,0.0,40.6,12.3,5776.07,5666.55,0,0.0,0.019327,0.0,0.212744,0.492097
2028-12-19,11.7,8.9,38.7,11.1,5539.17,5804.82,0,0.0,0.0,0.0,0.198257,0.401622
2028-12-20,10.1,0.1,40.4,24.5,5580.99,5845.99,0,0.0,0.0,0.0,0.283557,0.487428
2028-12-21,10.4,13.0,44.8,12.2,5705.78,5841.16,0,0.0,0.0,0.0,0.214616,0.444349
2028-12-22,8.1,0.0,37.1,11.8,5546.71,5512.59,0,0.0,0.006189,0.0,0.166071,0.430087
2028-12-23,10.2,0.0,36.0,12.7,5829.06,5976.93,0,0.0,0.0,0.0,0.184794,0.412702
2028-12-24,10.3,0.0,30.2,16.1,5690.32,5806.47,0,0.0,0.0,0.0,0.200813,0.434251
2028-12-25,10.2,0.0,35.2,16.0,5675.33,5741.58,0,0.0,0.0,0.0,0.208757,0.452077
2028-12-26,11.0,0.0,32.2,15.4,5725.61,6111.63,0,0.0,0.0,0.0,0.203776,0.386831
2028-12-27,13.7,0.0,32.3,17.9,5821.86,6929.49,0,0.0,0.0,0.0,0.24105,0.311239
2028-12-28,12.8,3.6,34.7,12.2,6706.82,7604.87,0,0.0,0.0,0.0,0.200029,0.318962
2028-12-29,11.5,0.0,27.8,12.0,5577.27,6538.46,0,0.0,0.0,0.0,0.172587,0.257762
2028-12-30,13.7,0.0,42.7,14.7,5786.31,5868.68,0,0.0,0.0,0.0,0.235859,0.476264
2028-12-31,14.5,0.0,39.1,12.8,5673.79,6556.1,0,0.0,0.0,0.0,0.219721,0.319404
2029-01-01,12.4,0.0,43.8,15.4,5517.85,5872.75,0,0.0,0.0,0.0,0.234754,0.420996
2029-01-02,11.5,17.6,46.6,16.1,5597.12,6224.79,0,0.0,0.0,0.0,0.260947,0.400023
2029-01-03,11.1,0.0,40.9,14.0,5640.12,6084.76,0,0.0,0.0,0.0,0.209945,0.381428
2029-01-04,11.2,0.0,42.5,13.3,5665.33,5826.08,0,0.0,0.0,0.0,0.208203,0.432783
2029-01-05,7.9,4.6,40.7,17.5,6556.16,7181.15,0,0.0,0.0,0.0,0.221096,0.376285
2029-01-06,4.8,0.0,45.5,13.9,5513.01,5957.09,0,0.0,0.0,0.0,0.176273,0.346037
2029-01-07,3.7,0.0,36.6,12.8,5656.06,5308.8,0,0.0,0.065412,0.0,0.143847,0.476999
2029-01-08,2.7,0.0,39.3,13.5,5669.28,5908.41,0,0.0,0.0,0.0,0.14772,0.357262
2029-01-09,2.6,0.0,38.2,13.8,5728.18,6329.42,0,0.0,0.0,0.0,0.147313,0.29321
2029-01-10,5.1,0.0,49.9,11.9,5882.16,6279.08,0,0.0,0.0,0.0,0.171068,0.354063
2029-01-11,5.5,0.0,36.9,18.7,5732.05,6188.19,0,0.0,0.0,0.0,0.201799,0.372538
2029-01-12,6.6,0.2,46.8,12.7,5764.77,5780.1,0,0.0,0.0,0.0,0.18156,0.435254
2029-01-13,4.6,0.0,33.7,12.1,5573.49,5942.12,1,0.5,0.0,0.0279,0.138941,0.323309
2029-01-14,4.6,0.0,41.3,14.1,5705.87,5956.53,0,0.0,0.0,0.0,0.168623,0.376287
2029-01-15,6.7,0.0,40.1,14.4,5829.17,6045.91,0,0.0,0.0,0.0,0.18253,0.39747
2029-01-16,8.5,0.0,36.2,12.8,5780.11,5821.76,0,0.0,0.0,0.0,0.174736,0.423174
2029-01-17,7.3,0.0,38.2,13.2,5587.59,6189.02,0,0.0,0.0,0.0,0.173663,0.317008
2029-01-18,8.1,0.0,44.3,14.1,5717.34,6127.65,0,0.0,0.0,0.0,0.197318,0.375938
2029-01-19,12.9,0.0,40.3,14.1,5924.37,6311.86,0,0.0,0.0,0.0,0.221456,0.406578
2029-01-20,12.3,0.0,37.5,15.8,5571.31,6569.68,0,0.0,0.0,0.0,0.225368,0.304752
2029-01-21,10.5,0.0,47.0,14.2,5506.8,5946.52,0,0.0,0.0,0.0,0.218971,0.389437
2029-01-22,10.2,0.0,42.7,12.2,5602.64,6306.51,0,0.0,0.0,0.0,0.193499,0.319995
2029-01-23,10.5,0.0,44.8,13.7,5639.3,6018.23,0,0.0,0.0,0.0,0.210988,0.394274
2029-01-24,10.3,0.0,48.8,15.0,5603.72,5759.23,0,0.0,0.0,0.0,0.2272,0.452468
2029-01-25,10.4,0.0,51.4,13.0,5621.21,5527.19,0,0.0,0.01701,0.0,0.217302,0.49395
2029-01-26,7.7,0.0,32.5,13.6,5453.89,5809.52,0,0.0,0.0,0.0,0.168698,0.354025
2029-01-27,6.5,0.0,43.7,15.5,5568.17,4912.24,0,0.0,0.13353,0.0,0.196449,0.609122
2029-01-28,7.3,0.0,36.1,14.1,5686.16,6068.07,0,0.0,0.0,0.0,0.17667,0.359986
2029-01-29,7.9,0.0,58.5,15.0,5667.01,6062.97,0,0.0,0.0,0.0,0.229569,0.410118
2029-01-30,7.6,0.0,45.9,14.4,5606.62,5810.1,0,0.0,0.0,0.0,0.199337,0.415243
2029-01-31,8.2,0.0,50.3,13.5,5656.8,5906.72,0,0.0,0.0,0.0,0.204597,0.411993
2029-02-01,9.2,0.0,42.6,20.6,5669.86,5506.43,1,3.617,0.029679,0.6086,0.251535,0.542973
2029-02-02,11.7,0.0,44.3,12.7,5739.92,6527.98,0,0.0,0.0,0.0,0.210244,0.326105
2029-02-03,11.8,0.0,51.8,12.3,5571.37,5731.56,0,0.0,0.0,0.0,0.221879,0.446042
2029-02-04,12.9,0.0,49.2,13.9,5624.29,5561.07,0,0.0,0.01137,0.0,0.2366,0.506661
2029-02-05,11.9,3.9,56.3,13.5,5494.5,5957.76,0,0.0,0.0,0.0,0.244993,0.411009
2029-02-06,13.4,0.0,43.1,13.9,5639.15,5960.46,0,0.0,0.0,0.0,0.228458,0.422317
2029-02-07,14.3,0.0,46.5,16.1,5581.46,5734.53,0,0.0,0.0,0.0,0.257741,0.48337
2029-02-08,16.0,0.0,50.5,12.8,5642.86,5760.04,0,0.0,0.0,0.0,0.250983,0.484024
2029-02-09,17.1,0.0,51.6,12.0,5617.72,5896.61,0,0.0,0.0,0.0,0.254123,0.455699
2029-02-10,17.8,0.0,50.7,23.6,5597.14,6351.56,0,0.0,0.0,0.0,0.346556,0.464685
2029-02-11,17.1,0.0,42.3,13.5,5483.76,5920.17,0,0.0,0.0,0.0,0.24826,0.418994
2029-02-12,17.2,0.0,44.5,14.8,5540.41,5805.43,0,0.0,0.0,0.0,0.263075,0.466573
2029-02-13,19.0,0.0,51.3,13.5,5675.48,6264.05,0,0.0,0.0,0.0,0.277659,0.42476
2029-02-14,17.1,1.0,42.4,13.2,5392.41,5671.38,0,0.0,0.0,0.0,0.247353,0.44672
2029-02-15,15.6,0.0,45.8,13.5,5396.31,5802.64,0,0.0,0.0,0.0,0.244935,0.419978
2029-02-16,16.1,11.1,53.5,14.9,5529.94,5859.08,0,0.0,0.0,0.0,0.287014,0.478224
2029-02-17,17.1,0.0,47.0,15.8,5568.52,6053.85,0,0.0,0.0,0.0,0.274819,0.43802
2029-02-18,15.4,0.0,52.4,17.5,5364.02,5482.13,0,0.0,0.0,0.0,0.286856,0.518495
2029-02-19,15.6,0.0,51.1,15.1,5487.66,5368.15,0,0.0,0.022263,0.0,0.267219,0.549999
2029-02-20,15.8,0.0,48.0,13.4,5484.49,6072.05,0,0.0,0.0,0.0,0.249607,0.393434
2029-02-21,11.7,0.0,48.4,20.1,5219.2,5974.99,0,0.0,0.0,0.0,0.27503,0.384153
2029-02-22,12.6,0.0,59.0,14.7,5529.33,5425.44,0,0.0,0.019148,0.0,0.259171,0.538315
2029-02-23,13.4,0.0,54.9,15.1,5517.83,5856.05,0,0.0,0.0,0.0,0.259843,0.449209
2029-02-24,14.1,0.0,54.5,17.4,5498.18,5617.61,0,0.0,0.0,0.0,0.281454,0.513425
2029-02-25,17.9,0.0,53.9,13.5,5733.63,6339.4,0,0.0,0.0,0.0,0.275283,0.42052
2029-02-26,15.7,0.0,49.4,17.0,5299.39,5646.71,0,0.0,0.0,0.0,0.279351,0.464336
2029-02-27,14.8,0.0,51.5,11.9,5369.3,6763.34,1,2.159,0.0,0.1159,0.238004,0.254173
2029-02-28,10.6,10.7,45.3,13.2,5180.51,5341.15,0,0.0,0.0,0.0,0.221782,0.443461
2029-03-01,11.5,0.0,51.8,17.8,4763.4,5462.9,0,0.0,0.0,0.0,0.26234,0.369649
2029-03-02,12.5,0.0,52.2,16.1,4752.29,5479.3,0,0.0,0.0,0.0,0.256564,0.35846
2029-03-03,13.1,0.0,58.4,14.0,4721.76,5116.58,0,0.0,0.0,0.0,0.25594,0.422648
2029-03-04,16.9,0.0,53.0,12.0,4907.84,5164.7,0,0.0,0.0,0.0,0.25543,0.454161
2029-03-05,19.5,0.0,60.3,11.5,4872.64,5145.38,0,0.0,0.0,0.0,0.282397,0.477307
2029-03-06,20.1,0.0,55.4,13.1,4761.09,5002.21,0,0.0,0.0,0.0,0.28951,0.490028
2029-03-07,19.7,0.0,57.8,12.9,4697.19,5267.42,0,0.0,0.0,0.0,0.28983,0.420242
2029-03-08,22.3,0.0,57.2,15.2,4907.98,4883.56,0,0.0,0.005001,0.0,0.32359,0.586218
2029-03-09,22.3,0.0,61.2,13.4,4758.58,4948.25,0,0.0,0.0,0.0,0.317201,0.529244
2029-03-10,20.7,0.0,64.1,15.6,4633.4,4782.7,0,0.0,0.0,0.0,0.329067,0.549415
2029-03-11,17.8,0.0,53.5,13.6,4505.43,4240.74,0,0.0,0.062417,0.0,0.274646,0.604301
2029-03-12,18.0,0.0,67.6,11.8,4687.11,5175.1,0,0.0,0.0,0.0,0.288512,0.435221
2029-03-13,20.7,0.0,54.8,13.9,4857.54,5425.69,0,0.0,0.0,0.0,0.298513,0.433059
2029-03-14,25.9,0.0,58.5,13.0,5232.73,5285.29,0,0.0,0.0,0.0,0.332781,0.577962
2029-03-15,25.7,0.0,57.1,12.8,4899.64,5462.6,0,0.0,0.0,0.0,0.327294,0.463775
2029-03-16,24.0,0.0,67.6,13.0,4715.19,4480.51,0,0.0,0.052377,0.0,0.33732,0.655256
2029-03-17,21.8,0.0,55.1,13.4,4581.14,4817.11,0,0.0,0.0,0.0,0.302468,0.502072
2029-03-18,23.6,0.0,64.4,12.7,4890.46,5096.08,0,0.0,0.0,0.0,0.326368,0.536055
2029-03-19,20.5,0.0,50.1,11.1,4498.54,4748.34,0,0.0,0.0,0.0,0.266777,0.462152
2029-03-20,22.7,0.0,65.5,11.1,4855.46,5123.49,0,0.0,0.0,0.0,0.310153,0.505872
2029-03-21,25.0,0.0,60.8,11.9,4983.32,5208.3,1,0.5,0.0,0.0249,0.322673,0.529035
2029-03-22,26.2,9.0,62.4,15.6,4973.86,5101.04,0,0.0,0.0,0.0,0.373113,0.600797
2029-03-23,25.9,7.6,60.8,12.8,4865.92,5075.89,0,0.0,0.0,0.0,0.344823,0.553322
2029-03-24,27.3,3.1,63.2,12.3,5035.32,5719.53,0,0.0,0.0,0.0,0.349202,0.466339
2029-03-25,27.7,5.7,62.7,18.5,4992.07,5059.67,0,0.0,0.0,0.0,0.401913,0.643106
2029-03-26,26.1,0.0,55.9,12.9,4791.28,5711.62,0,0.0,0.0,0.0,0.328452,0.397133
2029-03-27,30.2,0.0,59.7,12.2,5342.58,5395.93,0,0.0,0.0,0.0,0.357201,0.602449
2029-03-28,29.2,0.0,68.0,11.7,4970.6,5294.3,0,0.0,0.0,0.0,0.362314,0.547728
2029-03-29,30.6,0.0,62.3,11.4,5194.95,5641.64,0,0.0,0.0,0.0,0.358539,0.522897
2029-03-30,25.5,0.0,60.6,10.4,4528.7,4671.89,0,0.0,0.0,0.0,0.31402,0.53503
2029-03-31,28.8,0.0,65.1,12.0,5200.19,5913.08,0,0.0,0.0,0.0,0.356555,0.472601
2029-04-01,31.9,0.0,67.6,10.5,5352.08,5803.51,0,0.0,0.0,0.0,0.370101,0.536084
2029-04-02,31.5,0.0,68.7,10.8,5115.57,5305.32,0,0.0,0.0,0.0,0.371842,0.586879
2029-04-03,32.4,0.0,67.4,10.4,5231.45,5944.97,0,0.0,0.0,0.0,0.37225,0.488928
2029-04-04,33.1,0.0,72.1,17.5,5258.46,5184.96,0,0.0,0.014174,0.0,0.440461,0.7138
2029-04-05,31.4,0.1,66.6,12.2,5008.72,5080.71,0,0.0,0.0,0.0,0.37817,0.618419
2029-04-06,32.4,0.0,65.4,15.0,5229.65,5676.48,0,0.0,0.0,0.0,0.403994,0.568891
2029-04-07,30.6,0.0,71.3,13.4,4953.64,5451.45,0,0.0,0.0,0.0,0.390846,0.541032
2029-04-08,29.6,0.0,63.6,11.1,4946.78,5294.66,0,0.0,0.0,0.0,0.352071,0.532158
2029-04-09,32.3,13.4,68.8,10.5,5315.22,5538.39,0,0.0,0.0,0.0,0.391337,0.601086
2029-04-10,34.3,0.0,59.7,11.0,5369.96,5553.39,0,0.0,0.0,0.0,0.374966,0.593196
2029-04-11,32.5,0.0,77.0,10.1,5039.89,5651.11,1,0.843,0.0,0.0425,0.388595,0.51912
2029-04-12,31.1,5.5,80.0,9.4,4983.66,5308.31,0,0.0,0.0,0.0,0.386301,0.571694
2029-04-13,30.2,0.0,67.6,9.5,4963.57,4938.99,0,0.0,0.004976,0.0,0.35118,0.61378
2029-04-14,32.3,0.0,72.6,12.4,5254.4,5209.3,0,0.0,0.008658,0.0,0.396773,0.66367
2029-04-15,30.6,1.4,72.8,9.5,4924.5,5640.26,0,0.0,0.0,0.0,0.365274,0.473918
2029-04-16,31.9,0.0,70.2,9.9,5181.06,5205.5,0,0.0,0.0,0.0,0.370346,0.621655
2029-04-17,33.9,5.6,77.0,10.4,5318.76,5676.08,0,0.0,0.0,0.0,0.40697,0.59027
2029-04-18,33.8,0.0,63.4,9.5,5184.64,5885.12,0,0.0,0.0,0.0,0.367034,0.484873
2029-04-19,36.0,0.0,69.0,11.8,5442.05,5900.02,0,0.0,0.0,0.0,0.409781,0.575955
2029-04-20,35.2,0.0,59.7,13.1,5203.66,5215.46,0,0.0,0.0,0.0,0.397102,0.651251
2029-04-21,34.8,0.0,65.3,9.1,5202.8,5130.02,0,0.0,0.014187,0.0,0.374101,0.647453
2029-04-22,33.0,0.0,62.5,9.0,5016.49,5858.27,0,0.0,0.0,0.0,0.356215,0.44526
2029-04-23,35.6,0.0,61.6,9.7,5427.52,5342.88,0,0.0,0.01584,0.0,0.377066,0.65235
2029-04-24,34.1,0.0,68.6,11.9,5090.0,5167.08,1,0.925,0.0,0.0471,0.39728,0.636655
2029-04-25,35.2,0.0,73.1,11.8,5306.71,5696.58,0,0.0,0.0,0.0,0.412196,0.58909
2029-04-26,35.3,0.0,68.1,8.7,5244.16,5434.05,0,0.0,0.0,0.0,0.37956,0.595556
2029-04-27,33.5,0.0,68.9,10.9,5023.18,5455.92,0,0.0,0.0,0.0,0.386171,0.550368
2029-04-28,33.0,0.0,68.1,9.8,5073.56,4858.09,1,1.002,0.044353,0.2255,0.372888,0.681456
2029-04-29,36.6,0.0,72.7,12.9,5524.88,5727.89,0,0.0,0.0,0.0,0.429161,0.644575
2029-04-30,37.1,0.0,69.2,8.8,5356.01,5852.48,0,0.0,0.0,0.0,0.394259,0.552017
2029-05-01,35.2,0.0,67.3,8.5,5092.61,5565.75,0,0.0,0.0,0.0,0.375858,0.533408
2029-05-02,36.4,8.2,79.2,11.5,5345.72,5420.22,0,0.0,0.0,0.0,0.439233,0.679977
2029-05-03,36.4,0.0,68.3,8.2,5273.98,5198.21,0,0.0,0.014577,0.0,0.383328,0.657134
2029-05-04,43.7,0.0,66.5,9.9,6152.25,6542.69,1,0.5,0.0,0.0308,0.441187,0.628311
2029-05-05,43.2,0.0,76.7,9.4,5603.12,5419.98,0,0.0,0.03379,0.0,0.453158,0.749394
2029-05-06,41.6,0.0,64.7,8.8,5432.06,6143.16,0,0.0,0.0,0.0,0.415482,0.53714
2029-05-07,43.9,0.0,79.4,9.0,5820.01,6168.72,0,0.0,0.0,0.0,0.459748,0.650546
2029-05-08,39.2,0.0,68.3,9.6,5105.15,5136.3,0,0.0,0.0,0.0,0.412586,0.662296
2029-05-09,39.4,0.0,74.0,7.6,5426.51,5337.33,0,0.0,0.016708,0.0,0.40916,0.685456
2029-05-10,43.4,0.0,68.7,8.1,5896.06,5955.72,0,0.0,0.0,0.0,0.429445,0.674541
2029-05-11,42.4,0.0,73.9,7.5,5505.94,5239.44,0,0.0,0.050864,0.0,0.427975,0.744144
2029-05-12,38.4,1.6,71.7,7.5,5093.8,5507.27,0,0.0,0.0,0.0,0.399436,0.568581
2029-05-13,38.0,4.5,70.2,8.8,5294.36,5291.29,1,0.594,0.00058,0.0315,0.407556,0.665023
2029-05-14,41.3,0.0,66.1,10.1,5722.67,6152.9,0,0.0,0.0,0.0,0.426161,0.601323
2029-05-15,41.9,0.0,71.5,11.4,5568.32,6035.31,0,0.0,0.0,0.0,0.450271,0.616732
2029-05-16,39.9,0.0,76.7,11.0,5293.55,5880.38,0,0.0,0.0,0.0,0.443752,0.584042
2029-05-17,38.7,0.0,77.8,9.1,5273.91,5621.28,0,0.0,0.0,0.0,0.423245,0.607895
2029-05-18,38.0,1.5,71.3,7.1,5268.03,5904.89,0,0.0,0.0,0.0,0.392841,0.523723
2029-05-19,39.3,0.0,71.0,9.7,5465.99,6216.61,0,0.0,0.0,0.0,0.419079,0.534912
2029-05-20,42.3,0.0,73.8,7.3,5743.06,6123.64,0,0.0,0.0,0.0,0.425585,0.609822
2029-05-21,44.2,0.0,74.7,10.8,5770.21,6174.51,0,0.0,0.0,0.0,0.466802,0.647152
2029-05-22,44.6,0.0,74.7,7.4,5685.53,5770.13,0,0.0,0.0,0.0,0.443204,0.682878
2029-05-23,41.3,0.0,72.6,9.3,5264.34,5200.01,0,0.0,0.012372,0.0,0.432175,0.703407
2029-05-24,38.7,0.0,73.0,9.1,5170.09,5846.18,0,0.0,0.0,0.0,0.414245,0.536029
2029-05-25,40.4,0.0,73.4,11.5,5536.37,6024.47,0,0.0,0.0,0.0,0.444719,0.606927
2029-05-26,38.0,6.0,64.3,8.1,5141.73,5621.3,0,0.0,0.0,0.0,0.392923,0.550118
2029-05-27,38.3,0.0,72.9,8.0,5333.07,5401.25,0,0.0,0.0,0.0,0.402933,0.644987
2029-05-28,39.7,0.0,78.9,8.2,5472.08,6305.51,0,0.0,0.0,0.0,0.424954,0.527443
2029-05-29,37.9,3.6,82.8,10.2,5171.47,5355.56,0,0.0,0.0,0.0,0.440227,0.656889
2029-05-30,36.7,0.0,80.9,6.8,5145.48,5142.82,0,0.0,0.000516,0.0,0.398128,0.655522
2029-05-31,37.7,0.0,75.5,7.4,5331.5,5405.39,0,0.0,0.0,0.0,0.399224,0.640056
2029-06-01,39.6,0.0,69.1,7.8,6658.71,7650.76,0,0.0,0.0,0.0,0.402834,0.508251
2029-06-02,42.3,0.0,72.3,6.2,6896.65,6758.74,0,0.0,0.020404,0.0,0.414285,0.694895
2029-06-03,43.6,0.0,71.2,7.1,6866.41,6884.81,0,0.0,0.0,0.0,0.427735,0.681405
2029-06-04,43.6,38.5,77.5,8.4,6758.5,8330.57,0,0.0,0.0,0.0,0.496553,0.533041
2029-06-05,41.9,0.0,70.2,6.2,6516.19,7228.31,0,0.0,0.0,0.0,0.40771,0.54949
2029-06-06,39.9,3.9,72.2,9.1,6362.21,6386.5,0,0.0,0.0,0.0,0.425413,0.677763
2029-06-07,39.5,0.0,67.9,7.6,6454.54,6337.51,0,0.0,0.018466,0.0,0.398381,0.676728
2029-06-08,41.0,5.2,80.8,10.2,6705.46,6334.11,0,0.0,0.058627,0.0,0.458862,0.784093
2029-06-09,42.0,2.1,78.3,10.1,8084.83,8538.54,0,0.0,0.0,0.0,0.456212,0.65097
2029-06-10,38.0,3.9,75.5,11.6,6077.4,6660.01,0,0.0,0.0,0.0,0.438367,0.593034
2029-06-11,37.4,0.0,76.6,7.4,6306.17,7224.88,0,0.0,0.0,0.0,0.399309,0.507653
2029-06-12,41.0,3.4,77.0,8.4,6863.36,6387.59,0,0.0,0.074484,0.0,0.435652,0.779394
2029-06-13,41.5,0.0,70.9,7.4,6662.8,6439.6,0,0.0,0.03466,0.0,0.415646,0.712899
2029-06-14,39.0,0.0,83.4,6.7,6254.32,6519.93,0,0.0,0.0,0.0,0.417204,0.626436
2029-06-15,44.5,0.0,70.5,6.8,7264.53,8903.57,0,0.0,0.0,0.0,0.43004,0.471925
2029-06-16,44.2,40.0,75.9,6.2,6765.32,7481.17,0,0.0,0.0,0.0,0.482362,0.627447
2029-06-17,44.7,41.7,85.4,5.6,6872.54,7377.58,0,0.0,0.0,0.0,0.500915,0.677789
2029-06-18,45.2,0.0,76.9,6.9,6898.91,6711.46,1,1.095,0.027929,0.2111,0.447426,0.736821
2029-06-19,44.0,0.0,72.5,7.3,6687.43,6128.63,0,0.0,0.091178,0.0,0.434352,0.797584
2029-06-20,42.4,9.1,82.4,6.1,6542.41,6885.54,0,0.0,0.0,0.0,0.444213,0.642827
2029-06-21,46.7,0.0,74.6,6.1,7324.51,7644.88,0,0.0,0.0,0.0,0.446827,0.654695
2029-06-22,48.0,19.5,74.4,11.1,7155.05,7392.08,0,0.0,0.0,0.0,0.517393,0.73675
2029-06-23,48.6,14.4,74.1,6.2,7145.56,7331.57,0,0.0,0.0,0.0,0.476754,0.703926
2029-06-24,48.6,0.0,74.1,5.2,7094.16,7114.41,0,0.0,0.0,0.0,0.451469,0.704936
2029-06-25,45.5,63.9,89.6,13.2,6625.39,6614.08,0,0.0,0.00171,0.0,0.599791,0.858577
2029-06-26,47.5,7.0,80.9,6.4,7188.33,8177.01,1,0.5,0.0,0.0359,0.474768,0.590408
2029-06-27,44.9,0.0,77.1,6.4,6631.31,6592.51,0,0.0,0.005886,0.0,0.441965,0.705626
2029-06-28,45.0,3.2,65.7,6.5,6865.86,7089.7,0,0.0,0.0,0.0,0.425925,0.645857
2029-06-29,41.2,0.0,71.8,5.8,6306.97,6606.79,1,2.534,0.0,0.1598,0.40301,0.606823
2029-06-30,37.4,0.0,66.2,5.4,6062.98,6635.9,0,0.0,0.0,0.0,0.364377,0.520378
2029-07-01,39.1,0.0,79.6,4.7,6599.02,6574.83,0,0.0,0.003679,0.0,0.395306,0.656391
2029-07-02,38.1,34.2,75.8,5.0,6333.05,7039.94,0,0.0,0.0,0.0,0.425632,0.565202
2029-07-03,35.0,0.0,72.9,7.2,5969.18,6049.65,0,0.0,0.0,0.0,0.375009,0.616271
2029-07-04,37.5,1.5,68.6,10.5,6567.82,6829.22,0,0.0,0.0,0.0,0.410718,0.622824
2029-07-05,42.7,0.0,61.6,5.2,7128.48,8222.81,0,0.0,0.0,0.0,0.389142,0.490569
2029-07-06,45.3,10.8,67.8,5.6,7106.18,7027.58,0,0.0,0.011185,0.0,0.434169,0.704016
2029-07-07,44.1,0.0,69.9,6.1,6714.36,7355.03,0,0.0,0.0,0.0,0.420877,0.575979
2029-07-08,43.7,16.8,78.0,12.0,6749.99,7514.7,0,0.0,0.0,0.0,0.499451,0.637444
2029-07-09,45.1,0.0,73.4,6.0,6994.03,7480.28,0,0.0,0.0,0.0,0.43326,0.614164
2029-07-10,46.6,0.7,64.0,4.4,7113.26,7416.25,0,0.0,0.0,0.0,0.41403,0.623126
2029-07-11,44.9,13.9,75.3,4.4,6733.28,7971.66,0,0.0,0.0,0.0,0.440118,0.515555
2029-07-12,44.2,0.0,74.8,9.7,6778.14,7111.14,0,0.0,0.0,0.0,0.458502,0.660625
2029-07-13,44.2,0.6,72.5,4.7,6832.27,7261.72,0,0.0,0.0,0.0,0.416341,0.604092
2029-07-14,44.7,0.0,67.8,5.6,6907.09,7106.01,0,0.0,0.0,0.0,0.417037,0.641148
2029-07-15,43.7,0.0,69.6,5.5,6721.26,7121.3,0,0.0,0.0,0.0,0.413049,0.60426
2029-07-16,42.8,0.0,69.9,4.4,6682.64,7422.67,0,0.0,0.0,0.0,0.399191,0.539593
2029-07-17,45.1,0.0,75.9,5.6,7094.61,7326.29,1,1.772,0.0,0.1257,0.434861,0.654734
2029-07-18,46.6,0.0,77.1,8.0,7131.3,6540.56,0,0.0,0.090319,0.0,0.465516,0.827745
2029-07-19,46.3,0.0,71.6,4.4,6966.16,7539.86,0,0.0,0.0,0.0,0.425448,0.593412
2029-07-20,48.5,3.2,69.2,4.3,7328.41,7196.98,0,0.0,0.018263,0.0,0.438582,0.716691
2029-07-21,46.0,0.0,67.7,6.9,6774.54,7429.9,0,0.0,0.0,0.0,0.435449,0.589267
2029-07-22,48.0,0.0,67.9,10.4,7284.2,7647.8,1,2.174,0.0,0.1584,0.476013,0.677301
2029-07-23,47.4,4.6,69.5,12.1,7031.0,7800.3,0,0.0,0.0,0.0,0.493788,0.635444
2029-07-24,50.0,15.5,68.3,6.6,7728.64,7653.32,0,0.0,0.009842,0.0,0.479536,0.747815
2029-07-25,47.3,22.2,82.1,4.3,6666.46,6775.0,0,0.0,0.0,0.0,0.478042,0.716129
2029-07-26,44.3,0.0,62.5,6.6,6635.67,6825.31,0,0.0,0.0,0.0,0.412179,0.636533
2029-07-27,44.0,3.3,73.5,4.6,6846.96,6549.91,0,0.0,0.045351,0.0,0.41942,0.729154
2029-07-28,43.7,0.0,54.9,6.3,6828.62,7648.19,0,0.0,0.0,0.0,0.391659,0.523352
2029-07-29,46.6,0.0,64.2,7.3,7284.2,6902.5,0,0.0,0.055299,0.0,0.435927,0.757273
2029-07-30,43.5,0.0,63.6,4.8,6603.87,7390.6,0,0.0,0.0,0.0,0.395079,0.527599
2029-07-31,44.2,2.0,66.7,9.1,6955.02,7488.73,0,0.0,0.0,0.0,0.441125,0.614716
2029-08-01,45.3,0.0,62.9,5.5,7059.7,7324.24,0,0.0,0.0,0.0,0.411032,0.625657
2029-08-02,45.1,0.0,71.4,5.4,6956.61,7455.7,0,0.0,0.0,0.0,0.42488,0.603523
2029-08-03,41.6,3.3,63.7,4.8,6459.84,6912.13,0,0.0,0.0,0.0,0.386769,0.567171
2029-08-04,43.5,2.0,59.2,6.8,7023.61,7197.6,0,0.0,0.0,0.0,0.404701,0.633271
2029-08-05,44.7,22.7,64.3,7.2,7044.77,7529.33,0,0.0,0.0,0.0,0.450516,0.632176
2029-08-06,44.2,0.0,60.8,9.4,6893.0,7555.17,0,0.0,0.0,0.0,0.429937,0.584411
2029-08-07,43.1,17.2,70.8,5.3,6761.8,6697.46,0,0.0,0.009606,0.0,0.430786,0.698791
2029-08-08,42.1,45.8,78.5,6.2,6719.88,7202.43,0,0.0,0.0,0.0,0.480472,0.659048
2029-08-09,40.7,78.2,75.8,10.6,6594.59,5891.52,0,0.0,0.119336,0.0,0.539664,0.935767
2029-08-10,41.0,19.8,62.9,6.5,6751.34,6268.18,0,0.0,0.077081,0.0,0.414564,0.761339
2029-08-11,39.9,5.6,57.7,7.6,6579.54,7142.52,0,0.0,0.0,0.0,0.388725,0.553499
2029-08-12,37.3,0.0,59.8,5.8,6289.51,6438.43,0,0.0,0.0,0.0,0.354804,0.584592
2029-08-13,34.7,0.0,65.7,5.4,6134.94,6111.83,0,0.0,0.003781,0.0,0.345643,0.606847
2029-08-14,33.2,0.0,61.5,5.8,6123.85,6409.59,0,0.0,0.0,0.0,0.330967,0.535714
2029-08-15,33.8,2.4,63.6,6.6,6334.74,6493.45,0,0.0,0.0,0.0,0.34796,0.576217
2029-08-16,33.8,0.0,63.7,5.9,6287.71,6210.48,0,0.0,0.012435,0.0,0.339818,0.611125
2029-08-17,34.2,0.0,56.7,6.6,6351.97,6013.67,0,0.0,0.056256,0.0,0.334731,0.657193
2029-08-18,35.1,0.0,52.9,6.3,6448.04,5970.93,0,0.0,0.079907,0.0,0.331223,0.681295
2029-08-19,33.5,0.0,56.0,6.0,6160.83,6755.62,0,0.0,0.0,0.0,0.324175,0.478183
2029-08-20,36.3,2.0,63.2,5.9,6689.55,6845.97,0,0.0,0.0,0.0,0.357799,0.587916
2029-08-21,35.0,0.0,61.3,5.9,6297.02,6996.5,0,0.0,0.0,0.0,0.343228,0.483306
2029-08-22,33.6,0.0,58.3,5.6,6201.9,6342.95,0,0.0,0.0,0.0,0.32606,0.55689
2029-08-23,34.3,8.3,64.4,5.2,6407.2,6870.84,0,0.0,0.0,0.0,0.349152,0.527166
2029-08-24,30.1,0.0,58.0,5.7,5785.27,6028.83,0,0.0,0.0,0.0,0.3032,0.512828
2029-08-25,28.8,14.6,58.9,6.1,5919.01,6231.54,0,0.0,0.0,0.0,0.317218,0.515459
2029-08-26,31.3,4.0,49.7,7.5,6359.63,6714.88,0,0.0,0.0,0.0,0.314316,0.509345
2029-08-27,27.7,0.0,62.6,7.7,5698.83,5823.75,1,1.023,0.0,0.0583,0.311438,0.543187
2029-08-28,30.6,0.0,55.4,10.2,6351.64,6177.19,0,0.0,0.028242,0.0,0.336343,0.626102
2029-08-29,33.5,0.0,53.3,6.8,6563.65,7208.64,0,0.0,0.0,0.0,0.325285,0.477622
2029-08-30,32.1,0.0,54.7,4.6,6145.72,7070.0,0,0.0,0.0,0.0,0.301707,0.405879
2029-08-31,32.2,0.8,62.5,6.1,6273.65,7243.12,1,0.898,0.0,0.0563,0.329541,0.430078
2029-09-01,33.9,0.0,59.4,6.2,5546.65,5630.65,0,0.0,0.0,0.0,0.33473,0.574104
2029-09-02,32.0,0.0,52.3,5.9,5217.89,5237.77,0,0.0,0.0,0.0,0.306579,0.558938
2029-09-03,33.1,16.2,60.2,4.7,5474.01,5556.56,0,0.0,0.0,0.0,0.339148,0.578595
2029-09-04,30.9,0.0,59.6,7.9,5143.2,5343.38,0,0.0,0.0,0.0,0.328448,0.541503
2029-09-05,29.4,0.0,54.8,6.8,5115.72,5354.59,0,0.0,0.0,0.0,0.301073,0.505785
2029-09-06,27.5,7.8,55.3,5.9,4992.93,4928.67,0,0.0,0.013037,0.0,0.29206,0.564071
2029-09-07,28.2,0.0,42.0,5.3,5195.91,4971.32,0,0.0,0.045176,0.0,0.25759,0.56712
2029-09-08,30.4,0.0,58.3,6.6,5410.94,5698.51,0,0.0,0.0,0.0,0.312684,0.510562
2029-09-09,29.3,0.0,46.6,14.1,5157.51,4268.28,0,0.0,0.208336,0.0,0.341366,0.841366
2029-09-10,26.3,0.0,42.1,7.0,4875.26,5088.1,0,0.0,0.0,0.0,0.258371,0.466327
2029-09-11,24.1,0.0,42.0,6.8,4820.49,4774.6,0,0.0,0.009611,0.0,0.242139,0.510149
2029-09-12,25.3,0.0,46.5,5.6,5088.9,5593.46,0,0.0,0.0,0.0,0.249227,0.400711
2029-09-13,29.1,3.3,53.7,7.7,5464.8,6098.73,0,0.0,0.0,0.0,0.308004,0.443449
2029-09-14,29.1,0.0,55.9,6.2,5239.49,5855.06,0,0.0,0.0,0.0,0.296529,0.430585
2029-09-15,27.6,0.0,51.4,7.9,5060.1,5202.66,0,0.0,0.0,0.0,0.291322,0.516124
2029-09-16,28.6,0.0,58.1,5.4,5277.3,5163.76,0,0.0,0.021987,0.0,0.291185,0.573644
2029-09-17,27.3,0.0,47.1,5.9,5071.06,5064.37,1,0.866,0.001321,0.0439,0.26585,0.524182
2029-09-18,25.9,0.0,47.6,6.3,4995.54,5335.83,0,0.0,0.0,0.0,0.260646,0.442985
2029-09-19,23.6,0.0,39.1,6.7,4820.02,4561.24,0,0.0,0.056736,0.0,0.232635,0.555657
2029-09-20,26.4,0.0,45.2,10.9,5286.81,6015.3,1,1.107,0.0,0.0585,0.294935,0.410345
2029-09-21,20.7,0.0,37.6,9.9,4526.74,4658.78,0,0.0,0.0,0.0,0.235399,0.459102
2029-09-22,22.8,0.0,40.7,7.9,5049.4,5460.98,0,0.0,0.0,0.0,0.239621,0.408427
2029-09-23,21.8,0.4,50.4,6.1,4831.83,4531.15,0,0.0,0.066359,0.0,0.237816,0.572073
2029-09-24,21.1,6.4,40.0,6.2,4839.68,4799.33,1,1.909,0.008407,0.0924,0.221794,0.488399
2029-09-25,24.7,0.0,38.6,9.7,5259.98,4891.48,0,0.0,0.075336,0.0,0.262096,0.606832
2029-09-26,22.7,33.8,45.9,7.0,4821.87,5373.18,0,0.0,0.0,0.0,0.283007,0.420017
2029-09-27,21.1,4.1,50.8,6.7,4800.03,4991.59,0,0.0,0.0,0.0,0.243096,0.455085
2029-09-28,20.8,24.8,60.0,7.0,4880.83,5300.55,0,0.0,0.0,0.0,0.28594,0.45029
2029-09-29,21.7,0.0,44.9,7.5,4960.84,5228.7,0,0.0,0.0,0.0,0.237159,0.434144
2029-09-30,20.5,0.0,49.7,8.2,4835.05,5219.5,0,0.0,0.0,0.0,0.24365,0.414453
2029-10-01,17.3,0.0,38.9,7.5,4668.64,4802.82,0,0.0,0.0,0.0,0.196907,0.421082
2029-10-02,16.1,0.0,50.5,6.2,4772.74,4950.18,0,0.0,0.0,0.0,0.200716,0.41566
2029-10-03,19.4,0.0,40.5,8.1,5088.36,5313.37,0,0.0,0.0,0.0,0.218378,0.425731
2029-10-04,19.5,0.0,47.1,8.6,4910.99,5282.04,0,0.0,0.0,0.0,0.235271,0.410054
2029-10-05,20.3,0.0,43.4,8.6,4966.31,5349.83,0,0.0,0.0,0.0,0.233606,0.406707
2029-10-06,19.5,0.0,33.7,7.8,4861.57,5965.73,0,0.0,0.0,0.0,0.203973,0.244696
2029-10-07,18.0,3.0,39.3,6.9,4803.05,5552.05,0,0.0,0.0,0.0,0.201302,0.300604
2029-10-08,21.4,0.0,43.5,6.8,5146.6,4827.2,0,0.0,0.066168,0.0,0.227155,0.561188
2029-10-09,20.3,0.0,33.2,7.7,4872.34,5072.03,0,0.0,0.0,0.0,0.207537,0.418365
2029-10-10,18.9,0.0,43.6,9.8,4834.82,4952.93,0,0.0,0.0,0.0,0.234013,0.462965
2029-10-11,20.8,0.0,34.8,7.5,5061.13,5722.36,0,0.0,0.0,0.0,0.212289,0.334183
2029-10-12,18.6,0.0,44.3,19.6,4793.81,4938.14,0,0.0,0.0,0.0,0.308965,0.531635
2029-10-13,17.0,0.0,34.6,10.5,4812.58,5193.97,1,3.261,0.0,0.157,0.210015,0.381083
2029-10-14,16.9,0.0,43.4,8.1,4901.51,4424.91,0,0.0,0.107708,0.0,0.207338,0.589867
2029-10-15,16.8,0.0,45.0,8.0,4900.04,4677.79,0,0.0,0.047512,0.0,0.208907,0.521162
2029-10-16,17.1,0.0,39.8,8.4,4938.16,5835.99,1,0.5,0.0,0.0247,0.204221,0.281414
2029-10-17,21.0,0.0,40.0,8.8,5207.48,5484.33,0,0.0,0.0,0.0,0.233388,0.431247
2029-10-18,20.6,0.0,47.6,8.1,4949.43,4885.57,0,0.0,0.013072,0.0,0.2396,0.511649
2029-10-19,14.7,0.0,36.0,12.7,4557.25,4854.84,0,0.0,0.0,0.0,0.214455,0.399686
2029-10-20,15.4,3.8,38.0,9.9,4947.97,4867.1,0,0.0,0.016614,0.0,0.205851,0.482038
2029-10-21,15.3,0.0,42.7,8.7,4905.57,5063.27,0,0.0,0.0,0.0,0.200109,0.420539
2029-10-22,15.2,0.0,41.4,9.7,4906.39,4702.7,0,0.0,0.043313,0.0,0.204728,0.512082
2029-10-23,15.5,8.4,40.0,8.9,4936.15,4937.69,0,0.0,0.0,0.0,0.208156,0.464582
2029-10-24,15.1,10.7,35.5,11.0,4895.78,5012.16,0,0.0,0.0,0.0,0.216092,0.445775
2029-10-25,14.7,21.2,48.8,14.6,4899.6,5490.52,0,0.0,0.0,0.0,0.278982,0.41013
2029-10-26,15.7,0.0,32.3,9.4,4990.12,5385.51,0,0.0,0.0,0.0,0.188646,0.359728
2029-10-27,14.1,4.9,50.9,8.2,4842.01,5278.89,0,0.0,0.0,0.0,0.209694,0.36987
2029-10-28,12.0,0.0,32.1,8.4,4832.1,5065.86,0,0.0,0.0,0.0,0.156167,0.359088
2029-10-29,18.2,0.0,32.4,11.9,5344.5,5888.78,0,0.0,0.0,0.0,0.224602,0.373493
2029-10-30,15.6,0.0,39.4,14.7,4794.77,4770.64,0,0.0,0.005057,0.0,0.242195,0.50489
2029-10-31,15.1,0.0,40.3,8.9,4914.72,4933.59,0,0.0,0.0,0.0,0.195833,0.448158
2029-11-01,11.5,6.0,34.0,8.9,4762.04,5122.42,0,0.0,0.0,0.0,0.167613,0.342272
2029-11-02,11.8,0.0,45.7,10.8,4995.79,5157.73,0,0.0,0.0,0.0,0.198868,0.419004
2029-11-03,9.9,15.3,42.5,8.6,4884.27,5124.22,0,0.0,0.0,0.0,0.182036,0.38416
2029-11-04,9.3,0.0,35.7,11.0,4972.75,5169.97,0,0.0,0.0,0.0,0.165182,0.377439
2029-11-05,11.8,0.0,38.7,11.3,5134.48,5796.66,0,0.0,0.0,0.0,0.189601,0.313033
2029-11-06,12.6,0.0,42.7,9.2,5029.02,5694.1,0,0.0,0.0,0.0,0.18617,0.306606
2029-11-07,13.4,0.0,44.6,8.7,5023.42,5076.43,0,0.0,0.0,0.0,0.191147,0.435747
2029-11-08,9.3,0.0,37.3,9.3,4771.86,4481.39,0,0.0,0.064817,0.0,0.155065,0.487522
2029-11-09,13.2,0.0,29.9,11.9,5216.55,5243.55,0,0.0,0.0,0.0,0.186958,0.437737
2029-11-10,10.2,0.0,29.9,11.2,4838.19,4806.7,0,0.0,0.006551,0.0,0.161783,0.426221
2029-11-11,13.2,0.0,29.0,10.3,5170.82,5700.31,0,0.0,0.0,0.0,0.172925,0.321277
2029-11-12,14.6,5.9,34.2,13.0,5060.27,5606.73,0,0.0,0.0,0.0,0.219935,0.362944
2029-11-13,14.8,0.0,36.0,11.2,4989.85,4915.22,0,0.0,0.015185,0.0,0.20354,0.478055
2029-11-14,12.0,0.0,36.8,11.0,4845.93,4857.88,0,0.0,0.0,0.0,0.185042,0.43896
2029-11-15,11.8,0.0,41.3,9.4,5001.04,4785.11,0,0.0,0.045126,0.0,0.179815,0.489284
2029-11-16,10.4,0.0,25.2,11.5,4941.88,5230.81,0,0.0,0.0,0.0,0.156603,0.34891
2029-11-17,10.2,0.0,35.4,12.4,5021.97,5258.86,0,0.0,0.0,0.0,0.181355,0.385558
2029-11-18,9.4,0.0,37.7,15.8,4999.44,5497.96,0,0.0,0.0,0.0,0.206629,0.357566
2029-11-19,5.2,0.0,21.3,10.2,4825.74,5218.17,1,0.984,0.0,0.0475,0.104985,0.273981
2029-11-20,8.2,0.0,37.5,10.9,5237.11,5700.29,0,0.0,0.0,0.0,0.160535,0.322467
2029-11-21,8.1,0.0,48.9,14.2,5056.72,4818.31,0,0.0,0.049479,0.0,0.206714,0.521267
2029-11-22,7.2,5.1,40.3,12.4,5017.05,5069.94,0,0.0,0.0,0.0,0.176991,0.421603
2029-11-23,6.3,18.7,41.4,12.3,5027.2,5579.09,0,0.0,0.0,0.0,0.188943,0.330252
2029-11-24,7.4,0.0,33.7,10.2,5140.9,5223.51,0,0.0,0.0,0.0,0.142736,0.381063
2029-11-25,5.7,0.0,36.2,11.2,4990.36,4728.18,0,0.0,0.05545,0.0,0.143934,0.465457
2029-11-26,1.7,0.0,42.7,12.8,4872.29,5363.92,0,0.0,0.0,0.0,0.142102,0.291894
2029-11-27,3.7,0.0,33.3,10.6,5240.08,5311.51,0,0.0,0.0,0.0,0.120685,0.361776
2029-11-28,5.6,0.0,41.0,11.8,5210.19,5819.51,0,0.0,0.0,0.0,0.156905,0.291465
2029-11-29,5.6,0.0,37.3,11.4,5099.57,5348.64,0,0.0,0.0,0.0,0.146881,0.349309
2029-11-30,3.7,0.0,43.1,12.9,4998.57,5161.2,0,0.0,0.0,0.0,0.156806,0.376811
2029-12-01,4.7,0.0,40.4,12.4,5798.68,6586.61,0,0.0,0.0,0.0,0.154477,0.271615
2029-12-02,2.3,0.0,36.0,10.2,5592.26,5412.93,0,0.0,0.03313,0.0,0.113433,0.408899
2029-12-03,1.2,0.0,35.7,11.6,5698.31,6498.1,0,0.0,0.0,0.0,0.116422,0.229527
2029-12-04,1.0,0.0,33.5,16.2,5752.46,5808.38,0,0.0,0.0,0.0,0.146473,0.392024
2029-12-05,3.9,0.0,40.0,14.1,5952.23,6310.73,0,0.0,0.0,0.0,0.161571,0.352043
2029-12-06,3.8,0.0,32.2,11.8,5744.82,6094.25,1,0.5,0.0,0.0287,0.12854,0.318394
2029-12-07,3.6,0.0,35.7,13.8,5735.39,5867.83,0,0.0,0.0,0.0,0.149217,0.379658
2029-12-08,8.2,0.0,34.2,11.6,6020.49,6032.45,0,0.0,0.0,0.0,0.159749,0.414224
2029-12-09,8.7,5.8,30.0,13.4,5733.24,5886.32,0,0.0,0.0,0.0,0.176135,0.402565
2029-12-10,9.0,0.0,36.4,11.5,5722.61,5642.97,0,0.0,0.014114,0.0,0.168376,0.441642
2029-12-11,7.9,0.0,27.7,17.8,5632.08,6609.83,0,0.0,0.0,0.0,0.193424,0.277528
2029-12-12,6.5,0.0,33.2,12.1,5631.17,5742.04,0,0.0,0.0,0.0,0.150527,0.384776
2029-12-13,2.2,0.0,38.9,12.6,5468.15,6140.81,0,0.0,0.0,0.0,0.13673,0.265644
2029-12-14,5.1,0.0,36.4,15.0,5940.0,6621.39,0,0.0,0.0,0.0,0.169676,0.306332
2029-12-15,6.4,0.0,36.4,12.6,5813.65,6237.26,0,0.0,0.0,0.0,0.159726,0.337231
2029-12-16,6.1,0.0,31.5,13.0,5713.87,5950.72,0,0.0,0.0,0.0,0.151647,0.361972
2029-12-17,6.0,0.0,41.1,13.0,5723.84,6079.91,0,0.0,0.0,0.0,0.168988,0.357409
2029-12-18,7.7,0.0,31.5,13.4,5826.65,6328.01,0,0.0,0.0,0.0,0.16528,0.329578
2029-12-19,4.4,0.0,39.6,11.6,5521.38,5832.39,0,0.0,0.0,0.0,0.144827,0.339366
2029-12-20,3.8,0.0,42.7,13.7,5705.22,5427.35,0,0.0,0.051199,0.0,0.162888,0.479447
2029-12-21,2.1,0.0,28.7,12.2,5655.17,5290.11,0,0.0,0.069008,0.0,0.113859,0.451209
2029-12-22,6.7,0.0,34.4,12.1,6032.68,6907.82,0,0.0,0.0,0.0,0.154095,0.262989
2029-12-23,8.5,0.0,34.1,12.5,5827.93,5151.97,0,0.0,0.131205,0.0,0.168483,0.578441
2029-12-24,3.8,0.0,38.1,11.6,5424.2,5762.28,0,0.0,0.0,0.0,0.13806,0.326357
2029-12-25,1.5,5.4,33.5,12.6,5604.62,5801.88,0,0.0,0.0,0.0,0.128579,0.345678
2029-12-26,2.4,0.0,31.2,11.8,5823.29,6173.44,0,0.0,0.0,0.0,0.117438,0.308014
2029-12-27,2.4,0.0,36.9,11.4,5763.64,5637.89,0,0.0,0.022305,0.0,0.125039,0.407867
2029-12-28,0.7,0.0,34.5,14.7,5659.1,6067.08,1,1.457,0.0,0.0824,0.134796,0.313084
2029-12-29,6.0,0.0,36.8,12.8,6082.83,6465.92,0,0.0,0.0,0.0,0.159382,0.347006
2029-12-30,6.9,3.1,42.9,13.7,5776.41,7070.0,0,0.0,0.0,0.0,0.187479,0.230671
2029-12-31,8.0,0.0,29.7,14.4,5773.59,6109.54,0,0.0,0.0,0.0,0.171598,0.364195
2030-01-01,6.5,0.0,37.4,16.4,5614.71,6372.36,0,0.0,0.0,0.0,0.191581,0.309571
2030-01-02,8.2,0.0,35.2,12.9,5810.23,5552.15,0,0.0,0.046482,0.0,0.171655,0.482709
2030-01-03,7.4,15.6,42.4,13.4,5643.84,6288.74,0,0.0,0.0,0.0,0.202774,0.339849
2030-01-04,6.9,0.0,35.6,14.4,5674.1,6038.7,0,0.0,0.0,0.0,0.17541,0.361715
2030-01-05,8.4,0.0,32.9,11.9,5785.64,6173.24,1,2.011,0.0,0.1163,0.160945,0.344437
2030-01-06,5.1,0.0,40.9,12.9,5490.16,5862.75,1,1.623,0.0,0.0891,0.161909,0.344508
2030-01-07,8.9,0.0,53.0,13.4,5939.3,6874.73,0,0.0,0.0,0.0,0.213502,0.311446
2030-01-08,9.2,0.0,38.9,12.7,5690.47,6066.45,0,0.0,0.0,0.0,0.183641,0.368079
2030-01-09,11.6,0.0,36.0,12.7,5808.45,5811.94,0,0.0,0.0,0.0,0.194022,0.450111
2030-01-10,8.8,0.0,36.2,12.6,5487.55,5548.99,0,0.0,0.0,0.0,0.17517,0.419034
2030-01-11,7.0,0.0,44.7,23.4,5561.58,6125.97,0,0.0,0.0,0.0,0.262576,0.411812
2030-01-12,5.0,0.0,35.9,13.5,5573.7,6009.51,0,0.0,0.0,0.0,0.156505,0.328635
2030-01-13,6.3,0.0,47.0,12.6,5782.35,5513.93,0,0.0,0.04868,0.0,0.178942,0.492561
2030-01-14,7.0,0.0,32.6,13.3,5731.32,6203.71,1,1.205,0.0,0.0691,0.161957,0.329854
2030-01-15,6.6,1.5,42.3,12.5,5651.15,5548.37,0,0.0,0.018524,0.0,0.173165,0.45158
2030-01-16,5.1,0.0,44.6,13.7,5596.65,6031.0,0,0.0,0.0,0.0,0.17502,0.347734
2030-01-17,3.5,0.0,45.3,14.1,5595.24,5591.05,0,0.0,0.00075,0.0,0.168872,0.426537
2030-01-18,4.7,0.0,45.2,16.9,5774.84,5961.17,0,0.0,0.0,0.0,0.198199,0.418499
2030-01-19,4.8,0.0,43.4,12.3,5699.76,5789.12,0,0.0,0.0,0.0,0.15999,0.39876
2030-01-20,4.5,0.0,48.1,15.7,5669.69,6495.71,0,0.0,0.0,0.0,0.193059,0.301398
2030-01-21,8.8,0.0,37.6,13.8,5933.68,6380.59,0,0.0,0.0,0.0,0.187054,0.362077
2030-01-22,9.0,0.0,39.6,15.2,5651.01,6382.53,0,0.0,0.0,0.0,0.202925,0.325916
2030-01-23,11.8,0.0,41.1,15.9,5800.91,7149.03,0,0.0,0.0,0.0,0.229594,0.266243
2030-01-24,10.6,0.0,50.8,16.5,5531.08,5823.94,0,0.0,0.0,0.0,0.244502,0.442589
2030-01-25,11.2,0.0,46.0,12.5,5645.66,6462.16,0,0.0,0.0,0.0,0.208593,0.317881
2030-01-26,11.1,0.0,47.4,14.9,5597.92,5631.14,0,0.0,0.0,0.0,0.229077,0.47898
2030-01-27,7.8,0.0,43.3,12.7,5407.81,6105.73,0,0.0,0.0,0.0,0.182663,0.306012
2030-01-28,11.4,7.8,50.6,12.7,5838.92,5833.82,0,0.0,0.000874,0.0,0.229596,0.487407
2030-01-29,11.3,0.0,37.1,14.5,5579.04,5851.52,0,0.0,0.0,0.0,0.207996,0.410425
2030-01-30,12.9,0.0,43.1,14.6,5682.2,6158.5,0,0.0,0.0,0.0,0.230564,0.397067
2030-01-31,11.3,0.0,44.3,15.1,5475.37,5988.61,0,0.0,0.0,0.0,0.226126,0.382867
2030-02-01,11.2,0.0,43.4,13.1,5576.78,5408.53,0,0.0,0.031109,0.0,0.208347,0.501453
2030-02-02,9.8,0.0,44.4,14.2,5496.25,5470.84,0,0.0,0.004644,0.0,0.209482,0.471694
2030-02-03,12.9,0.0,49.1,14.4,5763.83,6274.05,0,0.0,0.0,0.0,0.240271,0.402125
2030-02-04,13.6,2.1,48.4,13.4,5590.24,5740.25,0,0.0,0.0,0.0,0.238418,0.4647
2030-02-05,14.3,0.0,52.9,16.2,5580.03,5367.8,0,0.0,0.039537,0.0,0.270513,0.573459
2030-02-06,16.9,0.0,36.9,12.2,5724.1,5984.71,0,0.0,0.0,0.0,0.226786,0.43274
2030-02-07,18.7,1.5,55.4,12.6,5690.8,5932.68,0,0.0,0.0,0.0,0.278254,0.487448
2030-02-08,19.3,7.9,46.7,16.1,5626.28,5970.3,0,0.0,0.0,0.0,0.300711,0.490233
2030-02-09,15.5,0.0,54.8,14.4,5265.41,5704.25,0,0.0,0.0,0.0,0.268096,0.435075
2030-02-10,14.0,0.0,46.5,14.9,5412.14,5841.52,0,0.0,0.0,0.0,0.246504,0.417484
2030-02-11,12.2,0.0,50.7,12.8,5409.04,5417.72,0,0.0,0.0,0.0,0.226311,0.481231
2030-02-12,14.3,0.0,43.8,15.8,5639.71,5775.73,0,0.0,0.0,0.0,0.250364,0.479661
2030-02-13,14.9,0.0,43.5,16.4,5530.92,6130.75,0,0.0,0.0,0.0,0.258386,0.400958
2030-02-14,12.3,0.0,52.8,14.2,5341.72,5426.01,0,0.0,0.0,0.0,0.24171,0.480365
2030-02-15,12.7,0.0,36.9,12.5,5531.75,5670.65,0,0.0,0.0,0.0,0.201417,0.429612
2030-02-16,10.4,0.0,44.5,14.1,5374.3,5133.7,0,0.0,0.046867,0.0,0.212853,0.524355
2030-02-17,11.5,3.0,55.5,13.0,5587.33,5856.6,0,0.0,0.0,0.0,0.235901,0.439017
2030-02-18,9.3,0.0,49.2,12.8,5375.83,5761.56,0,0.0,0.0,0.0,0.204384,0.383018
2030-02-19,11.9,4.3,48.2,13.8,5673.86,5251.41,0,0.0,0.080446,0.0,0.232609,0.583311
2030-02-20,13.8,0.0,59.5,12.0,5595.74,5498.23,0,0.0,0.017735,0.0,0.247184,0.524678
2030-02-21,18.4,4.6,62.8,13.3,5814.81,5584.73,0,0.0,0.041199,0.0,0.299336,0.604221
2030-02-22,20.0,0.0,52.6,12.6,5639.9,6202.01,0,0.0,0.0,0.0,0.279743,0.430727
2030-02-23,18.8,0.0,59.3,12.3,5430.22,5047.51,0,0.0,0.075822,0.0,0.282081,0.627385
2030-02-24,20.4,0.0,60.9,13.0,5634.98,5888.8,1,0.5,0.0,0.0282,0.301028,0.5075
2030-02-25,17.3,0.0,53.5,12.8,5269.39,5771.16,0,0.0,0.0,0.0,0.265177,0.420468
2030-02-26,15.8,0.0,51.4,15.5,5341.19,5671.45,0,0.0,0.0,0.0,0.272186,0.460996
2030-02-27,17.2,0.0,54.8,13.2,5554.97,5678.75,0,0.0,0.0,0.0,0.270042,0.501386
2030-02-28,13.4,1.9,47.9,14.0,5185.04,5557.47,0,0.0,0.0,0.0,0.240548,0.419105
2030-03-01,14.7,0.0,57.8,16.3,4751.82,5299.85,0,0.0,0.0,0.0,0.283108,0.419183
2030-03-02,13.8,0.0,53.7,12.4,4632.24,4832.45,1,1.104,0.0,0.0511,0.239396,0.44782
2030-03-03,15.4,0.0,56.0,13.2,4764.44,4330.62,0,0.0,0.100174,0.0,0.260427,0.634161
2030-03-04,14.3,0.0,56.2,14.2,4612.51,5176.65,0,0.0,0.0,0.0,0.261268,0.390837
2030-03-05,16.6,0.0,52.1,13.3,4810.46,5172.28,0,0.0,0.0,0.0,0.261796,0.436922
2030-03-06,17.6,0.0,56.5,12.8,4752.75,4980.49,0,0.0,0.0,0.0,0.272779,0.476188
2030-03-07,21.3,0.0,50.3,12.7,4949.55,4579.51,0,0.0,0.080805,0.0,0.284771,0.635891
2030-03-08,21.5,0.0,55.0,13.6,4750.96,4899.22,0,0.0,0.0,0.0,0.301846,0.523308
2030-03-09,20.1,0.0,52.2,12.0,4640.47,4616.55,0,0.0,0.005182,0.0,0.275022,0.537861
2030-03-10,20.2,0.0,53.7,11.9,4714.82,4589.28,0,0.0,0.027354,0.0,0.277722,0.566446
2030-03-11,18.1,0.0,47.1,16.6,4558.45,4747.18,0,0.0,0.0,0.0,0.287771,0.498149
2030-03-12,20.0,0.0,56.6,11.2,4807.87,4885.93,0,0.0,0.0,0.0,0.27644,0.514579
2030-03-13,21.9,0.0,61.5,11.8,4834.05,4932.59,0,0.0,0.0,0.0,0.302781,0.536249
2030-03-14,27.3,0.0,60.3,14.0,5318.18,5831.9,0,0.0,0.0,0.0,0.3531,0.507056
2030-03-15,25.5,0.0,65.2,14.8,4791.91,5108.66,0,0.0,0.0,0.0,0.356596,0.541004
2030-03-16,24.8,8.4,57.4,11.3,4817.38,4907.87,0,0.0,0.0,0.0,0.320599,0.555865
2030-03-17,23.7,0.0,58.0,15.1,4731.44,4782.49,0,0.0,0.0,0.0,0.333546,0.577875
2030-03-18,24.4,0.0,65.4,23.3,4872.01,4975.99,0,0.0,0.0,0.0,0.415307,0.647703
2030-03-19,25.4,0.0,60.7,15.8,4935.07,5104.89,0,0.0,0.0,0.0,0.355215,0.57317
2030-03-20,25.4,0.0,62.4,12.3,4871.39,5294.2,0,0.0,0.0,0.0,0.331396,0.494954
2030-03-21,27.8,0.0,72.3,12.2,5132.38,5051.9,0,0.0,0.015931,0.0,0.365006,0.640393
2030-03-22,26.3,0.0,60.8,12.7,4822.46,5506.67,0,0.0,0.0,0.0,0.337415,0.449154
2030-03-23,28.4,0.0,60.0,11.2,5140.92,5587.37,0,0.0,0.0,0.0,0.338183,0.501694
2030-03-24,29.2,0.0,57.7,11.6,5104.76,4479.48,0,0.0,0.139587,0.0,0.34223,0.761975
2030-03-25,28.8,0.0,61.6,11.9,5006.59,5283.84,0,0.0,0.0,0.0,0.34922,0.544755
2030-03-26,28.0,0.0,68.5,13.6,4930.97,5500.82,0,0.0,0.0,0.0,0.370002,0.505857
2030-03-27,32.9,0.0,66.5,13.4,5540.15,5952.83,0,0.0,0.0,0.0,0.397006,0.572866
2030-03-28,30.3,7.4,73.0,10.8,4941.25,5059.95,0,0.0,0.0,0.0,0.381024,0.610428
2030-03-29,30.6,0.0,66.1,11.6,5122.18,5358.57,0,0.0,0.0,0.0,0.367208,0.572499
2030-03-30,28.8,10.7,56.1,10.6,4895.68,5195.46,0,0.0,0.0,0.0,0.341932,0.531362
2030-03-31,32.5,0.0,68.0,14.5,5424.82,5959.08,1,1.4,0.0,0.0759,0.40567,0.557797
2030-04-01,33.7,0.0,65.7,11.4,5332.8,5124.02,0,0.0,0.040746,0.0,0.385347,0.689703
2030-04-02,31.6,0.0,65.5,12.2,5010.71,5070.26,0,0.0,0.0,0.0,0.377304,0.620383
2030-04-03,32.3,0.0,71.9,11.6,5220.46,6020.4,0,0.0,0.0,0.0,0.389288,0.490963
2030-04-04,32.5,0.0,64.7,12.8,5188.81,5459.02,0,0.0,0.0,0.0,0.386365,0.585371
2030-04-05,31.1,0.0,69.2,10.3,5016.82,5750.57,0,0.0,0.0,0.0,0.366285,0.474119
2030-04-06,32.6,0.0,61.2,10.0,5270.0,6524.75,0,0.0,0.0,0.0,0.358857,0.391148
2030-04-07,33.1,0.0,59.3,10.0,5232.2,5331.62,0,0.0,0.0,0.0,0.35859,0.593611
2030-04-08,33.3,0.0,64.2,10.2,5212.92,5080.36,0,0.0,0.026092,0.0,0.370639,0.65789
2030-04-09,32.9,0.5,66.0,10.0,5157.71,5329.31,0,0.0,0.0,0.0,0.370444,0.589644
2030-04-10,33.7,0.0,70.4,10.3,5261.77,5889.17,0,0.0,0.0,0.0,0.385672,0.518093
2030-04-11,33.9,0.0,62.5,10.4,5238.0,5908.73,0,0.0,0.0,0.0,0.37295,0.497222
2030-04-12,33.8,1.0,76.0,9.5,5207.62,6213.39,0,0.0,0.0,0.0,0.391879,0.4597
2030-04-13,32.4,0.0,63.7,11.0,5046.26,5286.87,0,0.0,0.0,0.0,0.369942,0.573603
2030-04-14,36.0,0.0,68.3,11.6,5550.39,5998.57,0,0.0,0.0,0.0,0.406926,0.576494
2030-04-15,33.4,0.0,69.0,9.6,5019.86,5045.76,0,0.0,0.0,0.0,0.375669,0.626467
2030-04-16,34.4,0.0,70.7,10.9,5288.18,4717.38,0,0.0,0.121001,0.0,0.395478,0.793523
2030-04-17,33.7,0.0,71.7,9.7,5144.69,5389.08,0,0.0,0.0,0.0,0.38348,0.587329
2030-04-18,37.4,0.0,81.0,13.0,5616.83,5489.4,0,0.0,0.023213,0.0,0.450769,0.734659
2030-04-19,35.0,0.0,66.9,11.2,5101.86,5563.74,0,0.0,0.0,0.0,0.394623,0.5545
2030-04-20,33.5,0.0,71.7,13.5,5072.59,4724.97,0,0.0,0.073569,0.0,0.411483,0.75416
2030-04-21,31.9,2.8,70.7,14.3,4977.06,4994.09,0,0.0,0.0,0.0,0.408651,0.66146
2030-04-22,33.3,0.0,75.5,8.8,5229.66,5579.34,0,0.0,0.0,0.0,0.381024,0.564648
2030-04-23,31.0,0.0,73.1,10.3,4882.25,5240.9,0,0.0,0.0,0.0,0.372938,0.549839
2030-04-24,31.1,0.0,72.1,12.9,5022.65,5258.77,0,0.0,0.0,0.0,0.391784,0.596157
2030-04-25,27.8,0.0,63.8,12.1,4649.46,5428.9,0,0.0,0.0,0.0,0.348297,0.43748
2030-04-26,30.0,12.9,72.4,9.2,5090.45,5848.3,0,0.0,0.0,0.0,0.372286,0.477799
2030-04-27,30.3,0.0,66.7,9.4,4989.39,5023.75,0,0.0,0.0,0.0,0.34938,0.598186
2030-04-28,28.7,0.0,69.6,9.9,4781.19,5505.02,0,0.0,0.0,0.0,0.348129,0.451423
2030-04-29,32.6,0.0,67.9,13.0,5320.62,6177.34,0,0.0,0.0,0.0,0.394568,0.489454
2030-04-30,30.9,0.0,69.6,11.7,4888.59,5094.86,0,0.0,0.0,0.0,0.376519,0.586046
2030-05-01,33.8,0.0,70.3,13.3,5322.68,5604.04,0,0.0,0.0,0.0,0.409292,0.607471
2030-05-02,33.2,0.0,70.6,12.1,5066.75,5303.9,0,0.0,0.0,0.0,0.396641,0.601234
2030-05-03,37.4,0.0,71.2,9.6,5591.54,5643.91,0,0.0,0.0,0.0,0.406159,0.652117
2030-05-04,39.1,0.0,68.2,15.3,5521.22,5607.48,0,0.0,0.0,0.0,0.455721,0.694553
2030-05-05,36.9,0.0,73.2,8.1,5155.43,5841.71,0,0.0,0.0,0.0,0.395039,0.514683
2030-05-06,35.5,0.0,68.6,9.1,5118.2,5515.14,0,0.0,0.0,0.0,0.384902,0.557671
2030-05-07,37.4,0.0,70.3,9.1,5432.12,5514.07,0,0.0,0.0,0.0,0.400614,0.640054
2030-05-08,37.2,0.0,73.2,11.6,5285.66,5241.59,1,0.5,0.008408,0.0264,0.424023,0.690628
2030-05-09,37.3,0.0,60.6,8.6,5304.32,5316.19,0,0.0,0.0,0.0,0.377909,0.632092
2030-05-10,40.2,0.0,86.1,13.8,5649.29,5873.44,0,0.0,0.0,0.0,0.48496,0.697198
2030-05-11,38.6,0.0,76.4,10.2,5259.94,5825.54,0,0.0,0.0,0.0,0.428448,0.571895
2030-05-12,39.1,0.0,75.5,8.6,5414.59,5391.93,0,0.0,0.004203,0.0,0.417711,0.679407
2030-05-13,41.2,0.0,71.4,7.8,5636.53,6238.55,0,0.0,0.0,0.0,0.417692,0.561828
2030-05-14,42.6,0.0,74.6,7.2,5667.1,6020.77,0,0.0,0.0,0.0,0.42829,0.616505
2030-05-15,41.8,0.0,68.2,7.2,5476.05,5799.13,0,0.0,0.0,0.0,0.411017,0.602769
2030-05-16,41.0,0.0,76.8,8.5,5424.57,6046.37,0,0.0,0.0,0.0,0.4319,0.568636
2030-05-17,37.4,0.0,66.0,16.3,5056.89,5578.42,0,0.0,0.0,0.0,0.448107,0.595756
2030-05-18,36.0,0.0,68.1,9.6,5114.63,4917.79,0,0.0,0.040025,0.0,0.391119,0.694636
2030-05-19,37.6,0.0,71.0,10.2,5393.83,5295.16,0,0.0,0.018634,0.0,0.411732,0.690275
2030-05-20,38.0,0.0,82.2,7.5,5335.84,5525.47,0,0.0,0.0,0.0,0.414535,0.631261
2030-05-21,38.8,0.0,69.2,7.5,5400.51,5791.65,0,0.0,0.0,0.0,0.395433,0.573382
2030-05-22,41.4,0.8,76.6,6.8,5658.28,6427.62,0,0.0,0.0,0.0,0.422021,0.539081
2030-05-23,39.1,0.0,64.5,10.8,5207.46,5489.18,0,0.0,0.0,0.0,0.414061,0.610937
2030-05-24,39.1,0.0,75.0,6.6,5361.54,6205.09,0,0.0,0.0,0.0,0.401341,0.499429
2030-05-25,40.0,0.0,83.6,8.4,5464.76,5494.71,0,0.0,0.0,0.0,0.437287,0.687714
2030-05-26,39.0,0.0,77.4,8.0,5282.01,5367.22,0,0.0,0.0,0.0,0.415984,0.65424
2030-05-27,42.4,0.0,64.6,8.0,5762.48,5939.63,0,0.0,0.0,0.0,0.414395,0.636367
2030-05-28,44.2,0.0,75.2,11.1,5746.07,5737.53,0,0.0,0.001488,0.0,0.470054,0.728582
2030-05-29,44.4,0.0,72.7,8.1,5649.95,6345.14,0,0.0,0.0,0.0,0.443537,0.572423
2030-05-30,47.5,6.8,82.8,6.9,6026.84,5276.5,0,0.0,0.142204,0.0,0.481945,0.904744
2030-05-31,43.5,0.0,74.5,9.7,5316.67,5413.83,0,0.0,0.0,0.0,0.453325,0.689164
2030-06-01,43.3,1.1,68.1,10.1,6728.24,7551.35,0,0.0,0.0,0.0,0.444436,0.573977
2030-06-02,43.8,19.6,79.2,6.8,6827.01,7034.04,0,0.0,0.0,0.0,0.465653,0.688083
2030-06-03,41.8,35.3,80.3,6.5,6478.05,7239.82,0,0.0,0.0,0.0,0.471373,0.60533
2030-06-04,42.5,0.0,64.2,6.9,6753.38,8026.08,0,0.0,0.0,0.0,0.405817,0.477491
2030-06-05,40.4,0.0,74.1,6.8,6377.42,6728.58,0,0.0,0.0,0.0,0.409766,0.60563
2030-06-06,42.2,0.1,74.9,8.5,6817.57,7660.52,0,0.0,0.0,0.0,0.436369,0.5647
2030-06-07,44.5,0.0,76.8,6.9,7000.32,8417.23,0,0.0,0.0,0.0,0.442624,0.5029
2030-06-08,44.7,45.3,91.2,7.6,6849.71,7365.71,0,0.0,0.0,0.0,0.531615,0.706623
2030-06-09,40.6,0.0,73.4,14.7,6238.43,6531.47,0,0.0,0.0,0.0,0.470728,0.675142
2030-06-10,39.2,0.2,67.3,7.0,6351.48,7030.17,0,0.0,0.0,0.0,0.390893,0.534982
2030-06-11,41.1,0.0,70.5,6.5,6740.9,7580.85,0,0.0,0.0,0.0,0.405315,0.532758
2030-06-12,41.5,51.7,87.4,10.5,6651.23,7037.2,0,0.0,0.0,0.0,0.533583,0.726344
2030-06-13,36.4,0.0,80.6,15.0,5894.15,6009.19,0,0.0,0.0,0.0,0.458859,0.6933
2030-06-14,40.2,0.0,74.5,10.8,6832.8,7913.72,0,0.0,0.0,0.0,0.440062,0.537399
2030-06-15,41.1,0.0,73.7,6.8,6655.78,6875.09,0,0.0,0.0,0.0,0.41363,0.633181
2030-06-16,39.8,0.0,73.1,8.8,6407.39,7209.63,0,0.0,0.0,0.0,0.419368,0.546257
2030-06-17,42.5,3.3,75.0,11.2,6892.78,7351.56,0,0.0,0.0,0.0,0.463272,0.647209
2030-06-18,41.2,62.1,99.1,23.3,6498.37,7646.96,0,0.0,0.0,0.0,0.664997,0.746441
2030-06-19,40.2,0.0,73.5,7.2,6451.15,6428.64,0,0.0,0.003502,0.0,0.410409,0.671287
2030-06-20,41.5,0.0,72.5,5.9,6718.46,6694.19,0,0.0,0.003625,0.0,0.407072,0.668094
2030-06-21,45.3,0.0,73.9,5.4,7186.3,7932.47,0,0.0,0.0,0.0,0.430886,0.577864
2030-06-22,48.1,0.0,70.2,8.0,7289.15,7134.53,1,22.877,0.021671,3.6137,0.462466,0.744556
2030-06-23,47.8,0.0,65.7,6.3,7011.66,7413.76,0,0.0,0.0,0.0,0.438933,0.632407
2030-06-24,47.7,0.0,64.7,5.4,7028.36,8065.39,0,0.0,0.0,0.0,0.429455,0.536143
2030-06-25,48.3,0.0,69.6,5.4,7125.06,6680.14,0,0.0,0.066603,0.0,0.442597,0.77714
2030-06-26,44.7,0.0,79.0,8.7,6537.99,7030.53,0,0.0,0.0,0.0,0.461956,0.636961
2030-06-27,45.6,1.3,79.1,7.8,6967.69,7847.99,0,0.0,0.0,0.0,0.462718,0.588562
2030-06-28,43.6,0.0,67.2,8.0,6595.09,6914.08,0,0.0,0.0,0.0,0.42718,0.63011
2030-06-29,44.0,0.0,71.8,5.6,6826.61,6769.22,0,0.0,0.008478,0.0,0.419923,0.68661
2030-06-30,43.3,11.8,76.0,9.5,6683.88,6907.49,0,0.0,0.0,0.0,0.467674,0.686673
2030-07-01,44.1,0.0,68.6,8.9,6868.34,6848.93,0,0.0,0.002835,0.0,0.440045,0.700143
2030-07-02,44.0,0.0,78.6,9.7,6785.96,7154.82,0,0.0,0.0,0.0,0.464308,0.660914
2030-07-03,37.5,44.4,86.8,5.0,5867.17,6058.25,0,0.0,0.0,0.0,0.454747,0.674717
2030-07-04,38.8,0.0,73.5,7.1,6557.81,6673.65,0,0.0,0.0,0.0,0.400409,0.636935
2030-07-05,40.8,10.7,74.5,7.0,6742.23,7277.34,0,0.0,0.0,0.0,0.42775,0.5987
2030-07-06,41.9,8.1,65.5,5.3,6754.57,7764.27,0,0.0,0.0,0.0,0.401836,0.506812
2030-07-07,41.7,0.0,77.9,6.0,6635.72,7104.55,1,0.5,0.0,0.0332,0.419287,0.59904
2030-07-08,45.0,0.0,73.8,6.7,7143.4,8105.26,0,0.0,0.0,0.0,0.438752,0.557005
2030-07-09,45.0,0.0,72.8,9.4,6871.59,7898.66,0,0.0,0.0,0.0,0.45771,0.562702
2030-07-10,45.2,5.5,68.2,6.3,6906.71,6996.79,0,0.0,0.0,0.0,0.433194,0.674954
2030-07-11,46.5,0.0,67.0,7.2,7092.49,7569.93,0,0.0,0.0,0.0,0.439747,0.622908
2030-07-12,46.2,3.8,73.5,4.5,6937.86,7099.01,0,0.0,0.0,0.0,0.43376,0.66405
2030-07-13,43.4,0.0,75.3,5.5,6552.97,6268.73,0,0.0,0.045343,0.0,0.421759,0.731482
2030-07-14,38.0,1.2,78.5,5.6,6011.55,6446.86,0,0.0,0.0,0.0,0.394401,0.572365
2030-07-15,37.7,0.0,65.7,8.7,6379.56,6275.67,0,0.0,0.016555,0.0,0.390879,0.666995
2030-07-16,39.8,28.9,75.5,8.8,6718.75,7259.69,0,0.0,0.0,0.0,0.459129,0.628933
2030-07-17,39.2,2.6,59.0,4.6,6471.91,6161.13,0,0.0,0.050443,0.0,0.35974,0.675416
2030-07-18,41.1,0.0,56.3,5.1,6787.92,7200.44,0,0.0,0.0,0.0,0.367887,0.557795
2030-07-19,41.2,0.0,71.0,6.6,6662.8,6336.61,0,0.0,0.051476,0.0,0.407683,0.724567
2030-07-20,43.6,0.0,63.8,5.6,7004.19,7651.75,0,0.0,0.0,0.0,0.402286,0.56028
2030-07-21,42.2,0.0,58.0,5.4,6620.05,6786.98,0,0.0,0.0,0.0,0.38064,0.608717
2030-07-22,42.7,14.3,65.3,5.2,6796.22,6926.32,1,0.5,0.0,0.034,0.413528,0.64839
2030-07-23,43.1,15.2,72.8,6.4,6822.6,7647.92,0,0.0,0.0,0.0,0.440584,0.571395
2030-07-24,45.3,0.0,69.0,6.4,7129.11,7341.14,1,1.284,0.0,0.0916,0.429414,0.652487
2030-07-25,40.7,9.6,61.0,5.1,6271.76,6629.15,0,0.0,0.0,0.0,0.385776,0.579629
2030-07-26,39.4,0.0,72.7,5.2,6460.32,6702.5,0,0.0,0.0,0.0,0.388204,0.602813
2030-07-27,41.0,0.0,62.7,5.6,6792.62,7349.38,0,0.0,0.0,0.0,0.383086,0.551438
2030-07-28,43.6,0.0,67.3,6.0,7056.35,7872.81,0,0.0,0.0,0.0,0.411935,0.547658
2030-07-29,43.0,0.0,65.8,4.1,6764.37,7458.7,0,0.0,0.0,0.0,0.390507,0.538624
2030-07-30,41.5,13.3,68.6,4.9,6588.63,6724.36,0,0.0,0.0,0.0,0.408271,0.641497
2030-07-31,42.3,36.0,69.4,5.0,6835.61,7698.06,0,0.0,0.0,0.0,0.443512,0.569512
2030-08-01,43.1,0.0,64.6,5.6,6895.75,6842.44,0,0.0,0.00779,0.0,0.40049,0.666375
2030-08-02,41.3,7.6,67.7,6.3,6566.18,6587.35,0,0.0,0.0,0.0,0.409113,0.662151
2030-08-03,41.1,0.0,63.1,4.9,6694.28,6975.1,0,0.0,0.0,0.0,0.379094,0.588884
2030-08-04,42.7,0.0,64.3,5.5,6939.56,7744.2,0,0.0,0.0,0.0,0.39652,0.532014
2030-08-05,45.3,41.9,79.5,4.2,7208.69,7037.7,0,0.0,0.024296,0.0,0.483249,0.768403
2030-08-06,45.0,0.0,60.8,9.3,6959.67,7698.53,0,0.0,0.0,0.0,0.434438,0.579188
2030-08-07,43.4,12.2,69.2,4.4,6743.32,7057.23,0,0.0,0.0,0.0,0.416719,0.621582
2030-08-08,41.8,0.0,61.5,11.1,6649.99,6800.78,0,0.0,0.0,0.0,0.428547,0.659453
2030-08-09,41.7,18.4,74.0,6.2,6767.5,7573.93,0,0.0,0.0,0.0,0.435967,0.568459
2030-08-10,40.3,0.0,54.9,7.7,6568.93,6565.19,0,0.0,0.000569,0.0,0.380051,0.637506
2030-08-11,39.7,2.1,68.6,5.8,6601.55,7882.23,0,0.0,0.0,0.0,0.389685,0.456799
2030-08-12,36.7,14.9,62.3,6.4,6222.26,6464.13,0,0.0,0.0,0.0,0.378346,0.591455
2030-08-13,38.9,2.4,72.1,6.4,6781.39,7184.48,0,0.0,0.0,0.0,0.39597,0.587262
2030-08-14,35.7,5.3,64.1,8.0,6161.96,7069.02,0,0.0,0.0,0.0,0.375762,0.482757
2030-08-15,34.6,0.0,64.5,6.8,6247.55,6629.17,0,0.0,0.0,0.0,0.353536,0.543122
2030-08-16,34.7,170.8,89.1,16.8,6352.75,7289.12,0,0.0,0.0,0.0,0.685875,0.792699
2030-08-17,38.5,17.9,67.5,4.4,6897.78,6393.9,0,0.0,0.078806,0.0,0.388188,0.736977
2030-08-18,36.6,29.5,70.1,4.8,6340.17,6480.39,0,0.0,0.0,0.0,0.39778,0.62931
2030-08-19,34.6,5.9,59.7,5.9,6203.13,6668.33,0,0.0,0.0,0.0,0.34479,0.520139
2030-08-20,33.2,7.0,64.2,8.3,6161.67,6889.55,0,0.0,0.0,0.0,0.36386,0.497314
2030-08-21,36.4,34.2,50.0,5.2,6731.53,7394.52,0,0.0,0.0,0.0,0.367595,0.519716
2030-08-22,30.0,0.0,54.7,4.6,5601.82,6120.49,0,0.0,0.0,0.0,0.287865,0.445726
2030-08-23,28.4,0.0,57.7,4.9,5862.57,6547.59,0,0.0,0.0,0.0,0.285259,0.419913
2030-08-24,34.5,0.0,59.7,11.7,6843.26,7390.22,0,0.0,0.0,0.0,0.381685,0.552074
2030-08-25,35.1,9.5,64.1,8.1,6465.21,5915.53,0,0.0,0.092921,0.0,0.377703,0.74297
2030-08-26,32.1,0.0,55.3,4.9,6008.4,6854.74,0,0.0,0.0,0.0,0.305147,0.4178
2030-08-27,31.8,0.0,54.3,5.7,6193.0,6175.83,0,0.0,0.002781,0.0,0.307467,0.567503
2030-08-28,31.7,0.0,60.2,6.3,6208.74,6641.85,0,0.0,0.0,0.0,0.3225,0.503165
2030-08-29,33.1,43.6,72.2,7.1,6419.52,6813.7,0,0.0,0.0,0.0,0.413598,0.602853
2030-08-30,36.2,27.8,65.8,16.0,6756.56,7114.53,0,0.0,0.0,0.0,0.471426,0.669478
2030-08-31,35.7,0.0,54.1,6.3,6454.57,6327.54,0,0.0,0.020076,0.0,0.337428,0.617654
2030-09-01,33.4,17.6,71.6,5.3,5260.29,4880.83,0,0.0,0.077746,0.0,0.368839,0.716389
2030-09-02,34.1,0.0,54.5,10.0,5501.22,5428.88,0,0.0,0.013325,0.0,0.356182,0.628528
2030-09-03,31.7,39.8,64.8,12.7,5169.63,5697.21,0,0.0,0.0,0.0,0.429068,0.577753
2030-09-04,29.0,8.6,63.8,6.2,5013.99,4807.73,0,0.0,0.042902,0.0,0.321175,0.628049
2030-09-05,25.3,2.4,61.3,7.5,4763.82,4737.82,0,0.0,0.005488,0.0,0.294566,0.557762
2030-09-06,22.7,19.5,61.2,6.5,4696.08,5054.56,0,0.0,0.0,0.0,0.290389,0.464384
2030-09-07,21.9,13.1,51.2,7.6,4768.22,4698.0,0,0.0,0.014948,0.0,0.267045,0.541284
2030-09-08,20.6,7.7,54.6,8.3,5672.24,5761.79,0,0.0,0.0,0.0,0.263664,0.50231
2030-09-09,22.5,0.0,54.3,7.2,4965.83,5239.72,0,0.0,0.0,0.0,0.257742,0.45351
2030-09-10,21.0,17.6,65.6,9.8,4723.69,5043.98,0,0.0,0.0,0.0,0.310578,0.493239
2030-09-11,15.8,0.0,65.8,7.3,4437.88,4366.98,0,0.0,0.016235,0.0,0.235914,0.511657
2030-09-12,15.7,0.0,47.7,5.8,4746.54,5026.02,0,0.0,0.0,0.0,0.189744,0.381619
2030-09-13,16.8,0.0,54.7,9.6,4830.64,5193.55,0,0.0,0.0,0.0,0.23944,0.414655
2030-09-14,17.3,0.0,46.0,10.0,4811.0,4665.65,0,0.0,0.031153,0.0,0.22951,0.522668
2030-09-15,21.9,35.1,57.9,5.3,5123.37,5448.88,0,0.0,0.0,0.0,0.288703,0.475754
2030-09-16,21.3,0.0,45.1,13.9,4809.81,4833.16,0,0.0,0.0,0.0,0.28428,0.53543
2030-09-17,23.7,0.0,57.4,5.9,5097.9,5392.59,0,0.0,0.0,0.0,0.261433,0.454428
2030-09-18,23.8,0.0,49.9,6.9,4967.73,5442.42,0,0.0,0.0,0.0,0.255746,0.410715
2030-09-19,23.7,17.8,54.3,6.6,4960.34,5153.27,0,0.0,0.0,0.0,0.28274,0.495824
2030-09-20,22.0,0.0,48.3,6.3,4777.2,5290.96,0,0.0,0.0,0.0,0.236252,0.379686
2030-09-21,22.2,3.9,50.6,8.0,4899.19,5388.23,0,0.0,0.0,0.0,0.259758,0.410594
2030-09-22,20.8,0.0,49.5,6.0,4787.53,5300.72,0,0.0,0.0,0.0,0.228278,0.372046
2030-09-23,21.5,0.7,43.9,7.6,4924.99,5296.32,0,0.0,0.0,0.0,0.235591,0.410533
2030-09-24,21.2,7.6,40.3,9.3,4865.27,5445.93,0,0.0,0.0,0.0,0.2484,0.380718
2030-09-25,19.5,0.0,39.9,7.5,4761.14,5114.71,0,0.0,0.0,0.0,0.213283,0.389373
2030-09-26,21.9,0.0,38.1,11.2,5045.81,4768.1,0,0.0,0.058243,0.0,0.254276,0.579059
2030-09-27,22.7,0.0,46.9,6.2,4990.54,4991.03,0,0.0,0.0,0.0,0.237469,0.494144
2030-09-28,21.5,0.0,41.5,7.1,4834.13,5011.5,0,0.0,0.0,0.0,0.226379,0.441852
2030-09-29,21.6,0.0,50.2,6.7,4921.39,5140.41,0,0.0,0.0,0.0,0.240264,0.447314
2030-09-30,21.3,0.0,46.2,9.4,4887.68,5242.22,0,0.0,0.0,0.0,0.25162,0.429457
2030-10-01,19.3,0.0,35.5,7.9,4772.46,4768.46,0,0.0,0.000839,0.0,0.206801,0.46457
2030-10-02,19.6,0.0,42.3,7.4,4910.36,5777.28,0,0.0,0.0,0.0,0.21767,0.299283
2030-10-03,18.4,0.0,33.5,9.9,4808.71,5018.11,0,0.0,0.0,0.0,0.212551,0.420627
2030-10-04,16.7,0.0,38.1,12.7,4761.09,4996.84,0,0.0,0.0,0.0,0.231576,0.433288
2030-10-05,13.9,0.0,41.1,9.0,4687.09,4723.38,0,0.0,0.0,0.0,0.190195,0.438016
2030-10-06,14.2,0.0,38.5,10.6,4866.67,4802.37,0,0.0,0.01339,0.0,0.199644,0.472065
2030-10-07,16.2,15.0,56.1,6.5,4983.34,5192.86,0,0.0,0.0,0.0,0.232492,0.44218
2030-10-08,15.2,12.2,49.5,9.3,4797.89,5046.11,0,0.0,0.0,0.0,0.231714,0.431079
2030-10-09,20.8,22.2,46.3,16.7,5270.54,5505.22,0,0.0,0.0,0.0,0.331926,0.538951
2030-10-10,21.9,0.0,49.3,9.4,5030.2,5806.23,0,0.0,0.0,0.0,0.261388,0.362149
2030-10-11,23.6,0.0,37.0,9.6,5156.91,5373.72,0,0.0,0.0,0.0,0.251074,0.460764
2030-10-12,23.9,0.0,40.0,9.2,5093.16,5320.24,0,0.0,0.0,0.0,0.25559,0.462553
2030-10-13,26.2,15.6,49.6,8.4,5346.16,5888.07,0,0.0,0.0,0.0,0.30161,0.450958
2030-10-14,22.7,0.0,35.6,8.2,4811.1,4999.81,0,0.0,0.0,0.0,0.231714,0.444442
2030-10-15,16.2,0.0,44.3,8.7,4523.57,4903.45,0,0.0,0.0,0.0,0.209041,0.37539
2030-10-16,15.3,0.0,42.1,9.7,4834.42,4686.58,0,0.0,0.031544,0.0,0.2067,0.500316
2030-10-17,16.5,0.0,43.3,7.7,4982.06,4832.19,0,0.0,0.031015,0.0,0.201427,0.494424
2030-10-18,16.6,3.6,50.1,8.9,4922.27,5206.24,0,0.0,0.0,0.0,0.228488,0.421603
2030-10-19,16.8,0.0,42.2,11.4,4940.49,5115.43,0,0.0,0.0,0.0,0.229891,0.446758
2030-10-20,19.1,0.0,40.4,9.0,5094.17,5089.24,0,0.0,0.00097,0.0,0.223158,0.481079
2030-10-21,19.0,0.0,32.0,8.7,4956.16,5242.02,0,0.0,0.0,0.0,0.204434,0.397563
2030-10-22,19.7,0.0,40.3,10.1,5017.44,5334.41,0,0.0,0.0,0.0,0.235413,0.422836
2030-10-23,16.7,0.0,36.7,7.7,4761.88,4787.01,0,0.0,0.0,0.0,0.19037,0.441032
2030-10-24,13.9,0.0,38.3,9.1,4765.04,4847.55,0,0.0,0.0,0.0,0.185717,0.422637
2030-10-25,17.1,1.2,36.6,8.2,5137.27,5464.25,0,0.0,0.0,0.0,0.198142,0.385075
2030-10-26,16.6,0.0,40.9,9.9,4914.83,4844.41,0,0.0,0.014536,0.0,0.214562,0.488322
2030-10-27,14.6,0.0,33.3,8.9,4818.0,4875.56,0,0.0,0.0,0.0,0.179413,0.422421
2030-10-28,13.1,0.0,39.2,10.6,4854.34,5260.34,0,0.0,0.0,0.0,0.193706,0.360394
2030-10-29,11.7,0.0,32.7,9.5,4883.85,5120.71,0,0.0,0.0,0.0,0.163803,0.366594
2030-10-30,10.4,0.0,28.7,11.0,4906.09,5003.89,0,0.0,0.0,0.0,0.159308,0.393281
2030-10-31,8.2,0.0,35.9,10.0,4871.56,4837.98,0,0.0,0.006941,0.0,0.150591,0.415484
2030-11-01,6.0,0.0,39.7,8.6,4890.01,4822.37,0,0.0,0.014026,0.0,0.132412,0.405576
2030-11-02,6.8,0.0,33.4,8.7,5071.06,5282.52,0,0.0,0.0,0.0,0.126645,0.336704
2030-11-03,6.6,0.0,37.8,8.6,5014.98,5905.77,0,0.0,0.0,0.0,0.132805,0.213511
2030-11-04,9.7,10.6,37.8,10.7,5196.92,5642.0,0,0.0,0.0,0.0,0.182375,0.347072
2030-11-05,10.6,0.0,31.6,9.6,5051.83,4880.22,0,0.0,0.035165,0.0,0.155261,0.453102
2030-11-06,11.2,0.0,39.4,9.8,5032.84,5508.72,0,0.0,0.0,0.0,0.175384,0.331326
2030-11-07,9.7,0.0,33.3,12.3,4917.72,4928.49,0,0.0,0.0,0.0,0.17335,0.427589
2030-11-08,9.6,0.0,38.3,12.9,5014.03,5263.2,0,0.0,0.0,0.0,0.186695,0.388218
2030-11-09,10.5,0.0,29.0,10.7,5064.51,5129.85,0,0.0,0.0,0.0,0.158215,0.400136
2030-11-10,11.9,0.0,36.8,9.2,5082.86,5984.73,0,0.0,0.0,0.0,0.170494,0.251362
2030-11-11,11.3,0.0,39.2,10.9,4976.59,4869.85,0,0.0,0.021919,0.0,0.184156,0.466534
2030-11-12,13.2,0.0,37.7,13.6,5104.16,5460.21,0,0.0,0.0,0.0,0.2147,0.395366
2030-11-13,12.5,13.6,43.7,9.8,4962.44,4996.31,0,0.0,0.0,0.0,0.208609,0.457485
2030-11-14,13.5,0.0,39.0,12.8,5054.17,5542.13,0,0.0,0.0,0.0,0.212942,0.366947
2030-11-15,11.7,3.0,37.9,13.5,4907.65,5243.77,0,0.0,0.0,0.0,0.208077,0.390038
2030-11-16,7.6,0.0,39.8,14.1,4804.99,5425.01,0,0.0,0.0,0.0,0.185584,0.308953
2030-11-17,8.4,0.6,33.7,11.4,5102.45,5588.42,0,0.0,0.0,0.0,0.159319,0.314592
2030-11-18,10.0,0.0,38.0,12.0,5131.79,5164.16,0,0.0,0.0,0.0,0.181825,0.431297
2030-11-19,10.9,0.0,35.5,10.2,5086.76,6275.64,0,0.0,0.0,0.0,0.169181,0.204814
2030-11-20,11.3,0.0,44.5,10.4,5053.86,5483.4,0,0.0,0.0,0.0,0.190235,0.355577
2030-11-21,10.1,0.0,36.6,11.0,4967.55,5043.6,0,0.0,0.0,0.0,0.172143,0.41133
2030-11-22,8.1,0.0,28.8,9.6,4946.37,5257.74,0,0.0,0.0,0.0,0.133533,0.321188
2030-11-23,9.3,0.0,36.4,10.0,5123.07,5582.82,0,0.0,0.0,0.0,0.158779,0.319432
2030-11-24,9.9,0.0,30.3,12.3,5089.24,5533.76,0,0.0,0.0,0.0,0.169043,0.332057
2030-11-25,8.4,0.0,38.7,14.3,4976.53,5380.87,0,0.0,0.0,0.0,0.190338,0.359405
2030-11-26,10.6,0.3,38.9,10.8,5174.47,5748.26,0,0.0,0.0,0.0,0.178574,0.318834
2030-11-27,8.3,0.0,32.0,10.1,4930.02,5446.17,0,0.0,0.0,0.0,0.144709,0.290861
2030-11-28,7.0,0.0,29.8,12.3,5006.79,4989.78,0,0.0,0.003408,0.0,0.148991,0.409761
2030-11-29,10.4,0.0,35.7,11.1,5258.79,6220.13,0,0.0,0.0,0.0,0.173205,0.24957
2030-11-30,11.6,0.0,30.5,11.5,5113.15,6003.04,0,0.0,0.0,0.0,0.174451,0.258185
2030-12-01,10.1,0.0,30.8,11.6,5574.23,6134.22,0,0.0,0.0,0.0,0.165898,0.316116
2030-12-02,10.1,0.0,32.5,11.0,5683.33,5981.35,0,0.0,0.0,0.0,0.164455,0.363079
2030-12-03,9.9,0.0,38.2,10.8,5666.44,5969.71,0,0.0,0.0,0.0,0.172282,0.369766
2030-12-04,3.9,0.0,27.6,17.3,5327.08,5484.78,0,0.0,0.0,0.0,0.163013,0.386238
2030-12-05,2.7,0.0,31.3,13.9,5679.48,5893.91,0,0.0,0.0,0.0,0.135806,0.350124
2030-12-06,3.5,0.0,47.1,13.7,5807.38,5297.68,0,0.0,0.096212,0.0,0.169161,0.538269
2030-12-07,3.5,0.0,44.9,10.4,5754.03,6596.45,0,0.0,0.0,0.0,0.139573,0.247276
2030-12-08,4.7,0.0,41.3,11.0,5826.12,6549.61,1,0.5,0.0,0.0291,0.145362,0.273197
2030-12-09,7.5,0.0,35.5,13.6,5899.6,5571.4,0,0.0,0.058908,0.0,0.173005,0.498564
2030-12-10,6.7,0.0,39.1,10.9,5672.99,6274.73,0,0.0,0.0,0.0,0.153648,0.298485
2030-12-11,4.7,3.8,34.4,12.4,5599.75,5877.02,0,0.0,0.0,0.0,0.147864,0.349578
2030-12-12,5.8,33.0,30.2,12.5,5809.07,6026.67,0,0.0,0.0,0.0,0.183638,0.398278
2030-12-13,5.4,0.0,32.7,11.8,5707.52,6170.11,1,0.5,0.0,0.0285,0.140024,0.309291
2030-12-14,5.4,0.0,33.2,13.2,5737.01,5393.97,0,0.0,0.063599,0.0,0.151764,0.482797
2030-12-15,5.1,0.0,35.8,11.8,5721.72,6003.76,0,0.0,0.0,0.0,0.143859,0.345808
2030-12-16,10.0,0.0,38.2,11.8,6016.65,6347.61,0,0.0,0.0,0.0,0.180657,0.376579
2030-12-17,4.9,0.0,44.1,11.4,5389.36,5686.15,0,0.0,0.0,0.0,0.155017,0.350874
2030-12-18,4.5,0.0,36.1,16.0,5721.31,5514.48,0,0.0,0.037508,0.0,0.172874,0.473449
2030-12-19,5.0,0.0,31.1,11.6,5774.36,6225.66,1,1.257,0.0,0.0726,0.132844,0.305009
2030-12-20,3.8,0.0,35.2,12.1,5671.89,6334.19,0,0.0,0.0,0.0,0.13648,0.271207
2030-12-21,6.3,0.0,39.5,12.7,5894.18,6340.14,0,0.0,0.0,0.0,0.165651,0.340327
2030-12-22,8.1,0.0,35.9,12.4,5828.57,6035.84,0,0.0,0.0,0.0,0.16845,0.385152
2030-12-23,7.8,0.0,32.6,16.3,5689.84,6938.24,0,0.0,0.0,0.0,0.190378,0.237117
2030-12-24,7.1,16.6,43.5,15.0,5670.82,5624.05,0,0.0,0.008317,0.0,0.216424,0.482922
2030-12-25,6.9,0.0,31.1,12.8,5703.53,6266.62,0,0.0,0.0,0.0,0.154627,0.30652
2030-12-26,6.7,0.0,32.6,12.9,5710.24,6083.27,0,0.0,0.0,0.0,0.156893,0.342097
2030-12-27,6.7,0.0,39.2,12.1,5714.78,6725.02,0,0.0,0.0,0.0,0.163095,0.244517
2030-12-28,6.5,0.0,33.4,11.4,5701.41,6125.4,0,0.0,0.0,0.0,0.145501,0.321485
2030-12-29,7.1,0.0,35.7,11.7,5760.55,6266.74,0,0.0,0.0,0.0,0.156083,0.318577
2030-12-30,8.7,0.7,37.9,16.4,5801.44,6276.35,1,0.5,0.0,0.029,0.207873,0.37633
2030-12-31,6.0,0.0,37.6,14.2,5535.37,5443.07,0,0.0,0.016957,0.0,0.171685,0.448271
2031-01-01,4.3,0.0,33.2,12.5,5611.62,5585.02,0,0.0,0.004762,0.0,0.139112,0.401462
2031-01-02,1.5,0.0,39.8,14.0,5563.27,5744.82,0,0.0,0.0,0.0,0.144606,0.364503
2031-01-03,4.5,0.0,33.8,20.2,5939.21,6594.4,0,0.0,0.0,0.0,0.200969,0.341771
2031-01-04,5.7,0.0,46.8,14.6,5798.97,6174.08,0,0.0,0.0,0.0,0.190044,0.375908
2031-01-05,7.1,0.0,36.8,12.1,5803.91,6018.52,0,0.0,0.0,0.0,0.161232,0.376394
2031-01-06,4.5,0.0,42.0,13.1,5540.5,6296.49,0,0.0,0.0,0.0,0.16156,0.278186
2031-01-07,8.8,0.0,42.8,14.2,5974.15,5526.72,0,0.0,0.080956,0.0,0.199891,0.551191
2031-01-08,7.5,0.0,37.6,16.3,5602.02,5424.79,0,0.0,0.03267,0.0,0.197776,0.492705
2031-01-09,8.0,0.0,34.8,13.5,5721.23,5107.42,0,0.0,0.120179,0.0,0.174216,0.571304
2031-01-10,9.9,0.2,43.5,13.2,5784.82,6514.42,0,0.0,0.0,0.0,0.200982,0.327026
2031-01-11,7.7,0.0,32.9,12.7,5531.95,5774.84,0,0.0,0.0,0.0,0.162504,0.370193
2031-01-12,6.8,0.0,33.9,12.2,5631.66,6256.08,0,0.0,0.0,0.0,0.154588,0.29486
2031-01-13,7.6,0.0,43.6,15.1,5734.16,5981.4,0,0.0,0.0,0.0,0.200425,0.408961
2031-01-14,13.7,0.0,39.8,13.2,6010.3,6698.24,0,0.0,0.0,0.0,0.218847,0.355739
2031-01-15,13.4,0.0,37.5,12.2,5594.08,5829.12,0,0.0,0.0,0.0,0.204841,0.414559
2031-01-16,15.8,9.5,41.1,12.7,5765.05,6202.18,0,0.0,0.0,0.0,0.242859,0.41737
2031-01-17,17.0,0.0,37.5,14.0,5698.94,6078.49,0,0.0,0.0,0.0,0.242459,0.426355
2031-01-18,16.3,0.0,52.7,13.7,5560.72,5957.07,0,0.0,0.0,0.0,0.26403,0.443148
2031-01-19,13.1,0.0,47.1,14.8,5387.48,6228.68,0,0.0,0.0,0.0,0.240925,0.340054
2031-01-20,14.6,7.3,40.0,13.0,5686.21,5388.6,0,0.0,0.055229,0.0,0.232518,0.553783
2031-01-21,10.8,0.0,41.0,13.6,5363.12,5608.17,0,0.0,0.0,0.0,0.205069,0.410849
2031-01-22,13.9,0.0,45.8,12.2,5795.85,6157.93,0,0.0,0.0,0.0,0.223699,0.411847
2031-01-23,13.7,0.0,38.2,12.9,5568.97,5864.35,0,0.0,0.0,0.0,0.213532,0.411521
2031-01-24,7.8,0.0,40.6,15.8,5244.97,5375.74,0,0.0,0.0,0.0,0.20152,0.429912
2031-01-25,7.8,0.0,42.2,14.0,5639.79,5731.8,0,0.0,0.0,0.0,0.190631,0.428681
2031-01-26,9.8,0.0,39.5,13.2,5753.71,6596.0,0,0.0,0.0,0.0,0.192578,0.300294
2031-01-27,9.7,0.0,49.7,15.2,5605.6,5860.91,0,0.0,0.0,0.0,0.226476,0.432412
2031-01-28,11.5,0.0,41.0,14.3,5716.29,6880.07,0,0.0,0.0,0.0,0.215084,0.274405
2031-01-29,9.9,0.0,44.2,16.0,5496.42,5954.17,0,0.0,0.0,0.0,0.223655,0.390696
2031-01-30,7.7,0.0,45.7,12.5,5477.4,5651.31,0,0.0,0.0,0.0,0.18496,0.405825
2031-01-31,8.5,0.0,53.4,14.4,5666.58,6147.21,0,0.0,0.0,0.0,0.219331,0.384846
2031-02-01,9.4,0.0,45.3,14.0,5659.35,5981.16,0,0.0,0.0,0.0,0.20699,0.400969
2031-02-02,9.4,0.0,56.7,15.7,5594.91,6347.68,0,0.0,0.0,0.0,0.241482,0.35983
2031-02-03,12.6,0.0,44.5,12.8,5770.93,5634.93,0,0.0,0.024135,0.0,0.217323,0.502288
2031-02-04,11.0,0.0,45.6,14.6,5466.91,5119.9,1,0.732,0.067777,0.2711,0.222728,0.558641
2031-02-05,12.1,0.0,51.7,15.5,5632.17,6041.87,0,0.0,0.0,0.0,0.24836,0.425988
2031-02-06,12.6,0.6,57.0,14.8,5577.35,6149.86,0,0.0,0.0,0.0,0.256924,0.405037
2031-02-07,9.8,0.0,46.3,12.5,5379.46,5745.33,1,1.841,0.0,0.099,0.199927,0.382375
2031-02-08,8.0,0.0,54.1,13.6,5467.24,5972.23,0,0.0,0.0,0.0,0.211175,0.369254
2031-02-09,9.4,0.0,52.5,12.4,5656.02,6126.05,0,0.0,0.0,0.0,0.208144,0.375363
2031-02-10,14.4,0.0,44.8,13.9,5844.38,5591.52,0,0.0,0.045222,0.0,0.238237,0.547819
2031-02-11,15.7,0.0,48.8,15.3,5595.58,5974.5,0,0.0,0.0,0.0,0.265108,0.447858
2031-02-12,12.2,0.0,49.0,15.1,5288.28,5991.4,0,0.0,0.0,0.0,0.240871,0.360661
2031-02-13,6.6,0.0,44.4,14.3,5196.21,5512.25,0,0.0,0.0,0.0,0.189161,0.379019
2031-02-14,9.9,0.0,50.7,12.1,5764.29,5576.79,0,0.0,0.033621,0.0,0.20575,0.50179
2031-02-15,11.0,0.0,50.6,14.5,5593.81,5755.84,1,0.5,0.0,0.028,0.231331,0.455258
2031-02-16,14.3,0.0,52.4,14.4,5708.22,6193.85,0,0.0,0.0,0.0,0.255686,0.420946
2031-02-17,13.0,0.0,51.2,14.9,5408.23,6290.44,0,0.0,0.0,0.0,0.248725,0.341791
2031-02-18,14.5,0.0,47.9,12.5,5571.68,5163.56,0,0.0,0.079039,0.0,0.233906,0.582966
2031-02-19,16.7,0.0,63.8,12.8,5639.62,6049.94,1,0.946,0.0,0.0534,0.280535,0.458149
2031-02-20,16.0,0.0,53.0,19.3,5426.17,5378.8,0,0.0,0.008806,0.0,0.305825,0.572896
2031-02-21,15.5,0.0,58.8,12.2,5429.7,5874.86,0,0.0,0.0,0.0,0.25862,0.426952
2031-02-22,16.0,0.0,54.8,13.8,5504.17,5983.21,0,0.0,0.0,0.0,0.266762,0.430085
2031-02-23,17.6,7.1,62.2,12.4,5589.54,5786.92,0,0.0,0.0,0.0,0.289043,0.506015
2031-02-24,17.8,0.0,49.4,13.1,5497.63,5991.27,0,0.0,0.0,0.0,0.2631,0.423704
2031-02-25,19.9,2.2,53.7,13.2,5660.71,6350.26,0,0.0,0.0,0.0,0.28846,0.418486
2031-02-26,18.9,0.0,51.7,14.2,5423.78,5638.74,0,0.0,0.0,0.0,0.283151,0.495437
2031-02-27,16.3,0.0,51.5,13.4,5280.81,5099.99,0,0.0,0.035455,0.0,0.259465,0.557645
2031-02-28,21.0,0.0,56.0,11.6,5826.2,6640.77,0,0.0,0.0,0.0,0.284993,0.398587
2031-03-01,19.6,0.0,53.8,12.3,4663.84,5140.52,0,0.0,0.0,0.0,0.277042,0.425579
2031-03-02,18.6,7.8,50.2,12.7,4669.0,5068.27,0,0.0,0.0,0.0,0.276303,0.441127
2031-03-03,18.9,0.0,54.2,14.9,4740.62,4771.29,0,0.0,0.0,0.0,0.293239,0.542525
2031-03-04,19.5,0.0,54.1,12.4,4759.57,5293.04,0,0.0,0.0,0.0,0.277717,0.416848
2031-03-05,19.0,0.0,60.8,13.1,4694.9,5533.75,1,1.302,0.0,0.0611,0.292385,0.372211
2031-03-06,19.5,3.2,50.3,13.4,4747.52,4948.61,0,0.0,0.0,0.0,0.282212,0.491564
2031-03-07,19.9,0.0,54.5,13.3,4744.33,5009.79,0,0.0,0.0,0.0,0.288048,0.482979
2031-03-08,20.7,0.0,53.7,13.0,4774.91,4693.23,0,0.0,0.017405,0.0,0.289506,0.566613
2031-03-09,16.4,0.0,61.5,11.8,4414.06,4434.67,0,0.0,0.0,0.0,0.266529,0.517894
2031-03-10,21.4,0.0,55.4,12.2,5018.02,4929.22,0,0.0,0.018017,0.0,0.291134,0.568955
2031-03-11,21.5,0.0,63.7,14.4,4729.01,5004.44,0,0.0,0.0,0.0,0.324331,0.516871
2031-03-12,23.0,0.0,58.5,14.9,4871.4,5010.39,0,0.0,0.0,0.0,0.328326,0.552732
2031-03-13,20.4,0.0,61.6,15.2,4553.62,4888.25,0,0.0,0.0,0.0,0.319316,0.49619
2031-03-14,20.2,0.0,65.0,11.8,4682.88,4653.9,0,0.0,0.006228,0.0,0.298138,0.562197
2031-03-15,19.7,0.0,53.8,12.1,4654.19,4837.77,0,0.0,0.0,0.0,0.276157,0.488647
2031-03-16,23.6,0.0,58.9,13.2,5022.92,4972.32,0,0.0,0.010175,0.0,0.319914,0.588584
2031-03-17,22.7,0.0,62.5,17.0,4692.65,4982.74,0,0.0,0.0,0.0,0.350053,0.538878
2031-03-18,24.8,0.0,61.8,20.0,4966.85,4704.42,0,0.0,0.055784,0.0,0.38573,0.707642
2031-03-19,23.6,28.6,61.8,11.6,4716.93,4997.82,0,0.0,0.0,0.0,0.347901,0.53908
2031-03-20,23.2,0.0,64.9,11.4,4730.48,4883.94,0,0.0,0.0,0.0,0.314638,0.534747
2031-03-21,23.3,0.0,62.0,11.0,4764.05,5056.56,0,0.0,0.0,0.0,0.306774,0.496033
2031-03-22,26.5,0.0,62.7,13.3,5110.53,4834.09,0,0.0,0.057186,0.0,0.346925,0.670473
2031-03-23,22.8,0.0,61.3,10.8,4509.37,4920.84,0,0.0,0.0,0.0,0.300622,0.459796
2031-03-24,21.1,0.0,46.8,12.9,4562.52,4704.77,0,0.0,0.0,0.0,0.278433,0.499926
2031-03-25,18.4,0.0,65.8,12.9,4472.51,4757.31,0,0.0,0.0,0.0,0.296262,0.483165
2031-03-26,18.1,0.0,66.3,15.9,4595.03,4283.42,0,0.0,0.072748,0.0,0.31837,0.660086
2031-03-27,18.5,0.0,61.5,11.0,4634.35,4503.23,0,0.0,0.029116,0.0,0.274198,0.564979
2031-03-28,17.3,1.4,56.9,10.3,4519.94,4634.83,0,0.0,0.0,0.0,0.25397,0.481822
2031-03-29,18.1,0.0,61.6,10.6,4645.38,5280.21,0,0.0,0.0,0.0,0.268662,0.385097
2031-03-30,16.2,6.3,71.1,11.4,4462.9,4834.3,0,0.0,0.0,0.0,0.287811,0.454914
2031-03-31,16.8,0.0,62.8,10.8,4604.94,4872.86,0,0.0,0.0,0.0,0.263887,0.456491
2031-04-01,21.8,0.0,65.3,11.1,4921.06,4880.55,0,0.0,0.0083,0.0,0.303846,0.570326
2031-04-02,24.2,0.0,63.8,13.2,4892.12,4795.77,0,0.0,0.02009,0.0,0.333056,0.6133
2031-04-03,25.8,0.0,67.3,11.0,4921.93,5253.81,0,0.0,0.0,0.0,0.333189,0.516235
2031-04-04,24.7,0.0,59.5,11.0,4706.62,5149.71,0,0.0,0.0,0.0,0.311314,0.467659
2031-04-05,22.9,0.0,65.3,11.8,4563.73,4852.0,0,0.0,0.0,0.0,0.316497,0.503929
2031-04-06,22.2,0.0,72.1,10.6,4595.01,5319.65,0,0.0,0.0,0.0,0.315374,0.413141
2031-04-07,24.0,0.0,62.3,12.2,4819.74,4853.51,0,0.0,0.0,0.0,0.321209,0.569876
2031-04-08,27.2,4.5,66.9,12.9,5076.46,5387.65,0,0.0,0.0,0.0,0.361818,0.551179
2031-04-09,30.0,0.0,72.7,10.3,5190.82,4896.65,0,0.0,0.060074,0.0,0.365597,0.69252
2031-04-10,31.7,0.0,71.4,14.6,5215.44,5545.55,0,0.0,0.0,0.0,0.407544,0.594842
2031-04-11,30.4,0.0,70.2,9.7,4957.04,5663.76,1,0.5,0.0,0.0248,0.358916,0.470038
2031-04-12,30.9,0.0,70.2,9.7,5091.95,5012.44,0,0.0,0.015863,0.0,0.362212,0.63752
2031-04-13,30.7,0.0,70.4,10.4,5031.62,5550.15,0,0.0,0.0,0.0,0.36667,0.514394
2031-04-14,30.8,0.0,67.6,9.6,5053.71,5765.2,0,0.0,0.0,0.0,0.355906,0.468626
2031-04-15,35.5,4.8,75.7,11.2,5584.64,5621.21,0,0.0,0.0,0.0,0.420275,0.66947
2031-04-16,31.6,0.0,66.9,17.8,4844.43,5229.16,0,0.0,0.0,0.0,0.423138,0.594038
2031-04-17,31.7,0.0,64.5,10.2,5082.56,5842.49,0,0.0,0.0,0.0,0.360656,0.465603
2031-04-18,34.7,0.0,62.8,10.0,5422.82,5772.7,0,0.0,0.0,0.0,0.375699,0.561733
2031-04-19,31.7,0.0,66.9,9.3,4893.5,5380.71,0,0.0,0.0,0.0,0.358211,0.509296
2031-04-20,31.1,0.0,67.0,18.9,4997.39,4688.76,0,0.0,0.065824,0.0,0.428518,0.76215
2031-04-21,30.9,0.0,66.8,13.8,5007.44,5446.19,0,0.0,0.0,0.0,0.387473,0.550216
2031-04-22,31.3,0.0,64.7,12.4,5069.21,5487.86,0,0.0,0.0,0.0,0.375369,0.543102
2031-04-23,29.0,0.0,72.7,10.0,4775.84,4615.6,0,0.0,0.034716,0.0,0.356691,0.65401
2031-04-24,31.6,0.0,66.3,12.7,5206.14,5150.16,0,0.0,0.01087,0.0,0.382662,0.652141
2031-04-25,33.9,0.0,74.0,11.2,5306.18,5773.41,0,0.0,0.0,0.0,0.400685,0.563
2031-04-26,35.4,0.0,75.0,9.3,5339.41,5504.55,0,0.0,0.0,0.0,0.397787,0.619554
2031-04-27,33.9,0.0,84.5,18.3,5066.36,5674.59,0,0.0,0.0,0.0,0.475156,0.606818
2031-04-28,34.7,0.0,69.5,8.4,5246.18,5611.19,0,0.0,0.0,0.0,0.375916,0.556766
2031-04-29,33.4,0.0,71.2,9.5,5043.34,5313.45,0,0.0,0.0,0.0,0.379022,0.576467
2031-04-30,33.5,0.0,68.4,8.9,5135.24,5336.86,0,0.0,0.0,0.0,0.369802,0.582489
2031-05-01,38.7,0.0,66.5,8.1,5732.47,6124.79,0,0.0,0.0,0.0,0.394341,0.576354
2031-05-02,38.7,0.3,70.5,8.1,5400.06,5943.22,0,0.0,0.0,0.0,0.402207,0.552306
2031-05-03,36.2,0.0,68.8,14.1,5101.15,5527.78,0,0.0,0.0,0.0,0.428472,0.595163
2031-05-04,37.0,0.0,66.9,8.9,5348.78,5473.68,0,0.0,0.0,0.0,0.390059,0.620211
2031-05-05,34.6,0.0,74.2,9.1,5016.75,5659.32,0,0.0,0.0,0.0,0.38947,0.513711
2031-05-06,33.0,0.0,67.8,8.8,4982.11,5437.64,0,0.0,0.0,0.0,0.364609,0.523602
2031-05-07,32.1,0.0,76.1,8.7,4973.45,5342.83,0,0.0,0.0,0.0,0.373468,0.549549
2031-05-08,32.6,0.0,77.7,7.7,5084.12,5367.69,0,0.0,0.0,0.0,0.372048,0.567165
2031-05-09,35.8,0.0,69.2,9.8,5422.66,5864.62,0,0.0,0.0,0.0,0.393406,0.56222
2031-05-10,37.7,0.0,80.7,10.0,5439.37,5083.66,0,0.0,0.069972,0.0,0.429035,0.76751
2031-05-11,39.1,0.0,75.8,8.3,5484.52,5842.13,0,0.0,0.0,0.0,0.415958,0.601289
2031-05-12,37.1,0.0,73.5,10.6,5148.29,5937.68,0,0.0,0.0,0.0,0.41621,0.517799
2031-05-13,36.6,0.1,65.1,13.6,5218.65,5551.91,0,0.0,0.0,0.0,0.420435,0.60715
2031-05-14,37.8,0.0,65.6,7.3,5394.06,5692.13,0,0.0,0.0,0.0,0.380549,0.576208
2031-05-15,37.1,4.5,83.2,8.5,5223.45,5288.53,1,0.5,0.0,0.0261,0.423684,0.666108
2031-05-16,37.2,0.0,80.9,9.3,5283.11,5711.26,0,0.0,0.0,0.0,0.420713,0.589988
2031-05-17,38.8,0.0,82.4,7.1,5459.75,5665.64,0,0.0,0.0,0.0,0.417097,0.631463
2031-05-18,38.5,0.0,83.8,12.1,5320.74,6025.66,0,0.0,0.0,0.0,0.456325,0.576545
2031-05-19,39.4,0.0,81.4,9.9,5447.9,5423.88,0,0.0,0.004428,0.0,0.440782,0.702742
2031-05-20,43.0,0.0,75.8,9.8,5813.09,5938.1,0,0.0,0.0,0.0,0.453239,0.685453
2031-05-21,42.3,6.0,79.0,11.9,5492.93,5559.64,0,0.0,0.0,0.0,0.478149,0.720931
2031-05-22,44.4,0.0,71.3,8.0,5799.37,6759.62,0,0.0,0.0,0.0,0.44014,0.531093
2031-05-23,45.0,0.0,76.0,8.0,5718.38,5935.93,0,0.0,0.0,0.0,0.452908,0.666913
2031-05-24,41.4,0.0,78.6,8.3,5245.67,5326.82,0,0.0,0.0,0.0,0.436369,0.675375
2031-05-25,39.2,0.0,78.7,8.9,5224.93,4798.02,0,0.0,0.088978,0.0,0.426685,0.787346
2031-05-26,38.1,0.0,74.3,9.0,5227.71,5188.94,0,0.0,0.007472,0.0,0.411956,0.677468
2031-05-27,37.2,0.0,64.8,6.9,5190.97,5623.16,0,0.0,0.0,0.0,0.372007,0.539072
2031-05-28,38.0,0.0,67.4,6.6,5343.49,5787.02,0,0.0,0.0,0.0,0.379841,0.547159
2031-05-29,40.0,0.0,77.4,9.0,5534.2,5583.86,0,0.0,0.0,0.0,0.430292,0.6767
2031-05-30,43.0,9.7,74.9,8.7,5756.91,5828.72,0,0.0,0.0,0.0,0.454899,0.697307
2031-05-31,43.5,0.0,78.3,10.3,5618.47,6557.72,0,0.0,0.0,0.0,0.46508,0.554665
2031-06-01,42.4,0.0,68.9,9.6,6598.97,8049.9,0,0.0,0.0,0.0,0.434803,0.481178
2031-06-02,38.2,0.0,81.8,6.2,6089.46,6835.03,0,0.0,0.0,0.0,0.405073,0.534522
2031-06-03,39.3,0.0,70.3,6.3,6559.66,7532.03,0,0.0,0.0,0.0,0.391532,0.497613
2031-06-04,40.0,51.7,95.3,6.5,6583.09,7723.38,0,0.0,0.0,0.0,0.507644,0.592077
2031-06-05,40.9,0.7,67.4,7.8,6655.73,7917.11,0,0.0,0.0,0.0,0.409069,0.479865
2031-06-06,45.5,0.0,77.9,10.6,7262.63,7487.62,0,0.0,0.0,0.0,0.479827,0.701539
2031-06-07,47.4,48.4,82.3,7.7,7175.89,7137.63,0,0.0,0.005359,0.0,0.537278,0.800326
2031-06-08,48.1,0.0,74.8,7.2,7114.3,8291.79,0,0.0,0.0,0.0,0.464918,0.555929
2031-06-09,45.1,0.0,80.2,6.0,6615.97,6544.85,0,0.0,0.010867,0.0,0.44601,0.715486
2031-06-10,43.7,59.1,94.0,7.0,6644.35,6611.46,0,0.0,0.004974,0.0,0.542481,0.805078
2031-06-11,43.3,37.7,80.0,8.5,6710.65,6621.03,0,0.0,0.013536,0.0,0.499058,0.77165
2031-06-12,41.7,26.3,78.1,6.5,6501.36,6772.61,0,0.0,0.0,0.0,0.455608,0.665642
2031-06-13,43.0,26.8,73.3,6.3,6816.83,6305.46,0,0.0,0.081099,0.0,0.454244,0.80571
2031-06-14,43.7,0.0,65.5,9.2,6820.45,6545.69,0,0.0,0.041977,0.0,0.433911,0.739703
2031-06-15,41.4,0.0,70.2,7.8,6425.53,6494.88,0,0.0,0.0,0.0,0.41676,0.661085
2031-06-16,44.1,37.0,79.2,8.8,7009.55,6831.91,0,0.0,0.026002,0.0,0.504292,0.791436
2031-06-17,44.1,0.0,66.6,5.9,6787.37,7581.03,0,0.0,0.0,0.0,0.413147,0.547721
2031-06-18,40.4,13.4,76.4,11.1,6254.23,6569.56,0,0.0,0.0,0.0,0.463607,0.664363
2031-06-19,40.9,0.0,73.8,6.0,6609.2,7179.92,0,0.0,0.0,0.0,0.406326,0.570321
2031-06-20,41.9,0.0,73.8,6.3,6721.63,7255.69,0,0.0,0.0,0.0,0.415232,0.586095
2031-06-21,44.0,3.0,70.5,7.8,6959.34,7216.65,0,0.0,0.0,0.0,0.438121,0.653287
2031-06-22,43.1,0.0,70.7,5.8,6652.56,7399.32,0,0.0,0.0,0.0,0.413471,0.552444
2031-06-23,44.8,0.0,71.9,7.1,6967.67,7514.53,0,0.0,0.0,0.0,0.436957,0.608791
2031-06-24,44.8,15.6,81.3,7.1,6836.97,7041.67,0,0.0,0.0,0.0,0.473616,0.69647
2031-06-25,41.7,1.4,70.2,6.2,6393.6,6035.01,0,0.0,0.059419,0.0,0.4081,0.734255
2031-06-26,39.1,0.0,64.7,7.1,6259.09,6777.35,0,0.0,0.0,0.0,0.385887,0.553406
2031-06-27,42.1,6.0,72.8,5.8,6899.38,6696.11,0,0.0,0.030356,0.0,0.418138,0.710366
2031-06-28,44.6,7.7,72.5,7.2,7033.21,7553.37,0,0.0,0.0,0.0,0.44693,0.623327
2031-06-29,44.9,53.7,77.9,7.7,6869.31,7319.38,0,0.0,0.0,0.0,0.519016,0.704022
2031-06-30,47.4,0.0,70.4,6.3,7228.84,6970.74,0,0.0,0.037025,0.0,0.445109,0.745123
2031-07-01,48.5,46.5,79.5,7.9,7189.91,7666.45,0,0.0,0.0,0.0,0.538503,0.722728
2031-07-02,48.7,0.0,71.7,5.3,7121.31,7563.21,0,0.0,0.0,0.0,0.4484,0.636982
2031-07-03,45.6,32.5,82.1,6.3,6648.72,7062.81,0,0.0,0.0,0.0,0.494836,0.683182
2031-07-04,48.4,42.6,79.7,11.1,7326.15,7760.3,0,0.0,0.0,0.0,0.558152,0.749632
2031-07-05,48.2,0.0,74.1,6.2,7067.1,7130.0,0,0.0,0.0,0.0,0.456548,0.703039
2031-07-06,46.2,24.5,75.9,5.8,6783.76,7375.79,0,0.0,0.0,0.0,0.473547,0.636634
2031-07-07,44.0,0.0,69.8,4.9,6626.43,6670.68,0,0.0,0.0,0.0,0.410771,0.659817
2031-07-08,44.1,0.6,69.5,5.2,6818.73,6698.04,0,0.0,0.018018,0.0,0.413915,0.69174
2031-07-09,40.2,0.0,69.7,6.0,6256.97,6835.75,0,0.0,0.0,0.0,0.394024,0.551971
2031-07-10,41.9,11.6,66.5,8.3,6805.31,7547.05,0,0.0,0.0,0.0,0.43113,0.573185
2031-07-11,39.9,0.0,61.1,7.5,6385.35,6948.48,0,0.0,0.0,0.0,0.387496,0.549676
2031-07-12,40.9,10.3,78.2,4.9,6693.0,6940.28,0,0.0,0.0,0.0,0.418655,0.633851
2031-07-13,39.9,0.0,70.9,6.5,6470.54,6003.45,0,0.0,0.077803,0.0,0.398155,0.745773
2031-07-14,39.6,0.6,67.0,6.0,6507.57,7440.4,0,0.0,0.0,0.0,0.385739,0.496168
2031-07-15,38.4,6.1,76.2,6.1,6356.7,5891.58,0,0.0,0.078948,0.0,0.402562,0.751514
2031-07-16,38.5,0.0,83.4,7.2,6477.52,7040.55,0,0.0,0.0,0.0,0.417766,0.581199
2031-07-17,42.7,1.9,61.8,6.9,7082.09,8377.72,0,0.0,0.0,0.0,0.404953,0.481202
2031-07-18,45.0,0.0,68.4,6.8,7090.88,7512.2,0,0.0,0.0,0.0,0.429398,0.620715
2031-07-19,44.8,0.0,71.7,6.9,6871.1,7340.72,0,0.0,0.0,0.0,0.435039,0.617145
2031-07-20,43.8,0.0,60.0,4.2,6747.68,7246.31,0,0.0,0.0,0.0,0.385677,0.562136
2031-07-21,44.7,0.0,60.2,10.9,6966.27,7401.55,0,0.0,0.0,0.0,0.443682,0.631818
2031-07-22,46.0,0.0,72.3,5.9,7086.34,8490.07,0,0.0,0.0,0.0,0.436358,0.500132
2031-07-23,43.0,0.0,67.0,7.2,6548.81,6528.38,0,0.0,0.003129,0.0,0.416677,0.67712
2031-07-24,42.1,71.0,81.3,13.8,6659.09,6651.5,1,0.5,0.001141,0.0333,0.575111,0.833233
2031-07-25,37.9,0.0,58.6,5.0,6127.13,6307.07,0,0.0,0.0,0.0,0.350336,0.57382
2031-07-26,40.4,11.7,71.0,5.6,6818.65,7907.4,0,0.0,0.0,0.0,0.408969,0.505022
2031-07-27,44.2,7.6,61.1,8.1,7190.68,7288.88,0,0.0,0.0,0.0,0.429741,0.670803
2031-07-28,43.2,31.0,68.6,8.9,6741.36,7261.18,0,0.0,0.0,0.0,0.471936,0.645153
2031-07-29,38.0,0.7,61.0,5.8,6072.52,6785.88,1,1.827,0.0,0.1109,0.362522,0.49659
2031-07-30,39.3,3.0,64.4,4.3,6665.37,7325.75,0,0.0,0.0,0.0,0.368698,0.520253
2031-07-31,37.2,3.8,60.5,4.7,6274.28,6990.42,0,0.0,0.0,0.0,0.351606,0.4888
2031-08-01,36.0,0.0,60.0,5.1,6266.76,7139.92,0,0.0,0.0,0.0,0.341209,0.455234
2031-08-02,37.5,0.0,69.1,6.3,6584.49,7041.57,0,0.0,0.0,0.0,0.377418,0.55843
2031-08-03,38.0,0.0,65.0,6.5,6535.53,6674.12,0,0.0,0.0,0.0,0.374569,0.607118
2031-08-04,36.8,31.8,71.8,7.3,6336.63,6712.23,0,0.0,0.0,0.0,0.424382,0.615847
2031-08-05,35.5,39.5,75.6,7.9,6246.84,6425.75,0,0.0,0.0,0.0,0.436962,0.661248
2031-08-06,36.0,0.0,57.9,5.3,6418.14,7758.62,0,0.0,0.0,0.0,0.338815,0.39391
2031-08-07,35.2,9.3,67.0,7.8,6279.11,6382.35,0,0.0,0.0,0.0,0.381241,0.619147
2031-08-08,33.2,20.5,69.8,9.6,6056.71,6543.9,0,0.0,0.0,0.0,0.400863,0.570741
2031-08-09,33.1,0.0,57.1,6.7,6198.14,5921.98,0,0.0,0.046632,0.0,0.329002,0.640231
2031-08-10,34.3,0.0,64.9,4.6,6380.14,6752.54,0,0.0,0.0,0.0,0.335333,0.527741
2031-08-11,34.1,7.8,64.7,6.1,6272.9,6473.09,0,0.0,0.0,0.0,0.354731,0.575417
2031-08-12,31.5,0.0,62.6,8.5,5924.64,6473.07,0,0.0,0.0,0.0,0.342657,0.500539
2031-08-13,34.1,0.0,69.3,4.5,6493.73,7105.51,0,0.0,0.0,0.0,0.341493,0.49777
2031-08-14,28.8,0.0,61.2,4.7,5564.65,6339.65,0,0.0,0.0,0.0,0.292915,0.406994
2031-08-15,29.0,4.6,56.8,4.7,5990.69,6795.04,0,0.0,0.0,0.0,0.291596,0.410197
2031-08-16,28.7,0.0,60.6,6.9,5945.48,6217.92,0,0.0,0.0,0.0,0.308106,0.513746
2031-08-17,30.1,0.0,59.7,5.0,6149.82,6091.42,0,0.0,0.009587,0.0,0.300986,0.568968
2031-08-18,31.9,7.4,55.6,8.6,6309.96,6296.66,0,0.0,0.002112,0.0,0.341969,0.601225
2031-08-19,34.4,0.0,48.8,5.9,6534.05,6985.37,0,0.0,0.0,0.0,0.315836,0.497201
2031-08-20,32.7,0.0,58.3,11.2,6108.79,6474.95,0,0.0,0.0,0.0,0.363338,0.554111
2031-08-21,33.9,0.8,63.2,7.4,6408.22,6832.76,0,0.0,0.0,0.0,0.35209,0.536346
2031-08-22,34.0,0.0,62.7,6.0,6339.02,6442.27,0,0.0,0.0,0.0,0.340033,0.578113
2031-08-23,30.2,8.0,61.0,7.8,5812.59,6629.53,0,0.0,0.0,0.0,0.335448,0.448382
2031-08-24,34.3,0.0,65.1,5.0,6675.9,6390.31,0,0.0,0.044691,0.0,0.338795,0.647757
2031-08-25,30.9,13.2,61.1,6.7,7072.25,7162.78,0,0.0,0.0,0.0,0.338107,0.580142
2031-08-26,31.8,0.0,55.6,6.7,6278.84,6166.71,0,0.0,0.018182,0.0,0.317621,0.595638
2031-08-27,32.4,31.8,65.2,6.0,6301.26,6533.37,0,0.0,0.0,0.0,0.372974,0.58829
2031-08-28,32.6,0.0,52.2,4.9,6289.18,7097.55,0,0.0,0.0,0.0,0.30263,0.42646
2031-08-29,31.2,0.0,49.2,6.7,6081.61,6275.44,0,0.0,0.0,0.0,0.301666,0.522398
2031-08-30,32.6,0.0,50.3,6.7,6392.4,6752.89,1,0.535,0.0,0.0342,0.312957,0.507427
2031-08-31,28.9,0.0,52.4,5.5,5783.38,6314.57,0,0.0,0.0,0.0,0.283247,0.441834
2031-09-01,28.9,6.2,60.4,5.0,5160.27,5309.27,0,0.0,0.0,0.0,0.301954,0.525982
2031-09-02,27.8,4.3,48.0,5.4,5040.62,5414.16,1,0.641,0.0,0.0323,0.272221,0.448468
2031-09-03,26.7,0.0,48.9,10.6,4980.93,5308.67,0,0.0,0.0,0.0,0.301535,0.486253
2031-09-04,27.9,6.4,59.1,5.7,5197.28,5086.89,1,0.5,0.021702,0.0564,0.29857,0.580694
2031-09-05,30.1,0.0,51.3,7.0,5386.17,5497.93,0,0.0,0.0,0.0,0.300668,0.533727
2031-09-06,29.0,0.0,51.8,6.9,5121.12,5491.57,0,0.0,0.0,0.0,0.293583,0.471622
2031-09-07,30.3,0.0,50.6,6.3,5347.74,6047.11,0,0.0,0.0,0.0,0.295273,0.417049
2031-09-08,29.8,82.0,82.3,28.7,5213.53,5652.16,0,0.0,0.0,0.0,0.624303,0.790498
2031-09-09,27.5,0.0,54.5,7.9,4978.59,5884.78,0,0.0,0.0,0.0,0.296475,0.373498
2031-09-10,26.8,30.3,60.3,7.6,5048.78,5455.64,0,0.0,0.0,0.0,0.337391,0.507121
2031-09-11,26.1,0.0,52.1,6.8,5015.25,5135.42,1,0.659,0.0,0.0331,0.274259,0.503732
2031-09-12,24.7,0.0,52.8,6.0,4901.22,5126.53,0,0.0,0.0,0.0,0.260171,0.465654
2031-09-13,25.8,0.0,59.6,6.9,5113.86,5332.9,0,0.0,0.0,0.0,0.287116,0.495957
2031-09-14,26.2,0.0,48.2,8.2,5100.29,5224.25,0,0.0,0.0,0.0,0.278409,0.507499
2031-09-15,22.8,16.8,54.8,8.7,4696.04,5044.14,0,0.0,0.0,0.0,0.292729,0.468956
2031-09-16,19.9,0.0,49.5,8.3,4657.23,5016.1,0,0.0,0.0,0.0,0.240092,0.413362
2031-09-17,21.7,0.0,53.6,5.4,4962.43,4843.59,0,0.0,0.024534,0.0,0.237268,0.522701
2031-09-18,20.6,55.1,71.0,5.6,4780.15,5400.33,0,0.0,0.0,0.0,0.331413,0.454137
2031-09-19,21.8,0.0,45.5,6.8,4944.4,4619.46,0,0.0,0.070341,0.0,0.233542,0.572449
2031-09-20,23.8,0.0,50.4,5.7,5087.01,5270.06,0,0.0,0.0,0.0,0.247424,0.463666
2031-09-21,21.1,0.0,48.6,6.2,4713.17,5290.09,0,0.0,0.0,0.0,0.230111,0.359588
2031-09-22,18.7,0.0,40.5,6.0,4692.5,5106.69,0,0.0,0.0,0.0,0.197561,0.359666
2031-09-23,22.8,21.0,57.2,7.0,5179.08,5321.56,0,0.0,0.0,0.0,0.289236,0.51477
2031-09-24,23.4,0.0,54.6,7.4,5007.14,5878.56,0,0.0,0.0,0.0,0.26578,0.349518
2031-09-25,22.3,23.6,56.5,6.1,4849.98,4958.02,0,0.0,0.0,0.0,0.280856,0.512207
2031-09-26,20.3,0.0,43.0,10.6,4762.71,4400.16,0,0.0,0.082395,0.0,0.248288,0.601266
2031-09-27,19.5,6.2,40.6,8.2,4824.97,5203.83,0,0.0,0.0,0.0,0.227561,0.399359
2031-09-28,17.5,0.0,48.8,7.6,4724.99,4431.82,0,0.0,0.066151,0.0,0.217559,0.551574
2031-09-29,19.9,14.4,43.5,9.3,5029.86,5017.88,0,0.0,0.002387,0.0,0.254128,0.513705
2031-09-30,18.5,55.3,53.9,7.7,4785.82,5265.0,0,0.0,0.0,0.0,0.301957,0.452499
2031-10-01,21.0,8.4,47.8,8.6,5060.75,5166.85,0,0.0,0.0,0.0,0.256719,0.489537
2031-10-02,20.0,0.0,48.1,7.2,4841.11,5260.24,0,0.0,0.0,0.0,0.229639,0.393412
2031-10-03,17.9,0.0,42.4,6.9,4746.63,4637.64,1,0.5,0.0235,0.0558,0.202795,0.48702
2031-10-04,17.3,0.0,42.8,6.7,4837.33,5340.82,0,0.0,0.0,0.0,0.198047,0.344784
2031-10-05,12.4,0.0,43.0,8.2,4572.93,4314.43,0,0.0,0.059917,0.0,0.177698,0.504433
2031-10-06,13.4,0.0,38.7,8.6,4921.3,5576.2,0,0.0,0.0,0.0,0.179313,0.298997
2031-10-07,14.1,0.0,41.1,14.2,4896.93,4995.13,0,0.0,0.0,0.0,0.231637,0.465477
2031-10-08,16.6,0.0,34.6,6.6,5021.24,5756.66,0,0.0,0.0,0.0,0.177286,0.284939
2031-10-09,13.1,0.0,46.1,8.2,4666.63,4652.85,0,0.0,0.002961,0.0,0.188125,0.448372
2031-10-10,16.3,0.0,56.1,10.1,5070.79,5939.22,0,0.0,0.0,0.0,0.242627,0.32872
2031-10-11,18.1,9.0,44.4,7.4,5020.63,4968.75,0,0.0,0.010441,0.0,0.222702,0.491681
2031-10-12,20.4,0.0,47.6,10.9,5084.05,4763.66,0,0.0,0.067257,0.0,0.259887,0.595193
2031-10-13,19.6,2.1,40.6,10.3,4892.25,5150.15,0,0.0,0.0,0.0,0.239422,0.437753
2031-10-14,21.0,12.9,37.6,11.2,5049.04,5694.01,0,0.0,0.0,0.0,0.263146,0.387702
2031-10-15,17.1,19.6,57.0,9.6,4683.73,5151.26,0,0.0,0.0,0.0,0.269644,0.42048
2031-10-16,18.3,0.0,36.4,7.7,5004.82,5621.75,0,0.0,0.0,0.0,0.200354,0.329034
2031-10-17,16.2,0.0,45.1,8.8,4786.64,5270.39,0,0.0,0.0,0.0,0.211312,0.36095
2031-10-18,12.8,1.8,41.7,10.9,4708.47,4700.58,0,0.0,0.00168,0.0,0.200927,0.459676
2031-10-19,11.0,0.0,45.9,8.0,4829.45,5304.1,0,0.0,0.0,0.0,0.172365,0.324687
2031-10-20,11.8,0.0,39.4,7.5,4979.23,5257.31,0,0.0,0.0,0.0,0.161592,0.356633
2031-10-21,10.7,0.0,33.7,7.7,4881.57,4907.38,0,0.0,0.0,0.0,0.145197,0.395847
2031-10-22,12.2,0.0,36.0,10.4,5024.66,5332.66,0,0.0,0.0,0.0,0.18023,0.369594
2031-10-23,9.0,0.0,50.8,8.4,4773.21,4994.94,0,0.0,0.0,0.0,0.171456,0.376424
2031-10-24,5.7,0.0,40.5,9.9,4800.63,5468.91,0,0.0,0.0,0.0,0.141966,0.256104
2031-10-25,10.0,0.0,49.6,11.0,5229.28,5321.12,0,0.0,0.0,0.0,0.195859,0.4325
2031-10-26,12.5,0.0,36.6,8.8,5095.77,5170.26,0,0.0,0.0,0.0,0.170987,0.410958
2031-10-27,10.6,0.8,42.0,8.3,4850.16,4879.19,0,0.0,0.0,0.0,0.165706,0.41555
2031-10-28,11.0,0.0,31.7,8.4,4997.55,5844.64,0,0.0,0.0,0.0,0.148826,0.236419
2031-10-29,13.4,0.0,38.1,14.9,5090.27,5138.68,0,0.0,0.0,0.0,0.2268,0.472592
2031-10-30,14.1,0.0,48.9,8.6,4983.95,5640.34,0,0.0,0.0,0.0,0.203052,0.323987
2031-10-31,14.0,0.0,33.6,10.5,4946.4,4872.31,0,0.0,0.015205,0.0,0.188366,0.462908
2031-11-01,15.8,0.0,33.9,11.7,5060.99,5475.57,0,0.0,0.0,0.0,0.210052,0.378453
2031-11-02,13.5,0.0,41.4,10.5,4828.53,5149.81,0,0.0,0.0,0.0,0.199696,0.383656
2031-11-03,13.2,0.0,37.7,9.7,4948.72,5580.69,0,0.0,0.0,0.0,0.184608,0.309199
2031-11-04,12.8,0.0,46.4,10.0,4951.25,5538.31,0,0.0,0.0,0.0,0.200599,0.333645
2031-11-05,12.0,0.0,35.6,10.4,4932.8,5204.89,0,0.0,0.0,0.0,0.178162,0.373925
2031-11-06,11.0,10.2,39.5,8.7,4939.55,5019.4,0,0.0,0.0,0.0,0.178211,0.41643
2031-11-07,11.1,0.0,38.1,11.3,5006.47,5769.32,0,0.0,0.0,0.0,0.183862,0.286292
2031-11-08,11.1,0.0,31.0,14.8,5000.71,5050.08,0,0.0,0.0,0.0,0.197555,0.442932
2031-11-09,8.9,0.0,29.8,9.5,4890.63,4436.45,0,0.0,0.102374,0.0,0.139909,0.516211
2031-11-10,10.7,0.0,29.2,10.4,5125.75,4781.86,0,0.0,0.071914,0.0,0.157593,0.498337
2031-11-11,8.7,7.5,21.4,13.5,4906.3,4652.4,0,0.0,0.054573,0.0,0.162856,0.483356
2031-11-12,8.5,0.0,35.5,14.7,5026.13,5466.06,0,0.0,0.0,0.0,0.188084,0.350917
2031-11-13,8.1,6.2,30.9,9.0,5024.15,5976.28,0,0.0,0.0,0.0,0.140405,0.211207
2031-11-14,9.1,0.0,33.0,12.3,5098.74,4698.4,0,0.0,0.085208,0.0,0.168833,0.525095
2031-11-15,5.0,30.0,48.3,14.5,4817.92,4821.28,0,0.0,0.0,0.0,0.224074,0.48005
2031-11-16,7.6,0.0,30.8,9.3,5217.11,5507.23,0,0.0,0.0,0.0,0.131672,0.326963
2031-11-17,6.5,0.0,38.9,11.7,5004.5,5742.0,0,0.0,0.0,0.0,0.158128,0.264977
2031-11-18,9.5,0.0,27.5,14.7,5219.02,5220.89,0,0.0,0.0,0.0,0.179675,0.436047
2031-11-19,8.4,0.0,31.9,10.6,4989.09,5424.24,0,0.0,0.0,0.0,0.149039,0.312176
2031-11-20,8.4,0.0,44.0,11.6,5054.28,5227.36,0,0.0,0.0,0.0,0.179442,0.397579
2031-11-21,12.2,0.0,33.1,10.6,5253.87,6379.51,0,0.0,0.0,0.0,0.176336,0.227142
2031-11-22,10.9,0.0,41.6,12.0,4958.85,5251.94,0,0.0,0.0,0.0,0.194507,0.386149
2031-11-23,12.9,0.0,46.9,13.5,5135.47,5507.32,0,0.0,0.0,0.0,0.229201,0.407169
2031-11-24,12.0,0.0,33.0,14.2,4979.33,5254.72,0,0.0,0.0,0.0,0.202608,0.398217
2031-11-25,12.1,0.0,31.7,10.6,5033.0,5153.16,0,0.0,0.0,0.0,0.173052,0.402621
2031-11-26,11.4,0.0,24.2,10.2,4998.67,5547.73,0,0.0,0.0,0.0,0.151289,0.292541
2031-11-27,12.4,0.0,36.5,12.3,5089.95,4972.79,0,0.0,0.023561,0.0,0.197146,0.48144
2031-11-28,10.1,0.0,36.9,12.9,4916.81,4542.52,0,0.0,0.082396,0.0,0.187366,0.540346
2031-11-29,7.6,0.0,38.9,10.3,4931.29,5131.2,0,0.0,0.0,0.0,0.154576,0.365884
2031-11-30,6.4,0.0,42.0,11.3,5012.79,5520.99,0,0.0,0.0,0.0,0.160195,0.309527
2031-12-01,6.8,0.0,29.9,15.3,5742.63,5819.64,0,0.0,0.0,0.0,0.171008,0.41235
2031-12-02,6.5,1.9,44.8,11.4,5695.77,6047.47,0,0.0,0.0,0.0,0.169194,0.358092
2031-12-03,8.1,0.0,33.6,14.4,5810.99,5654.65,0,0.0,0.027648,0.0,0.17957,0.468636
2031-12-04,10.5,0.1,36.9,11.2,5843.87,6527.3,0,0.0,0.0,0.0,0.177007,0.311566
2031-12-05,7.9,0.0,34.7,14.5,5528.52,6032.0,0,0.0,0.0,0.0,0.181086,0.340435
2031-12-06,6.3,0.0,31.3,12.1,5612.88,5900.5,0,0.0,0.0,0.0,0.145646,0.345531
2031-12-07,3.6,0.0,29.2,11.8,5563.01,5900.3,0,0.0,0.0,0.0,0.121597,0.311653
2031-12-08,8.4,4.1,37.3,12.3,6027.57,5799.75,1,1.231,0.03928,0.2915,0.177284,0.479931
2031-12-09,8.7,0.0,30.4,11.3,5725.1,5524.84,0,0.0,0.036248,0.0,0.153605,0.45271
2031-12-10,9.3,0.0,34.2,10.9,5738.17,5980.98,0,0.0,0.0,0.0,0.161598,0.370995
2031-12-11,6.2,0.0,33.3,11.9,5511.14,5965.06,0,0.0,0.0,0.0,0.147194,0.315149
2031-12-12,6.4,17.2,37.9,13.7,5736.3,6227.07,0,0.0,0.0,0.0,0.192012,0.356796
2031-12-13,7.5,0.0,26.5,10.9,5793.43,5950.63,0,0.0,0.0,0.0,0.135296,0.361246
2031-12-14,6.9,0.0,20.0,15.4,5679.36,6230.02,0,0.0,0.0,0.0,0.153876,0.307481
2031-12-15,9.0,0.0,39.9,12.2,5847.82,6663.64,0,0.0,0.0,0.0,0.180339,0.294206
2031-12-16,13.2,0.0,41.4,14.0,5934.39,6197.95,1,0.628,0.0,0.0373,0.224724,0.431872
2031-12-17,10.1,11.6,26.0,12.2,6569.59,7026.23,0,0.0,0.0,0.0,0.175681,0.356601
2031-12-18,7.4,0.0,38.1,13.8,5533.95,5738.18,0,0.0,0.0,0.0,0.178764,0.394004
2031-12-19,5.6,0.0,37.2,14.0,5606.86,5842.59,0,0.0,0.0,0.0,0.166755,0.376444
2031-12-20,9.1,5.2,30.9,16.3,5935.09,6295.25,0,0.0,0.0,0.0,0.202104,0.392105
2031-12-21,10.7,0.0,40.8,11.3,5793.94,6705.36,0,0.0,0.0,0.0,0.186288,0.2844
2031-12-22,9.7,0.0,42.1,12.7,5622.8,6228.16,0,0.0,0.0,0.0,0.192936,0.336258
2031-12-23,9.3,0.0,41.9,15.1,5662.95,6240.5,0,0.0,0.0,0.0,0.208443,0.357192
2031-12-24,7.2,0.0,45.4,12.9,5574.52,5693.89,0,0.0,0.0,0.0,0.184189,0.416505
2031-12-25,9.0,0.0,41.9,12.7,5816.26,5777.96,0,0.0,0.006629,0.0,0.187947,0.452475
2031-12-26,7.9,0.0,32.9,12.6,5630.34,6050.03,0,0.0,0.0,0.0,0.16305,0.338857
2031-12-27,7.2,0.0,37.2,13.2,5669.91,6397.68,0,0.0,0.0,0.0,0.171128,0.29512
2031-12-28,8.5,0.0,39.2,14.4,5782.46,6699.42,0,0.0,0.0,0.0,0.192706,0.289712
2031-12-29,7.9,0.0,45.1,12.8,5663.13,5071.24,0,0.0,0.116715,0.0,0.187468,0.580511
2031-12-30,7.3,0.0,36.4,15.5,5671.49,6829.17,0,0.0,0.0,0.0,0.188034,0.246926
2031-12-31,7.4,0.0,34.7,13.7,5710.81,6146.38,0,0.0,0.0,0.0,0.171617,0.345678
2032-01-01,9.0,0.0,29.7,13.0,5800.17,6422.31,0,0.0,0.0,0.0,0.167387,0.311089
2032-01-02,12.1,0.0,42.6,13.4,5855.36,5506.28,0,0.0,0.063396,0.0,0.215094,0.545893
2032-01-03,12.4,0.0,39.4,15.5,5669.36,5868.21,0,0.0,0.0,0.0,0.227275,0.444506
2032-01-04,13.1,0.0,34.2,12.5,5686.06,6265.12,0,0.0,0.0,0.0,0.198991,0.347883
2032-01-05,11.7,0.0,42.6,13.0,5557.23,5423.81,0,0.0,0.0246,0.0,0.209371,0.494878
2032-01-06,9.6,0.0,37.3,12.7,5528.56,4798.99,0,0.0,0.152025,0.0,0.183277,0.617542
2032-01-07,10.6,0.0,32.6,13.0,5731.28,6138.99,0,0.0,0.0,0.0,0.183371,0.36263
2032-01-08,10.5,0.2,46.1,13.5,5652.64,5917.54,0,0.0,0.0,0.0,0.212126,0.416657
2032-01-09,7.3,0.0,29.3,15.6,5467.98,6237.89,0,0.0,0.0,0.0,0.175494,0.288198
2032-01-10,6.9,4.7,41.7,14.7,5666.43,5892.66,0,0.0,0.0,0.0,0.194897,0.406868
2032-01-11,7.1,0.0,39.5,13.5,5703.03,5957.03,0,0.0,0.0,0.0,0.177097,0.38411
2032-01-12,6.4,0.0,32.1,13.5,5648.65,6179.36,0,0.0,0.0,0.0,0.158608,0.315137
2032-01-13,9.9,0.0,42.2,14.4,5890.97,6569.09,0,0.0,0.0,0.0,0.207559,0.343839
2032-01-14,10.7,0.0,37.3,13.1,5699.13,5729.61,0,0.0,0.0,0.0,0.193614,0.444194
2032-01-15,13.2,0.0,49.4,12.7,5778.11,6410.84,0,0.0,0.0,0.0,0.229693,0.371264
2032-01-16,13.0,0.0,46.3,14.5,5598.9,5694.81,0,0.0,0.0,0.0,0.236452,0.473581
2032-01-17,12.5,0.0,42.6,12.8,5582.35,5867.27,0,0.0,0.0,0.0,0.213101,0.413201
2032-01-18,10.1,0.0,29.3,12.6,5476.43,5981.67,0,0.0,0.0,0.0,0.170801,0.328987
2032-01-19,10.1,0.0,39.2,20.2,5636.77,6218.73,0,0.0,0.0,0.0,0.248006,0.395548
2032-01-20,10.1,0.0,39.1,12.1,5636.96,6031.85,0,0.0,0.0,0.0,0.185318,0.365681
2032-01-21,7.4,0.0,48.6,12.1,5474.85,5375.9,0,0.0,0.018408,0.0,0.185334,0.463611
2032-01-22,7.0,0.0,43.7,13.6,5627.42,5245.73,0,0.0,0.072761,0.0,0.185084,0.526816
2032-01-23,7.1,0.0,44.7,14.8,5661.8,5877.85,0,0.0,0.0,0.0,0.196877,0.410757
2032-01-24,8.7,0.0,48.5,13.5,5743.62,6382.26,0,0.0,0.0,0.0,0.204518,0.344492
2032-01-25,10.1,3.7,52.8,13.2,5712.74,6160.22,0,0.0,0.0,0.0,0.224008,0.395998
2032-01-26,9.2,0.0,51.2,18.6,5560.8,5923.63,0,0.0,0.0,0.0,0.252228,0.437513
2032-01-27,10.6,0.0,47.0,13.0,5700.07,5982.55,0,0.0,0.0,0.0,0.210371,0.412039
2032-01-28,10.4,0.0,43.2,13.8,5595.77,5984.52,0,0.0,0.0,0.0,0.2081,0.389056
2032-01-29,5.0,0.0,47.0,13.4,5277.84,5211.19,0,0.0,0.012789,0.0,0.176546,0.448267
2032-01-30,5.5,0.0,45.0,14.1,5677.48,6240.41,0,0.0,0.0,0.0,0.181493,0.332975
2032-01-31,9.0,5.7,50.8,13.4,5848.37,6452.61,0,0.0,0.0,0.0,0.216991,0.364462
2032-02-01,6.4,0.0,42.9,14.5,5447.07,5597.51,0,0.0,0.0,0.0,0.186574,0.411989
2032-02-02,7.9,0.0,50.6,13.8,5714.5,6157.56,0,0.0,0.0,0.0,0.205497,0.378288
2032-02-03,12.1,0.0,46.6,13.2,5845.11,5505.26,0,0.0,0.061732,0.0,0.221051,0.549907
2032-02-04,10.8,0.0,48.6,12.4,5487.36,5823.97,0,0.0,0.0,0.0,0.210059,0.399376
2032-02-05,11.3,0.0,41.0,12.0,5602.11,5835.23,0,0.0,0.0,0.0,0.196019,0.406171
2032-02-06,9.2,0.0,45.9,14.7,5438.1,6141.42,0,0.0,0.0,0.0,0.212198,0.335296
2032-02-07,13.4,9.4,52.2,12.7,5814.64,6032.61,0,0.0,0.0,0.0,0.247731,0.46234
2032-02-08,13.4,0.0,47.0,13.8,5530.14,6109.29,0,0.0,0.0,0.0,0.234999,0.381121
2032-02-09,13.7,0.0,36.5,12.4,5543.49,5684.05,0,0.0,0.0,0.0,0.206487,0.434408
2032-02-10,16.7,0.0,42.4,15.4,5723.46,5185.32,0,0.0,0.103782,0.0,0.260471,0.638416
2032-02-11,17.7,0.0,50.6,15.2,5609.14,5809.9,0,0.0,0.0,0.0,0.280895,0.497346
2032-02-12,15.4,12.3,59.8,12.7,5355.52,5689.68,0,0.0,0.0,0.0,0.278702,0.466929
2032-02-13,14.2,0.0,48.4,14.9,5414.77,5736.97,0,0.0,0.0,0.0,0.251385,0.442611
2032-02-14,15.5,0.0,47.4,15.3,5581.66,5919.1,0,0.0,0.0,0.0,0.261165,0.451403
2032-02-15,14.4,0.0,55.5,16.7,5413.21,5511.15,0,0.0,0.0,0.0,0.279905,0.515949
2032-02-16,10.5,0.0,50.6,12.3,5266.54,5422.46,0,0.0,0.0,0.0,0.21106,0.434282
2032-02-17,11.6,0.0,54.6,13.1,5584.57,5467.52,0,0.0,0.021408,0.0,0.231984,0.513766
2032-02-18,9.7,0.0,49.8,13.4,5395.04,4986.17,0,0.0,0.082001,0.0,0.212775,0.565293
2032-02-19,14.5,0.0,49.5,13.1,5781.1,6031.38,0,0.0,0.0,0.0,0.241536,0.449883
2032-02-20,15.4,0.0,56.0,17.2,5529.17,5546.05,0,0.0,0.0,0.0,0.291292,0.544529
2032-02-21,14.1,0.0,55.6,14.3,5374.72,6009.1,1,0.5,0.0,0.0269,0.259596,0.393144
2032-02-22,13.5,0.0,51.0,12.4,5425.11,4950.6,0,0.0,0.095848,0.0,0.232356,0.60104
2032-02-23,10.7,0.0,47.3,18.3,5299.8,5661.95,0,0.0,0.0,0.0,0.252487,0.434608
2032-02-24,10.0,0.0,44.9,14.4,5451.55,6452.75,0,0.0,0.0,0.0,0.213281,0.288939
2032-02-25,13.9,0.0,45.9,12.9,5698.87,5918.16,0,0.0,0.0,0.0,0.229288,0.442821
2032-02-26,19.4,0.0,50.8,11.8,5868.24,6160.64,0,0.0,0.0,0.0,0.26624,0.467622
2032-02-27,20.9,0.0,55.9,13.0,5619.86,6051.8,0,0.0,0.0,0.0,0.294949,0.468417
2032-02-28,20.5,0.0,46.3,16.1,5484.81,5933.39,0,0.0,0.0,0.0,0.298232,0.466763
2032-02-29,19.5,0.0,47.0,13.3,5428.73,5560.45,0,0.0,0.0,0.0,0.271348,0.500484
2032-03-01,17.8,0.0,57.2,12.8,4613.7,4551.31,1,0.5,0.013708,0.0316,0.27541,0.548203
2032-03-02,22.5,0.0,63.5,14.0,5063.69,5525.1,0,0.0,0.0,0.0,0.327461,0.486759
2032-03-03,21.8,0.9,61.7,12.9,4723.1,4391.5,0,0.0,0.075509,0.0,0.312083,0.657023
2032-03-04,25.9,0.0,47.2,14.4,5209.08,5742.65,0,0.0,0.0,0.0,0.322396,0.470719
2032-03-05,27.9,0.0,58.7,14.9,5182.15,5313.34,0,0.0,0.0,0.0,0.360999,0.588965
2032-03-06,23.2,0.0,61.8,12.0,4545.16,4773.3,0,0.0,0.0,0.0,0.313456,0.51445
2032-03-07,21.7,0.0,54.9,15.3,4655.1,4733.71,0,0.0,0.0,0.0,0.316094,0.553498
2032-03-08,20.5,0.0,56.6,11.9,4654.66,5306.99,0,0.0,0.0,0.0,0.285137,0.398431
2032-03-09,20.8,4.5,60.9,13.2,4738.62,5049.89,0,0.0,0.0,0.0,0.310699,0.495532
2032-03-10,21.1,0.0,60.9,16.7,4741.41,4882.37,0,0.0,0.0,0.0,0.334192,0.557278
2032-03-11,27.6,0.0,60.7,13.0,5408.89,5560.1,0,0.0,0.0,0.0,0.348111,0.573153
2032-03-12,24.7,0.0,62.7,11.3,4695.78,4886.74,0,0.0,0.0,0.0,0.319629,0.5308
2032-03-13,25.0,3.3,61.4,13.1,4897.41,5881.83,0,0.0,0.0,0.0,0.337084,0.39849
2032-03-14,26.1,0.0,56.6,14.1,4996.53,4831.77,1,1.212,0.034101,0.2066,0.339024,0.635622
2032-03-15,25.8,0.0,57.9,14.1,4894.17,5472.77,0,0.0,0.0,0.0,0.339484,0.472852
2032-03-16,25.9,0.0,56.5,14.9,4914.39,5336.0,0,0.0,0.0,0.0,0.343691,0.508242
2032-03-17,23.7,1.7,58.9,12.9,4663.69,5349.29,0,0.0,0.0,0.0,0.320332,0.4275
2032-03-18,24.3,0.0,63.9,14.3,4852.85,5287.82,0,0.0,0.0,0.0,0.34239,0.503151
2032-03-19,25.6,0.0,57.6,11.3,4961.77,5210.91,0,0.0,0.0,0.0,0.315999,0.516974
2032-03-20,26.4,0.0,67.1,13.7,4965.53,5532.9,0,0.0,0.0,0.0,0.357603,0.494682
2032-03-21,27.6,0.0,57.1,11.8,5047.69,5373.15,0,0.0,0.0,0.0,0.332102,0.518181
2032-03-22,30.3,0.5,63.5,15.3,5280.06,5795.2,0,0.0,0.0,0.0,0.389515,0.542534
2032-03-23,31.5,0.0,66.9,12.5,5254.67,5990.2,0,0.0,0.0,0.0,0.381584,0.49503
2032-03-24,30.8,0.0,65.3,11.7,5095.27,5379.74,0,0.0,0.0,0.0,0.367797,0.562857
2032-03-25,27.9,0.0,54.1,14.0,4799.34,4910.99,0,0.0,0.0,0.0,0.345429,0.575678
2032-03-26,26.7,0.0,64.3,12.2,4839.88,4885.57,0,0.0,0.0,0.0,0.342756,0.588628
2032-03-27,26.6,0.0,60.3,10.5,4892.35,5275.83,0,0.0,0.0,0.0,0.32148,0.493416
2032-03-28,27.5,0.0,57.7,10.8,4996.54,4969.94,0,0.0,0.005353,0.0,0.324852,0.58789
2032-03-29,26.9,0.0,65.7,17.5,4865.37,5001.41,0,0.0,0.0,0.0,0.387594,0.61263
2032-03-30,25.5,0.0,58.6,12.5,4745.92,4693.92,0,0.0,0.011078,0.0,0.326474,0.596197
2032-03-31,23.9,0.0,66.4,12.1,4650.31,5031.75,0,0.0,0.0,0.0,0.327466,0.495759
2032-04-01,21.8,0.0,72.7,11.5,4514.71,4526.51,0,0.0,0.0,0.0,0.320807,0.574554
2032-04-02,23.0,0.0,67.3,12.3,4754.25,4606.56,0,0.0,0.03206,0.0,0.324765,0.618983
2032-04-03,21.6,0.0,64.9,12.5,4540.57,4449.86,0,0.0,0.020386,0.0,0.31258,0.593167
2032-04-04,21.4,0.0,65.5,10.1,4607.43,4672.03,0,0.0,0.0,0.0,0.293868,0.534516
2032-04-05,22.6,0.0,71.2,11.0,4716.4,4809.51,0,0.0,0.0,0.0,0.31941,0.5536
2032-04-06,21.7,0.0,65.4,10.5,4559.63,4859.84,0,0.0,0.0,0.0,0.298744,0.483419
2032-04-07,24.4,0.0,64.8,10.0,4896.35,5091.32,0,0.0,0.0,0.0,0.311558,0.523643
2032-04-08,27.4,0.0,62.8,9.6,5065.24,5436.67,0,0.0,0.0,0.0,0.324496,0.50153
2032-04-09,27.3,0.0,63.2,17.3,4869.79,5251.52,0,0.0,0.0,0.0,0.384,0.555932
2032-04-10,27.5,0.0,72.4,20.0,4893.98,5366.99,0,0.0,0.0,0.0,0.423402,0.577305
2032-04-11,29.6,0.0,65.8,17.1,5120.04,4760.65,0,0.0,0.075492,0.0,0.402492,0.747411
2032-04-12,28.9,0.0,71.3,12.9,4904.84,4801.76,0,0.0,0.021466,0.0,0.375783,0.657634
2032-04-13,28.2,0.0,71.9,11.4,4868.53,5282.15,0,0.0,0.0,0.0,0.36072,0.526096
2032-04-14,31.7,0.0,64.2,10.2,5302.33,5638.07,1,1.183,0.0,0.0627,0.360093,0.547366
2032-04-15,33.9,0.0,65.3,10.4,5340.19,5935.87,0,0.0,0.0,0.0,0.3782,0.517838
2032-04-16,35.2,6.0,73.9,9.4,5346.37,5093.63,0,0.0,0.049619,0.0,0.402498,0.717213
2032-04-17,36.9,0.0,70.4,10.6,5463.83,5573.46,0,0.0,0.0,0.0,0.409079,0.642906
2032-04-18,32.5,0.0,69.0,9.1,4843.57,4995.31,0,0.0,0.0,0.0,0.365878,0.587206
2032-04-19,35.7,0.0,72.5,10.8,5484.67,5816.45,0,0.0,0.0,0.0,0.406651,0.59685
2032-04-20,36.4,0.0,75.5,9.2,5359.5,5639.59,0,0.0,0.0,0.0,0.404544,0.603355
2032-04-21,38.2,0.0,70.4,12.5,5528.3,5968.09,0,0.0,0.0,0.0,0.432309,0.603073
2032-04-22,38.5,0.0,68.0,9.8,5439.45,5672.14,0,0.0,0.0,0.0,0.408953,0.617852
2032-04-23,38.1,0.0,71.6,13.2,5369.67,6102.4,0,0.0,0.0,0.0,0.439301,0.555918
2032-04-24,37.2,0.0,67.2,13.1,5283.6,6110.72,0,0.0,0.0,0.0,0.424347,0.523123
2032-04-25,37.8,0.0,72.1,11.3,5409.33,5298.83,0,0.0,0.020853,0.0,0.4236,0.704735
2032-04-26,36.9,4.1,72.7,13.6,5266.48,5544.77,1,1.571,0.0,0.0827,0.441542,0.639741
2032-04-27,38.7,0.0,67.7,10.2,5524.79,6078.79,0,0.0,0.0,0.0,0.412795,0.563192
2032-04-28,35.2,6.1,71.5,12.6,5001.66,5436.18,0,0.0,0.0,0.0,0.422811,0.586289
2032-04-29,34.6,0.0,70.6,10.5,5143.85,5268.87,0,0.0,0.0,0.0,0.393523,0.622613
2032-04-30,39.3,11.3,78.8,12.7,5739.12,6118.22,0,0.0,0.0,0.0,0.47064,0.655095
2032-05-01,37.7,1.9,68.6,10.1,5246.18,4985.14,0,0.0,0.052363,0.0,0.409438,0.727357
2032-05-02,37.3,0.0,68.6,12.1,5293.22,5551.5,0,0.0,0.0,0.0,0.419915,0.622392
2032-05-03,35.7,0.0,71.0,11.9,5131.05,4915.55,0,0.0,0.04384,0.0,0.412326,0.720295
2032-05-04,37.0,0.0,75.8,9.9,5373.6,5814.25,0,0.0,0.0,0.0,0.414462,0.582777
2032-05-05,35.8,0.0,76.8,8.5,5157.9,5053.17,0,0.0,0.020726,0.0,0.397625,0.67861
2032-05-06,36.1,0.0,74.6,11.9,5256.37,5573.17,0,0.0,0.0,0.0,0.421712,0.612142
2032-05-07,38.4,0.0,77.0,9.7,5510.03,5896.34,0,0.0,0.0,0.0,0.424397,0.604702
2032-05-08,37.2,0.0,79.4,12.0,5215.92,5501.64,0,0.0,0.0,0.0,0.438734,0.634897
2032-05-09,39.2,0.0,74.5,8.5,5531.44,5587.79,0,0.0,0.0,0.0,0.415723,0.66074
2032-05-10,40.9,0.0,69.8,7.6,5603.08,5808.98,0,0.0,0.0,0.0,0.411172,0.626583
2032-05-11,42.8,3.8,74.5,7.4,5715.75,6426.83,0,0.0,0.0,0.0,0.435601,0.563227
2032-05-12,42.5,0.0,67.2,8.0,5552.31,5681.4,0,0.0,0.0,0.0,0.419929,0.650194
2032-05-13,48.5,3.6,77.0,11.5,6316.8,6641.17,0,0.0,0.0,0.0,0.509251,0.709022
2032-05-14,49.0,0.0,71.8,8.3,5958.73,6047.65,1,0.537,0.0,0.032,0.473713,0.713338
2032-05-15,48.0,0.0,74.9,9.8,5793.92,6456.09,0,0.0,0.0,0.0,0.484508,0.621563
2032-05-16,44.8,6.7,75.7,9.7,5468.81,5769.07,0,0.0,0.0,0.0,0.472319,0.66835
2032-05-17,43.8,0.2,72.6,7.0,5562.16,5572.56,0,0.0,0.0,0.0,0.431151,0.685762
2032-05-18,46.1,0.0,75.7,9.8,5908.24,6206.3,1,2.57,0.0,0.1518,0.473484,0.674209
2032-05-19,48.5,10.5,76.6,9.7,6052.25,6262.96,0,0.0,0.0,0.0,0.503031,0.720545
2032-05-20,50.0,0.0,71.5,7.5,6071.85,6908.14,0,0.0,0.0,0.0,0.473569,0.589035
2032-05-21,49.8,0.0,69.3,9.0,5943.17,6223.6,0,0.0,0.0,0.0,0.479699,0.683887
2032-05-22,45.7,0.0,76.6,11.8,5437.74,5235.93,0,0.0,0.038544,0.0,0.487967,0.789752
2032-05-23,45.8,0.0,68.8,8.4,5737.04,6204.11,0,0.0,0.0,0.0,0.447767,0.61667
2032-05-24,42.5,5.6,85.2,10.1,5323.09,6188.22,0,0.0,0.0,0.0,0.476715,0.570299
2032-05-25,39.4,0.0,81.4,8.0,5169.73,5818.05,0,0.0,0.0,0.0,0.426121,0.552824
2032-05-26,40.4,0.0,67.0,13.9,5488.3,5381.36,0,0.0,0.019872,0.0,0.451237,0.731226
2032-05-27,41.8,0.0,78.1,6.9,5588.77,5773.59,0,0.0,0.0,0.0,0.427265,0.646685
2032-05-28,43.7,0.0,80.7,8.4,5725.68,6000.89,0,0.0,0.0,0.0,0.456238,0.659489
2032-05-29,44.4,0.0,72.1,6.4,5684.74,5962.33,0,0.0,0.0,0.0,0.429295,0.631734
2032-05-30,45.0,0.0,76.8,8.7,5713.69,6136.51,0,0.0,0.0,0.0,0.459809,0.636162
2032-05-31,42.5,0.0,74.4,6.1,5365.68,5517.64,0,0.0,0.0,0.0,0.418769,0.643408
2032-06-01,42.3,17.9,82.9,7.7,6662.75,6611.55,0,0.0,0.007744,0.0,0.467574,0.733404
2032-06-02,39.4,0.0,72.7,11.8,6254.23,6941.97,0,0.0,0.0,0.0,0.43913,0.580266
2032-06-03,36.0,0.0,80.0,9.5,6009.71,5884.8,0,0.0,0.021226,0.0,0.41266,0.694229
2032-06-04,38.8,22.4,79.8,6.2,6667.73,6664.18,0,0.0,0.000534,0.0,0.432608,0.69002
2032-06-05,38.1,0.0,73.3,10.6,6343.95,6209.61,0,0.0,0.021634,0.0,0.422427,0.704473
2032-06-06,40.8,12.3,81.2,7.3,6787.94,7389.15,0,0.0,0.0,0.0,0.44458,0.606386
2032-06-07,43.4,0.0,79.3,7.1,6958.32,7352.91,0,0.0,0.0,0.0,0.441604,0.635746
2032-06-08,42.1,0.0,63.1,6.9,6550.59,7242.73,0,0.0,0.0,0.0,0.401117,0.546346
2032-06-09,43.4,0.0,60.2,6.8,6853.66,6857.31,0,0.0,0.0,0.0,0.403477,0.659646
2032-06-10,42.0,9.1,78.6,6.0,6537.7,6348.5,0,0.0,0.029802,0.0,0.433679,0.72526
2032-06-11,38.5,10.9,74.0,6.6,6148.56,6284.03,0,0.0,0.0,0.0,0.408811,0.640434
2032-06-12,39.7,1.9,68.4,7.0,6588.48,6842.16,0,0.0,0.0,0.0,0.398326,0.611833
2032-06-13,39.4,0.0,72.6,5.4,6457.87,6865.83,0,0.0,0.0,0.0,0.389559,0.576983
2032-06-14,39.3,0.0,88.9,6.1,6459.38,6097.71,0,0.0,0.059312,0.0,0.424864,0.750895
2032-06-15,44.0,43.5,78.5,8.4,7162.72,7736.88,0,0.0,0.0,0.0,0.507165,0.677321
2032-06-16,40.7,10.6,81.2,6.8,6307.61,6267.64,0,0.0,0.006377,0.0,0.437989,0.702224
2032-06-17,42.0,77.7,89.7,14.7,6746.61,6876.86,1,4.021,0.0,0.2713,0.605321,0.84
2032-06-18,40.2,0.0,66.7,5.3,6390.61,7182.69,0,0.0,0.0,0.0,0.382998,0.511051
2032-06-19,42.6,0.0,70.8,5.2,6880.1,6277.8,1,0.5,0.09594,0.33,0.405733,0.774525
2032-06-20,43.2,2.5,67.3,7.2,6785.41,7262.54,0,0.0,0.0,0.0,0.421608,0.601703
2032-06-21,44.0,0.0,65.8,5.7,6838.95,7318.23,0,0.0,0.0,0.0,0.409444,0.589779
2032-06-22,41.9,14.6,73.5,5.7,6476.46,6466.2,1,1.339,0.001586,0.0867,0.427854,0.686496
2032-06-23,40.5,0.0,67.9,6.0,6449.39,6590.24,0,0.0,0.0,0.0,0.392627,0.624467
2032-06-24,42.9,15.9,76.4,5.7,6898.09,7773.64,0,0.0,0.0,0.0,0.441468,0.566773
2032-06-25,46.4,50.6,86.6,6.1,7237.49,8579.33,1,0.913,0.0,0.0661,0.529087,0.603291
2032-06-26,46.6,0.0,69.0,7.3,6980.76,7798.05,0,0.0,0.0,0.0,0.444927,0.579365
2032-06-27,44.0,0.0,75.9,15.0,6579.95,7690.71,0,0.0,0.0,0.0,0.500141,0.588325
2032-06-28,44.4,5.4,70.6,5.6,6849.34,6893.5,1,1.426,0.0,0.0976,0.426898,0.67621
2032-06-29,48.9,0.0,71.7,9.0,7496.25,7124.85,1,1.745,0.052128,0.6818,0.478267,0.795911
2032-06-30,47.8,0.0,61.4,4.6,6958.11,7282.95,0,0.0,0.0,0.0,0.417754,0.622475
2032-07-01,49.7,4.5,73.6,6.0,7332.25,8070.65,0,0.0,0.0,0.0,0.469445,0.619427
2032-07-02,46.7,0.0,83.2,6.4,6733.26,6283.15,0,0.0,0.071638,0.0,0.465267,0.805687
2032-07-03,45.7,0.0,75.7,5.3,6831.56,6774.41,0,0.0,0.008437,0.0,0.436126,0.702764
2032-07-04,46.2,2.2,71.2,5.8,6990.77,6981.19,1,5.35,0.001372,0.374,0.437526,0.695918
2032-07-05,46.2,0.0,65.5,6.1,6945.01,7448.27,0,0.0,0.0,0.0,0.426469,0.604381
2032-07-06,43.8,0.0,79.3,5.0,6597.54,7022.03,0,0.0,0.0,0.0,0.428037,0.614256
2032-07-07,41.8,18.6,74.8,6.7,6499.04,6506.61,0,0.0,0.0,0.0,0.442228,0.69766
2032-07-08,43.7,0.0,67.3,6.5,6948.27,7374.4,0,0.0,0.0,0.0,0.416452,0.605784
2032-07-09,45.7,18.5,71.9,5.8,7084.71,6927.98,0,0.0,0.022623,0.0,0.455431,0.738631
2032-07-10,47.9,0.0,80.6,5.7,7256.29,7424.17,0,0.0,0.0,0.0,0.4629,0.693292
2032-07-11,50.0,0.0,69.5,7.5,7418.88,7198.68,0,0.0,0.03059,0.0,0.469819,0.762319
2032-07-12,48.6,9.8,74.5,7.1,7001.76,7285.58,0,0.0,0.0,0.0,0.478836,0.690148
2032-07-13,46.5,0.0,68.6,5.1,6812.8,6809.86,0,0.0,0.000431,0.0,0.426543,0.683837
2032-07-14,48.1,20.0,74.0,8.7,7232.31,7908.48,1,0.5,0.0,0.0362,0.499394,0.656372
2032-07-15,48.0,0.0,67.0,6.4,7094.59,7437.61,0,0.0,0.0,0.0,0.443461,0.646411
2032-07-16,44.6,0.0,76.0,5.5,6589.49,6824.83,0,0.0,0.0,0.0,0.430981,0.647516
2032-07-17,41.7,6.0,70.3,8.7,6449.8,7490.74,0,0.0,0.0,0.0,0.43319,0.527754
2032-07-18,42.4,0.0,61.3,4.3,6787.11,7290.35,0,0.0,0.0,0.0,0.379658,0.555864
2032-07-19,41.6,7.9,72.0,5.0,6616.23,6793.58,0,0.0,0.0,0.0,0.409488,0.635802
2032-07-20,41.2,0.0,67.3,8.8,6627.94,6715.59,0,0.0,0.0,0.0,0.417721,0.659274
2032-07-21,43.0,0.0,69.5,6.4,6932.09,6762.85,0,0.0,0.025025,0.0,0.415192,0.701196
2032-07-22,43.9,0.0,65.6,6.7,6911.27,7228.15,0,0.0,0.0,0.0,0.416126,0.621737
2032-07-23,45.6,3.0,65.1,5.7,7108.31,7601.49,0,0.0,0.0,0.0,0.422338,0.603388
2032-07-24,40.5,0.0,71.2,4.8,6218.5,5779.44,0,0.0,0.07597,0.0,0.389555,0.735032
2032-07-25,40.7,0.0,75.8,5.6,6660.45,6421.13,0,0.0,0.03727,0.0,0.405671,0.705971
2032-07-26,41.7,0.0,56.9,7.1,6794.92,6913.73,0,0.0,0.0,0.0,0.388399,0.625128
2032-07-27,38.0,0.0,66.3,5.6,6188.96,6070.22,0,0.0,0.019561,0.0,0.370062,0.649688
2032-07-28,36.8,0.0,62.9,7.1,6304.45,6636.86,0,0.0,0.0,0.0,0.367352,0.565672
2032-07-29,35.4,5.0,62.0,6.4,6205.87,6587.38,0,0.0,0.0,0.0,0.357136,0.546316
2032-07-30,35.9,0.7,54.4,4.9,6393.56,6663.97,0,0.0,0.0,0.0,0.329361,0.53878
2032-07-31,39.6,0.0,66.5,6.4,6879.94,7462.4,0,0.0,0.0,0.0,0.387156,0.552827
2032-08-01,43.2,92.1,85.0,19.2,7133.27,7371.62,0,0.0,0.0,0.0,0.65671,0.875754
2032-08-02,40.4,0.0,61.4,4.6,6435.26,6738.41,0,0.0,0.0,0.0,0.368978,0.573248
2032-08-03,40.8,0.0,69.8,5.3,6719.29,6630.54,0,0.0,0.013386,0.0,0.392766,0.665182
2032-08-04,41.1,0.0,61.3,5.5,6739.72,7197.56,0,0.0,0.0,0.0,0.380349,0.56288
2032-08-05,41.0,0.0,60.8,6.2,6701.03,7068.13,0,0.0,0.0,0.0,0.384153,0.580311
2032-08-06,40.8,0.0,56.2,10.3,6693.98,6523.23,0,0.0,0.026175,0.0,0.405846,0.693194
2032-08-07,40.5,0.0,58.0,4.8,6661.15,6929.14,0,0.0,0.0,0.0,0.364805,0.576445
2032-08-08,43.0,0.0,69.6,5.5,7056.01,7392.0,0,0.0,0.0,0.0,0.408435,0.612163
2032-08-09,43.7,5.3,66.3,4.9,6971.39,7443.38,0,0.0,0.0,0.0,0.408698,0.591462
2032-08-10,39.9,21.6,73.4,4.3,7637.2,8172.12,0,0.0,0.0,0.0,0.412222,0.592598
2032-08-11,40.5,52.8,70.3,6.9,6758.58,6857.33,0,0.0,0.0,0.0,0.468493,0.708472
2032-08-12,41.2,0.0,62.7,10.1,6810.78,7478.98,0,0.0,0.0,0.0,0.419127,0.571617
2032-08-13,40.5,4.8,67.1,7.2,6663.37,7216.12,0,0.0,0.0,0.0,0.406243,0.573611
2032-08-14,41.5,0.0,63.2,4.8,6872.62,6902.52,0,0.0,0.0,0.0,0.381146,0.632879
2032-08-15,40.4,0.0,67.8,4.8,6633.62,6487.75,0,0.0,0.022484,0.0,0.382521,0.665559
2032-08-16,39.5,1.2,61.9,5.5,6594.42,6654.87,0,0.0,0.0,0.0,0.372392,0.618578
2032-08-17,38.5,0.0,59.3,5.1,6532.67,6253.64,0,0.0,0.04462,0.0,0.356375,0.665253
2032-08-18,33.4,15.7,51.1,5.0,5894.5,6266.47,0,0.0,0.0,0.0,0.325768,0.513262
2032-08-19,33.2,0.0,60.7,7.9,6250.09,7028.63,0,0.0,0.0,0.0,0.345671,0.473151
2032-08-20,31.7,0.0,61.2,8.1,6071.98,6919.37,0,0.0,0.0,0.0,0.338264,0.452087
2032-08-21,29.5,35.1,72.4,5.5,5878.06,5768.56,0,0.0,0.018982,0.0,0.367527,0.646477
2032-08-22,32.9,2.8,54.3,8.1,6520.34,7169.56,0,0.0,0.0,0.0,0.336653,0.487732
2032-08-23,33.7,0.0,57.1,8.1,6383.32,6736.46,0,0.0,0.0,0.0,0.34376,0.539352
2032-08-24,33.2,0.9,49.2,5.0,6259.59,5627.72,0,0.0,0.112278,0.0,0.30283,0.690694
2032-08-25,31.7,0.0,48.5,6.0,6091.21,6268.22,0,0.0,0.0,0.0,0.298248,0.522071
2032-08-26,32.1,0.0,58.8,4.7,6269.82,6408.05,0,0.0,0.0,0.0,0.310166,0.541774
2032-08-27,33.8,10.5,64.8,5.3,6479.97,7298.27,0,0.0,0.0,0.0,0.350062,0.47596
2032-08-28,31.5,7.3,63.9,9.2,6033.51,6004.12,0,0.0,0.004894,0.0,0.359403,0.621907
2032-08-29,31.2,11.0,60.1,10.4,6172.31,6699.87,0,0.0,0.0,0.0,0.364074,0.528941
2032-08-30,32.6,0.0,65.1,7.0,6400.04,6676.86,0,0.0,0.0,0.0,0.343021,0.551411
2032-08-31,28.1,0.0,52.5,8.4,5680.34,5446.96,0,0.0,0.042846,0.0,0.300538,0.607346
2032-09-01,28.2,43.9,69.6,5.6,6160.99,6254.71,0,0.0,0.0,0.0,0.365217,0.604515
2032-09-02,27.5,0.0,47.2,5.6,5049.72,5789.46,0,0.0,0.0,0.0,0.265041,0.372668
2032-09-03,27.4,0.0,37.7,7.5,5091.16,5290.11,0,0.0,0.0,0.0,0.261229,0.474115
2032-09-04,26.6,0.0,50.7,6.1,5003.87,5539.63,0,0.0,0.0,0.0,0.269529,0.413415
2032-09-05,27.1,13.6,55.6,4.9,5120.98,5651.59,0,0.0,0.0,0.0,0.289346,0.436532
2032-09-06,31.1,1.2,53.9,6.2,5560.08,5681.06,0,0.0,0.0,0.0,0.307426,0.539356
2032-09-07,29.7,51.4,64.0,9.2,5151.29,5042.27,0,0.0,0.021622,0.0,0.401533,0.683564
2032-09-08,29.7,0.0,53.6,6.5,5247.36,5128.96,0,0.0,0.023085,0.0,0.298486,0.582225
2032-09-09,33.1,0.0,60.1,8.9,5654.39,6454.23,0,0.0,0.0,0.0,0.351603,0.463723
2032-09-10,30.7,4.9,56.0,5.2,5154.56,5461.56,0,0.0,0.0,0.0,0.305525,0.496694
2032-09-11,33.4,17.3,51.2,6.8,5637.97,5304.02,0,0.0,0.06296,0.0,0.341797,0.672089
2032-09-12,31.9,0.0,37.8,6.3,5288.92,5831.25,0,0.0,0.0,0.0,0.281819,0.430036
2032-09-13,34.2,72.7,62.9,15.3,5665.74,5364.34,0,0.0,0.056186,0.0,0.502188,0.824569
2032-09-14,33.9,0.0,56.4,6.5,5487.26,5476.03,0,0.0,0.00205,0.0,0.33142,0.590604
2032-09-15,32.7,2.7,47.5,10.5,5368.45,5664.37,0,0.0,0.0,0.0,0.340981,0.536783
2032-09-16,30.9,34.1,61.0,9.7,5238.55,6332.28,0,0.0,0.0,0.0,0.386568,0.441721
2032-09-17,28.3,0.0,51.9,6.7,5050.6,5562.77,0,0.0,0.0,0.0,0.287614,0.43692
2032-09-18,27.6,2.0,48.6,6.9,5131.16,5231.78,0,0.0,0.0,0.0,0.280796,0.515134
2032-09-19,28.6,0.0,47.7,6.3,5297.6,5571.93,0,0.0,0.0,0.0,0.27863,0.477944
2032-09-20,27.5,76.3,63.5,14.3,5113.59,5722.21,0,0.0,0.0,0.0,0.455827,0.588451
2032-09-21,26.0,42.8,69.3,7.6,5008.77,5707.88,0,0.0,0.0,0.0,0.364244,0.478049
2032-09-22,24.8,0.0,42.3,5.8,4972.07,5143.1,0,0.0,0.0,0.0,0.2396,0.457569
2032-09-23,26.3,14.0,55.9,6.8,5219.47,5408.56,0,0.0,0.0,0.0,0.299784,0.51576
2032-09-24,27.9,0.0,50.7,6.2,5319.88,5307.68,0,0.0,0.002298,0.0,0.278869,0.538342
2032-09-25,25.3,0.0,49.3,8.3,4928.7,5381.67,0,0.0,0.0,0.0,0.27531,0.433841
2032-09-26,23.2,0.0,45.3,9.2,4847.81,5403.55,0,0.0,0.0,0.0,0.260913,0.397639
2032-09-27,23.6,7.0,39.9,7.4,5019.2,4657.13,0,0.0,0.077745,0.0,0.248077,0.595627
2032-09-28,26.1,47.6,51.4,7.2,5292.63,5424.95,0,0.0,0.0,0.0,0.334111,0.562427
2032-09-29,27.3,4.5,42.2,9.7,5283.36,5143.63,0,0.0,0.027166,0.0,0.291474,0.579977
2032-09-30,23.4,0.0,46.5,6.9,4768.8,5052.57,0,0.0,0.0,0.0,0.246734,0.437959
2032-10-01,22.1,0.0,48.8,9.7,4865.07,4728.89,1,0.5,0.028797,0.07,0.264083,0.554491
2032-10-02,19.8,0.0,45.7,8.5,4763.2,4605.21,0,0.0,0.034307,0.0,0.233851,0.530691
2032-10-03,19.2,0.0,45.1,7.9,4860.68,5447.76,0,0.0,0.0,0.0,0.224142,0.355126
2032-10-04,22.4,0.2,48.8,11.4,5152.28,5356.15,0,0.0,0.0,0.0,0.279422,0.491777
2032-10-05,18.8,0.0,32.8,10.0,4690.88,4907.72,0,0.0,0.0,0.0,0.214647,0.419857
2032-10-06,15.5,0.0,31.9,6.8,4662.03,5021.92,0,0.0,0.0,0.0,0.166516,0.339646
2032-10-07,14.4,0.0,35.0,7.6,4792.54,5325.28,0,0.0,0.0,0.0,0.171251,0.311254
2032-10-08,15.6,0.0,47.1,7.9,4942.23,5059.01,0,0.0,0.0,0.0,0.204163,0.434005
2032-10-09,17.3,0.0,32.1,10.7,4991.25,5116.19,0,0.0,0.0,0.0,0.208848,0.437129
2032-10-10,18.2,0.0,41.8,9.8,4964.3,5089.9,0,0.0,0.0,0.0,0.226024,0.454007
2032-10-11,20.3,0.0,37.1,7.2,5072.83,5672.1,0,0.0,0.0,0.0,0.210991,0.344442
2032-10-12,16.1,10.3,44.7,7.8,4640.83,4852.95,0,0.0,0.0,0.0,0.214754,0.420517
2032-10-13,18.5,0.0,40.4,8.1,5074.69,5235.35,0,0.0,0.0,0.0,0.212259,0.433224
2032-10-14,17.4,0.0,42.1,9.2,4854.12,5216.37,0,0.0,0.0,0.0,0.216683,0.392403
2032-10-15,18.6,0.0,38.7,9.5,5007.53,5835.62,0,0.0,0.0,0.0,0.220533,0.311666
2032-10-16,15.4,0.0,43.9,11.4,4705.46,4962.75,0,0.0,0.0,0.0,0.223851,0.420118
2032-10-17,15.4,0.0,47.5,8.4,4900.73,5062.57,0,0.0,0.0,0.0,0.207453,0.426924
2032-10-18,15.8,0.0,46.3,11.1,4934.73,5785.52,0,0.0,0.0,0.0,0.228673,0.313791
2032-10-19,17.9,0.0,37.9,7.7,5069.9,5748.13,0,0.0,0.0,0.0,0.20053,0.319577
2032-10-20,14.1,3.4,36.0,7.6,4687.97,5272.3,0,0.0,0.0,0.0,0.175297,0.302704
2032-10-21,14.2,0.0,40.3,9.8,4924.14,5015.02,0,0.0,0.0,0.0,0.196846,0.432481
2032-10-22,12.0,0.0,49.0,8.5,4811.58,4870.33,0,0.0,0.0,0.0,0.188626,0.431334
2032-10-23,13.4,3.2,39.4,8.9,6016.92,5622.5,0,0.0,0.07015,0.0,0.186845,0.525529
2032-10-24,15.0,0.0,42.9,8.9,5014.25,5569.78,0,0.0,0.0,0.0,0.200049,0.340402
2032-10-25,17.3,3.3,43.2,9.9,5089.21,5368.36,0,0.0,0.0,0.0,0.227514,0.4236
2032-10-26,15.4,0.0,42.1,9.8,4821.35,4515.41,0,0.0,0.067755,0.0,0.20813,0.544017
2032-10-27,16.8,0.0,44.5,10.6,5036.3,5669.45,0,0.0,0.0,0.0,0.228031,0.354448
2032-10-28,18.7,0.0,31.3,12.7,5100.05,5246.66,0,0.0,0.0,0.0,0.232008,0.456177
2032-10-29,14.1,0.0,32.9,15.4,4679.41,4850.26,0,0.0,0.0,0.0,0.225521,0.441189
2032-10-30,15.0,0.0,37.8,11.9,4990.01,4763.88,0,0.0,0.047468,0.0,0.213635,0.525839
2032-10-31,16.3,0.0,43.6,11.4,5040.9,5449.26,1,0.65,0.0,0.0328,0.229221,0.398528
2032-11-01,14.9,0.0,43.4,9.8,4864.4,5261.39,0,0.0,0.0,0.0,0.207272,0.375978
2032-11-02,11.8,0.0,36.9,8.3,4797.57,5022.94,0,0.0,0.0,0.0,0.163077,0.367488
2032-11-03,13.6,1.9,42.4,9.3,5073.88,5193.89,0,0.0,0.0,0.0,0.195289,0.425105
2032-11-04,10.7,0.0,34.7,10.8,4825.23,5864.91,0,0.0,0.0,0.0,0.170992,0.220835
2032-11-05,10.4,0.0,32.5,8.6,4985.88,4857.18,0,0.0,0.026496,0.0,0.147914,0.435636
2032-11-06,10.4,0.0,29.9,11.2,5006.67,5029.44,0,0.0,0.0,0.0,0.163101,0.414606
2032-11-07,11.9,0.0,35.7,8.9,5082.76,5563.7,0,0.0,0.0,0.0,0.166116,0.321993
2032-11-08,10.4,0.0,34.5,9.6,4918.47,4850.05,0,0.0,0.014106,0.0,0.15938,0.432639
2032-11-09,9.0,0.0,41.2,10.0,4943.35,4851.61,0,0.0,0.018908,0.0,0.165801,0.444666
2032-11-10,9.4,0.0,38.8,9.5,5052.15,5664.9,0,0.0,0.0,0.0,0.16008,0.290597
2032-11-11,11.5,0.0,36.2,9.8,5136.28,5588.92,0,0.0,0.0,0.0,0.171362,0.333606
2032-11-12,15.7,0.0,36.1,11.5,5236.26,5657.78,0,0.0,0.0,0.0,0.211975,0.38179
2032-11-13,11.5,0.0,33.6,11.9,4760.27,5052.81,0,0.0,0.0,0.0,0.18269,0.371892
2032-11-14,11.7,0.0,26.7,12.1,5027.97,5060.12,0,0.0,0.0,0.0,0.172614,0.421987
2032-11-15,9.0,0.0,29.6,12.0,4882.49,5048.89,0,0.0,0.0,0.0,0.159484,0.377799
2032-11-16,11.1,0.0,39.4,13.0,5148.24,5380.0,0,0.0,0.0,0.0,0.199416,0.405917
2032-11-17,8.8,0.0,34.7,12.9,4909.66,5416.88,0,0.0,0.0,0.0,0.174672,0.32215
2032-11-18,7.4,0.0,28.8,13.6,4983.26,5366.12,0,0.0,0.0,0.0,0.159783,0.333282
2032-11-19,6.5,0.0,42.1,11.9,5017.95,4975.52,0,0.0,0.008526,0.0,0.165671,0.432416
2032-11-20,6.8,15.1,47.5,13.4,5089.24,5596.85,0,0.0,0.0,0.0,0.207771,0.358683
2032-11-21,7.8,0.0,41.2,15.2,5125.62,4839.89,0,0.0,0.059037,0.0,0.198015,0.523724
2032-11-22,8.8,0.0,37.3,10.1,5125.21,5278.01,0,0.0,0.0,0.0,0.157942,0.380935
2032-11-23,8.7,0.0,36.5,12.6,5053.48,4942.56,0,0.0,0.022442,0.0,0.175073,0.458062
2032-11-24,5.9,0.0,34.9,10.1,4918.56,4898.9,0,0.0,0.004014,0.0,0.134327,0.395802
2032-11-25,7.8,0.0,35.9,12.0,5187.24,6076.2,0,0.0,0.0,0.0,0.163386,0.249383
2032-11-26,7.7,9.9,40.6,10.6,5070.78,4854.5,0,0.0,0.044553,0.0,0.172816,0.481617
2032-11-27,10.0,0.0,38.5,13.8,5197.54,5189.18,0,0.0,0.001612,0.0,0.196651,0.455322
2032-11-28,8.2,0.0,37.3,12.7,4959.03,5366.44,0,0.0,0.0,0.0,0.174049,0.342212
2032-11-29,4.8,0.0,20.0,13.2,4902.35,5002.31,0,0.0,0.0,0.0,0.123059,0.356521
2032-11-30,5.3,0.0,40.8,11.3,5132.41,5439.32,0,0.0,0.0,0.0,0.150694,0.341614
2032-12-01,8.3,2.2,36.6,15.4,5905.25,6732.34,0,0.0,0.0,0.0,0.196913,0.310284
2032-12-02,8.5,0.0,28.2,11.7,5706.17,6226.81,0,0.0,0.0,0.0,0.151248,0.310428
2032-12-03,7.8,2.9,36.8,11.0,5663.87,5779.82,0,0.0,0.0,0.0,0.160896,0.394267
2032-12-04,6.0,0.0,36.6,11.5,5597.43,5830.15,0,0.0,0.0,0.0,0.148977,0.359168
2032-12-05,9.7,0.0,27.3,11.1,5943.47,6439.32,0,0.0,0.0,0.0,0.152841,0.319737
2032-12-06,7.2,0.0,31.9,11.5,5537.99,6036.43,0,0.0,0.0,0.0,0.148074,0.308469
2032-12-07,5.7,0.0,29.7,11.9,5630.49,5919.38,1,0.5,0.0,0.0282,0.137148,0.336964
2032-12-08,7.1,0.0,30.4,15.3,5815.02,6237.88,0,0.0,0.0,0.0,0.173923,0.351576
2032-12-09,3.4,2.3,38.7,10.9,5494.99,5894.92,0,0.0,0.0,0.0,0.133953,0.311543
2032-12-10,6.7,0.0,32.3,11.6,5947.29,6210.09,0,0.0,0.0,0.0,0.1463,0.353688
2032-12-11,8.0,0.0,35.9,13.7,5799.1,5867.93,0,0.0,0.0,0.0,0.177822,0.420919
2032-12-12,9.6,0.0,39.2,12.6,5800.88,6362.31,0,0.0,0.0,0.0,0.186068,0.339843
2032-12-13,10.2,0.0,33.4,13.8,5726.3,6117.88,0,0.0,0.0,0.0,0.188407,0.370476
2032-12-14,9.2,0.0,39.6,16.9,5632.14,5175.37,0,0.0,0.08826,0.0,0.21736,0.577183
2032-12-15,6.6,0.0,42.6,12.6,5548.21,5536.96,0,0.0,0.002032,0.0,0.172669,0.431831
2032-12-16,6.4,2.0,40.6,11.6,5712.39,5825.03,0,0.0,0.0,0.0,0.162325,0.396541
2032-12-17,4.6,0.0,39.0,12.6,5616.72,5826.38,0,0.0,0.0,0.0,0.152736,0.367517
2032-12-18,6.0,1.0,40.6,12.2,5831.33,6565.19,0,0.0,0.0,0.0,0.163098,0.289395
2032-12-19,7.8,0.0,38.2,12.2,5835.91,7305.08,0,0.0,0.0,0.0,0.169242,0.191249
2032-12-20,10.6,0.0,40.6,11.8,5870.03,5254.23,0,0.0,0.117201,0.0,0.189112,0.582722
2032-12-21,10.7,0.0,30.6,15.4,5680.91,6073.9,0,0.0,0.0,0.0,0.198798,0.380055
2032-12-22,11.8,0.0,36.2,11.5,5743.0,6055.32,0,0.0,0.0,0.0,0.186456,0.383034
2032-12-23,10.3,0.0,38.7,14.8,5579.07,5794.58,0,0.0,0.0,0.0,0.20672,0.420092
2032-12-24,8.7,2.2,37.0,14.3,5591.85,6062.71,0,0.0,0.0,0.0,0.191812,0.357936
2032-12-25,9.3,0.0,49.5,11.5,5737.13,6078.13,0,0.0,0.0,0.0,0.194915,0.38621
2032-12-26,8.2,0.0,36.2,13.7,5621.06,5774.12,0,0.0,0.0,0.0,0.179703,0.405548
2032-12-27,8.5,0.0,28.4,11.8,5724.61,6021.39,0,0.0,0.0,0.0,0.152395,0.351647
2032-12-28,6.2,4.7,38.9,13.0,6671.04,7238.5,0,0.0,0.0,0.0,0.171916,0.337188
2032-12-29,4.7,0.0,41.8,13.0,5630.29,6075.49,0,0.0,0.0,0.0,0.161732,0.332977
2032-12-30,6.5,0.0,33.5,12.4,5843.05,6204.64,0,0.0,0.0,0.0,0.153404,0.342161
2032-12-31,8.5,0.0,37.8,13.0,5829.81,5907.01,0,0.0,0.0,0.0,0.179279,0.420812
2033-01-01,6.3,0.0,37.6,16.4,5569.54,6837.2,0,0.0,0.0,0.0,0.190638,0.230984
2033-01-02,8.0,0.0,37.9,11.9,5807.02,6228.9,0,0.0,0.0,0.0,0.167683,0.345406
2033-01-03,6.9,0.0,35.4,13.0,5631.29,6183.35,0,0.0,0.0,0.0,0.164233,0.316795
2033-01-04,7.1,2.5,44.7,12.0,5720.08,5823.09,0,0.0,0.0,0.0,0.178323,0.414462
2033-01-05,10.1,0.0,49.6,19.1,5874.27,6238.14,0,0.0,0.0,0.0,0.259018,0.447714
2033-01-06,11.3,0.0,34.8,12.6,5737.45,6089.97,0,0.0,0.0,0.0,0.189023,0.378238
2033-01-07,12.3,0.0,32.6,12.5,5707.34,5305.24,0,0.0,0.075793,0.0,0.190718,0.535989
2033-01-08,15.3,0.0,37.2,20.1,5814.95,5843.16,0,0.0,0.0,0.0,0.277759,0.528913
2033-01-09,12.6,19.0,51.4,14.4,5448.47,5468.55,0,0.0,0.0,0.0,0.265788,0.518291
2033-01-10,9.8,0.0,38.5,15.6,5476.1,5542.75,0,0.0,0.0,0.0,0.209222,0.451974
2033-01-11,8.2,0.0,41.9,15.3,5563.8,5466.99,0,0.0,0.017708,0.0,0.202736,0.480198
2033-01-12,7.8,0.0,35.7,12.8,5654.5,5952.84,0,0.0,0.0,0.0,0.169184,0.367467
2033-01-13,3.3,0.0,49.4,14.8,5410.52,6157.36,0,0.0,0.0,0.0,0.180643,0.295836
2033-01-14,4.1,0.0,39.3,15.1,5763.66,6099.22,0,0.0,0.0,0.0,0.169293,0.361856
2033-01-15,4.0,0.0,42.3,12.1,5707.7,5568.32,0,0.0,0.025031,0.0,0.151111,0.437122
2033-01-16,6.7,0.0,37.3,12.4,5862.94,5775.3,0,0.0,0.015174,0.0,0.161847,0.436352
2033-01-17,8.0,0.0,37.1,15.2,5752.68,5903.67,0,0.0,0.0,0.0,0.191646,0.418579
2033-01-18,7.2,0.0,41.7,12.3,5611.52,5391.64,1,2.345,0.040781,0.5366,0.172621,0.47702
2033-01-19,8.9,0.0,42.5,12.2,5768.06,6167.1,0,0.0,0.0,0.0,0.184555,0.365809
2033-01-20,10.6,0.0,46.6,12.6,5742.96,6519.67,0,0.0,0.0,0.0,0.206534,0.324248
2033-01-21,9.0,0.0,34.1,12.1,5534.39,5610.31,0,0.0,0.0,0.0,0.168693,0.409685
2033-01-22,8.3,0.0,38.1,13.6,5600.18,5907.05,0,0.0,0.0,0.0,0.183153,0.379297
2033-01-23,4.4,0.0,39.7,12.9,5404.85,5529.03,0,0.0,0.0,0.0,0.155045,0.385616
2033-01-24,3.5,0.0,44.0,12.6,5625.94,5684.08,0,0.0,0.0,0.0,0.154861,0.39971
2033-01-25,3.5,0.0,38.0,16.6,5686.7,6038.95,0,0.0,0.0,0.0,0.174475,0.363171
2033-01-26,5.2,2.7,44.1,13.6,5782.34,5829.82,1,2.467,0.0,0.1426,0.177264,0.424546
2033-01-27,4.6,0.0,41.0,14.0,5621.9,5616.68,0,0.0,0.00093,0.0,0.167289,0.425164
2033-01-28,5.0,0.0,43.9,13.5,5686.04,5390.28,0,0.0,0.054869,0.0,0.171505,0.492349
2033-01-29,3.9,0.0,41.0,14.5,5591.85,5894.2,0,0.0,0.0,0.0,0.166533,0.36344
2033-01-30,5.9,0.0,40.1,16.2,5779.77,6457.28,0,0.0,0.0,0.0,0.191145,0.325449
2033-01-31,8.1,0.0,46.9,13.7,5762.42,6307.31,0,0.0,0.0,0.0,0.199106,0.355044
2033-02-01,9.8,1.0,51.6,14.9,5711.12,6533.49,0,0.0,0.0,0.0,0.229603,0.339452
2033-02-02,10.4,0.0,50.1,13.7,5628.59,5670.83,0,0.0,0.0,0.0,0.220266,0.46836
2033-02-03,7.9,0.0,51.9,13.0,5431.95,5994.7,0,0.0,0.0,0.0,0.201762,0.348963
2033-02-04,7.7,0.0,52.8,14.3,5594.72,5485.82,0,0.0,0.019852,0.0,0.212162,0.492126
2033-02-05,8.1,0.0,46.2,17.3,5620.23,6152.37,0,0.0,0.0,0.0,0.225571,0.381388
2033-02-06,8.4,0.0,56.6,15.6,5612.76,6474.79,0,0.0,0.0,0.0,0.233932,0.335298
2033-02-07,9.7,5.2,52.7,12.3,5658.45,6119.04,0,0.0,0.0,0.0,0.216069,0.384987
2033-02-08,13.4,0.0,43.2,14.4,5781.1,6675.4,0,0.0,0.0,0.0,0.232504,0.332898
2033-02-09,15.3,0.0,44.9,12.6,5634.0,5703.18,0,0.0,0.0,0.0,0.234326,0.476955
2033-02-10,13.2,0.0,49.3,14.0,5385.09,5608.81,0,0.0,0.0,0.0,0.239537,0.449763
2033-02-11,14.9,0.0,53.3,12.2,5614.74,5571.58,0,0.0,0.007748,0.0,0.244353,0.510186
2033-02-12,16.3,0.0,48.1,13.9,5605.65,5898.22,0,0.0,0.0,0.0,0.256948,0.455831
2033-02-13,14.5,0.0,44.7,12.6,5380.42,5740.85,0,0.0,0.0,0.0,0.228678,0.412175
2033-02-14,16.5,1.1,54.1,13.7,5640.06,5931.32,0,0.0,0.0,0.0,0.269316,0.46878
2033-02-15,16.1,0.0,44.6,13.0,5473.54,5583.72,1,2.187,0.0,0.1197,0.242123,0.475877
2033-02-16,13.3,0.0,52.1,13.2,5312.13,5413.51,0,0.0,0.0,0.0,0.239273,0.474201
2033-02-17,14.9,0.0,51.1,17.3,5577.9,5978.09,0,0.0,0.0,0.0,0.27958,0.458221
2033-02-18,15.7,0.0,44.5,13.9,5535.8,5757.04,0,0.0,0.0,0.0,0.246244,0.458171
2033-02-19,15.6,0.0,60.5,13.2,5462.43,5339.18,0,0.0,0.023084,0.0,0.270183,0.553921
2033-02-20,15.9,0.0,52.0,16.3,5493.82,5111.84,0,0.0,0.074725,0.0,0.280143,0.624167
2033-02-21,14.8,0.0,46.3,15.4,5386.73,5453.98,0,0.0,0.0,0.0,0.25526,0.497655
2033-02-22,16.7,0.0,52.8,12.5,5600.67,5392.98,0,0.0,0.038511,0.0,0.257595,0.559343
2033-02-23,16.9,4.4,45.4,16.9,5492.83,5478.32,0,0.0,0.002648,0.0,0.284357,0.544239
2033-02-24,17.6,0.0,55.1,12.0,5527.46,5656.43,0,0.0,0.0,0.0,0.263982,0.494155
2033-02-25,18.6,0.0,57.9,12.4,5558.93,5785.71,0,0.0,0.0,0.0,0.278909,0.489941
2033-02-26,16.4,0.0,67.5,13.8,5309.49,5352.19,0,0.0,0.0,0.0,0.293211,0.540687
2033-02-27,15.2,0.0,54.8,13.9,5352.44,6358.95,0,0.0,0.0,0.0,0.26226,0.334271
2033-02-28,11.7,17.4,55.7,16.5,6264.11,6079.64,0,0.0,0.030343,0.0,0.28217,0.574382
2033-03-01,14.5,0.0,56.0,13.0,4842.55,5453.59,0,0.0,0.0,0.0,0.252952,0.378942
2033-03-02,13.3,4.3,63.6,16.6,4616.17,4799.7,0,0.0,0.0,0.0,0.292317,0.504468
2033-03-03,15.0,0.0,58.2,20.3,4768.89,4809.79,1,0.5,0.0,0.0238,0.3167,0.563563
2033-03-04,17.0,0.0,60.2,12.4,4802.87,5220.8,0,0.0,0.0,0.0,0.272676,0.436014
2033-03-05,19.0,1.1,60.4,13.0,4835.84,4939.65,1,0.5,0.0,0.0242,0.292205,0.524461
2033-03-06,17.1,0.0,59.3,12.1,4578.43,4574.59,0,0.0,0.000839,0.0,0.269333,0.527103
2033-03-07,18.0,0.0,50.1,12.1,4740.71,5512.3,0,0.0,0.0,0.0,0.258015,0.351397
2033-03-08,22.1,0.0,50.1,13.1,4992.01,4551.46,0,0.0,0.096793,0.0,0.292755,0.662541
2033-03-09,25.7,0.2,49.9,12.3,5142.12,5319.9,0,0.0,0.0,0.0,0.31018,0.527958
2033-03-10,27.1,0.0,52.1,12.0,5090.23,5405.7,0,0.0,0.0,0.0,0.320974,0.509636
2033-03-11,27.0,0.0,53.0,12.1,4990.02,5682.16,0,0.0,0.0,0.0,0.322774,0.437364
2033-03-12,24.2,0.0,68.1,12.0,4687.85,4804.57,0,0.0,0.0,0.0,0.331859,0.560289
2033-03-13,25.6,0.0,55.6,13.1,4992.15,6078.66,0,0.0,0.0,0.0,0.326137,0.374264
2033-03-14,25.0,4.9,61.2,11.5,4840.94,5314.5,0,0.0,0.0,0.0,0.326315,0.479081
2033-03-15,26.0,0.0,58.6,14.2,4984.43,4490.28,0,0.0,0.11005,0.0,0.342887,0.728148
2033-03-16,24.4,0.0,61.1,14.5,4749.29,4551.8,0,0.0,0.043386,0.0,0.339343,0.646783
2033-03-17,24.2,0.0,60.8,14.2,4808.52,5120.73,0,0.0,0.0,0.0,0.335147,0.520761
2033-03-18,24.8,0.0,54.5,11.9,4880.31,4772.64,0,0.0,0.022561,0.0,0.309543,0.592669
2033-03-19,25.4,0.0,64.1,11.8,4915.25,5330.65,0,0.0,0.0,0.0,0.330726,0.496544
2033-03-20,26.5,0.0,58.0,12.9,4993.89,5100.83,0,0.0,0.0,0.0,0.335026,0.567341
2033-03-21,25.3,0.0,58.2,11.7,4790.69,4669.24,0,0.0,0.026009,0.0,0.318233,0.605388
2033-03-22,22.9,0.0,60.5,12.6,4591.4,4541.96,0,0.0,0.010886,0.0,0.31367,0.583167
2033-03-23,26.9,0.0,66.4,12.5,5176.81,5713.49,0,0.0,0.0,0.0,0.350327,0.497461
2033-03-24,31.9,0.0,59.6,12.2,5509.01,5082.36,0,0.0,0.083947,0.0,0.368218,0.723008
2033-03-25,31.9,10.7,66.2,13.6,5195.01,5796.86,0,0.0,0.0,0.0,0.404451,0.540037
2033-03-26,28.5,0.0,65.4,12.3,4798.52,5363.29,0,0.0,0.0,0.0,0.357454,0.491313
2033-03-27,26.8,0.4,65.0,10.7,5781.59,5949.95,0,0.0,0.0,0.0,0.333642,0.557399
2033-03-28,28.2,0.0,65.0,13.0,5061.75,4866.97,0,0.0,0.04002,0.0,0.360128,0.663638
2033-03-29,31.0,0.0,57.3,10.5,5296.87,5747.21,0,0.0,0.0,0.0,0.344856,0.510171
2033-03-30,28.1,0.0,65.2,16.1,4800.53,4893.46,0,0.0,0.0,0.0,0.383764,0.618384
2033-03-31,28.1,0.0,60.3,10.8,4963.22,4737.63,1,0.5,0.047617,0.1182,0.333681,0.646059
2033-04-01,28.8,0.0,56.4,10.7,5037.84,5895.66,0,0.0,0.0,0.0,0.330211,0.417144
2033-04-02,30.8,0.0,63.2,15.4,5216.28,5186.45,0,0.0,0.005751,0.0,0.392409,0.655913
2033-04-03,30.0,0.0,63.2,11.4,5001.9,4788.09,0,0.0,0.044654,0.0,0.356272,0.665192
2033-04-04,26.9,0.0,80.8,11.1,4704.62,5024.34,0,0.0,0.0,0.0,0.366524,0.549027
2033-04-05,29.0,3.3,72.0,11.0,5109.48,5343.11,0,0.0,0.0,0.0,0.367121,0.572866
2033-04-06,31.6,24.9,76.8,11.2,5287.39,6046.82,0,0.0,0.0,0.0,0.421156,0.53133
2033-04-07,31.4,0.0,64.9,14.7,5094.55,5227.14,0,0.0,0.0,0.0,0.39415,0.621328
2033-04-08,32.3,0.0,66.2,10.7,5203.91,5342.81,0,0.0,0.0,0.0,0.371656,0.598096
2033-04-09,31.3,0.0,80.3,14.7,5030.75,5388.54,0,0.0,0.0,0.0,0.422366,0.601642
2033-04-10,29.8,0.0,64.5,11.6,4918.36,5226.1,0,0.0,0.0,0.0,0.358934,0.546981
2033-04-11,32.4,0.0,69.2,13.7,5303.63,5645.68,0,0.0,0.0,0.0,0.401088,0.58715
2033-04-12,33.2,1.1,77.7,10.4,5235.77,5587.26,0,0.0,0.0,0.0,0.398178,0.581528
2033-04-13,34.2,0.0,64.9,13.2,5290.3,5609.68,0,0.0,0.0,0.0,0.401032,0.591357
2033-04-14,37.0,0.0,69.5,9.8,5559.74,5691.85,0,0.0,0.0,0.0,0.401878,0.631572
2033-04-15,34.2,0.0,68.9,11.2,5048.61,5565.89,0,0.0,0.0,0.0,0.3931,0.541395
2033-04-16,33.1,0.0,64.8,9.6,5086.15,5225.14,0,0.0,0.0,0.0,0.365816,0.591553
2033-04-17,33.6,0.0,73.3,9.9,5215.39,5740.45,0,0.0,0.0,0.0,0.387364,0.537376
2033-04-18,32.6,0.0,64.1,9.5,5065.57,5761.72,0,0.0,0.0,0.0,0.360437,0.476178
2033-04-19,34.6,0.0,73.8,13.0,5351.65,5390.79,0,0.0,0.0,0.0,0.418813,0.667127
2033-04-20,34.3,0.0,72.3,10.8,5188.07,6233.37,0,0.0,0.0,0.0,0.397048,0.458072
2033-04-21,32.5,0.0,74.9,12.0,4995.68,5021.19,0,0.0,0.0,0.0,0.399317,0.650176
2033-04-22,33.2,0.0,69.6,12.0,5185.81,5214.65,0,0.0,0.0,0.0,0.393994,0.644328
2033-04-23,34.1,0.0,72.8,9.1,5236.42,5676.38,0,0.0,0.0,0.0,0.38355,0.549858
2033-04-24,36.3,0.0,76.2,11.0,5441.83,5865.3,0,0.0,0.0,0.0,0.419086,0.591591
2033-04-25,37.1,0.0,64.2,15.1,5386.59,5680.29,0,0.0,0.0,0.0,0.433495,0.629924
2033-04-26,37.9,0.0,65.4,9.9,5428.27,5979.51,0,0.0,0.0,0.0,0.400895,0.550064
2033-04-27,38.3,6.2,76.1,10.5,5420.99,5778.32,0,0.0,0.0,0.0,0.435788,0.620386
2033-04-28,37.6,0.0,75.9,12.6,5312.63,6269.66,0,0.0,0.0,0.0,0.439438,0.51803
2033-04-29,36.1,0.0,72.7,9.5,5172.23,5413.49,0,0.0,0.0,0.0,0.399631,0.604394
2033-04-30,37.0,0.0,76.8,11.7,5366.1,5345.53,0,0.0,0.003848,0.0,0.430226,0.691508
2033-05-01,36.4,0.0,70.5,10.8,5244.26,5324.2,0,0.0,0.0,0.0,0.407514,0.646776
2033-05-02,40.1,2.0,79.4,9.8,5713.47,6168.79,0,0.0,0.0,0.0,0.443314,0.613938
2033-05-03,42.4,0.0,72.3,10.2,5747.67,6211.02,0,0.0,0.0,0.0,0.445808,0.615508
2033-05-04,42.8,2.3,69.5,8.4,5645.59,6001.3,0,0.0,0.0,0.0,0.432112,0.619708
2033-05-05,42.7,0.0,80.1,15.5,5599.46,5579.76,1,1.757,0.003531,0.0984,0.503305,0.764217
2033-05-06,41.7,0.0,77.3,9.2,5484.09,6141.33,0,0.0,0.0,0.0,0.442853,0.574709
2033-05-07,38.6,0.0,71.0,10.0,5177.22,6067.86,0,0.0,0.0,0.0,0.41678,0.502219
2033-05-08,38.3,0.0,71.3,8.0,5334.58,5611.13,0,0.0,0.0,0.0,0.399933,0.599186
2033-05-09,38.7,0.0,76.6,10.4,5400.98,6287.11,0,0.0,0.0,0.0,0.431026,0.523278
2033-05-10,39.3,0.0,68.7,9.1,5444.62,6013.99,0,0.0,0.0,0.0,0.410137,0.556404
2033-05-11,40.3,13.2,78.7,9.5,5522.1,6570.07,0,0.0,0.0,0.0,0.45467,0.525252
2033-05-12,42.1,0.0,73.1,8.5,5666.2,6118.23,1,0.656,0.0,0.0372,0.432213,0.602752
2033-05-13,40.3,0.0,75.1,10.1,5332.33,5644.83,0,0.0,0.0,0.0,0.436444,0.628606
2033-05-14,38.9,0.0,64.0,10.4,5281.7,5826.09,0,0.0,0.0,0.0,0.408719,0.556427
2033-05-15,42.1,0.0,69.7,8.2,5753.79,5884.31,0,0.0,0.0,0.0,0.423523,0.654419
2033-05-16,43.3,0.0,75.6,7.7,5687.99,6118.27,0,0.0,0.0,0.0,0.438637,0.613327
2033-05-17,42.0,0.0,79.7,7.7,5445.41,6174.19,0,0.0,0.0,0.0,0.437756,0.55675
2033-05-18,41.5,0.0,73.8,11.4,5473.34,6029.59,0,0.0,0.0,0.0,0.451947,0.60104
2033-05-19,41.2,0.0,78.2,7.8,5462.72,5725.2,0,0.0,0.0,0.0,0.430442,0.633711
2033-05-20,41.3,0.0,67.2,10.7,5488.59,5832.32,0,0.0,0.0,0.0,0.432853,0.620842
2033-05-21,42.2,0.0,72.4,8.6,5595.84,6142.74,0,0.0,0.0,0.0,0.432331,0.585185
2033-05-22,47.1,0.0,76.1,7.9,6137.57,6724.57,0,0.0,0.0,0.0,0.466165,0.62105
2033-05-23,46.4,0.0,74.5,6.7,5709.52,6264.79,0,0.0,0.0,0.0,0.449292,0.602611
2033-05-24,46.7,0.0,78.7,13.0,5801.68,6215.83,0,0.0,0.0,0.0,0.507756,0.686764
2033-05-25,42.4,19.0,78.3,8.2,5245.66,5235.45,0,0.0,0.00195,0.0,0.464808,0.723875
2033-05-26,41.3,0.0,73.7,7.6,5403.63,5447.38,0,0.0,0.0,0.0,0.421121,0.668535
2033-05-27,43.9,0.0,78.2,8.2,5787.98,6245.55,0,0.0,0.0,0.0,0.451325,0.622587
2033-05-28,44.3,0.0,72.3,8.4,5664.96,6244.95,1,4.292,0.0,0.2431,0.444442,0.592811
2033-05-29,35.1,0.0,70.4,7.1,4556.8,4986.16,0,0.0,0.0,0.0,0.370209,0.526474
2033-05-30,37.9,0.0,77.3,7.5,5462.47,5503.22,0,0.0,0.0,0.0,0.404688,0.652834
2033-05-31,42.6,0.0,70.2,6.6,5851.18,6088.02,0,0.0,0.0,0.0,0.415411,0.626786
2033-06-01,38.6,0.0,82.1,7.0,6123.58,5976.74,0,0.0,0.024569,0.0,0.414444,0.699915
2033-06-02,42.4,9.9,68.3,7.6,6993.27,6729.9,0,0.0,0.039134,0.0,0.430325,0.7328
2033-06-03,36.9,0.0,73.5,6.3,5900.24,6225.54,0,0.0,0.0,0.0,0.381713,0.577503
2033-06-04,39.9,8.6,85.2,7.3,6758.38,7674.57,0,0.0,0.0,0.0,0.441633,0.559059
2033-06-05,40.5,11.6,87.7,7.1,6599.29,6970.75,0,0.0,0.0,0.0,0.452393,0.646974
2033-06-06,36.2,0.0,74.4,6.8,5951.78,6964.85,0,0.0,0.0,0.0,0.382644,0.46963
2033-06-07,38.4,0.5,80.5,9.2,6591.46,6852.88,0,0.0,0.0,0.0,0.427712,0.639969
2033-06-08,41.6,0.0,78.7,6.2,6881.25,7238.84,0,0.0,0.0,0.0,0.421671,0.620793
2033-06-09,42.6,1.4,72.7,7.4,6770.72,6686.53,0,0.0,0.01259,0.0,0.427979,0.699468
2033-06-10,43.9,0.0,77.1,6.5,6875.96,7069.33,0,0.0,0.0,0.0,0.436145,0.661003
2033-06-11,42.9,0.0,70.4,7.4,6628.51,6463.02,0,0.0,0.025605,0.0,0.423936,0.710618
2033-06-12,39.2,0.0,66.8,7.3,6175.93,5883.46,0,0.0,0.04971,0.0,0.392027,0.706849
2033-06-13,41.3,0.0,77.0,13.4,6775.57,6613.67,0,0.0,0.02448,0.0,0.472061,0.757428
2033-06-14,45.2,0.0,77.3,15.7,7175.05,7572.35,0,0.0,0.0,0.0,0.516077,0.711617
2033-06-15,47.0,0.0,68.4,6.1,7133.82,7159.42,0,0.0,0.0,0.0,0.43718,0.689796
2033-06-16,42.2,0.0,73.6,6.8,6280.88,6397.12,1,3.803,0.0,0.2389,0.420693,0.65627
2033-06-17,39.4,18.1,72.8,6.0,6252.71,6726.8,0,0.0,0.0,0.0,0.416648,0.591162
2033-06-18,38.4,2.7,72.4,7.0,6339.32,6037.74,0,0.0,0.049951,0.0,0.398233,0.713334
2033-06-19,36.1,9.3,74.1,5.9,6092.82,6428.56,0,0.0,0.0,0.0,0.385825,0.581646
2033-06-20,37.6,0.0,77.6,5.8,6476.17,7146.0,0,0.0,0.0,0.0,0.390156,0.53752
2033-06-21,39.5,0.0,71.2,6.2,6632.37,7354.48,0,0.0,0.0,0.0,0.393766,0.535933
2033-06-22,37.3,0.0,67.3,6.2,6176.88,6686.75,0,0.0,0.0,0.0,0.371953,0.539728
2033-06-23,40.0,0.0,82.1,5.0,6731.36,7045.8,0,0.0,0.0,0.0,0.40824,0.612931
2033-06-24,41.8,30.4,83.4,6.1,6780.91,6853.5,0,0.0,0.0,0.0,0.468121,0.712546
2033-06-25,40.9,0.0,77.7,11.6,6510.55,6802.29,0,0.0,0.0,0.0,0.456848,0.66357
2033-06-26,40.9,0.6,76.3,5.6,6585.14,7600.36,0,0.0,0.0,0.0,0.408659,0.509513
2033-06-27,37.4,6.5,79.2,8.2,6080.62,6489.26,0,0.0,0.0,0.0,0.418287,0.601564
2033-06-28,37.8,0.0,74.9,7.2,6412.24,6689.67,0,0.0,0.0,0.0,0.397215,0.605591
2033-06-29,38.8,4.2,76.0,5.8,6524.25,7082.15,0,0.0,0.0,0.0,0.40019,0.565017
2033-06-30,39.9,0.0,73.1,5.3,6606.68,6957.71,0,0.0,0.0,0.0,0.393021,0.590913
2033-07-01,41.1,0.0,70.1,5.1,6703.94,7134.5,0,0.0,0.0,0.0,0.393762,0.5801
2033-07-02,41.9,0.0,76.5,5.3,6714.24,6945.59,0,0.0,0.0,0.0,0.412579,0.630484
2033-07-03,41.4,0.9,70.8,4.9,6589.72,6746.95,0,0.0,0.0,0.0,0.396607,0.626192
2033-07-04,42.2,19.9,77.3,4.7,6736.55,7496.08,0,0.0,0.0,0.0,0.435706,0.574211
2033-07-05,44.2,12.7,76.5,5.1,6974.75,6466.48,0,0.0,0.0786,0.0,0.441691,0.79024
2033-07-06,43.5,0.0,73.6,8.2,6719.69,7258.29,0,0.0,0.0,0.0,0.440064,0.610227
2033-07-07,43.9,8.1,68.1,7.2,6821.78,6957.98,0,0.0,0.0,0.0,0.434555,0.668494
2033-07-08,43.1,59.8,86.9,5.4,6683.06,6277.21,0,0.0,0.064655,0.0,0.513722,0.84599
2033-07-09,41.5,0.0,65.6,8.4,6518.03,6443.72,0,0.0,0.011532,0.0,0.413424,0.683677
2033-07-10,42.6,0.0,71.4,5.0,6802.66,7127.35,1,1.718,0.0,0.1169,0.405315,0.608923
2033-07-11,41.2,0.0,74.2,4.6,6522.71,6890.55,0,0.0,0.0,0.0,0.398251,0.592721
2033-07-12,42.0,14.2,82.6,10.5,8096.72,8879.03,0,0.0,0.0,0.0,0.482124,0.636057
2033-07-13,41.9,0.0,72.7,6.3,6671.05,7344.19,0,0.0,0.0,0.0,0.41317,0.56296
2033-07-14,41.1,4.3,75.0,6.8,6568.16,6256.55,0,0.0,0.049806,0.0,0.421313,0.736246
2033-07-15,40.4,11.1,66.7,5.0,6531.46,7013.37,0,0.0,0.0,0.0,0.395545,0.572119
2033-07-16,39.5,23.9,77.8,5.1,6455.08,7074.11,0,0.0,0.0,0.0,0.426814,0.581449
2033-07-17,36.4,0.0,63.3,5.2,6095.79,6484.66,0,0.0,0.0,0.0,0.350805,0.537589
2033-07-18,38.0,0.0,74.6,6.9,6560.5,7096.19,0,0.0,0.0,0.0,0.395655,0.564318
2033-07-19,38.9,32.6,71.2,4.7,6572.74,6101.16,0,0.0,0.077295,0.0,0.418013,0.765036
2033-07-20,40.8,0.0,63.2,4.8,6783.41,6699.41,0,0.0,0.012539,0.0,0.376533,0.64796
2033-07-21,39.6,0.0,71.6,7.2,6455.02,7333.29,0,0.0,0.0,0.0,0.402891,0.519867
2033-07-22,43.4,33.8,84.4,13.9,7117.33,7347.78,0,0.0,0.0,0.0,0.544876,0.765053
2033-07-23,41.9,0.0,72.6,5.5,6589.47,7841.83,0,0.0,0.0,0.0,0.406809,0.477162
2033-07-24,39.6,0.3,65.3,4.6,6387.39,6192.31,0,0.0,0.031503,0.0,0.371383,0.66495
2033-07-25,37.6,8.6,64.0,4.5,6274.8,7206.72,0,0.0,0.0,0.0,0.365118,0.470948
2033-07-26,34.4,0.0,64.3,5.9,5991.63,6060.68,0,0.0,0.0,0.0,0.344898,0.588388
2033-07-27,38.3,10.3,69.4,8.7,8158.38,9009.58,0,0.0,0.0,0.0,0.414339,0.560836
2033-07-28,41.1,0.0,65.5,7.5,6901.25,7117.88,0,0.0,0.0,0.0,0.403656,0.624917
2033-07-29,41.8,59.6,75.4,6.3,6780.84,7241.0,0,0.0,0.0,0.0,0.490291,0.672893
2033-07-30,39.3,0.0,71.8,4.5,6369.83,6927.31,0,0.0,0.0,0.0,0.380456,0.543299
2033-07-31,42.6,0.0,71.6,5.9,7061.53,7141.74,0,0.0,0.0,0.0,0.412635,0.656314
2033-08-01,40.9,0.0,74.2,4.3,6549.55,7207.59,0,0.0,0.0,0.0,0.393959,0.544167
2033-08-02,39.7,0.0,56.1,9.3,6511.22,6727.72,0,0.0,0.0,0.0,0.390692,0.609915
2033-08-03,42.1,0.0,60.1,4.9,6962.39,7388.61,0,0.0,0.0,0.0,0.38006,0.569507
2033-08-04,42.4,42.8,75.8,5.2,6820.61,6025.02,0,0.0,0.132049,0.0,0.466011,0.876954
2033-08-05,45.7,10.6,66.2,8.2,7291.88,7501.51,1,1.993,0.0,0.1453,0.453623,0.67779
2033-08-06,44.4,0.0,60.9,5.1,6830.99,7716.31,0,0.0,0.0,0.0,0.398264,0.521114
2033-08-07,42.0,0.0,58.6,9.5,6590.55,7208.52,0,0.0,0.0,0.0,0.412083,0.568794
2033-08-08,39.6,9.7,60.0,4.8,6439.2,7120.81,0,0.0,0.0,0.0,0.374458,0.519503
2033-08-09,35.1,0.0,72.4,6.9,6000.6,6320.79,0,0.0,0.0,0.0,0.372416,0.570069
2033-08-10,34.7,4.7,56.0,7.4,6281.26,7258.66,0,0.0,0.0,0.0,0.348622,0.448218
2033-08-11,37.1,52.8,67.0,4.9,7999.07,8629.83,0,0.0,0.0,0.0,0.424463,0.595927
2033-08-12,37.9,0.0,55.3,4.5,6597.84,6653.35,0,0.0,0.0,0.0,0.34029,0.58734
2033-08-13,37.3,0.0,61.9,6.4,6457.73,7128.52,0,0.0,0.0,0.0,0.363371,0.510309
2033-08-14,34.8,0.0,59.2,5.6,6149.6,6814.52,1,0.5,0.0,0.0307,0.335657,0.478539
2033-08-15,35.2,7.6,64.3,4.2,6400.47,6974.36,0,0.0,0.0,0.0,0.346327,0.507057
2033-08-16,37.0,30.8,64.1,4.6,6635.68,6799.01,0,0.0,0.0,0.0,0.389209,0.617955
2033-08-17,37.2,0.0,60.0,7.1,6532.53,6975.0,0,0.0,0.0,0.0,0.364551,0.547285
2033-08-18,36.8,0.4,59.8,6.4,6462.97,7353.43,0,0.0,0.0,0.0,0.356626,0.47205
2033-08-19,34.5,0.0,66.8,5.1,6173.78,6668.21,0,0.0,0.0,0.0,0.344072,0.514302
2033-08-20,35.9,1.7,67.9,4.6,6555.62,6273.08,0,0.0,0.04504,0.0,0.353578,0.662948
2033-08-21,29.0,29.2,64.8,6.9,5501.49,5558.64,0,0.0,0.0,0.0,0.353586,0.598374
2033-08-22,30.4,44.7,73.4,8.1,6206.88,6253.17,0,0.0,0.0,0.0,0.407109,0.655257
2033-08-23,35.9,13.3,61.7,6.6,6882.08,6899.14,0,0.0,0.0,0.0,0.371539,0.625442
2033-08-24,32.1,2.3,61.7,4.9,5933.38,5440.85,0,0.0,0.090526,0.0,0.319953,0.682421
2033-08-25,31.5,0.0,58.8,5.3,6142.2,7180.88,0,0.0,0.0,0.0,0.310841,0.398772
2033-08-26,31.4,0.0,60.2,11.2,6180.93,6148.75,0,0.0,0.005233,0.0,0.358332,0.621232
2033-08-27,30.4,55.9,74.4,6.1,6051.24,6107.79,0,0.0,0.0,0.0,0.407217,0.653198
2033-08-28,32.5,0.0,58.0,12.0,6426.79,5961.96,0,0.0,0.077967,0.0,0.36763,0.715438
2033-08-29,33.0,0.0,56.2,5.4,6344.67,7008.23,0,0.0,0.0,0.0,0.316625,0.462882
2033-08-30,32.7,3.3,61.2,5.9,6270.72,6548.36,0,0.0,0.0,0.0,0.331907,0.539201
2033-08-31,33.7,0.0,54.2,4.9,6438.6,6618.19,0,0.0,0.0,0.0,0.313631,0.538743
2033-09-01,32.9,0.0,51.6,5.1,5329.96,5496.39,0,0.0,0.0,0.0,0.305026,0.526467
2033-09-02,38.5,0.0,46.4,5.0,6075.94,6604.74,0,0.0,0.0,0.0,0.331416,0.494739
2033-09-03,36.9,6.8,57.6,5.2,5508.98,5617.83,0,0.0,0.0,0.0,0.351709,0.58588
2033-09-04,35.6,2.3,57.5,7.3,5464.95,5053.43,0,0.0,0.081433,0.0,0.353666,0.705522
2033-09-05,30.7,0.0,44.5,11.4,4972.1,4816.14,0,0.0,0.032382,0.0,0.325823,0.620417
2033-09-06,29.1,0.0,49.7,6.5,5093.9,4917.45,0,0.0,0.035882,0.0,0.287219,0.585898
2033-09-07,31.1,0.0,56.2,5.0,5437.66,5803.86,0,0.0,0.0,0.0,0.301015,0.484147
2033-09-08,27.7,0.0,51.4,6.2,4918.18,5452.25,0,0.0,0.0,0.0,0.278863,0.421301
2033-09-09,23.2,22.0,57.5,6.1,4626.83,5285.44,0,0.0,0.0,0.0,0.286711,0.398033
2033-09-10,24.0,0.0,56.0,8.0,4983.23,4719.12,0,0.0,0.055964,0.0,0.276989,0.599114
2033-09-11,27.2,0.0,50.5,5.4,5313.72,5787.05,0,0.0,0.0,0.0,0.267707,0.429014
2033-09-12,27.1,49.3,65.0,6.4,5106.4,5163.85,0,0.0,0.0,0.0,0.362103,0.605905
2033-09-13,26.1,1.5,45.4,9.5,5009.69,6182.85,0,0.0,0.0,0.0,0.28436,0.319642
2033-09-14,22.3,0.0,51.8,7.0,4637.91,5274.06,0,0.0,0.0,0.0,0.250193,0.366173
2033-09-15,23.8,2.3,43.6,7.6,5038.0,5830.07,0,0.0,0.0,0.0,0.252141,0.350328
2033-09-16,25.3,0.0,42.9,7.8,5129.13,5644.89,0,0.0,0.0,0.0,0.259452,0.409579
2033-09-17,21.6,0.0,46.5,6.2,4638.09,4981.58,0,0.0,0.0,0.0,0.229469,0.405764
2033-09-18,24.4,0.0,51.5,8.4,5164.06,5291.29,0,0.0,0.0,0.0,0.274275,0.502995
2033-09-19,25.8,0.0,48.7,6.2,5164.94,5228.17,0,0.0,0.0,0.0,0.261277,0.503948
2033-09-20,27.6,0.0,44.1,7.1,5293.43,5291.28,0,0.0,0.000407,0.0,0.271461,0.528725
2033-09-21,27.9,0.0,52.2,5.6,5221.11,5685.3,0,0.0,0.0,0.0,0.277052,0.438527
2033-09-22,28.3,0.0,49.0,5.9,5247.89,6026.19,0,0.0,0.0,0.0,0.276003,0.38202
2033-09-23,28.2,17.3,56.7,6.7,5223.38,5367.14,0,0.0,0.0,0.0,0.317063,0.542584
2033-09-24,28.8,0.0,42.4,7.0,5301.17,5324.98,0,0.0,0.0,0.0,0.275412,0.526982
2033-09-25,23.8,6.6,55.3,6.6,4699.35,4495.12,1,1.197,0.045435,0.2555,0.271609,0.581438
2033-09-26,20.4,34.2,62.6,7.2,4679.34,4985.45,1,0.5,0.0,0.0234,0.30119,0.486301
2033-09-27,19.1,0.0,50.4,6.0,4791.81,5402.49,0,0.0,0.0,0.0,0.21876,0.343591
2033-09-28,19.3,4.9,49.2,9.1,4880.92,5518.35,0,0.0,0.0,0.0,0.247726,0.369668
2033-09-29,20.4,13.1,51.0,9.2,4957.06,5635.39,0,0.0,0.0,0.0,0.269128,0.385398
2033-09-30,21.0,20.1,51.7,6.7,4947.73,5324.6,0,0.0,0.0,0.0,0.263646,0.437808
2033-10-01,23.1,0.0,37.8,7.7,5108.78,5393.25,0,0.0,0.0,0.0,0.234617,0.429832
2033-10-02,24.8,0.0,41.4,7.0,5182.37,5860.13,0,0.0,0.0,0.0,0.247171,0.368944
2033-10-03,22.0,1.8,44.0,7.3,4771.76,4676.64,0,0.0,0.020339,0.0,0.238102,0.518636
2033-10-04,22.0,0.0,38.7,7.7,4935.07,5044.76,0,0.0,0.0,0.0,0.229054,0.460461
2033-10-05,19.7,0.0,50.7,7.5,4775.37,5528.84,1,0.5,0.0,0.0239,0.234851,0.332548
2033-10-06,19.1,0.0,45.7,10.0,4872.33,4786.09,0,0.0,0.018019,0.0,0.240811,0.518636
2033-10-07,19.6,9.8,54.3,8.8,4947.3,5183.93,0,0.0,0.0,0.0,0.26293,0.466432
2033-10-08,12.5,0.0,46.6,7.6,4453.91,4853.75,0,0.0,0.0,0.0,0.180478,0.3411
2033-10-09,18.4,0.0,35.4,8.5,5254.45,5544.55,0,0.0,0.0,0.0,0.205311,0.401021
2033-10-10,19.4,0.0,48.7,9.7,4983.26,5593.28,0,0.0,0.0,0.0,0.246099,0.375569
2033-10-11,17.8,0.0,39.6,7.5,4812.43,5515.61,0,0.0,0.0,0.0,0.201515,0.309474
2033-10-12,21.5,0.0,48.5,10.8,5183.32,5599.12,0,0.0,0.0,0.0,0.268054,0.438151
2033-10-13,19.9,0.0,48.9,7.8,4848.93,5516.01,0,0.0,0.0,0.0,0.235109,0.350719
2033-10-14,19.4,0.0,47.9,13.0,4919.48,4877.63,0,0.0,0.00858,0.0,0.270062,0.536868
2033-10-15,17.8,0.0,46.3,8.9,4828.39,5021.89,0,0.0,0.0,0.0,0.22488,0.436688
2033-10-16,20.8,0.0,42.8,7.3,5142.84,6179.26,0,0.0,0.0,0.0,0.225746,0.286733
2033-10-17,19.5,0.0,40.4,7.6,4884.57,5726.69,0,0.0,0.0,0.0,0.214992,0.300113
2033-10-18,19.0,4.1,50.6,7.6,4921.97,4772.11,0,0.0,0.031403,0.0,0.235824,0.529274
2033-10-19,20.6,4.6,42.5,9.6,5076.96,5326.72,0,0.0,0.0,0.0,0.247225,0.449278
2033-10-20,20.7,0.0,37.8,8.0,4986.02,5278.06,0,0.0,0.0,0.0,0.221113,0.41331
2033-10-21,19.4,0.0,41.7,9.3,4892.01,5264.98,0,0.0,0.0,0.0,0.229888,0.40398
2033-10-22,20.6,0.0,45.0,9.7,5063.23,5722.79,0,0.0,0.0,0.0,0.247071,0.369316
2033-10-23,24.4,0.0,44.6,8.9,5374.4,6265.84,0,0.0,0.0,0.0,0.265195,0.355899
2033-10-24,22.9,0.0,33.4,12.2,4982.28,5243.13,0,0.0,0.0,0.0,0.259771,0.458482
2033-10-25,21.3,0.0,44.1,9.7,4917.16,5510.59,0,0.0,0.0,0.0,0.249998,0.381072
2033-10-26,20.1,0.0,41.9,7.8,4925.08,5372.46,0,0.0,0.0,0.0,0.223303,0.38288
2033-10-27,21.3,0.0,36.6,9.9,5092.63,5340.49,0,0.0,0.0,0.0,0.237478,0.440087
2033-10-28,18.4,0.0,34.0,9.2,4811.92,4537.72,0,0.0,0.060427,0.0,0.208087,0.535419
2033-10-29,16.7,0.0,45.1,11.8,4859.09,5413.82,0,0.0,0.0,0.0,0.237756,0.374928
2033-10-30,12.8,0.0,45.4,10.6,4725.41,5141.85,0,0.0,0.0,0.0,0.203353,0.365595
2033-10-31,10.3,7.9,47.4,9.2,5804.44,6237.12,0,0.0,0.0,0.0,0.189461,0.365266
2033-11-01,9.6,0.0,30.9,8.9,4954.13,4895.57,0,0.0,0.011961,0.0,0.141956,0.41271
2033-11-02,10.0,0.0,36.2,11.9,5014.07,5883.64,0,0.0,0.0,0.0,0.177678,0.261932
2033-11-03,13.8,0.0,37.4,10.2,5191.02,5500.43,0,0.0,0.0,0.0,0.191858,0.382979
2033-11-04,14.4,0.0,44.4,13.9,4993.73,4884.33,0,0.0,0.022397,0.0,0.237487,0.520425
2033-11-05,12.0,0.0,40.8,9.9,4837.41,4682.39,0,0.0,0.033107,0.0,0.184054,0.479493
2033-11-06,10.3,0.0,35.5,12.9,4905.62,5360.28,0,0.0,0.0,0.0,0.186059,0.34383
2033-11-07,13.2,0.0,37.3,10.1,5148.01,5634.79,0,0.0,0.0,0.0,0.186944,0.342884
2033-11-08,14.9,0.0,40.0,9.6,5068.14,5173.72,0,0.0,0.0,0.0,0.199354,0.432321
2033-11-09,14.1,0.0,40.0,10.5,4926.21,5316.09,0,0.0,0.0,0.0,0.201025,0.372198
2033-11-10,12.4,0.0,44.5,15.3,4897.8,5348.69,0,0.0,0.0,0.0,0.235295,0.393674
2033-11-11,14.2,0.0,43.3,10.0,5085.63,5384.74,0,0.0,0.0,0.0,0.204014,0.395957
2033-11-12,11.4,0.0,42.2,9.5,4839.55,4867.7,0,0.0,0.0,0.0,0.179638,0.429677
2033-11-13,11.8,0.0,32.0,10.7,5036.95,5593.86,0,0.0,0.0,0.0,0.172408,0.312975
2033-11-14,15.9,0.0,32.2,13.7,5234.08,5771.99,0,0.0,0.0,0.0,0.222956,0.370952
2033-11-15,15.0,0.0,30.7,10.1,4930.19,5353.02,0,0.0,0.0,0.0,0.186434,0.351012
2033-11-16,12.3,3.8,38.6,20.4,4850.6,4838.35,0,0.0,0.002532,0.0,0.267561,0.527307
2033-11-17,12.5,0.0,33.1,9.3,5022.33,4852.3,0,0.0,0.035041,0.0,0.168282,0.465979
2033-11-18,10.9,0.0,38.4,11.5,4929.94,5200.21,0,0.0,0.0,0.0,0.184649,0.380766
2033-11-19,7.7,0.0,39.0,10.9,4866.43,5394.75,0,0.0,0.0,0.0,0.160052,0.302516
2033-11-20,9.3,0.0,36.5,10.2,5145.64,5740.18,0,0.0,0.0,0.0,0.16051,0.296386
2033-11-21,11.4,0.0,39.8,15.3,5155.48,5603.06,0,0.0,0.0,0.0,0.219891,0.383427
2033-11-22,10.2,0.0,32.1,11.6,4970.8,5078.28,0,0.0,0.0,0.0,0.168994,0.401076
2033-11-23,9.0,3.6,28.8,14.7,4989.88,4986.56,0,0.0,0.000666,0.0,0.183209,0.440776
2033-11-24,6.9,0.0,31.7,10.3,4951.38,5193.68,0,0.0,0.0,0.0,0.136462,0.338789
2033-11-25,6.9,0.0,39.4,11.2,5075.52,5326.93,0,0.0,0.0,0.0,0.157844,0.359537
2033-11-26,6.0,0.0,44.4,10.1,5034.11,5637.0,0,0.0,0.0,0.0,0.152799,0.284733
2033-11-27,4.3,0.0,42.6,14.7,5005.58,5104.58,0,0.0,0.0,0.0,0.173713,0.407862
2033-11-28,8.8,0.0,34.2,10.7,5338.67,5472.2,0,0.0,0.0,0.0,0.156759,0.385063
2033-11-29,9.5,0.0,40.0,10.4,5105.21,6021.41,0,0.0,0.0,0.0,0.169934,0.249096
2033-11-30,10.3,0.0,28.2,14.0,5101.27,5854.86,0,0.0,0.0,0.0,0.180859,0.287391
2033-12-01,11.5,0.0,42.9,15.2,5744.56,5712.31,0,0.0,0.005647,0.0,0.225591,0.488972
2033-12-02,12.2,0.0,37.8,11.6,5706.0,6519.29,0,0.0,0.0,0.0,0.192864,0.304019
2033-12-03,10.4,0.0,39.2,14.5,5556.77,5441.86,0,0.0,0.021115,0.0,0.206002,0.487443
2033-12-04,10.4,0.0,25.7,12.4,5672.51,5801.01,0,0.0,0.0,0.0,0.164485,0.395415
2033-12-05,9.2,0.0,37.6,12.7,5613.82,5781.25,0,0.0,0.0,0.0,0.181203,0.404184
2033-12-06,9.7,0.0,44.6,10.8,5720.01,5978.05,0,0.0,0.0,0.0,0.182963,0.389363
2033-12-07,9.9,0.0,36.9,11.0,5698.07,6205.45,0,0.0,0.0,0.0,0.171387,0.332726
2033-12-08,8.5,0.0,35.0,13.8,5613.56,5931.89,0,0.0,0.0,0.0,0.180202,0.374344
2033-12-09,5.6,0.0,34.2,11.7,5528.86,6019.42,0,0.0,0.0,0.0,0.143383,0.305034
2033-12-10,6.2,0.0,31.9,10.7,5767.19,5909.55,0,0.0,0.0,0.0,0.135309,0.363976
2033-12-11,5.9,0.0,36.1,12.9,5715.01,6135.5,0,0.0,0.0,0.0,0.158182,0.334965
2033-12-12,2.4,0.0,29.6,12.2,5514.94,5818.12,0,0.0,0.0,0.0,0.117524,0.313481
2033-12-13,4.3,0.0,38.0,11.6,5882.5,5662.11,0,0.0,0.038923,0.0,0.141168,0.443398
2033-12-14,6.8,0.0,41.4,11.0,5891.31,6365.15,0,0.0,0.0,0.0,0.159392,0.329277
2033-12-15,11.9,0.0,33.8,12.2,6008.9,6345.7,0,0.0,0.0,0.0,0.188017,0.382847
2033-12-16,10.1,0.0,37.9,12.3,5568.62,5596.6,0,0.0,0.0,0.0,0.184611,0.435565
2033-12-17,8.4,0.0,35.8,12.6,5589.68,5719.56,0,0.0,0.0,0.0,0.171783,0.402064
2033-12-18,5.9,0.0,38.2,13.9,5558.87,5696.61,0,0.0,0.0,0.0,0.169836,0.398399
2033-12-19,6.5,0.0,40.9,13.2,5769.64,5969.1,1,0.5,0.0,0.0288,0.173452,0.391233
2033-12-20,7.0,0.0,38.5,11.3,5754.72,6680.16,0,0.0,0.0,0.0,0.157587,0.25265
2033-12-21,5.4,0.0,40.9,13.8,5623.71,6645.46,0,0.0,0.0,0.0,0.170831,0.248131
2033-12-22,5.4,0.0,39.3,13.6,5733.75,5035.72,0,0.0,0.138616,0.0,0.166288,0.584898
2033-12-23,1.8,2.1,41.7,13.3,5514.97,5960.33,0,0.0,0.0,0.0,0.147307,0.316868
2033-12-24,4.7,7.9,40.5,12.2,5943.97,6598.77,0,0.0,0.0,0.0,0.16276,0.303708
2033-12-25,3.6,0.0,38.8,14.7,5679.09,5885.74,0,0.0,0.0,0.0,0.161974,0.377776
2033-12-26,4.3,0.0,40.7,16.8,5788.23,6416.07,0,0.0,0.0,0.0,0.186354,0.328909
2033-12-27,2.0,0.0,37.0,12.8,5606.79,6471.43,0,0.0,0.0,0.0,0.133392,0.234207
2033-12-28,1.9,0.0,39.8,11.8,5757.87,5548.13,0,0.0,0.037803,0.0,0.130267,0.431189
2033-12-29,2.5,0.0,33.3,12.0,5794.73,6133.3,0,0.0,0.0,0.0,0.123577,0.315924
2033-12-30,3.5,0.5,29.0,12.0,5814.28,6821.75,0,0.0,0.0,0.0,0.122716,0.207098
2033-12-31,5.2,0.0,38.5,13.6,5852.53,5688.79,0,0.0,0.028785,0.0,0.16347,0.453861
2034-01-01,8.6,15.3,38.1,13.7,5921.05,6174.11,0,0.0,0.0,0.0,0.204569,0.41351
2034-01-02,9.9,20.0,53.1,12.3,5764.23,5889.61,0,0.0,0.0,0.0,0.236195,0.468133
2034-01-03,11.4,0.0,34.6,13.7,5760.61,6430.4,0,0.0,0.0,0.0,0.197795,0.332989
2034-01-04,13.6,0.0,42.6,13.6,5778.78,6501.4,0,0.0,0.0,0.0,0.226524,0.353559
2034-01-05,13.6,0.0,35.4,12.5,5633.16,5972.43,0,0.0,0.0,0.0,0.204537,0.395012
2034-01-06,12.5,0.0,39.1,13.3,5562.62,5852.04,0,0.0,0.0,0.0,0.210397,0.409452
2034-01-07,13.6,0.0,33.8,22.5,5706.17,5373.46,0,0.0,0.061916,0.0,0.278697,0.607769
2034-01-08,14.7,0.0,33.6,13.4,5685.56,6479.55,0,0.0,0.0,0.0,0.215357,0.329096
2034-01-09,14.8,0.0,41.3,12.3,5612.62,5768.37,0,0.0,0.0,0.0,0.221966,0.447235
2034-01-10,10.6,12.1,41.1,13.0,5375.71,5596.29,0,0.0,0.0,0.0,0.214072,0.424848
2034-01-11,8.6,0.0,44.0,15.8,5532.72,6148.01,0,0.0,0.0,0.0,0.213168,0.353125
2034-01-12,8.1,0.0,46.7,12.9,5642.83,5995.22,0,0.0,0.0,0.0,0.192558,0.38073
2034-01-13,9.8,0.0,32.8,13.3,5774.98,6428.95,0,0.0,0.0,0.0,0.180788,0.318827
2034-01-14,9.7,0.0,46.2,16.8,5642.13,6138.73,0,0.0,0.0,0.0,0.23226,0.394612
2034-01-15,11.9,0.0,36.2,12.4,5775.74,6138.68,0,0.0,0.0,0.0,0.19406,0.381829
2034-01-16,14.0,0.1,39.6,13.8,5745.6,6145.25,0,0.0,0.0,0.0,0.225201,0.40607
2034-01-17,15.6,0.0,34.5,13.1,5697.86,5579.72,0,0.0,0.021174,0.0,0.220662,0.502169
2034-01-18,16.8,0.0,34.9,14.2,5698.91,5930.37,0,0.0,0.0,0.0,0.237809,0.449036
2034-01-19,13.4,0.0,32.3,13.1,5371.53,6006.95,0,0.0,0.0,0.0,0.202036,0.335337
2034-01-20,13.7,3.1,41.0,12.3,5615.9,5578.76,0,0.0,0.006658,0.0,0.217935,0.482497
2034-01-21,11.8,0.0,42.9,12.4,5486.15,5513.24,0,0.0,0.0,0.0,0.205963,0.457017
2034-01-22,8.3,0.0,41.0,16.6,5403.04,5373.77,0,0.0,0.005446,0.0,0.211738,0.474887
2034-01-23,8.2,0.0,34.2,13.8,5637.95,5974.33,0,0.0,0.0,0.0,0.176724,0.367784
2034-01-24,11.4,0.0,33.6,13.3,5821.52,6626.98,0,0.0,0.0,0.0,0.192834,0.307735
2034-01-25,12.2,0.0,43.7,17.6,5654.09,6131.69,0,0.0,0.0,0.0,0.250223,0.416084
2034-01-26,16.1,0.0,47.9,14.4,5832.94,5324.61,0,0.0,0.095469,0.0,0.259113,0.627352
2034-01-27,15.5,0.0,45.5,13.1,5529.24,6031.65,0,0.0,0.0,0.0,0.240627,0.400178
2034-01-28,19.7,0.0,53.9,14.1,5903.89,6034.65,0,0.0,0.0,0.0,0.291777,0.523271
2034-01-29,18.5,0.0,44.6,16.6,5529.29,5983.2,0,0.0,0.0,0.0,0.28572,0.453946
2034-01-30,17.3,0.0,46.7,15.3,5503.71,5727.06,0,0.0,0.0,0.0,0.271717,0.482979
2034-01-31,13.7,0.0,45.3,13.1,5323.28,5300.87,0,0.0,0.004227,0.0,0.228388,0.490113
2034-02-01,15.7,0.0,41.8,13.9,5683.24,5941.81,0,0.0,0.0,0.0,0.241181,0.447169
2034-02-02,14.1,0.0,45.2,13.4,5441.53,5562.26,0,0.0,0.0,0.0,0.233152,0.464603
2034-02-03,12.6,0.0,50.5,21.1,5457.96,5836.66,0,0.0,0.0,0.0,0.292616,0.473661
2034-02-04,15.3,0.0,51.0,15.3,5711.4,5678.17,0,0.0,0.005852,0.0,0.266597,0.530219
2034-02-05,17.3,0.0,48.8,12.7,5691.11,5572.39,0,0.0,0.021305,0.0,0.255593,0.537255
2034-02-06,18.8,1.4,55.6,15.4,5686.79,6233.41,0,0.0,0.0,0.0,0.300771,0.455189
2034-02-07,17.1,0.0,49.9,12.2,5440.24,6092.29,0,0.0,0.0,0.0,0.252479,0.384323
2034-02-08,16.5,0.0,49.6,12.1,5491.59,5966.85,0,0.0,0.0,0.0,0.24719,0.410996
2034-02-09,16.0,0.0,55.8,13.9,5490.12,5540.23,0,0.0,0.0,0.0,0.269408,0.515639
2034-02-10,17.3,0.0,45.0,13.9,5629.12,5648.12,0,0.0,0.0,0.0,0.257727,0.51059
2034-02-11,19.9,0.0,56.0,14.0,5756.34,5796.65,0,0.0,0.0,0.0,0.296261,0.544933
2034-02-12,19.7,0.0,44.4,14.7,5560.74,6150.71,0,0.0,0.0,0.0,0.278594,0.423408
2034-02-13,22.9,0.0,48.2,13.1,5867.8,5856.2,0,0.0,0.001982,0.0,0.294466,0.553568
2034-02-14,23.2,0.4,40.8,15.5,5702.26,6304.96,0,0.0,0.0,0.0,0.301575,0.446771
2034-02-15,21.3,0.0,51.5,13.0,5461.26,5953.45,0,0.0,0.0,0.0,0.289336,0.449613
2034-02-16,22.0,0.0,57.2,13.9,5636.74,6358.11,0,0.0,0.0,0.0,0.311581,0.435921
2034-02-17,24.3,0.0,46.2,12.6,5887.86,6576.61,0,0.0,0.0,0.0,0.296086,0.430617
2034-02-18,26.8,0.0,49.8,13.2,6053.58,6563.21,0,0.0,0.0,0.0,0.323944,0.490086
2034-02-19,27.3,0.0,50.5,12.8,5937.34,5684.84,0,0.0,0.044416,0.0,0.325465,0.634107
2034-02-20,25.4,0.0,50.8,13.2,5653.95,6153.98,0,0.0,0.0,0.0,0.316591,0.478526
2034-02-21,23.4,0.0,47.0,14.7,5525.45,5841.91,0,0.0,0.0,0.0,0.307857,0.501408
2034-02-22,23.5,9.1,55.0,15.2,5662.19,5812.16,0,0.0,0.0,0.0,0.338477,0.565145
2034-02-23,25.8,0.0,60.8,15.5,5951.8,6760.18,0,0.0,0.0,0.0,0.355724,0.472916
2034-02-24,25.2,0.0,50.8,12.8,5714.2,5945.43,0,0.0,0.0,0.0,0.312186,0.523573
2034-02-25,24.9,0.0,54.8,13.9,5704.34,5799.28,0,0.0,0.0,0.0,0.326196,0.563874
2034-02-26,23.8,0.0,55.1,12.3,5587.8,6262.9,0,0.0,0.0,0.0,0.307163,0.438115
2034-02-27,22.3,0.0,52.3,14.3,5458.97,5592.6,0,0.0,0.0,0.0,0.307458,0.536354
2034-02-28,21.5,0.0,56.0,11.8,5473.25,5547.09,0,0.0,0.0,0.0,0.289832,0.531082
2034-03-01,21.5,0.0,53.1,17.9,4769.3,4669.09,0,0.0,0.021462,0.0,0.331462,0.613307
2034-03-02,24.7,0.0,57.4,12.3,5102.72,5094.19,0,0.0,0.001674,0.0,0.317407,0.576152
2034-03-03,23.4,0.0,55.3,13.9,4768.66,4786.46,1,0.5,0.0,0.0238,0.317247,0.569696
2034-03-04,23.0,0.0,49.0,21.9,4795.56,5222.97,0,0.0,0.0,0.0,0.364526,0.525784
2034-03-05,21.0,0.0,47.4,12.6,4626.68,4560.98,0,0.0,0.014406,0.0,0.276584,0.55019
2034-03-06,22.5,0.0,46.0,13.8,4871.53,4544.92,0,0.0,0.071862,0.0,0.293106,0.633789
2034-03-07,25.1,0.0,55.0,11.6,5067.38,5417.56,0,0.0,0.0,0.0,0.310143,0.491475
2034-03-08,27.8,0.0,61.6,13.5,5212.63,5265.08,0,0.0,0.0,0.0,0.354975,0.600135
2034-03-09,27.1,0.0,54.1,11.7,4973.96,5217.56,1,0.5,0.0,0.0249,0.322409,0.524695
2034-03-10,27.4,1.0,57.1,12.7,5040.58,5699.85,0,0.0,0.0,0.0,0.338948,0.460711
2034-03-11,26.3,0.0,55.2,11.3,4890.77,5157.35,0,0.0,0.0,0.0,0.316112,0.51256
2034-03-12,26.8,0.0,54.6,13.3,5010.53,5737.59,0,0.0,0.0,0.0,0.333715,0.442573
2034-03-13,26.8,4.0,71.1,12.4,4978.86,5206.43,0,0.0,0.0,0.0,0.362589,0.568353
2034-03-14,26.4,0.0,55.4,12.3,4925.79,5484.57,0,0.0,0.0,0.0,0.324863,0.462716
2034-03-15,26.2,5.9,54.5,11.1,4929.89,5006.36,0,0.0,0.0,0.0,0.319796,0.558754
2034-03-16,26.8,0.0,55.6,12.8,4999.27,5283.15,0,0.0,0.0,0.0,0.331732,0.525794
2034-03-17,25.9,0.0,60.8,12.1,4854.98,4812.36,0,0.0,0.008855,0.0,0.330149,0.597278
2034-03-18,25.3,0.0,57.9,11.6,4839.93,4833.67,0,0.0,0.001296,0.0,0.316898,0.5752
2034-03-19,28.8,0.0,62.5,11.3,5264.93,5453.66,0,0.0,0.0,0.0,0.346278,0.562669
2034-03-20,33.6,0.0,57.8,13.3,5612.9,5423.76,0,0.0,0.034873,0.0,0.384536,0.682036
2034-03-21,29.7,0.0,58.8,12.7,4860.41,5152.22,0,0.0,0.0,0.0,0.356075,0.546746
2034-03-22,26.6,0.0,58.5,12.3,4738.72,4885.27,1,0.859,0.0,0.0407,0.331993,0.553763
2034-03-23,24.7,0.0,61.9,18.3,4713.26,5018.58,0,0.0,0.0,0.0,0.372141,0.557909
2034-03-24,25.0,0.0,66.3,14.2,4848.93,4690.22,0,0.0,0.033839,0.0,0.350733,0.647026
2034-03-25,27.3,0.0,67.1,13.1,5084.46,5563.46,0,0.0,0.0,0.0,0.358905,0.515185
2034-03-26,28.6,0.0,70.4,12.1,5089.5,5888.3,0,0.0,0.0,0.0,0.365945,0.464367
2034-03-27,28.8,11.7,60.0,12.8,5034.25,5757.43,0,0.0,0.0,0.0,0.36744,0.477595
2034-03-28,29.8,0.6,58.9,16.0,5126.48,5997.7,0,0.0,0.0,0.0,0.383117,0.470331
2034-03-29,28.2,4.6,60.8,10.5,4882.09,5139.24,0,0.0,0.0,0.0,0.338576,0.536953
2034-03-30,27.9,0.0,64.6,12.3,4937.77,5075.06,1,1.041,0.0,0.0514,0.352,0.57721
2034-03-31,28.1,0.0,59.5,12.5,4978.8,5380.67,0,0.0,0.0,0.0,0.345299,0.514898
2034-04-01,25.2,0.0,61.7,10.5,4640.07,4802.44,0,0.0,0.0,0.0,0.314877,0.532197
2034-04-02,23.9,0.0,68.9,11.7,4654.2,4376.59,0,0.0,0.063431,0.0,0.329067,0.659906
2034-04-03,22.9,0.0,71.1,12.9,4623.23,5093.02,0,0.0,0.0,0.0,0.33586,0.484967
2034-04-04,25.9,1.9,70.0,12.6,5010.48,5187.02,0,0.0,0.0,0.0,0.353575,0.570633
2034-04-05,27.4,0.0,67.9,11.4,4991.67,4779.81,0,0.0,0.044324,0.0,0.347947,0.656481
2034-04-06,29.4,19.8,68.3,11.8,5123.43,5215.54,0,0.0,0.0,0.0,0.389124,0.625297
2034-04-07,26.1,0.0,67.0,11.5,4635.05,4805.0,0,0.0,0.0,0.0,0.338462,0.553962
2034-04-08,24.2,0.0,72.9,9.9,4618.47,4852.84,0,0.0,0.0,0.0,0.324656,0.525066
2034-04-09,27.1,0.0,70.7,10.7,5042.16,5301.85,0,0.0,0.0,0.0,0.345818,0.545427
2034-04-10,22.6,0.0,72.1,11.3,4374.94,4971.02,0,0.0,0.0,0.0,0.323412,0.440218
2034-04-11,27.0,0.0,72.7,10.4,5121.49,4961.81,0,0.0,0.032181,0.0,0.346594,0.640953
2034-04-12,24.5,0.0,66.6,12.3,4579.98,4765.08,0,0.0,0.0,0.0,0.333339,0.544781
2034-04-13,27.9,0.0,71.7,9.5,5100.05,5072.64,0,0.0,0.005404,0.0,0.343707,0.606805
2034-04-14,27.2,0.0,66.8,10.3,4815.71,5437.6,0,0.0,0.0,0.0,0.336079,0.459355
2034-04-15,30.6,0.0,72.0,10.4,5236.55,5313.15,0,0.0,0.0,0.0,0.369011,0.60897
2034-04-16,37.7,3.3,76.2,12.0,5861.18,6027.28,0,0.0,0.0,0.0,0.440056,0.664675
2034-04-17,32.4,8.3,79.3,10.8,4794.32,5351.09,0,0.0,0.0,0.0,0.407776,0.5431
2034-04-18,34.2,2.4,73.3,10.8,5322.36,6032.69,0,0.0,0.0,0.0,0.401192,0.520524
2034-04-19,30.7,0.0,71.9,10.6,4805.0,5491.04,0,0.0,0.0,0.0,0.371026,0.481963
2034-04-20,32.4,0.0,77.1,9.4,5211.07,4932.2,0,0.0,0.056542,0.0,0.382722,0.705518
2034-04-21,32.6,0.0,66.1,10.6,5120.84,5532.67,0,0.0,0.0,0.0,0.372674,0.542567
2034-04-22,33.4,0.0,77.8,10.7,5203.38,5552.1,0,0.0,0.0,0.0,0.400656,0.584123
2034-04-23,32.1,0.0,71.5,9.9,4993.39,5226.94,0,0.0,0.0,0.0,0.374102,0.57873
2034-04-24,34.4,4.6,72.9,11.0,5343.46,5633.04,0,0.0,0.0,0.0,0.405987,0.602764
2034-04-25,31.9,0.0,69.0,9.3,4903.46,5545.83,0,0.0,0.0,0.0,0.363467,0.485038
2034-04-26,35.3,0.0,65.6,9.6,5451.16,6080.39,0,0.0,0.0,0.0,0.381817,0.517798
2034-04-27,34.7,0.0,79.0,12.8,5168.36,5718.82,0,0.0,0.0,0.0,0.427679,0.572102
2034-04-28,32.4,0.0,73.8,9.1,4928.69,5239.37,0,0.0,0.0,0.0,0.374219,0.561785
2034-04-29,36.5,0.0,70.2,9.3,5554.64,6626.95,0,0.0,0.0,0.0,0.396037,0.463929
2034-04-30,36.6,0.0,73.9,10.2,5294.08,5425.17,0,0.0,0.0,0.0,0.410578,0.63916
2034-05-01,40.6,0.0,70.7,13.1,5769.09,5470.22,0,0.0,0.054636,0.0,0.45332,0.773892
2034-05-02,42.5,0.0,64.0,11.3,5731.59,5922.39,0,0.0,0.0,0.0,0.439392,0.658572
2034-05-03,40.0,0.0,71.8,9.9,5303.89,5588.37,0,0.0,0.0,0.0,0.426736,0.624099
2034-05-04,39.5,0.0,65.8,9.5,5401.19,6114.69,0,0.0,0.0,0.0,0.409104,0.529674
2034-05-05,39.5,0.0,74.2,7.9,5434.66,5531.45,0,0.0,0.0,0.0,0.412509,0.648872
2034-05-06,42.4,0.0,81.1,9.6,5778.19,6245.92,0,0.0,0.0,0.0,0.457678,0.627046
2034-05-07,42.6,0.0,70.1,8.4,5605.42,5364.02,0,0.0,0.045005,0.0,0.429112,0.738439
2034-05-08,42.2,0.0,77.4,8.2,5546.78,6202.02,0,0.0,0.0,0.0,0.43862,0.572075
2034-05-09,41.2,0.0,70.4,8.0,5446.74,5742.52,1,0.5,0.0,0.0272,0.41736,0.614021
2034-05-10,40.8,0.0,73.6,10.7,5456.11,5632.48,0,0.0,0.0,0.0,0.441557,0.661792
2034-05-11,43.2,0.0,69.4,8.4,5773.03,6836.97,0,0.0,0.0,0.0,0.431755,0.506879
2034-05-12,42.5,16.4,81.1,7.7,6635.54,7414.58,1,1.871,0.0,0.1242,0.463687,0.59782
2034-05-13,41.2,0.0,80.8,8.6,5414.67,5330.69,0,0.0,0.015754,0.0,0.44149,0.716671
2034-05-14,39.9,0.0,75.1,11.9,5338.24,5568.36,0,0.0,0.0,0.0,0.447697,0.656243
2034-05-15,38.9,0.0,76.9,7.7,5302.62,6481.86,0,0.0,0.0,0.0,0.412073,0.456478
2034-05-16,36.4,6.0,78.5,12.2,6089.26,7152.85,0,0.0,0.0,0.0,0.440638,0.523842
2034-05-17,35.7,0.0,73.2,9.2,5151.95,5709.12,0,0.0,0.0,0.0,0.395617,0.538477
2034-05-18,39.8,0.0,81.0,12.0,5670.33,5294.02,0,0.0,0.071081,0.0,0.458872,0.798643
2034-05-19,39.6,0.0,72.0,8.2,5385.21,6106.43,0,0.0,0.0,0.0,0.411358,0.530268
2034-05-20,41.3,0.0,66.8,9.9,5599.28,5655.18,1,0.5,0.0,0.028,0.42593,0.671181
2034-05-21,36.3,0.0,70.1,13.2,4899.77,5553.31,0,0.0,0.0,0.0,0.424624,0.544029
2034-05-22,38.5,0.0,77.8,7.6,5468.67,5493.13,0,0.0,0.0,0.0,0.410352,0.661944
2034-05-23,38.8,0.0,72.9,8.0,5362.32,5795.57,0,0.0,0.0,0.0,0.406229,0.575749
2034-05-24,38.4,0.0,75.3,8.4,5295.59,5346.76,0,0.0,0.0,0.0,0.411179,0.656797
2034-05-25,39.4,0.0,73.7,8.6,5440.58,5588.09,0,0.0,0.0,0.0,0.416313,0.642287
2034-05-26,38.9,0.0,75.8,6.4,5311.99,5785.81,0,0.0,0.0,0.0,0.39998,0.561167
2034-05-27,35.3,0.0,80.4,8.8,4920.55,4757.72,0,0.0,0.034223,0.0,0.403394,0.700138
2034-05-28,38.5,0.0,82.6,8.2,5525.77,6627.95,0,0.0,0.0,0.0,0.423982,0.486642
2034-05-29,39.7,0.0,70.1,7.3,5462.13,5381.76,0,0.0,0.014935,0.0,0.40151,0.675734
2034-05-30,39.6,0.0,79.7,15.5,5367.76,5269.86,0,0.0,0.018577,0.0,0.482122,0.760599
2034-05-31,38.2,0.0,76.0,9.8,5210.08,5675.77,0,0.0,0.0,0.0,0.421975,0.582981
2034-06-01,36.1,0.0,68.9,11.3,6116.45,6920.1,0,0.0,0.0,0.0,0.406395,0.527611
2034-06-02,37.8,1.1,77.7,7.2,6520.3,6713.35,0,0.0,0.0,0.0,0.403807,0.627027
2034-06-03,42.0,0.0,84.2,6.8,6992.85,6870.46,0,0.0,0.017814,0.0,0.439249,0.716835
2034-06-04,42.5,1.9,71.8,8.4,6733.79,6679.18,0,0.0,0.008176,0.0,0.433959,0.700294
2034-06-05,39.8,7.2,75.6,7.6,6296.31,6202.55,0,0.0,0.015116,0.0,0.423581,0.698018
2034-06-06,40.9,0.0,66.9,6.8,6664.1,7126.7,0,0.0,0.0,0.0,0.399561,0.580574
2034-06-07,41.1,46.1,85.8,6.7,6617.99,6919.71,0,0.0,0.0,0.0,0.491792,0.69768
2034-06-08,43.2,0.0,75.6,6.0,6899.53,7429.6,0,0.0,0.0,0.0,0.424861,0.598362
2034-06-09,44.4,0.0,84.6,9.3,6903.82,7407.7,0,0.0,0.0,0.0,0.475109,0.652491
2034-06-10,38.1,14.1,73.6,8.7,5909.21,6511.54,0,0.0,0.0,0.0,0.425532,0.574335
2034-06-11,40.2,0.0,79.5,5.5,6694.95,6856.79,0,0.0,0.0,0.0,0.408541,0.637777
2034-06-12,38.7,0.0,76.1,8.6,6321.97,6344.06,0,0.0,0.0,0.0,0.416199,0.668924
2034-06-13,36.8,0.0,85.7,12.2,6156.51,6524.96,0,0.0,0.0,0.0,0.449453,0.640322
2034-06-14,37.6,0.0,75.3,8.7,6431.03,6730.3,0,0.0,0.0,0.0,0.40822,0.6131
2034-06-15,39.5,8.7,76.3,6.1,6635.82,7073.36,0,0.0,0.0,0.0,0.413172,0.597749
2034-06-16,37.0,20.2,83.5,7.3,6123.01,6154.62,0,0.0,0.0,0.0,0.433484,0.684278
2034-06-17,39.6,9.1,78.9,5.3,6698.25,7304.17,0,0.0,0.0,0.0,0.413021,0.572969
2034-06-18,41.8,0.0,78.8,5.7,6813.33,6648.2,0,0.0,0.02484,0.0,0.419318,0.705104
2034-06-19,42.1,11.7,79.7,8.2,6684.01,6832.76,1,0.812,0.0,0.0543,0.456549,0.687925
2034-06-20,40.6,7.2,68.3,5.6,6433.66,7212.97,0,0.0,0.0,0.0,0.399734,0.530395
2034-06-21,39.1,0.0,76.3,6.3,6344.55,6209.58,0,0.0,0.021735,0.0,0.401464,0.683628
2034-06-22,41.9,8.0,78.1,6.5,6870.55,7668.67,0,0.0,0.0,0.0,0.434599,0.569891
2034-06-23,39.1,0.0,69.8,8.0,6240.25,5998.3,0,0.0,0.040337,0.0,0.402394,0.706273
2034-06-24,42.0,0.0,74.8,6.2,6883.0,6539.75,0,0.0,0.052487,0.0,0.416995,0.735058
2034-06-25,41.8,42.5,74.7,5.4,6627.79,6335.42,0,0.0,0.046149,0.0,0.461171,0.771835
2034-06-26,41.8,8.0,76.3,6.9,6641.65,7022.61,0,0.0,0.0,0.0,0.433651,0.627112
2034-06-27,38.6,6.0,77.8,5.1,6179.83,6772.87,0,0.0,0.0,0.0,0.399042,0.553613
2034-06-28,39.1,0.0,77.6,9.5,6507.83,7363.18,0,0.0,0.0,0.0,0.428593,0.549771
2034-06-29,41.1,27.8,83.1,5.0,6750.62,7603.97,0,0.0,0.0,0.0,0.451285,0.577064
2034-06-30,38.7,0.0,68.0,8.0,6256.87,6909.77,0,0.0,0.0,0.0,0.396382,0.542865
2034-07-01,40.4,0.0,64.9,7.2,6695.08,6678.99,0,0.0,0.002408,0.0,0.395602,0.655204
2034-07-02,41.0,22.2,82.3,7.9,6641.69,6622.08,0,0.0,0.00296,0.0,0.464669,0.724916
2034-07-03,40.0,0.0,73.9,5.1,6450.96,7093.68,0,0.0,0.0,0.0,0.393637,0.544655
2034-07-04,42.1,0.0,74.2,5.3,6845.74,7801.01,0,0.0,0.0,0.0,0.409584,0.52342
2034-07-05,37.7,4.5,81.1,5.4,6044.6,5954.16,0,0.0,0.015189,0.0,0.399782,0.674304
2034-07-06,39.3,0.0,63.3,5.7,6613.88,7483.75,0,0.0,0.0,0.0,0.373777,0.494875
2034-07-07,43.0,14.7,83.8,4.8,7042.28,6542.41,0,0.0,0.076405,0.0,0.447594,0.793579
2034-07-08,45.7,0.0,68.1,5.9,7135.68,7667.76,0,0.0,0.0,0.0,0.426505,0.602287
2034-07-09,45.7,10.6,77.5,5.9,6920.19,7220.94,0,0.0,0.0,0.0,0.457063,0.665231
2034-07-10,44.2,0.0,70.4,7.6,6709.92,6959.1,0,0.0,0.0,0.0,0.434048,0.649038
2034-07-11,42.4,0.0,68.5,5.8,6560.82,6901.79,0,0.0,0.0,0.0,0.404732,0.603849
2034-07-12,41.6,0.0,62.5,4.4,6591.15,6566.2,1,0.5,0.003799,0.033,0.377407,0.638633
2034-07-13,42.6,0.0,66.5,4.5,6806.87,7338.5,0,0.0,0.0,0.0,0.39227,0.564489
2034-07-14,40.7,46.5,83.5,4.9,6450.12,6797.28,0,0.0,0.0,0.0,0.471443,0.66861
2034-07-15,42.2,0.0,71.1,5.5,6830.97,7575.03,0,0.0,0.0,0.0,0.405974,0.548096
2034-07-16,46.2,12.8,77.1,9.7,7302.41,8399.19,1,0.5,0.0,0.0365,0.491614,0.595963
2034-07-17,44.9,11.7,68.3,8.0,6790.77,7184.61,0,0.0,0.0,0.0,0.452086,0.644882
2034-07-18,41.4,0.3,72.4,5.3,6374.5,6364.43,0,0.0,0.001582,0.0,0.401961,0.660598
2034-07-19,38.4,0.0,68.7,4.9,6242.0,6106.62,0,0.0,0.022168,0.0,0.371797,0.654468
2034-07-20,40.3,0.0,71.3,5.7,6745.37,7804.32,0,0.0,0.0,0.0,0.395369,0.493757
2034-07-21,40.1,34.6,79.1,5.7,6570.8,7549.41,0,0.0,0.0,0.0,0.450891,0.556354
2034-07-22,41.8,0.0,65.2,5.5,6836.01,7559.98,0,0.0,0.0,0.0,0.392275,0.537271
2034-07-23,40.3,0.0,68.6,4.4,6486.27,6835.04,0,0.0,0.0,0.0,0.380275,0.577496
2034-07-24,41.8,44.4,80.4,5.1,6826.78,7518.71,0,0.0,0.0,0.0,0.471861,0.621218
2034-07-25,40.9,0.0,70.7,5.0,6587.96,7458.77,0,0.0,0.0,0.0,0.392797,0.513293
2034-07-26,39.1,0.0,74.0,6.1,6392.96,6463.72,0,0.0,0.0,0.0,0.395608,0.639618
2034-07-27,38.2,0.0,63.0,7.9,6417.06,6749.96,0,0.0,0.0,0.0,0.38294,0.582155
2034-07-28,35.9,0.0,60.1,5.0,6159.95,6038.64,0,0.0,0.020088,0.0,0.339966,0.620208
2034-07-29,40.4,0.0,72.0,6.0,6990.08,7282.75,1,2.78,0.0,0.1943,0.399655,0.609531
2034-07-30,39.7,30.6,66.5,4.0,6545.22,7509.26,0,0.0,0.0,0.0,0.406632,0.513551
2034-07-31,40.7,0.0,70.2,5.9,6738.01,7532.75,0,0.0,0.0,0.0,0.397486,0.53111
2034-08-01,39.0,3.6,61.1,4.5,6426.8,6802.8,0,0.0,0.0,0.0,0.362808,0.555074
2034-08-02,36.6,8.6,63.4,4.8,6218.95,5474.7,0,0.0,0.135942,0.0,0.359717,0.775208
2034-08-03,36.3,1.0,64.0,6.1,6362.84,6418.1,0,0.0,0.0,0.0,0.359622,0.606361
2034-08-04,38.6,0.0,56.6,5.7,6728.78,7108.63,0,0.0,0.0,0.0,0.356601,0.551011
2034-08-05,37.2,66.0,75.1,14.0,6348.45,6645.31,0,0.0,0.0,0.0,0.526631,0.731271
2034-08-06,35.4,16.7,59.0,6.1,6200.14,6522.94,1,1.485,0.0,0.0921,0.363471,0.56249
2034-08-07,35.9,17.7,70.6,9.5,6419.2,6838.27,0,0.0,0.0,0.0,0.415971,0.601219
2034-08-08,36.9,0.0,62.5,4.4,6531.74,6638.72,0,0.0,0.0,0.0,0.346427,0.584405
2034-08-09,40.0,13.3,65.6,5.0,6902.2,7244.03,0,0.0,0.0,0.0,0.39353,0.595233
2034-08-10,39.8,10.4,64.2,5.4,6638.51,6907.94,0,0.0,0.0,0.0,0.389135,0.600393
2034-08-11,40.2,14.3,65.1,5.3,6714.46,6752.72,0,0.0,0.0,0.0,0.397446,0.647622
2034-08-12,40.6,0.0,58.9,7.3,6748.14,7870.48,0,0.0,0.0,0.0,0.386442,0.476759
2034-08-13,37.2,6.0,67.2,6.7,6226.12,6350.54,0,0.0,0.0,0.0,0.382285,0.616203
2034-08-14,34.7,9.9,54.3,6.0,6151.14,5585.14,0,0.0,0.10134,0.0,0.340976,0.716071
2034-08-15,32.5,0.0,53.1,5.5,6030.32,7009.32,0,0.0,0.0,0.0,0.308288,0.402026
2034-08-16,30.1,0.0,66.7,6.7,5877.91,5858.43,0,0.0,0.003326,0.0,0.327228,0.5879
2034-08-17,32.4,0.0,60.9,4.3,6377.03,7057.43,0,0.0,0.0,0.0,0.312995,0.457237
2034-08-18,33.2,0.0,49.1,10.2,6319.72,6364.61,0,0.0,0.0,0.0,0.341668,0.590224
2034-08-19,33.4,0.0,60.5,7.5,6289.36,6829.4,0,0.0,0.0,0.0,0.343527,0.508004
2034-08-20,28.1,0.0,50.6,7.8,5561.53,5822.74,0,0.0,0.0,0.0,0.292346,0.496766
2034-08-21,33.1,0.0,64.8,11.6,6646.66,7397.87,0,0.0,0.0,0.0,0.381248,0.519495
2034-08-22,31.2,0.0,62.5,7.5,6007.58,6227.08,0,0.0,0.0,0.0,0.332777,0.548417
2034-08-23,35.5,0.0,68.1,4.7,6763.16,6822.1,0,0.0,0.0,0.0,0.350014,0.596718
2034-08-24,31.9,0.0,55.7,6.1,5935.61,6328.5,0,0.0,0.0,0.0,0.313838,0.498153
2034-08-25,30.2,13.8,54.3,7.5,5977.87,6132.71,0,0.0,0.0,0.0,0.327648,0.554963
2034-08-26,26.0,0.0,53.8,6.1,5541.85,5145.4,0,0.0,0.07705,0.0,0.271387,0.618125
2034-08-27,27.7,0.0,53.6,6.3,6077.52,6151.09,0,0.0,0.0,0.0,0.28376,0.526587
2034-08-28,26.1,0.0,57.8,8.4,5742.4,7067.36,0,0.0,0.0,0.0,0.297293,0.335223
2034-08-29,24.8,15.6,50.2,5.8,5689.56,5321.18,0,0.0,0.069229,0.0,0.273446,0.611054
2034-08-30,23.1,22.6,60.8,9.2,5561.76,5924.31,0,0.0,0.0,0.0,0.316891,0.50224
2034-08-31,26.0,0.0,49.8,5.4,6072.38,6283.08,0,0.0,0.0,0.0,0.258485,0.476127
2034-09-01,28.1,0.0,51.9,6.5,5248.81,6118.51,0,0.0,0.0,0.0,0.284752,0.375605
2034-09-02,31.9,59.0,75.8,4.8,5575.55,5518.7,0,0.0,0.0103,0.0,0.413481,0.682297
2034-09-03,30.0,0.0,58.8,4.8,5106.35,5394.26,0,0.0,0.0,0.0,0.297096,0.491578
2034-09-04,30.1,63.2,72.9,32.7,5251.77,5102.95,0,0.0,0.029163,0.0,0.616581,0.907417
2034-09-05,27.2,0.0,56.3,6.5,4906.42,5096.32,0,0.0,0.0,0.0,0.28707,0.50036
2034-09-06,26.6,0.0,51.4,6.1,5029.26,5037.53,0,0.0,0.0,0.0,0.270841,0.525714
2034-09-07,25.8,0.0,52.2,6.9,4970.37,5211.94,0,0.0,0.0,0.0,0.273241,0.475923
2034-09-08,27.0,21.1,49.5,7.5,5167.01,5324.61,0,0.0,0.0,0.0,0.306462,0.528699
2034-09-09,29.1,54.3,59.1,5.4,5336.31,5553.12,0,0.0,0.0,0.0,0.362608,0.573819
2034-09-10,30.6,18.8,56.7,8.2,5392.83,5978.68,1,0.524,0.0,0.0283,0.346286,0.488682
2034-09-11,28.1,0.0,45.5,6.1,5009.18,5386.8,0,0.0,0.0,0.0,0.269666,0.44462
2034-09-12,29.7,0.0,54.2,13.2,5357.66,5811.78,0,0.0,0.0,0.0,0.351309,0.516881
2034-09-13,28.8,0.0,50.1,7.0,5159.73,5525.08,0,0.0,0.0,0.0,0.289849,0.469444
2034-09-14,27.5,0.0,48.6,6.1,5065.78,5625.41,0,0.0,0.0,0.0,0.271524,0.412178
2034-09-15,25.6,14.4,50.3,7.1,4933.97,5586.08,0,0.0,0.0,0.0,0.287473,0.407982
2034-09-16,24.3,59.9,66.6,5.5,4906.33,5113.66,0,0.0,0.0,0.0,0.352636,0.562094
2034-09-17,27.9,0.0,52.5,7.6,5399.49,5948.22,0,0.0,0.0,0.0,0.293047,0.442143
2034-09-18,27.7,0.0,44.3,8.0,5170.69,5006.99,0,0.0,0.032695,0.0,0.27944,0.574397
2034-09-19,27.3,2.9,46.5,6.8,5134.52,4662.44,0,0.0,0.101252,0.0,0.275207,0.650198
2034-09-20,26.1,0.0,47.1,5.5,5020.91,5849.67,0,0.0,0.0,0.0,0.254854,0.346251
2034-09-21,30.4,0.0,49.4,11.8,5613.0,5775.77,0,0.0,0.0,0.0,0.33612,0.560011
2034-09-22,31.5,6.3,50.6,5.8,5478.82,5839.9,0,0.0,0.0,0.0,0.307011,0.491621
2034-09-23,28.3,14.2,50.2,6.7,5035.62,4898.71,0,0.0,0.027948,0.0,0.301752,0.591169
2034-09-24,26.6,0.0,50.4,8.7,5038.62,4886.98,0,0.0,0.031028,0.0,0.289028,0.582042
2034-09-25,25.2,17.9,50.3,8.2,4993.14,5018.53,0,0.0,0.0,0.0,0.297595,0.548479
2034-09-26,24.8,6.0,40.7,6.5,5031.68,5487.06,0,0.0,0.0,0.0,0.249322,0.409227
2034-09-27,22.8,0.0,52.6,6.5,4827.62,4911.9,0,0.0,0.0,0.0,0.251131,0.48789
2034-09-28,23.3,0.0,50.5,7.6,5016.14,5160.83,0,0.0,0.0,0.0,0.258977,0.483037
2034-09-29,25.7,6.7,40.1,6.4,5264.82,5281.11,0,0.0,0.0,0.0,0.254211,0.5074
2034-09-30,22.1,9.6,48.3,7.7,4710.66,5292.17,0,0.0,0.0,0.0,0.259427,0.387941
2034-10-01,19.4,0.0,51.2,9.3,4734.16,5229.91,0,0.0,0.0,0.0,0.2477,0.39383
2034-10-02,18.6,0.0,42.9,7.1,4828.98,4923.13,0,0.0,0.0,0.0,0.209889,0.444354
2034-10-03,17.9,0.0,48.0,7.6,4835.79,5286.0,0,0.0,0.0,0.0,0.218696,0.376058
2034-10-04,22.2,0.0,49.4,8.5,5202.08,5381.82,0,0.0,0.0,0.0,0.256608,0.47441
2034-10-05,23.6,0.0,44.9,10.8,5111.86,5258.74,0,0.0,0.0,0.0,0.275145,0.499329
2034-10-06,24.5,0.0,54.0,8.8,5139.59,5380.48,0,0.0,0.0,0.0,0.282708,0.487232
2034-10-07,22.8,0.0,46.2,7.3,4892.25,5335.11,0,0.0,0.0,0.0,0.245304,0.40519
2034-10-08,21.3,0.0,43.2,10.2,4857.91,4827.75,0,0.0,0.006247,0.0,0.252168,0.516251
2034-10-09,17.7,0.0,41.6,9.7,4686.6,5069.26,0,0.0,0.0,0.0,0.221581,0.390248
2034-10-10,19.2,0.0,41.9,10.2,5014.92,6054.82,0,0.0,0.0,0.0,0.235889,0.292181
2034-10-11,19.8,0.0,39.1,7.9,4972.19,5278.16,0,0.0,0.0,0.0,0.216847,0.405964
2034-10-12,21.9,0.0,36.1,10.9,5089.04,5354.95,0,0.0,0.0,0.0,0.248212,0.447032
2034-10-13,20.4,0.0,36.9,7.8,4869.01,5086.64,0,0.0,0.0,0.0,0.215905,0.422748
2034-10-14,19.4,0.0,40.4,7.6,4879.16,5270.11,1,0.567,0.0,0.0276,0.214333,0.384522
2034-10-15,19.1,0.7,45.1,11.2,4925.0,4671.58,0,0.0,0.054247,0.0,0.2498,0.569918
2034-10-16,20.2,0.0,42.3,8.7,5031.11,5821.84,0,0.0,0.0,0.0,0.231656,0.329888
2034-10-17,16.4,0.0,41.3,8.8,4683.88,5207.61,0,0.0,0.0,0.0,0.205506,0.34489
2034-10-18,17.7,0.0,50.8,7.6,5008.2,5055.25,0,0.0,0.0,0.0,0.222628,0.468553
2034-10-19,17.1,0.0,48.4,7.8,4896.99,5151.57,0,0.0,0.0,0.0,0.215716,0.414815
2034-10-20,14.6,0.0,35.2,8.0,4753.87,4824.64,0,0.0,0.0,0.0,0.176031,0.415697
2034-10-21,10.4,0.0,43.0,8.4,4699.21,5022.76,0,0.0,0.0,0.0,0.166059,0.347649
2034-10-22,10.9,0.0,33.4,8.5,4979.98,5248.22,0,0.0,0.0,0.0,0.152126,0.349249
2034-10-23,14.5,0.0,40.4,7.6,5125.6,5455.7,0,0.0,0.0,0.0,0.182035,0.368191
2034-10-24,17.7,0.0,32.0,10.6,5146.18,5070.1,0,0.0,0.015006,0.0,0.210526,0.484834
2034-10-25,17.6,0.0,35.6,13.8,4952.24,5049.62,0,0.0,0.0,0.0,0.241308,0.475585
2034-10-26,20.7,0.0,41.6,8.2,5188.41,5822.45,1,0.5,0.0,0.0259,0.229781,0.359446
2034-10-27,19.1,0.0,36.0,9.3,4893.69,4973.8,0,0.0,0.0,0.0,0.217223,0.45521
2034-10-28,19.8,5.3,34.0,11.3,5040.14,4452.76,0,0.0,0.131913,0.0,0.239985,0.650771
2034-10-29,17.5,0.0,34.5,11.9,4833.67,5029.48,0,0.0,0.0,0.0,0.223926,0.435266
2034-10-30,15.4,0.0,33.0,9.0,4824.35,5798.51,0,0.0,0.0,0.0,0.184895,0.245559
2034-10-31,13.4,0.0,39.6,8.2,4838.81,5339.53,0,0.0,0.0,0.0,0.177914,0.32523
2034-11-01,9.0,0.0,43.4,12.3,4735.02,4797.51,0,0.0,0.0,0.0,0.187673,0.429257
2034-11-02,12.2,4.1,37.3,11.9,5160.45,5402.02,0,0.0,0.0,0.0,0.199244,0.40383
2034-11-03,10.8,0.0,42.2,8.8,4906.6,5362.08,0,0.0,0.0,0.0,0.170282,0.327907
2034-11-04,9.3,0.0,34.1,12.4,4918.48,4620.21,0,0.0,0.064559,0.0,0.172985,0.50514
2034-11-05,7.3,0.0,36.3,9.5,4908.52,4889.22,0,0.0,0.003947,0.0,0.141551,0.402949
2034-11-06,7.7,0.0,45.6,12.5,5047.71,5426.77,0,0.0,0.0,0.0,0.184773,0.36002
2034-11-07,11.8,0.0,35.6,13.0,5241.78,6030.42,0,0.0,0.0,0.0,0.196905,0.301026
2034-11-08,15.8,0.0,41.7,12.2,5207.79,5324.04,0,0.0,0.0,0.0,0.228535,0.459835
2034-11-09,11.4,0.0,32.7,13.8,4739.66,5444.55,0,0.0,0.0,0.0,0.195004,0.300654
2034-11-10,10.4,0.0,36.0,9.3,4959.4,4971.69,0,0.0,0.0,0.0,0.159878,0.413782
2034-11-11,8.3,0.0,31.7,11.5,4907.01,4105.75,0,0.0,0.195153,0.0,0.154949,0.639564
2034-11-12,10.6,0.0,36.3,10.6,5156.28,5655.72,0,0.0,0.0,0.0,0.17179,0.32549
2034-11-13,11.0,2.0,37.5,11.7,5040.97,5464.64,0,0.0,0.0,0.0,0.187604,0.353886
2034-11-14,9.4,0.0,39.5,10.4,4941.0,5417.22,0,0.0,0.0,0.0,0.168337,0.322502
2034-11-15,9.6,0.0,32.7,10.0,5043.26,5516.91,0,0.0,0.0,0.0,0.153819,0.310383
2034-11-16,8.6,0.0,34.7,11.4,4984.37,5293.8,0,0.0,0.0,0.0,0.16178,0.350334
2034-11-17,11.9,0.0,41.4,12.4,5216.92,5392.7,0,0.0,0.0,0.0,0.20381,0.422547
2034-11-18,12.4,0.0,29.4,10.1,5045.15,5227.26,0,0.0,0.0,0.0,0.166859,0.382978
2034-11-19,13.0,0.0,23.0,9.8,5048.45,5154.44,0,0.0,0.0,0.0,0.156499,0.389284
2034-11-20,6.8,0.0,32.0,12.9,4692.79,4809.06,0,0.0,0.0,0.0,0.156427,0.384992
2034-11-21,7.0,0.0,38.3,10.0,5085.79,4759.81,0,0.0,0.068485,0.0,0.147181,0.483922
2034-11-22,11.5,0.0,35.6,10.0,5297.34,5156.95,0,0.0,0.027223,0.0,0.17178,0.460351
2034-11-23,13.5,0.0,30.4,10.5,5133.15,5336.96,0,0.0,0.0,0.0,0.179071,0.39128
2034-11-24,8.8,0.0,35.5,13.0,4771.96,4336.88,0,0.0,0.100321,0.0,0.176944,0.550849
2034-11-25,8.0,0.0,33.2,13.5,5023.81,4639.52,0,0.0,0.08283,0.0,0.171216,0.524701
2034-11-26,5.6,0.0,27.2,11.3,4945.38,5088.5,0,0.0,0.0,0.0,0.127172,0.351127
2034-11-27,9.5,0.0,33.3,14.5,5293.2,5515.06,0,0.0,0.0,0.0,0.189007,0.398835
2034-11-28,9.6,0.0,38.7,15.9,5069.18,5222.56,0,0.0,0.0,0.0,0.210593,0.433098
2034-11-29,7.7,0.0,33.6,11.3,4961.86,4466.0,0,0.0,0.11103,0.0,0.153014,0.539421
2034-11-30,7.7,0.0,27.4,12.7,5084.05,5835.48,0,0.0,0.0,0.0,0.152191,0.258656
2034-12-01,2.5,0.0,43.6,10.8,5386.65,5168.58,0,0.0,0.042191,0.0,0.133631,0.439675
2034-12-02,1.3,0.0,30.0,10.2,5685.47,5676.69,0,0.0,0.001547,0.0,0.095591,0.354187
2034-12-03,2.6,0.0,36.9,11.7,5847.39,5674.94,0,0.0,0.030388,0.0,0.128672,0.420937
2034-12-04,5.2,0.0,39.2,12.2,5915.87,6695.82,0,0.0,0.0,0.0,0.15398,0.274787
2034-12-05,1.8,0.0,37.2,12.8,5521.54,5944.21,0,0.0,0.0,0.0,0.132449,0.30623
2034-12-06,2.1,0.0,34.0,11.9,5787.8,5904.63,0,0.0,0.0,0.0,0.121482,0.355174
2034-12-07,5.1,0.0,26.1,10.6,5947.09,6040.76,0,0.0,0.0,0.0,0.116412,0.3551
2034-12-08,2.6,3.7,42.0,11.5,5586.66,5929.2,0,0.0,0.0,0.0,0.141205,0.330552
2034-12-09,4.0,0.0,29.4,14.6,5842.4,5675.69,0,0.0,0.029371,0.0,0.146214,0.437294
2034-12-10,4.7,0.0,40.2,10.8,5794.7,6223.43,0,0.0,0.0,0.0,0.141757,0.318125
2034-12-11,8.6,0.0,40.9,12.1,5967.92,6060.04,0,0.0,0.0,0.0,0.178806,0.41785
2034-12-12,7.8,0.0,29.3,11.6,5658.66,6126.84,0,0.0,0.0,0.0,0.147925,0.315508
2034-12-13,7.3,0.0,29.3,11.9,5682.35,6140.35,0,0.0,0.0,0.0,0.146944,0.316659
2034-12-14,8.9,1.7,34.1,14.4,5813.12,5886.38,0,0.0,0.0,0.0,0.187855,0.430116
2034-12-15,5.9,0.0,40.3,17.9,5521.44,5083.48,0,0.0,0.086155,0.0,0.204638,0.562004
2034-12-16,5.7,6.2,34.3,11.7,5717.61,5914.58,0,0.0,0.0,0.0,0.151795,0.369708
2034-12-17,5.0,8.2,38.4,11.3,5696.05,5460.7,0,0.0,0.043097,0.0,0.154222,0.461326
2034-12-18,5.1,3.9,34.4,11.5,5748.19,6064.08,0,0.0,0.0,0.0,0.143678,0.339656
2034-12-19,7.2,0.0,40.0,11.5,5859.95,6058.22,0,0.0,0.0,0.0,0.163261,0.381845
2034-12-20,8.3,0.0,33.0,12.7,5778.75,5853.62,0,0.0,0.0,0.0,0.166646,0.408504
2034-12-21,6.5,0.0,32.7,14.7,5604.97,5427.74,0,0.0,0.032653,0.0,0.169651,0.46456
2034-12-22,6.9,0.0,31.3,12.2,5746.22,6463.16,0,0.0,0.0,0.0,0.150372,0.277665
2034-12-23,9.9,0.0,31.3,11.9,5892.44,6018.65,0,0.0,0.0,0.0,0.167832,0.400142
2034-12-24,7.7,0.0,42.0,14.9,5558.57,6660.62,0,0.0,0.0,0.0,0.196541,0.260176
2034-12-25,7.9,0.0,35.1,11.6,5720.05,6018.64,0,0.0,0.0,0.0,0.159459,0.358333
2034-12-26,7.4,0.0,32.3,13.0,5675.92,6085.44,1,2.001,0.0,0.1136,0.161716,0.339946
2034-12-27,7.2,0.0,28.8,13.9,5703.7,6002.97,0,0.0,0.0,0.0,0.16078,0.359371
2034-12-28,4.0,0.0,36.0,11.8,5518.64,5913.33,0,0.0,0.0,0.0,0.136984,0.315855
2034-12-29,7.5,0.0,33.4,13.1,5947.75,6654.58,0,0.0,0.0,0.0,0.165209,0.298001
2034-12-30,5.9,0.0,32.6,15.1,5616.67,6288.23,0,0.0,0.0,0.0,0.168595,0.300711
2034-12-31,8.3,0.0,34.0,12.5,5859.22,5500.07,0,0.0,0.065299,0.0,0.166978,0.499998
2035-01-01,6.9,0.0,38.6,14.1,5616.07,6199.56,0,0.0,0.0,0.0,0.17872,0.325637
2035-01-02,5.8,0.0,32.4,11.8,5645.04,6104.1,0,0.0,0.0,0.0,0.142098,0.311093
2035-01-03,8.7,0.0,36.8,12.3,5879.72,6187.0,0,0.0,0.0,0.0,0.173321,0.372131
2035-01-04,10.5,0.0,43.0,12.1,5791.43,6705.84,0,0.0,0.0,0.0,0.195267,0.29287
2035-01-05,10.4,4.8,37.2,12.9,5661.72,6570.0,1,1.209,0.0,0.0684,0.195762,0.291163
2035-01-06,11.5,8.6,35.8,12.3,5724.04,6336.45,0,0.0,0.0,0.0,0.200395,0.344357
2035-01-07,10.3,0.0,44.5,17.0,5580.52,5668.45,0,0.0,0.0,0.0,0.23457,0.473251
2035-01-08,9.9,0.0,39.0,13.9,5638.83,5497.15,0,0.0,0.025774,0.0,0.197701,0.484579
2035-01-09,8.3,0.0,38.7,12.2,5571.42,6114.79,0,0.0,0.0,0.0,0.173475,0.326528
2035-01-10,10.2,0.0,42.4,12.7,5784.75,6569.46,0,0.0,0.0,0.0,0.196794,0.31414
2035-01-11,8.5,0.0,39.6,12.8,5560.62,5127.97,0,0.0,0.08437,0.0,0.181111,0.536395
2035-01-12,11.5,1.1,40.9,15.5,5845.59,6537.92,0,0.0,0.0,0.0,0.225498,0.358667
2035-01-13,10.4,0.0,32.7,14.2,5573.19,5762.36,0,0.0,0.0,0.0,0.191499,0.409965
2035-01-14,10.2,0.0,36.6,13.4,5635.47,5274.98,0,0.0,0.068339,0.0,0.191321,0.527891
2035-01-15,11.5,0.0,50.3,14.3,5723.63,6179.07,0,0.0,0.0,0.0,0.232521,0.403265
2035-01-16,11.2,0.0,36.1,16.0,5608.51,6210.26,0,0.0,0.0,0.0,0.217036,0.360709
2035-01-17,10.3,0.0,41.9,20.0,5578.94,5734.4,0,0.0,0.0,0.0,0.252843,0.477985
2035-01-18,10.1,0.0,50.5,18.1,5629.67,5536.15,0,0.0,0.016894,0.0,0.252989,0.529499
2035-01-19,11.9,0.0,45.5,13.7,5735.02,6640.36,0,0.0,0.0,0.0,0.221528,0.319156
2035-01-20,10.2,2.8,44.4,13.1,5520.0,5563.48,0,0.0,0.0,0.0,0.207047,0.454713
2035-01-21,10.0,4.9,39.8,14.1,5616.15,6307.2,0,0.0,0.0,0.0,0.207382,0.336265
2035-01-22,10.1,0.0,39.7,15.1,5636.49,5381.03,0,0.0,0.047474,0.0,0.209591,0.521802
2035-01-23,12.0,0.0,41.6,12.8,5727.3,6163.76,0,0.0,0.0,0.0,0.20793,0.382055
2035-01-24,11.6,0.0,45.1,13.9,5576.75,5991.73,0,0.0,0.0,0.0,0.220344,0.396281
2035-01-25,15.1,0.0,50.0,14.2,5798.37,6407.34,0,0.0,0.0,0.0,0.254916,0.400753
2035-01-26,14.0,0.0,44.5,17.5,5501.54,6294.08,0,0.0,0.0,0.0,0.262816,0.372609
2035-01-27,13.0,0.0,41.4,12.7,5515.39,5508.45,0,0.0,0.00126,0.0,0.213375,0.471636
2035-01-28,12.4,0.0,44.0,12.2,5542.91,6001.91,0,0.0,0.0,0.0,0.210437,0.377949
2035-01-29,9.7,0.0,47.4,12.2,5422.75,5227.02,0,0.0,0.037445,0.0,0.199016,0.49952
2035-01-30,8.1,0.0,46.8,15.7,5512.79,5309.87,1,3.432,0.038215,0.723,0.214351,0.515754
2035-01-31,7.9,0.0,44.2,16.7,5604.58,5680.61,0,0.0,0.0,0.0,0.215874,0.457039
2035-02-01,11.1,0.0,40.1,13.1,5798.32,6237.76,0,0.0,0.0,0.0,0.201501,0.376049
2035-02-02,11.4,0.0,51.4,15.2,5593.44,6464.01,0,0.0,0.0,0.0,0.240869,0.340434
2035-02-03,10.8,0.0,45.0,16.2,5533.85,6458.64,0,0.0,0.0,0.0,0.23263,0.322264
2035-02-04,13.7,0.0,47.9,14.3,5739.44,5898.09,0,0.0,0.0,0.0,0.242522,0.467911
2035-02-05,16.8,0.0,43.6,19.1,5755.94,6154.54,0,0.0,0.0,0.0,0.29193,0.473113
2035-02-06,18.7,0.0,43.8,13.4,5707.14,6331.55,0,0.0,0.0,0.0,0.260847,0.402509
2035-02-07,16.0,0.0,50.1,15.0,5359.24,5885.62,0,0.0,0.0,0.0,0.267209,0.419592
2035-02-08,14.7,0.0,41.6,17.8,5426.41,5639.8,0,0.0,0.0,0.0,0.264307,0.476927
2035-02-09,18.3,0.0,42.4,13.9,5799.27,6117.04,0,0.0,0.0,0.0,0.259444,0.455589
2035-02-10,18.1,0.0,56.1,14.1,5539.79,5778.32,0,0.0,0.0,0.0,0.285356,0.493955
2035-02-11,16.9,0.0,53.0,15.1,5455.84,5657.01,0,0.0,0.0,0.0,0.27935,0.494626
2035-02-12,18.0,0.0,51.3,15.9,5618.53,5778.61,0,0.0,0.0,0.0,0.289586,0.514036
2035-02-13,19.5,0.0,44.2,13.5,5666.2,5906.8,0,0.0,0.0,0.0,0.267642,0.476881
2035-02-14,17.7,0.0,51.0,15.6,5405.71,5537.79,0,0.0,0.0,0.0,0.284731,0.513678
2035-02-15,17.8,0.0,49.9,13.2,5536.21,5417.01,0,0.0,0.022005,0.0,0.264809,0.547287
2035-02-16,19.4,0.0,48.4,16.7,5652.88,6242.72,0,0.0,0.0,0.0,0.299549,0.446038
2035-02-17,16.5,0.0,50.4,15.1,5308.55,5746.64,0,0.0,0.0,0.0,0.271838,0.439632
2035-02-18,16.6,7.2,45.9,12.4,5502.04,6427.62,0,0.0,0.0,0.0,0.252011,0.340695
2035-02-19,14.5,0.0,41.2,12.3,5329.42,5719.95,0,0.0,0.0,0.0,0.219801,0.396887
2035-02-20,13.1,0.0,53.4,15.7,5388.42,5516.29,0,0.0,0.0,0.0,0.259682,0.489411
2035-02-21,12.9,1.7,53.5,11.9,5463.86,5521.42,0,0.0,0.0,0.0,0.231305,0.475925
2035-02-22,14.9,0.0,53.9,13.0,5581.51,5877.25,0,0.0,0.0,0.0,0.251651,0.449698
2035-02-23,14.9,0.0,56.8,15.1,5449.59,5911.88,0,0.0,0.0,0.0,0.273292,0.438795
2035-02-24,14.4,0.0,55.8,12.6,5409.19,5596.26,0,0.0,0.0,0.0,0.248831,0.466597
2035-02-25,15.4,0.0,61.0,13.6,5508.51,5273.7,0,0.0,0.044524,0.0,0.272889,0.581657
2035-02-26,13.9,0.0,59.9,12.5,5339.96,5358.34,0,0.0,0.0,0.0,0.252452,0.505238
2035-02-27,15.8,0.0,54.6,12.1,5570.75,5855.62,0,0.0,0.0,0.0,0.251951,0.451948
2035-02-28,18.9,0.0,55.4,16.1,5686.68,6236.23,0,0.0,0.0,0.0,0.304749,0.458665
2035-03-01,19.0,10.5,58.7,12.1,4738.71,4532.07,0,0.0,0.045595,0.0,0.293542,0.60356
2035-03-02,18.8,0.0,47.7,12.3,4721.12,5036.02,0,0.0,0.0,0.0,0.260331,0.444124
2035-03-03,20.0,0.0,60.3,12.7,4803.22,5110.29,0,0.0,0.0,0.0,0.294952,0.481594
2035-03-04,16.1,0.0,59.0,12.7,4460.94,4557.08,0,0.0,0.0,0.0,0.266808,0.498969
2035-03-05,18.2,0.0,48.1,12.8,4826.5,4889.36,0,0.0,0.0,0.0,0.260984,0.502765
2035-03-06,25.1,0.0,64.5,15.7,5320.78,5340.0,0,0.0,0.0,0.0,0.359591,0.612179
2035-03-07,24.2,0.0,54.9,13.4,4815.81,5099.32,0,0.0,0.0,0.0,0.317912,0.509797
2035-03-08,23.6,7.8,58.7,12.2,4793.61,5373.58,0,0.0,0.0,0.0,0.32134,0.452132
2035-03-09,24.9,0.0,57.0,12.6,4968.62,5591.99,0,0.0,0.0,0.0,0.32029,0.446943
2035-03-10,27.7,0.0,57.2,13.9,5211.75,5103.29,0,0.0,0.021253,0.0,0.349152,0.630753
2035-03-11,28.8,0.0,70.4,11.2,5154.89,5351.91,0,0.0,0.0,0.0,0.360319,0.574133
2035-03-12,23.4,0.0,57.5,12.3,4492.59,4096.38,0,0.0,0.096721,0.0,0.309026,0.678729
2035-03-13,24.6,14.6,61.1,16.1,4930.75,5211.21,0,0.0,0.0,0.0,0.37082,0.564782
2035-03-14,29.6,0.0,59.5,12.6,5427.58,5903.32,0,0.0,0.0,0.0,0.355957,0.518668
2035-03-15,29.8,0.0,55.5,12.8,5140.63,5906.44,0,0.0,0.0,0.0,0.351319,0.456747
2035-03-16,26.5,0.0,61.6,12.3,4750.55,4453.41,0,0.0,0.06672,0.0,0.337147,0.671828
2035-03-17,26.8,0.0,56.3,15.2,4974.1,4881.84,0,0.0,0.018898,0.0,0.351563,0.630415
2035-03-18,23.9,0.0,63.3,16.4,4636.93,4910.88,0,0.0,0.0,0.0,0.354833,0.5465
2035-03-19,26.7,0.0,55.9,10.7,5110.88,4845.33,0,0.0,0.054806,0.0,0.315432,0.636202
2035-03-20,24.6,0.0,58.5,17.3,4709.75,4996.34,0,0.0,0.0,0.0,0.357391,0.547219
2035-03-21,25.1,0.0,56.7,11.0,4878.64,5314.06,1,2.946,0.0,0.1437,0.308701,0.469837
2035-03-22,23.7,0.1,59.4,14.1,4690.7,4546.6,0,0.0,0.031695,0.0,0.328577,0.622367
2035-03-23,23.2,0.0,53.5,14.1,4716.98,4992.23,0,0.0,0.0,0.0,0.314097,0.506521
2035-03-24,27.0,0.0,50.5,10.9,5160.25,5024.18,0,0.0,0.027083,0.0,0.308827,0.597234
2035-03-25,27.3,0.0,61.4,11.7,4966.77,5645.49,0,0.0,0.0,0.0,0.337415,0.453856
2035-03-26,26.3,15.2,59.5,12.4,4830.97,5135.41,0,0.0,0.0,0.0,0.351208,0.538791
2035-03-27,24.3,2.7,73.0,17.2,4671.2,4716.4,0,0.0,0.0,0.0,0.385124,0.630726
2035-03-28,21.4,2.5,62.8,12.2,4483.28,4357.74,0,0.0,0.02881,0.0,0.30806,0.598481
2035-03-29,20.4,0.0,67.8,12.5,4571.69,4912.36,0,0.0,0.0,0.0,0.310108,0.485939
2035-03-30,22.3,0.0,66.1,14.3,4777.39,5424.97,0,0.0,0.0,0.0,0.333333,0.45077
2035-03-31,25.7,0.0,59.6,10.9,5034.42,5041.44,0,0.0,0.0,0.0,0.317321,0.572485
2035-04-01,25.3,0.0,63.1,10.8,4793.44,4900.35,0,0.0,0.0,0.0,0.320476,0.551797
2035-04-02,29.4,0.0,69.2,13.0,5268.25,5282.03,0,0.0,0.0,0.0,0.375913,0.629657
2035-04-03,28.1,0.0,69.1,12.3,4874.57,5595.98,0,0.0,0.0,0.0,0.361755,0.468049
2035-04-04,28.1,0.0,70.4,11.1,4946.23,4598.78,0,0.0,0.075551,0.0,0.354934,0.699924
2035-04-05,26.5,0.0,63.1,13.8,4761.62,5385.36,0,0.0,0.0,0.0,0.351533,0.473113
2035-04-06,29.4,0.0,69.5,15.4,5180.74,5316.67,0,0.0,0.0,0.0,0.394994,0.621937
2035-04-07,34.0,21.3,69.2,13.6,5533.59,5785.3,0,0.0,0.0,0.0,0.436851,0.642849
2035-04-08,30.0,0.0,72.2,10.8,4786.87,4923.49,0,0.0,0.0,0.0,0.368517,0.592913
2035-04-09,29.7,0.0,72.3,11.4,4990.23,5315.07,0,0.0,0.0,0.0,0.371357,0.556799
2035-04-10,32.7,0.0,60.8,10.4,5352.26,5373.79,0,0.0,0.0,0.0,0.361853,0.613966
2035-04-11,29.8,0.0,69.4,14.5,4827.34,5390.59,0,0.0,0.0,0.0,0.390499,0.52531
2035-04-12,31.5,0.0,62.8,11.1,5197.89,5817.67,0,0.0,0.0,0.0,0.363094,0.495516
2035-04-13,34.3,0.0,72.6,9.5,5408.59,5343.93,0,0.0,0.012099,0.0,0.387579,0.658494
2035-04-14,34.3,0.0,63.1,12.2,5229.64,5711.04,0,0.0,0.0,0.0,0.3906,0.548986
2035-04-15,35.2,0.0,70.6,11.0,5338.29,5485.31,0,0.0,0.0,0.0,0.401336,0.626837
2035-04-16,38.5,0.0,72.9,10.7,5661.05,5962.52,0,0.0,0.0,0.0,0.425085,0.62285
2035-04-17,41.5,0.0,69.8,9.3,5811.96,6661.0,0,0.0,0.0,0.0,0.428244,0.536232
2035-04-18,40.0,0.0,74.0,9.8,5423.9,5464.77,0,0.0,0.0,0.0,0.43009,0.678149
2035-04-19,37.9,0.0,71.4,10.9,5268.69,5839.67,0,0.0,0.0,0.0,0.419861,0.562507
2035-04-20,35.4,0.0,78.0,12.2,5114.05,5517.03,0,0.0,0.0,0.0,0.425788,0.597308
2035-04-21,37.4,0.0,64.9,11.3,5491.57,5699.02,1,0.592,0.0,0.0325,0.407464,0.621759
2035-04-22,34.2,0.0,68.7,9.4,4999.04,5364.71,0,0.0,0.0,0.0,0.378836,0.556053
2035-04-23,34.0,7.9,63.2,9.6,5166.55,5505.74,0,0.0,0.0,0.0,0.378387,0.563257
2035-04-24,34.6,0.0,69.5,9.2,5244.91,5124.4,0,0.0,0.023517,0.0,0.381429,0.665673
2035-04-25,33.9,0.0,65.3,9.8,5123.7,5184.04,0,0.0,0.0,0.0,0.37357,0.616772
2035-04-26,35.0,0.0,64.5,11.7,5288.02,5204.2,0,0.0,0.016106,0.0,0.393981,0.669573
2035-04-27,40.5,0.2,63.9,9.4,5872.53,6063.81,0,0.0,0.0,0.0,0.411605,0.63157
2035-04-28,39.5,0.0,69.4,9.6,5395.25,6122.19,0,0.0,0.0,0.0,0.416626,0.5348
2035-04-29,38.2,0.0,73.3,9.9,5295.51,5754.13,0,0.0,0.0,0.0,0.417684,0.581429
2035-04-30,40.1,10.8,77.3,8.5,5603.44,5377.88,0,0.0,0.041941,0.0,0.440083,0.745836
2035-05-01,40.1,0.0,77.4,10.2,5476.88,5656.4,0,0.0,0.0,0.0,0.44021,0.65995
2035-05-02,42.5,0.0,77.2,9.9,5767.74,6141.02,0,0.0,0.0,0.0,0.45334,0.63917
2035-05-03,41.9,0.0,67.0,9.9,5533.4,6069.47,0,0.0,0.0,0.0,0.43026,0.583942
2035-05-04,40.7,0.0,69.1,8.5,5419.9,5468.69,0,0.0,0.0,0.0,0.415485,0.66186
2035-05-05,36.7,0.0,74.0,14.3,5024.53,4884.05,0,0.0,0.028762,0.0,0.443061,0.733429
2035-05-06,33.9,0.0,74.2,14.5,4949.41,5179.32,1,0.878,0.0,0.0434,0.426523,0.631492
2035-05-07,31.2,5.3,81.5,8.9,4818.76,5232.45,0,0.0,0.0,0.0,0.385671,0.550163
2035-05-08,33.5,0.0,72.0,7.7,5246.03,5585.95,0,0.0,0.0,0.0,0.367292,0.553042
2035-05-09,32.0,0.0,77.4,7.5,4920.35,4892.13,0,0.0,0.005768,0.0,0.365987,0.629511
2035-05-10,36.0,0.0,73.0,8.0,5480.96,6360.88,0,0.0,0.0,0.0,0.38796,0.48326
2035-05-11,36.8,0.0,75.6,7.9,5317.22,5549.98,0,0.0,0.0,0.0,0.397337,0.605167
2035-05-12,36.9,0.0,75.9,8.7,5277.26,5605.52,0,0.0,0.0,0.0,0.404731,0.593158
2035-05-13,35.8,0.0,73.9,8.1,5140.88,5183.52,0,0.0,0.0,0.0,0.389101,0.636288
2035-05-14,37.9,1.7,69.7,8.2,5454.15,6107.07,0,0.0,0.0,0.0,0.397914,0.529895
2035-05-15,36.8,3.4,76.5,11.1,5184.19,5630.16,0,0.0,0.0,0.0,0.427864,0.592183
2035-05-16,35.6,0.0,77.5,8.0,5111.11,5467.98,0,0.0,0.0,0.0,0.393761,0.57436
2035-05-17,39.0,9.8,77.4,12.1,5588.37,5462.33,0,0.0,0.023075,0.0,0.459577,0.743304
2035-05-18,40.0,0.0,60.7,8.6,5491.81,6144.92,0,0.0,0.0,0.0,0.395893,0.528606
2035-05-19,39.8,0.0,73.7,8.7,5388.16,5914.5,0,0.0,0.0,0.0,0.419721,0.572622
2035-05-20,41.3,0.2,78.1,10.3,5588.92,6225.72,0,0.0,0.0,0.0,0.450448,0.58783
2035-05-21,41.3,0.0,69.8,10.7,5484.87,5771.91,0,0.0,0.0,0.0,0.437728,0.636463
2035-05-22,42.1,0.0,80.1,9.2,5577.16,5829.71,0,0.0,0.0,0.0,0.450739,0.656956
2035-05-23,40.3,7.6,73.6,8.3,5311.96,5516.62,0,0.0,0.0,0.0,0.429016,0.642497
2035-05-24,44.7,0.0,73.2,7.6,5961.21,7115.16,1,0.5,0.0,0.0298,0.442594,0.510053
2035-05-25,43.0,0.0,75.9,10.1,5451.53,5537.8,0,0.0,0.0,0.0,0.455741,0.694345
2035-05-26,45.9,0.0,70.3,9.3,5922.33,5775.85,0,0.0,0.025361,0.0,0.458183,0.744579
2035-05-27,44.7,0.0,79.5,7.4,5580.8,5728.61,0,0.0,0.0,0.0,0.452863,0.679532
2035-05-28,45.8,0.0,81.3,7.2,5791.31,5886.36,0,0.0,0.0,0.0,0.461945,0.699884
2035-05-29,46.5,0.0,69.5,10.3,5806.13,6557.28,0,0.0,0.0,0.0,0.468354,0.591416
2035-05-30,48.0,0.0,74.1,6.1,5935.42,5725.14,1,2.46,0.036729,0.5362,0.454459,0.754127
2035-05-31,45.2,0.0,84.5,7.8,5489.58,5569.94,0,0.0,0.0,0.0,0.46862,0.708567
2035-06-01,46.8,0.0,80.5,7.5,7113.16,7554.2,0,0.0,0.0,0.0,0.469351,0.657984
2035-06-02,49.6,11.3,69.8,9.7,7408.44,8370.81,0,0.0,0.0,0.0,0.498507,0.621084
2035-06-03,47.7,1.0,81.1,8.8,6878.4,7531.35,0,0.0,0.0,0.0,0.48766,0.643239
2035-06-04,46.8,29.0,65.1,6.3,6897.97,7946.45,0,0.0,0.0,0.0,0.4666,0.569359
2035-06-05,44.9,0.0,78.0,6.7,6696.56,7177.28,0,0.0,0.0,0.0,0.445968,0.624568
2035-06-06,43.8,0.0,70.6,7.7,6682.62,6931.02,0,0.0,0.0,0.0,0.432558,0.64751
2035-06-07,47.0,5.2,78.5,6.7,7254.26,8007.98,0,0.0,0.0,0.0,0.467091,0.614004
2035-06-08,44.2,19.3,80.9,6.0,6567.2,6329.92,0,0.0,0.037486,0.0,0.464938,0.765489
2035-06-09,42.0,17.2,79.8,6.1,6481.48,6107.35,0,0.0,0.061259,0.0,0.446584,0.774888
2035-06-10,45.4,2.6,78.3,11.3,7156.3,7954.26,0,0.0,0.0,0.0,0.488492,0.62817
2035-06-11,46.2,0.0,72.2,6.6,6991.79,7434.13,0,0.0,0.0,0.0,0.44289,0.630218
2035-06-12,49.8,30.1,79.1,7.7,7475.91,8303.73,0,0.0,0.0,0.0,0.524769,0.665178
2035-06-13,47.5,0.0,79.2,5.4,6829.45,6804.18,0,0.0,0.003713,0.0,0.455324,0.71645
2035-06-14,46.9,8.0,76.5,8.6,6921.52,7827.84,0,0.0,0.0,0.0,0.480759,0.602385
2035-06-15,44.8,7.3,73.3,7.7,6664.05,7278.69,0,0.0,0.0,0.0,0.453119,0.611329
2035-06-16,44.7,0.0,73.4,8.8,6823.41,7151.2,0,0.0,0.0,0.0,0.452228,0.655508
2035-06-17,40.9,5.7,74.3,5.5,6267.1,6662.32,0,0.0,0.0,0.0,0.41036,0.597898
2035-06-18,42.7,16.9,76.6,11.9,6839.92,7331.41,0,0.0,0.0,0.0,0.489585,0.668114
2035-06-19,43.4,32.6,84.3,9.5,6799.75,6772.73,0,0.0,0.00399,0.0,0.509273,0.77072
2035-06-20,43.2,0.0,69.5,5.3,6713.59,6886.42,1,2.635,0.0,0.1769,0.408022,0.635513
2035-06-21,42.4,10.2,83.9,5.9,6610.07,7078.47,0,0.0,0.0,0.0,0.446824,0.626364
2035-06-22,40.7,0.0,74.7,7.4,6432.76,6582.11,0,0.0,0.0,0.0,0.417498,0.647799
2035-06-23,42.6,0.0,64.3,5.2,6843.82,6552.45,0,0.0,0.044466,0.0,0.393546,0.702247
2035-06-24,40.3,0.0,74.7,10.5,6360.21,6796.38,0,0.0,0.0,0.0,0.438781,0.620651
2035-06-25,41.8,0.0,68.6,8.0,6763.09,7457.46,0,0.0,0.0,0.0,0.41794,0.566032
2035-06-26,46.2,0.0,72.9,5.7,7290.32,8145.6,0,0.0,0.0,0.0,0.437258,0.571472
2035-06-27,48.5,0.0,72.2,7.6,7279.58,7887.68,0,0.0,0.0,0.0,0.465766,0.632555
2035-06-28,44.3,0.0,76.2,5.7,6469.85,7126.88,0,0.0,0.0,0.0,0.430922,0.580089
2035-06-29,42.9,0.0,75.9,10.5,6603.33,7344.31,0,0.0,0.0,0.0,0.458168,0.597177
2035-06-30,43.7,0.0,73.5,6.5,6833.52,7209.49,0,0.0,0.0,0.0,0.428077,0.623988
2035-07-01,43.3,17.2,86.1,6.9,6715.61,6154.91,0,0.0,0.091098,0.0,0.473138,0.836276
2035-07-02,40.3,0.0,68.5,5.1,6315.06,7092.23,0,0.0,0.0,0.0,0.385489,0.514355
2035-07-03,41.5,7.3,80.6,5.7,6723.84,6681.62,0,0.0,0.006319,0.0,0.429623,0.69379
2035-07-04,41.6,0.0,78.7,8.6,6649.6,6508.33,0,0.0,0.021706,0.0,0.440189,0.722319
2035-07-05,45.5,17.2,77.5,5.8,7223.3,7082.34,0,0.0,0.019903,0.0,0.463026,0.743051
2035-07-06,44.3,19.5,78.5,4.9,6724.33,8113.09,0,0.0,0.0,0.0,0.452853,0.509813
2035-07-07,46.2,28.8,83.1,4.7,7103.69,7656.03,0,0.0,0.0,0.0,0.483806,0.656374
2035-07-08,42.8,25.6,75.7,6.5,6451.86,6351.07,0,0.0,0.01587,0.0,0.457505,0.732821
2035-07-09,40.5,31.9,76.2,4.5,6397.42,6441.85,0,0.0,0.0,0.0,0.435537,0.684275
2035-07-10,42.2,20.1,73.2,6.5,6823.8,7164.68,0,0.0,0.0,0.0,0.442152,0.6434
2035-07-11,44.2,0.0,71.7,4.3,6991.34,7579.82,0,0.0,0.0,0.0,0.411023,0.577179
2035-07-12,41.7,4.3,68.8,6.2,6465.02,6902.03,0,0.0,0.0,0.0,0.409014,0.591889
2035-07-13,41.6,0.0,66.2,5.9,6656.4,6599.81,0,0.0,0.008575,0.0,0.395918,0.662718
2035-07-14,38.8,0.0,64.4,5.2,6252.45,6689.99,0,0.0,0.0,0.0,0.368686,0.549125
2035-07-15,38.8,9.7,66.9,5.8,6487.34,6561.91,0,0.0,0.0,0.0,0.389838,0.633362
2035-07-16,40.9,14.6,69.6,6.8,6785.6,7572.43,0,0.0,0.0,0.0,0.422437,0.557926
2035-07-17,39.9,32.6,73.9,9.1,6487.63,6835.02,0,0.0,0.0,0.0,0.463617,0.661074
2035-07-18,39.5,22.4,74.7,5.5,6506.03,6520.09,0,0.0,0.0,0.0,0.422258,0.676531
2035-07-19,37.4,0.0,64.5,6.1,6239.5,6822.29,0,0.0,0.0,0.0,0.36659,0.523655
2035-07-20,36.7,0.0,70.6,4.6,6301.21,6768.4,0,0.0,0.0,0.0,0.36184,0.53805
2035-07-21,40.8,0.0,77.7,6.0,6963.69,7103.54,0,0.0,0.0,0.0,0.412979,0.646786
2035-07-22,40.8,43.5,84.7,5.5,6629.27,7265.65,0,0.0,0.0,0.0,0.475321,0.629861
2035-07-23,38.5,0.0,62.0,6.5,6313.28,6879.17,0,0.0,0.0,0.0,0.37224,0.532998
2035-07-24,38.1,4.4,66.6,4.5,6429.31,7237.57,0,0.0,0.0,0.0,0.368165,0.494585
2035-07-25,35.1,0.0,60.4,11.2,6048.17,6621.16,0,0.0,0.0,0.0,0.383095,0.538859
2035-07-26,33.8,0.0,67.5,5.1,6101.34,6324.17,0,0.0,0.0,0.0,0.34077,0.556427
2035-07-27,37.6,16.2,71.5,6.1,6731.54,6351.19,0,0.0,0.059887,0.0,0.400799,0.7275
2035-07-28,37.5,0.0,66.8,5.7,6435.37,6832.81,1,0.5,0.0,0.0322,0.368476,0.557362
2035-07-29,41.4,0.0,60.4,6.2,7019.17,7521.28,0,0.0,0.0,0.0,0.38604,0.564896
2035-07-30,40.6,0.0,62.1,7.8,6586.71,6937.29,0,0.0,0.0,0.0,0.3963,0.594095
2035-07-31,40.0,33.3,78.1,6.4,6570.9,5653.04,0,0.0,0.162365,0.0,0.452172,0.898508
2035-08-01,40.8,0.0,66.7,9.4,6741.98,7367.41,0,0.0,0.0,0.0,0.418589,0.576277
2035-08-02,34.8,10.0,62.6,8.1,5830.57,5787.08,0,0.0,0.007515,0.0,0.373524,0.639087
2035-08-03,35.7,10.9,60.4,4.3,6419.43,7017.72,1,0.592,0.0,0.038,0.347108,0.504372
2035-08-04,35.9,0.0,63.4,9.6,6380.01,7382.58,0,0.0,0.0,0.0,0.381647,0.479901
2035-08-05,39.1,5.3,64.2,5.3,6828.01,7060.67,1,0.819,0.0,0.0559,0.377527,0.595849
2035-08-06,40.5,1.8,57.2,5.7,6792.04,7319.26,0,0.0,0.0,0.0,0.372446,0.545146
2035-08-07,37.4,0.0,61.3,4.3,6238.74,6563.57,0,0.0,0.0,0.0,0.346701,0.545716
2035-08-08,39.6,17.4,64.5,7.7,6804.04,7369.53,0,0.0,0.0,0.0,0.414667,0.581878
2035-08-09,38.3,0.0,59.3,5.4,6448.65,6813.11,0,0.0,0.0,0.0,0.357371,0.551712
2035-08-10,36.0,0.0,59.8,5.5,6220.51,6328.93,0,0.0,0.0,0.0,0.34392,0.580711
2035-08-11,36.3,15.8,66.9,5.9,6445.69,6400.5,0,0.0,0.007061,0.0,0.381574,0.646606
2035-08-12,35.6,0.0,61.7,7.3,6336.82,7288.6,0,0.0,0.0,0.0,0.358735,0.46308
2035-08-13,38.5,0.0,67.2,9.2,6809.42,7338.02,0,0.0,0.0,0.0,0.402823,0.575518
2035-08-14,38.4,0.0,61.6,4.3,6570.87,7243.21,0,0.0,0.0,0.0,0.353855,0.502283
2035-08-15,38.0,0.0,64.3,5.3,6526.02,7016.39,0,0.0,0.0,0.0,0.363997,0.539198
2035-08-16,39.0,0.0,53.3,4.7,6708.49,7456.31,0,0.0,0.0,0.0,0.345334,0.485041
2035-08-17,40.2,0.0,60.4,8.0,6803.17,6759.32,0,0.0,0.006488,0.0,0.392019,0.656382
2035-08-18,40.4,0.9,57.6,7.2,6751.47,7124.42,0,0.0,0.0,0.0,0.383013,0.578692
2035-08-19,41.8,2.1,63.1,6.6,6944.44,7512.82,0,0.0,0.0,0.0,0.399387,0.567858
2035-08-20,41.3,0.0,59.9,5.7,6759.01,7647.4,0,0.0,0.0,0.0,0.380585,0.501759
2035-08-21,39.9,0.0,66.1,7.5,6606.46,8049.34,0,0.0,0.0,0.0,0.396871,0.444399
2035-08-22,40.9,0.0,53.3,6.2,6865.48,7385.01,0,0.0,0.0,0.0,0.369432,0.544096
2035-08-23,38.9,5.7,55.4,7.0,6509.6,6563.96,0,0.0,0.0,0.0,0.373314,0.620436
2035-08-24,37.6,0.0,58.9,9.0,6474.05,6310.09,0,0.0,0.025984,0.0,0.379785,0.666908
2035-08-25,39.8,13.0,59.5,7.0,6908.06,6859.68,0,0.0,0.007053,0.0,0.39584,0.660863
2035-08-26,41.3,71.9,69.8,12.5,6960.78,7039.04,0,0.0,0.0,0.0,0.539343,0.783154
2035-08-27,39.2,0.0,58.1,5.2,6539.6,5671.35,0,0.0,0.153094,0.0,0.35951,0.795022
2035-08-28,36.6,7.1,55.1,5.2,6334.22,6381.31,0,0.0,0.0,0.0,0.345411,0.593586
2035-08-29,38.3,0.0,57.8,5.5,6785.11,7430.74,0,0.0,0.0,0.0,0.35533,0.510689
2035-08-30,38.2,1.9,47.1,6.9,6651.17,7015.32,0,0.0,0.0,0.0,0.347729,0.543922
2035-08-31,37.2,0.0,53.4,9.6,6510.26,6729.7,0,0.0,0.0,0.0,0.371466,0.59019
2035-09-01,35.0,0.0,55.3,5.2,5357.36,5077.8,0,0.0,0.055056,0.0,0.326577,0.647639
2035-09-02,34.5,14.7,58.7,9.1,5443.64,6076.05,0,0.0,0.0,0.0,0.377684,0.512968
2035-09-03,33.3,0.0,57.3,5.6,5339.48,5778.62,0,0.0,0.0,0.0,0.322208,0.490283
2035-09-04,31.0,0.0,52.2,9.8,5148.11,5401.32,0,0.0,0.0,0.0,0.329893,0.531956
2035-09-05,30.7,4.5,56.5,5.7,5261.33,4794.34,0,0.0,0.097404,0.0,0.309832,0.680332
2035-09-06,30.7,0.0,52.4,5.6,5282.77,5383.58,0,0.0,0.0,0.0,0.295883,0.530813
2035-09-07,29.3,0.0,56.1,5.1,5127.75,5524.25,1,1.557,0.0,0.0798,0.289734,0.462734
2035-09-08,30.7,11.2,47.2,6.0,5383.15,5642.62,0,0.0,0.0,0.0,0.302884,0.505992
2035-09-09,32.6,0.0,38.7,5.9,5521.04,5863.86,0,0.0,0.0,0.0,0.285034,0.473574
2035-09-10,33.3,0.0,57.7,7.6,5498.42,6010.78,0,0.0,0.0,0.0,0.33839,0.49567
2035-09-11,31.4,28.7,55.4,5.7,5224.82,5536.99,0,0.0,0.0,0.0,0.34191,0.532883
2035-09-12,31.9,16.5,46.3,7.0,5407.99,5899.73,0,0.0,0.0,0.0,0.323289,0.482777
2035-09-13,30.8,0.0,49.6,6.1,5257.23,5240.7,0,0.0,0.003154,0.0,0.29515,0.555622
2035-09-14,27.3,0.0,47.5,8.6,4918.4,4785.44,0,0.0,0.027786,0.0,0.287433,0.576658
2035-09-15,28.2,6.6,53.2,8.3,5246.84,5666.97,0,0.0,0.0,0.0,0.309791,0.480034
2035-09-16,27.8,1.4,52.2,8.1,5149.84,5628.73,0,0.0,0.0,0.0,0.297391,0.454859
2035-09-17,32.3,0.5,47.1,5.3,5716.43,6189.15,0,0.0,0.0,0.0,0.294787,0.462412
2035-09-18,33.6,0.0,53.4,6.0,5588.82,5914.59,0,0.0,0.0,0.0,0.319959,0.51245
2035-09-19,33.1,23.2,48.2,9.1,5448.94,5610.15,0,0.0,0.0,0.0,0.35914,0.582384
2035-09-20,31.7,6.7,38.0,6.3,5319.71,5656.41,0,0.0,0.0,0.0,0.28905,0.47635
2035-09-21,30.4,10.1,51.0,8.9,5254.96,5643.28,0,0.0,0.0,0.0,0.329067,0.505527
2035-09-22,26.9,0.0,46.2,5.8,4938.75,5322.38,0,0.0,0.0,0.0,0.260754,0.433399
2035-09-23,22.6,0.0,37.7,8.2,4666.66,5666.49,0,0.0,0.0,0.0,0.234992,0.285799
2035-09-24,20.8,0.0,49.9,8.0,4771.73,4733.51,0,0.0,0.008075,0.0,0.24446,0.510676
2035-09-25,20.9,21.1,43.3,8.1,4892.99,6132.07,0,0.0,0.0,0.0,0.25926,0.280158
2035-09-26,16.9,0.0,45.6,11.2,4590.49,4456.54,0,0.0,0.030057,0.0,0.235382,0.527261
2035-09-27,16.7,0.0,49.7,6.4,4819.98,5178.1,0,0.0,0.0,0.0,0.204714,0.380766
2035-09-28,17.1,0.0,46.9,9.4,4863.6,4740.67,0,0.0,0.02593,0.0,0.225249,0.512311
2035-09-29,17.4,7.2,48.1,7.9,4868.33,5205.68,0,0.0,0.0,0.0,0.226687,0.407824
2035-09-30,16.7,10.9,45.3,12.5,4802.73,5340.03,0,0.0,0.0,0.0,0.256832,0.396161
2035-10-01,16.7,0.0,45.5,7.1,4849.8,5102.24,0,0.0,0.0,0.0,0.202241,0.401272
2035-10-02,20.8,0.0,46.9,10.2,5153.41,5727.01,0,0.0,0.0,0.0,0.25581,0.395677
2035-10-03,21.9,0.0,40.9,12.2,4997.34,5113.81,0,0.0,0.0,0.0,0.267243,0.497445
2035-10-04,20.3,0.0,38.2,6.9,4817.64,4436.36,0,0.0,0.085943,0.0,0.210739,0.567861
2035-10-05,19.9,0.0,47.5,7.3,4889.95,5327.52,0,0.0,0.0,0.0,0.228626,0.389533
2035-10-06,19.6,0.0,52.5,9.9,4895.84,5150.08,0,0.0,0.0,0.0,0.256086,0.455246
2035-10-07,17.9,0.0,50.4,9.2,4787.11,4881.82,0,0.0,0.0,0.0,0.235542,0.469684
2035-10-08,16.4,0.0,29.6,7.9,4786.94,4902.47,0,0.0,0.0,0.0,0.176624,0.405903
2035-10-09,18.7,0.0,48.7,8.7,5048.55,5430.29,0,0.0,0.0,0.0,0.233769,0.408493
2035-10-10,17.6,0.0,39.0,8.0,4838.29,4831.93,0,0.0,0.001317,0.0,0.20293,0.461257
2035-10-11,15.4,0.0,50.9,8.1,4739.08,5088.07,0,0.0,0.0,0.0,0.211513,0.388231
2035-10-12,15.6,0.0,36.4,7.6,4893.66,5504.8,0,0.0,0.0,0.0,0.181786,0.308972
2035-10-13,16.1,0.0,35.7,9.8,4917.35,5801.41,0,0.0,0.0,0.0,0.200744,0.279637
2035-10-14,12.2,0.0,40.9,7.9,4674.55,5321.91,0,0.0,0.0,0.0,0.170128,0.284915
2035-10-15,13.0,5.4,40.2,7.2,4942.95,5240.47,0,0.0,0.0,0.0,0.175275,0.365787
2035-10-16,15.3,0.0,38.9,8.8,5027.59,5360.59,0,0.0,0.0,0.0,0.193755,0.378026
2035-10-17,16.3,0.0,45.1,9.4,4966.33,5089.42,0,0.0,0.0,0.0,0.216601,0.445157
2035-10-18,20.6,0.0,46.4,7.6,5227.78,5335.81,0,0.0,0.0,0.0,0.233492,0.466647
2035-10-19,22.0,0.0,35.2,9.3,5083.91,5617.41,0,0.0,0.0,0.0,0.234838,0.380757
2035-10-20,23.5,0.0,47.9,7.7,5174.35,5332.82,0,0.0,0.0,0.0,0.256191,0.47829
2035-10-21,27.3,0.0,33.3,8.1,5536.83,5941.37,0,0.0,0.0,0.0,0.25695,0.434253
2035-10-22,26.2,0.0,36.3,8.2,5179.83,5124.73,0,0.0,0.010752,0.0,0.256096,0.525438
2035-10-23,24.1,0.0,51.7,10.3,5006.69,5689.26,0,0.0,0.0,0.0,0.287333,0.404064
2035-10-24,24.0,0.0,40.7,8.1,5123.83,5275.93,0,0.0,0.0,0.0,0.249074,0.472209
2035-10-25,20.8,0.0,35.4,11.6,4817.79,5388.91,0,0.0,0.0,0.0,0.24505,0.378118
2035-10-26,19.6,0.0,39.8,12.1,4915.83,4943.65,0,0.0,0.0,0.0,0.249248,0.499469
2035-10-27,17.0,0.0,41.8,8.5,4804.78,4815.97,0,0.0,0.0,0.0,0.208083,0.46216
2035-10-28,17.0,0.0,39.8,10.6,4958.5,5621.29,0,0.0,0.0,0.0,0.220537,0.339682
2035-10-29,14.8,2.0,44.8,10.2,4808.97,4859.76,0,0.0,0.0,0.0,0.214765,0.459354
2035-10-30,13.0,0.0,33.4,10.2,4847.01,4610.59,0,0.0,0.051279,0.0,0.179085,0.495737
2035-10-31,13.7,4.1,35.3,12.6,4993.03,4915.55,0,0.0,0.015761,0.0,0.210782,0.485973
2035-11-01,13.1,0.0,32.9,9.4,4926.11,5438.3,0,0.0,0.0,0.0,0.172634,0.319476
2035-11-02,9.0,0.0,33.1,10.2,4755.15,5220.77,0,0.0,0.0,0.0,0.152157,0.304831
2035-11-03,6.6,0.0,37.3,10.8,4882.85,4892.43,0,0.0,0.0,0.0,0.148843,0.403347
2035-11-04,5.3,0.0,31.6,8.4,4960.82,5011.43,0,0.0,0.0,0.0,0.111068,0.356068
2035-11-05,4.7,0.0,38.2,11.6,5015.87,5479.33,0,0.0,0.0,0.0,0.144179,0.302226
2035-11-06,6.8,0.0,39.8,14.7,5164.32,5850.67,0,0.0,0.0,0.0,0.184941,0.304782
2035-11-07,8.0,0.0,30.4,8.7,5104.81,5337.92,0,0.0,0.0,0.0,0.128929,0.334738
2035-11-08,10.7,0.0,33.2,10.7,5165.31,5603.94,0,0.0,0.0,0.0,0.167408,0.332823
2035-11-09,12.1,0.0,33.7,10.1,5083.32,5617.2,0,0.0,0.0,0.0,0.172944,0.31878
2035-11-10,13.9,0.0,35.0,11.1,5085.39,6029.43,0,0.0,0.0,0.0,0.194962,0.26897
2035-11-11,14.4,0.0,35.2,12.1,5004.4,4890.25,0,0.0,0.023343,0.0,0.206348,0.490388
2035-11-12,13.9,0.0,40.5,9.8,4957.94,4996.96,0,0.0,0.0,0.0,0.195243,0.442917
2035-11-13,15.3,0.0,40.7,11.3,5061.6,5153.18,0,0.0,0.0,0.0,0.21642,0.452463
2035-11-14,16.0,0.0,31.7,13.6,5035.15,5549.41,1,0.5,0.0,0.0252,0.221906,0.370514
2035-11-15,15.4,0.0,39.1,12.7,4955.29,5124.41,0,0.0,0.0,0.0,0.224882,0.443144
2035-11-16,16.7,0.0,42.4,12.1,5086.85,5441.26,0,0.0,0.0,0.0,0.235008,0.415761
2035-11-17,10.5,0.1,41.5,10.5,4657.66,4926.3,0,0.0,0.0,0.0,0.180231,0.37336
2035-11-18,9.6,0.0,36.4,10.4,4988.45,5238.42,0,0.0,0.0,0.0,0.163843,0.364926
2035-11-19,8.8,0.0,35.1,11.5,5005.56,5289.7,0,0.0,0.0,0.0,0.16462,0.358702
2035-11-20,11.1,3.3,29.1,11.6,5168.3,5762.05,0,0.0,0.0,0.0,0.173328,0.309823
2035-11-21,13.8,0.0,33.2,13.1,5161.78,5104.24,0,0.0,0.011273,0.0,0.20636,0.47631
2035-11-22,9.8,0.0,27.7,11.7,4808.68,5004.14,0,0.0,0.0,0.0,0.158879,0.370071
2035-11-23,12.3,0.7,41.0,12.9,5176.39,5038.89,0,0.0,0.027287,0.0,0.210409,0.499055
2035-11-24,9.1,0.0,33.8,9.9,4867.27,5180.1,0,0.0,0.0,0.0,0.151814,0.338104
2035-11-25,6.7,0.0,34.6,12.6,4928.63,5114.35,0,0.0,0.0,0.0,0.158328,0.372726
2035-11-26,6.5,0.0,32.0,12.8,5072.35,5667.65,0,0.0,0.0,0.0,0.153678,0.28785
2035-11-27,6.1,3.9,28.9,14.2,5069.19,5321.11,0,0.0,0.0,0.0,0.16079,0.362311
2035-11-28,3.3,0.0,38.6,10.0,4944.16,5053.12,0,0.0,0.0,0.0,0.123356,0.354973
2035-11-29,5.5,0.0,37.5,15.3,5232.82,5413.13,0,0.0,0.0,0.0,0.176689,0.394593
2035-11-30,7.3,0.0,39.7,11.6,5192.37,6015.75,0,0.0,0.0,0.0,0.164129,0.261136
2035-12-01,9.4,0.0,26.2,11.3,5832.79,5547.48,0,0.0,0.051431,0.0,0.150344,0.467174
2035-12-02,8.2,0.0,41.6,13.6,5613.05,5671.8,0,0.0,0.0,0.0,0.189056,0.433754
2035-12-03,7.9,9.2,36.7,11.6,5688.49,5985.82,0,0.0,0.0,0.0,0.173684,0.372486
2035-12-04,7.7,0.0,38.9,12.8,5695.55,5751.96,0,0.0,0.0,0.0,0.174525,0.419866
2035-12-05,11.0,0.0,21.9,12.9,5894.09,6371.0,0,0.0,0.0,0.0,0.165173,0.334576
2035-12-06,4.6,105.1,63.5,36.4,6352.84,5967.13,0,0.0,0.064639,0.0,0.510549,0.842799
2035-12-07,3.2,0.0,34.8,18.9,5657.29,6031.39,0,0.0,0.0,0.0,0.184245,0.368626
2035-12-08,4.0,0.0,34.1,14.6,5803.46,6136.72,0,0.0,0.0,0.0,0.155026,0.348419
2035-12-09,2.4,0.0,34.8,11.4,5656.1,5902.18,0,0.0,0.0,0.0,0.121101,0.329218
2035-12-10,2.8,0.0,32.3,13.3,5790.28,5608.91,0,0.0,0.032335,0.0,0.133711,0.42825
2035-12-11,3.4,3.1,29.1,11.2,5796.99,6151.15,0,0.0,0.0,0.0,0.119244,0.308819
2035-12-12,2.8,0.0,29.1,12.4,5720.36,5370.88,0,0.0,0.06507,0.0,0.120766,0.453518
2035-12-13,3.8,0.0,35.7,12.1,5819.23,5863.85,1,1.456,0.0,0.0847,0.137418,0.385325
2035-12-14,5.7,0.0,42.2,17.4,5864.21,6338.16,0,0.0,0.0,0.0,0.203024,0.372519
2035-12-15,5.5,0.0,41.2,12.4,5720.41,6435.18,0,0.0,0.0,0.0,0.16125,0.288374
2035-12-16,4.8,0.0,36.9,14.7,5701.91,6830.96,0,0.0,0.0,0.0,0.166321,0.230158
2035-12-17,4.9,0.0,33.4,12.9,5749.02,5881.36,0,0.0,0.0,0.0,0.146529,0.377051
2035-12-18,5.3,0.0,46.3,14.9,5765.46,5739.5,0,0.0,0.004523,0.0,0.188785,0.450855
2035-12-19,2.2,0.0,39.5,11.1,5546.47,6006.29,1,0.5,0.0,0.0277,0.126281,0.293699
2035-12-20,4.1,0.0,39.2,12.7,5880.06,6866.78,0,0.0,0.0,0.0,0.150587,0.239628
2035-12-21,3.8,0.0,29.7,14.9,5729.42,6569.14,0,0.0,0.0,0.0,0.147773,0.255336
2035-12-22,6.9,0.0,37.7,15.0,5939.33,5849.0,0,0.0,0.015445,0.0,0.183977,0.458796
2035-12-23,8.1,0.0,30.4,14.4,5790.64,6028.91,0,0.0,0.0,0.0,0.17357,0.384223
2035-12-24,10.3,0.0,47.1,12.4,5826.85,6430.35,0,0.0,0.0,0.0,0.203951,0.351178
2035-12-25,7.6,0.0,32.7,14.5,5530.51,6127.49,0,0.0,0.0,0.0,0.175358,0.318412
2035-12-26,6.8,0.0,34.0,14.2,5661.71,6155.9,0,0.0,0.0,0.0,0.170208,0.33328
2035-12-27,4.4,0.0,33.9,13.5,5575.63,5696.78,0,0.0,0.0,0.0,0.1488,0.380764
2035-12-28,3.6,20.5,40.6,15.0,5690.51,6184.03,0,0.0,0.0,0.0,0.192676,0.356301
2035-12-29,6.9,0.0,40.8,12.1,5937.71,6582.25,0,0.0,0.0,0.0,0.167413,0.30989
2035-12-30,10.0,0.0,37.7,13.1,5889.07,5837.74,0,0.0,0.008794,0.0,0.18975,0.456805
2035-12-31,7.2,2.9,38.8,11.8,5517.67,6255.96,0,0.0,0.0,0.0,0.166864,0.285884
2036-01-01,6.4,0.0,41.6,11.9,5657.63,6294.08,0,0.0,0.0,0.0,0.164074,0.302818
2036-01-02,6.5,0.0,30.6,12.4,5720.64,5739.27,0,0.0,0.0,0.0,0.147967,0.400968
2036-01-03,7.9,0.0,42.1,17.5,5795.31,6422.76,0,0.0,0.0,0.0,0.218109,0.360854
2036-01-04,4.4,0.0,39.2,15.4,5485.74,6041.04,0,0.0,0.0,0.0,0.173398,0.322879
2036-01-05,1.9,0.0,35.3,12.6,5578.43,6156.48,0,0.0,0.0,0.0,0.128002,0.275181
2036-01-06,4.1,0.0,39.6,13.1,5884.94,6763.48,0,0.0,0.0,0.0,0.154424,0.259575
2036-01-07,1.1,0.0,39.7,13.0,5538.31,5811.57,0,0.0,0.0,0.0,0.134066,0.335965
2036-01-08,1.6,0.0,26.3,14.6,5789.84,6200.26,0,0.0,0.0,0.0,0.124582,0.304097
2036-01-09,3.3,0.0,46.5,12.5,5850.06,5170.05,0,0.0,0.131529,0.0,0.157458,0.567795
2036-01-10,5.2,0.0,45.9,18.4,5841.45,6544.15,0,0.0,0.0,0.0,0.214382,0.345818
2036-01-11,5.6,0.0,33.5,18.8,5734.02,6389.04,0,0.0,0.0,0.0,0.196855,0.33396
2036-01-12,5.6,0.0,36.5,14.3,5695.31,6466.63,0,0.0,0.0,0.0,0.167757,0.285303
2036-01-13,7.9,0.0,47.3,13.1,5839.55,5786.93,0,0.0,0.009093,0.0,0.193908,0.461313
2036-01-14,8.8,0.0,44.1,16.7,5719.02,6351.59,0,0.0,0.0,0.0,0.221618,0.362144
2036-01-15,7.6,0.0,43.0,15.5,5592.79,6231.38,0,0.0,0.0,0.0,0.202387,0.339542
2036-01-16,8.0,0.0,43.4,12.5,5698.94,5750.19,0,0.0,0.0,0.0,0.182625,0.42901
2036-01-17,9.1,1.0,43.6,13.7,5727.34,6394.72,0,0.0,0.0,0.0,0.20073,0.335685
2036-01-18,12.7,0.0,36.4,13.7,5850.02,6313.17,0,0.0,0.0,0.0,0.209739,0.380885
2036-01-19,13.7,0.0,39.2,12.0,5666.34,5343.5,0,0.0,0.060417,0.0,0.208463,0.535784
2036-01-20,15.5,16.1,51.3,15.3,5700.4,6195.32,0,0.0,0.0,0.0,0.288121,0.451652
2036-01-21,13.2,0.0,45.8,13.3,5447.84,5456.92,0,0.0,0.0,0.0,0.227573,0.48242
2036-01-22,11.6,0.0,44.3,14.3,5505.54,5199.52,0,0.0,0.058855,0.0,0.22193,0.547428
2036-01-23,11.0,0.0,39.9,16.5,5570.39,5977.54,0,0.0,0.0,0.0,0.226701,0.403975
2036-01-24,10.7,0.0,48.3,14.1,5594.05,5850.73,0,0.0,0.0,0.0,0.221955,0.427529
2036-01-25,8.7,5.0,40.1,15.5,5501.69,6263.34,1,0.732,0.0,0.0403,0.2103,0.325129
2036-01-26,11.8,0.0,51.4,13.7,5800.22,6156.63,0,0.0,0.0,0.0,0.231932,0.421141
2036-01-27,13.5,0.0,40.6,12.3,5688.1,6251.48,0,0.0,0.0,0.0,0.212084,0.363668
2036-01-28,12.5,0.0,40.2,17.5,5517.68,5970.44,0,0.0,0.0,0.0,0.244867,0.413129
2036-01-29,13.7,0.0,45.0,17.8,5642.32,6287.35,0,0.0,0.0,0.0,0.264091,0.401115
2036-01-30,13.8,0.0,46.2,12.6,5570.0,5537.45,0,0.0,0.005878,0.0,0.226877,0.490529
2036-01-31,15.0,0.0,45.9,19.1,5618.77,5969.99,0,0.0,0.0,0.0,0.284378,0.472489
2036-02-01,11.8,0.0,39.1,13.5,5362.64,5583.23,0,0.0,0.0,0.0,0.207326,0.417993
2036-02-02,11.7,0.0,48.1,13.9,5566.32,6073.87,0,0.0,0.0,0.0,0.226628,0.385867
2036-02-03,11.9,0.0,51.2,15.3,5575.53,5944.16,0,0.0,0.0,0.0,0.244561,0.428954
2036-02-04,13.4,0.0,46.3,14.6,5647.72,5711.63,1,0.5,0.0,0.0282,0.23986,0.483587
2036-02-05,12.2,0.0,39.2,12.1,5471.86,5628.95,0,0.0,0.0,0.0,0.199347,0.423558
2036-02-06,7.5,0.0,46.2,16.9,5278.29,6090.39,0,0.0,0.0,0.0,0.21853,0.319657
2036-02-07,6.6,0.0,41.9,13.6,5545.02,5230.38,0,0.0,0.060158,0.0,0.179073,0.506089
2036-02-08,8.0,0.0,38.3,13.1,5682.07,6220.11,0,0.0,0.0,0.0,0.177692,0.333502
2036-02-09,9.5,10.7,48.2,15.1,5662.08,6388.02,1,0.5,0.0,0.0283,0.234629,0.358754
2036-02-10,13.9,0.0,56.7,14.3,5809.6,6311.93,0,0.0,0.0,0.0,0.260341,0.424224
2036-02-11,15.3,0.0,48.5,17.5,5596.15,6570.85,0,0.0,0.0,0.0,0.278885,0.362506
2036-02-12,15.4,0.0,47.9,17.1,5513.45,6115.12,0,0.0,0.0,0.0,0.275332,0.417261
2036-02-13,15.4,0.0,53.1,13.0,5494.66,5902.36,0,0.0,0.0,0.0,0.253447,0.4296
2036-02-14,17.7,1.7,53.4,13.4,5682.19,5799.22,0,0.0,0.0,0.0,0.27433,0.507561
2036-02-15,16.2,0.0,42.9,12.5,5402.63,5809.82,0,0.0,0.0,0.0,0.235737,0.410708
2036-02-16,15.9,0.0,59.9,17.1,5476.85,5985.9,0,0.0,0.0,0.0,0.301128,0.45864
2036-02-17,13.9,0.0,51.9,16.0,5349.53,5618.19,0,0.0,0.0,0.0,0.264458,0.465423
2036-02-18,17.3,0.0,55.8,13.0,5734.12,5752.48,0,0.0,0.0,0.0,0.271033,0.524097
2036-02-19,18.1,0.0,48.6,15.6,5564.76,5420.82,0,0.0,0.026553,0.0,0.282868,0.570656
2036-02-20,16.6,10.2,44.7,12.6,5383.26,5715.3,0,0.0,0.0,0.0,0.254965,0.443933
2036-02-21,16.6,0.0,51.7,14.2,5481.11,5244.0,0,0.0,0.045216,0.0,0.267991,0.577566
2036-02-22,17.9,0.0,47.1,14.4,5584.09,5697.41,0,0.0,0.0,0.0,0.269477,0.503048
2036-02-23,17.5,0.0,58.8,14.0,5458.63,4895.3,1,0.5,0.115075,0.3141,0.285692,0.676822
2036-02-24,16.6,1.1,46.5,12.0,5411.81,5966.42,0,0.0,0.0,0.0,0.242607,0.390881
2036-02-25,15.8,1.0,54.0,15.1,5392.04,6053.68,0,0.0,0.0,0.0,0.275195,0.404393
2036-02-26,17.1,0.0,57.0,12.5,5555.93,5861.36,0,0.0,0.0,0.0,0.268106,0.464064
2036-02-27,16.9,0.0,56.4,12.0,5440.92,6340.75,0,0.0,0.0,0.0,0.261805,0.352926
2036-02-28,16.6,0.0,52.2,14.9,5425.13,6156.9,0,0.0,0.0,0.0,0.274329,0.392369
2036-02-29,14.6,0.0,46.1,17.2,5290.11,5714.52,0,0.0,0.0,0.0,0.267456,0.437545
2036-03-01,15.9,5.2,49.1,11.9,4761.06,4965.16,1,0.722,0.0,0.0344,0.247099,0.455901
2036-03-02,16.5,0.0,51.9,11.5,4724.18,4856.4,0,0.0,0.0,0.0,0.246873,0.471879
2036-03-03,16.8,0.0,49.0,12.5,4704.17,5106.07,0,0.0,0.0,0.0,0.251129,0.416033
2036-03-04,18.1,0.0,56.0,13.9,4778.32,4974.73,0,0.0,0.0,0.0,0.283625,0.494324
2036-03-05,20.3,0.0,52.9,12.1,4856.59,5267.16,0,0.0,0.0,0.0,0.278425,0.444217
2036-03-06,22.0,0.0,50.6,13.9,4849.97,5282.66,0,0.0,0.0,0.0,0.299206,0.460377
2036-03-07,23.1,0.0,50.3,12.3,4871.26,5044.36,0,0.0,0.0,0.0,0.293549,0.510279
2036-03-08,22.5,14.8,53.5,11.7,4734.57,5298.14,0,0.0,0.0,0.0,0.309022,0.441634
2036-03-09,21.5,0.0,57.8,11.2,4669.2,4835.43,0,0.0,0.0,0.0,0.288577,0.505235
2036-03-10,19.7,16.4,58.9,15.8,4601.24,4837.49,0,0.0,0.0,0.0,0.334279,0.534056
2036-03-11,19.3,0.0,58.9,13.9,4665.48,4611.43,0,0.0,0.01172,0.0,0.296972,0.567445
2036-03-12,20.2,0.0,58.7,14.4,4752.8,4909.41,0,0.0,0.0,0.0,0.306388,0.525938
2036-03-13,19.4,0.0,58.4,11.0,4637.95,5500.46,0,0.0,0.0,0.0,0.274317,0.34805
2036-03-14,20.6,18.8,67.7,12.3,4763.69,4731.66,0,0.0,0.00677,0.0,0.332633,0.597325
2036-03-15,19.5,0.0,52.7,16.2,4612.42,4970.24,0,0.0,0.0,0.0,0.304413,0.477159
2036-03-16,17.3,0.0,63.7,20.6,4513.31,4609.74,0,0.0,0.0,0.0,0.344487,0.576856
2036-03-17,20.5,0.0,62.7,14.8,4866.77,4431.31,0,0.0,0.098268,0.0,0.318951,0.69046
2036-03-18,20.6,0.0,60.1,12.6,4682.4,5081.41,0,0.0,0.0,0.0,0.29776,0.462882
2036-03-19,20.0,0.0,57.4,11.6,4630.72,4700.02,0,0.0,0.0,0.0,0.281027,0.520604
2036-03-20,19.0,0.0,61.9,13.3,4594.13,4916.17,0,0.0,0.0,0.0,0.29599,0.476308
2036-03-21,21.4,8.3,66.4,10.8,4810.28,5350.73,0,0.0,0.0,0.0,0.311084,0.449961
2036-03-22,25.2,0.0,55.4,11.1,5072.54,5401.14,0,0.0,0.0,0.0,0.307694,0.49346
2036-03-23,24.8,0.0,65.8,12.0,4797.68,5136.79,0,0.0,0.0,0.0,0.331502,0.511225
2036-03-24,24.9,0.0,71.7,14.4,4828.77,4806.17,1,1.679,0.004702,0.0811,0.361742,0.624021
2036-03-25,27.6,0.0,63.0,12.4,5122.35,5606.56,0,0.0,0.0,0.0,0.347794,0.503761
2036-03-26,24.1,0.0,70.2,13.5,4567.48,4741.27,0,0.0,0.0,0.0,0.346712,0.560711
2036-03-27,28.9,8.2,68.4,12.8,5307.95,4905.07,0,0.0,0.082135,0.0,0.379579,0.732254
2036-03-28,33.7,0.0,65.6,11.4,5575.48,6144.83,0,0.0,0.0,0.0,0.38516,0.533784
2036-03-29,27.4,0.0,61.1,10.4,4552.89,5105.51,0,0.0,0.0,0.0,0.327481,0.457912
2036-03-30,27.6,0.0,63.2,10.9,4948.28,5657.43,0,0.0,0.0,0.0,0.336595,0.447053
2036-03-31,26.5,0.0,60.3,12.3,4814.86,5714.09,0,0.0,0.0,0.0,0.334709,0.407784
2036-04-01,26.7,0.0,70.2,10.8,4889.45,5372.2,0,0.0,0.0,0.0,0.343016,0.494902
2036-04-02,26.6,8.8,64.2,12.1,4862.99,5263.6,1,0.695,0.0,0.0338,0.351875,0.519815
2036-04-03,29.0,2.4,75.5,16.5,5138.15,5748.4,0,0.0,0.0,0.0,0.415023,0.547882
2036-04-04,29.1,0.0,68.5,10.0,5002.85,4973.43,0,0.0,0.005915,0.0,0.349475,0.613171
2036-04-05,27.7,0.0,68.6,13.0,4830.88,4563.56,0,0.0,0.058575,0.0,0.363583,0.688756
2036-04-06,28.1,0.0,60.3,9.9,4956.07,5054.93,0,0.0,0.0,0.0,0.326737,0.560696
2036-04-07,29.8,0.0,70.5,12.3,5124.33,5792.89,0,0.0,0.0,0.0,0.375586,0.497646
2036-04-08,27.9,0.0,66.3,12.7,4797.56,4837.62,0,0.0,0.0,0.0,0.358274,0.605397
2036-04-09,25.5,0.0,64.9,10.4,4641.84,5010.1,0,0.0,0.0,0.0,0.322082,0.493064
2036-04-10,30.9,0.0,64.7,13.9,5392.38,5856.76,0,0.0,0.0,0.0,0.384307,0.548534
2036-04-11,30.0,0.0,62.0,12.1,4956.6,5280.7,0,0.0,0.0,0.0,0.359423,0.544564
2036-04-12,30.3,0.0,68.5,16.8,5044.53,4890.72,0,0.0,0.03145,0.0,0.409854,0.703358
2036-04-13,30.1,0.0,67.9,10.3,4997.44,5355.21,0,0.0,0.0,0.0,0.357256,0.536054
2036-04-14,31.9,0.0,62.4,10.3,5210.49,5332.63,0,0.0,0.0,0.0,0.358808,0.588859
2036-04-15,35.9,0.0,71.8,9.4,5558.91,6433.22,0,0.0,0.0,0.0,0.395854,0.493988
2036-04-16,36.7,0.0,80.1,18.3,5400.96,6057.84,0,0.0,0.0,0.0,0.485362,0.615565
2036-04-17,33.2,0.0,62.6,13.7,4939.85,5066.62,0,0.0,0.0,0.0,0.393986,0.621567
2036-04-18,30.7,0.0,69.4,9.4,4869.63,5654.82,0,0.0,0.0,0.0,0.357079,0.451772
2036-04-19,30.8,1.9,78.9,12.0,5023.55,5383.5,0,0.0,0.0,0.0,0.39793,0.576666
2036-04-20,31.1,2.1,67.0,14.9,6065.75,5730.24,0,0.0,0.058552,0.0,0.400216,0.725358
2036-04-21,28.6,0.2,72.8,9.8,4742.47,4956.19,0,0.0,0.0,0.0,0.352942,0.559391
2036-04-22,31.6,0.0,72.8,9.6,5240.52,6042.44,0,0.0,0.0,0.0,0.370929,0.472788
2036-04-23,30.3,0.0,74.3,8.7,4900.32,4892.24,0,0.0,0.001653,0.0,0.358229,0.616947
2036-04-24,34.5,0.0,80.4,12.7,5459.08,5708.56,0,0.0,0.0,0.0,0.428214,0.633985
2036-04-25,38.5,0.0,62.5,9.3,5670.69,5468.41,0,0.0,0.03699,0.0,0.394782,0.694755
2036-04-26,37.7,0.0,72.6,8.7,5306.78,5170.55,0,0.0,0.026348,0.0,0.403817,0.691365
2036-04-27,38.4,0.0,69.3,11.3,5443.96,5430.04,0,0.0,0.002564,0.0,0.422305,0.682088
2036-04-28,35.7,0.0,71.8,8.4,5075.81,4937.11,0,0.0,0.028094,0.0,0.386819,0.676405
2036-04-29,37.3,0.0,72.4,10.6,5431.15,5491.16,0,0.0,0.0,0.0,0.415466,0.659498
2036-04-30,36.4,0.3,71.0,8.5,5218.03,6050.37,0,0.0,0.0,0.0,0.391071,0.487263
2036-05-01,34.5,0.0,67.1,11.3,5054.58,5295.82,0,0.0,0.0,0.0,0.392474,0.596085
2036-05-02,34.6,0.0,67.6,8.4,5183.41,5699.1,0,0.0,0.0,0.0,0.371694,0.52285
2036-05-03,34.4,2.8,84.2,8.8,5148.25,5759.7,0,0.0,0.0,0.0,0.408003,0.540862
2036-05-04,34.6,0.0,66.1,9.7,5177.79,5075.11,0,0.0,0.020233,0.0,0.378912,0.659321
2036-05-05,37.3,0.0,79.3,8.8,5483.29,5470.21,0,0.0,0.002391,0.0,0.414515,0.674096
2036-05-06,36.0,0.0,68.1,17.2,5157.56,5664.27,0,0.0,0.0,0.0,0.449761,0.602118
2036-05-07,40.1,0.0,73.9,8.2,5720.84,5778.28,0,0.0,0.0,0.0,0.418216,0.663401
2036-05-08,37.3,0.0,83.4,7.9,5119.47,5601.08,0,0.0,0.0,0.0,0.415258,0.571669
2036-05-09,41.0,0.0,77.7,8.8,5737.19,6630.3,0,0.0,0.0,0.0,0.435903,0.535442
2036-05-10,38.7,0.0,66.6,10.4,5220.39,5002.76,0,0.0,0.043503,0.0,0.412276,0.71985
2036-05-11,38.9,21.1,77.5,8.1,5392.04,5540.39,0,0.0,0.0,0.0,0.442029,0.667561
2036-05-12,38.1,0.0,73.9,8.5,5282.95,5481.11,0,0.0,0.0,0.0,0.407348,0.621933
2036-05-13,37.9,0.0,79.3,9.6,5298.99,5388.22,0,0.0,0.0,0.0,0.424642,0.6621
2036-05-14,40.0,0.0,74.5,9.3,5564.64,5629.73,0,0.0,0.0,0.0,0.427169,0.670462
2036-05-15,43.1,0.0,73.5,11.8,5801.6,5911.81,0,0.0,0.0,0.0,0.465017,0.700044
2036-05-16,45.0,0.0,83.0,7.3,5824.87,6110.51,0,0.0,0.0,0.0,0.460631,0.66285
2036-05-17,43.3,0.0,82.4,9.0,5491.88,5823.52,0,0.0,0.0,0.0,0.461418,0.651726
2036-05-18,43.2,0.0,78.1,6.9,5586.31,6201.17,1,2.208,0.0,0.1234,0.436493,0.577532
2036-05-19,41.2,0.0,71.5,8.3,5351.04,5610.12,0,0.0,0.0,0.0,0.421738,0.624616
2036-05-20,39.3,0.0,61.4,10.8,5246.55,5878.47,0,0.0,0.0,0.0,0.409567,0.540864
2036-05-21,37.4,0.0,68.4,19.3,5151.73,5217.24,0,0.0,0.0,0.0,0.475755,0.717887
2036-05-22,37.3,0.0,67.1,9.2,5261.41,5126.27,1,0.5,0.026363,0.0694,0.394726,0.682291
2036-05-23,38.7,0.0,74.5,10.9,5424.92,5592.01,1,0.5,0.0,0.0271,0.430946,0.652854
2036-05-24,35.5,0.0,79.6,7.5,4961.14,5353.75,0,0.0,0.0,0.0,0.393182,0.564362
2036-05-25,36.7,0.0,84.8,7.5,5301.22,5853.65,1,2.877,0.0,0.1525,0.410841,0.557459
2036-05-26,40.8,0.0,81.3,8.1,5712.93,6524.13,0,0.0,0.0,0.0,0.435933,0.54757
2036-05-27,43.3,3.6,72.3,8.0,5746.51,6138.9,0,0.0,0.0,0.0,0.439157,0.621328
2036-05-28,41.9,0.0,76.3,8.5,5409.54,5936.64,0,0.0,0.0,0.0,0.436895,0.590034
2036-05-29,39.2,0.0,77.0,6.5,5177.16,5882.46,0,0.0,0.0,0.0,0.404979,0.521799
2036-05-30,40.7,0.0,67.2,11.7,5535.93,5540.95,0,0.0,0.0,0.0,0.436614,0.692346
2036-05-31,36.4,0.0,70.6,8.0,4928.92,5110.12,0,0.0,0.0,0.0,0.386097,0.601492
2036-06-01,39.9,0.0,72.8,9.3,6792.32,8317.66,0,0.0,0.0,0.0,0.423323,0.466028
2036-06-02,40.0,0.0,85.6,10.4,6535.85,7215.27,0,0.0,0.0,0.0,0.456469,0.603332
2036-06-03,44.2,31.7,84.8,6.4,7143.2,7730.19,0,0.0,0.0,0.0,0.490466,0.65861
2036-06-04,40.4,0.0,68.4,11.0,6254.65,6919.53,0,0.0,0.0,0.0,0.431486,0.576103
2036-06-05,42.7,0.0,72.8,8.4,6886.81,6651.64,0,0.0,0.035355,0.0,0.434834,0.732898
2036-06-06,42.6,0.0,77.1,8.6,6677.4,6739.17,0,0.0,0.0,0.0,0.44378,0.68987
2036-06-07,42.0,29.9,81.0,7.3,6603.76,6512.79,0,0.0,0.013967,0.0,0.473588,0.746684
2036-06-08,39.4,5.9,74.5,12.2,6281.21,6760.92,0,0.0,0.0,0.0,0.45279,0.626749
2036-06-09,41.3,9.0,80.6,10.8,6756.43,6937.2,0,0.0,0.0,0.0,0.46973,0.6961
2036-06-10,43.0,0.0,81.7,6.4,6852.23,7236.02,0,0.0,0.0,0.0,0.438067,0.632939
2036-06-11,46.6,0.0,80.7,6.9,7250.14,7470.58,0,0.0,0.0,0.0,0.463778,0.686121
2036-06-12,47.9,0.0,73.0,7.8,7151.32,6776.13,0,0.0,0.055368,0.0,0.464854,0.786282
2036-06-13,45.7,0.0,73.6,7.0,6718.33,7428.82,0,0.0,0.0,0.0,0.445305,0.590445
2036-06-14,43.2,13.5,76.2,10.1,6522.66,6124.66,0,0.0,0.064984,0.0,0.474093,0.806744
2036-06-15,40.4,0.0,79.5,10.5,6325.59,6351.89,0,0.0,0.0,0.0,0.44844,0.700396
2036-06-16,43.9,8.8,74.4,6.4,7056.05,6824.09,0,0.0,0.033992,0.0,0.441048,0.73752
2036-06-17,42.2,9.5,66.8,6.1,6523.27,6487.89,1,1.994,0.005453,0.1301,0.414132,0.677288
2036-06-18,45.3,0.0,76.4,6.8,7124.73,7571.58,0,0.0,0.0,0.0,0.446376,0.63427
2036-06-19,45.9,0.0,76.5,7.5,6957.29,7846.48,0,0.0,0.0,0.0,0.455919,0.580415
2036-06-20,46.0,0.0,71.7,7.5,6921.83,6587.21,0,0.0,0.050798,0.0,0.447578,0.76367
2036-06-21,44.8,0.0,82.9,5.6,6736.21,6836.55,0,0.0,0.0,0.0,0.446008,0.685664
2036-06-22,45.7,46.3,82.3,5.3,6975.77,6555.9,0,0.0,0.064045,0.0,0.504992,0.836548
2036-06-23,45.1,14.8,84.1,9.3,6809.44,6890.19,0,0.0,0.0,0.0,0.496843,0.739952
2036-06-24,43.9,3.1,67.3,5.8,6682.55,7046.95,0,0.0,0.0,0.0,0.416152,0.612575
2036-06-25,45.1,0.0,74.4,6.3,6954.85,7638.69,0,0.0,0.0,0.0,0.437449,0.589729
2036-06-26,44.3,0.0,68.9,8.6,6746.53,6183.41,0,0.0,0.091071,0.0,0.439611,0.802716
2036-06-27,42.4,5.1,73.7,6.8,6528.21,7081.05,0,0.0,0.0,0.0,0.428421,0.594068
2036-06-28,43.7,0.0,76.4,6.2,6869.63,6792.17,0,0.0,0.011405,0.0,0.4312,0.701303
2036-06-29,43.3,0.0,69.6,5.2,6716.88,6538.08,0,0.0,0.027348,0.0,0.408097,0.696812
2036-06-30,44.1,0.0,68.8,5.6,6865.85,7238.33,0,0.0,0.0,0.0,0.414957,0.611673
2036-07-01,42.9,36.5,80.1,5.4,6620.02,7212.58,0,0.0,0.0,0.0,0.471225,0.632105
2036-07-02,40.3,13.7,94.1,5.9,6352.69,6630.12,0,0.0,0.0,0.0,0.456377,0.664318
2036-07-03,44.2,0.0,72.7,5.2,7123.66,6989.25,0,0.0,0.01923,0.0,0.419842,0.699082
2036-07-04,46.9,0.0,72.2,4.9,7215.34,7530.2,0,0.0,0.0,0.0,0.434386,0.642363
2036-07-05,47.7,8.8,75.7,6.1,7116.0,7146.69,0,0.0,0.0,0.0,0.466218,0.717995
2036-07-06,45.7,6.6,64.2,7.2,6760.62,7355.92,0,0.0,0.0,0.0,0.437276,0.59959
2036-07-07,44.3,0.0,75.5,4.5,6714.75,7505.4,0,0.0,0.0,0.0,0.42035,0.554161
2036-07-08,46.6,0.0,74.3,4.9,7166.98,7982.02,0,0.0,0.0,0.0,0.436346,0.573933
2036-07-09,44.9,21.6,67.0,7.4,6731.18,7059.37,0,0.0,0.0,0.0,0.457098,0.659615
2036-07-10,42.9,0.0,82.3,6.6,6584.04,7378.92,0,0.0,0.0,0.0,0.440076,0.57111
2036-07-11,46.3,0.0,70.1,6.8,7253.54,7149.66,0,0.0,0.01453,0.0,0.441154,0.714906
2036-07-12,45.2,10.4,66.8,7.3,6807.45,7912.44,0,0.0,0.0,0.0,0.444264,0.538024
2036-07-13,47.9,12.6,74.3,7.8,7309.66,7202.39,0,0.0,0.014893,0.0,0.482665,0.756842
2036-07-14,43.7,0.0,64.8,5.6,6465.1,5961.49,0,0.0,0.084478,0.0,0.40482,0.760229
2036-07-15,44.2,0.0,61.1,5.9,6876.46,7811.82,0,0.0,0.0,0.0,0.403493,0.520502
2036-07-16,47.6,19.6,72.4,4.6,7358.03,7396.74,0,0.0,0.0,0.0,0.460975,0.711656
2036-07-17,46.2,0.0,67.5,5.7,6869.33,7263.31,0,0.0,0.0,0.0,0.427133,0.6206
2036-07-18,44.5,0.0,60.5,7.1,6731.26,6630.69,0,0.0,0.015168,0.0,0.413605,0.688101
2036-07-19,41.3,0.0,64.2,5.5,6405.26,7679.31,0,0.0,0.0,0.0,0.387104,0.450214
2036-07-20,43.2,33.6,71.1,5.4,6943.57,8087.69,0,0.0,0.0,0.0,0.452789,0.544433
2036-07-21,40.9,57.9,80.3,4.6,6466.47,7494.03,0,0.0,0.0,0.0,0.478355,0.575074
2036-07-22,40.5,25.8,77.0,5.2,6582.23,6947.98,0,0.0,0.0,0.0,0.434995,0.630332
2036-07-23,37.8,0.0,67.7,5.7,6236.93,6934.12,0,0.0,0.0,0.0,0.37214,0.511554
2036-07-24,41.2,0.0,66.6,7.4,6943.02,7266.96,0,0.0,0.0,0.0,0.405606,0.610357
2036-07-25,43.1,0.0,57.3,4.9,6953.45,7792.72,0,0.0,0.0,0.0,0.381402,0.512464
2036-07-26,42.1,14.1,69.6,5.0,6668.28,6829.19,0,0.0,0.0,0.0,0.415848,0.645132
2036-07-27,39.1,0.0,60.5,7.2,6310.27,7255.78,0,0.0,0.0,0.0,0.378783,0.483447
2036-07-28,42.0,0.0,57.0,4.1,6977.34,7123.62,0,0.0,0.0,0.0,0.367416,0.600234
2036-07-29,40.5,0.0,69.7,7.7,6528.53,6712.12,0,0.0,0.0,0.0,0.409119,0.633978
2036-07-30,37.8,6.4,60.0,5.2,6262.05,6391.11,0,0.0,0.0,0.0,0.361654,0.59487
2036-07-31,34.3,0.0,65.2,5.1,5981.92,6353.55,0,0.0,0.0,0.0,0.339754,0.528261
2036-08-01,33.6,3.2,62.8,7.6,6161.83,6319.23,0,0.0,0.0,0.0,0.353834,0.581546
2036-08-02,31.5,0.2,59.4,6.1,5917.0,6394.49,0,0.0,0.0,0.0,0.318383,0.488001
2036-08-03,31.3,0.0,69.9,5.8,6062.37,6181.79,0,0.0,0.0,0.0,0.334193,0.568431
2036-08-04,33.9,2.7,61.2,5.2,6438.04,7080.68,0,0.0,0.0,0.0,0.333683,0.48452
2036-08-05,33.7,6.5,62.2,4.7,6217.38,7122.99,0,0.0,0.0,0.0,0.335018,0.443386
2036-08-06,34.9,0.0,59.2,7.8,6411.09,6762.96,0,0.0,0.0,0.0,0.353292,0.549343
2036-08-07,33.7,13.6,66.8,6.5,6151.75,7319.07,0,0.0,0.0,0.0,0.366195,0.436796
2036-08-08,34.3,0.0,61.4,4.5,6328.15,7094.07,0,0.0,0.0,0.0,0.327999,0.458749
2036-08-09,38.4,0.0,58.4,8.2,6879.23,8149.88,0,0.0,0.0,0.0,0.377948,0.452728
2036-08-10,37.1,0.0,57.0,8.0,6377.22,6671.5,0,0.0,0.0,0.0,0.365211,0.570507
2036-08-11,37.5,14.7,64.7,6.8,6537.54,6180.12,0,0.0,0.057834,0.0,0.390961,0.715266
2036-08-12,33.8,0.0,57.7,6.7,5997.25,6030.32,0,0.0,0.0,0.0,0.334741,0.585129
2036-08-13,37.0,0.0,69.2,5.9,6733.68,6814.08,0,0.0,0.0,0.0,0.371223,0.614239
2036-08-14,35.5,10.9,60.4,5.9,6279.79,6216.74,0,0.0,0.010142,0.0,0.358135,0.626765
2036-08-15,37.3,0.0,61.6,7.3,6657.2,6069.09,0,0.0,0.096903,0.0,0.369753,0.739667
2036-08-16,36.4,0.0,59.2,6.4,6388.7,7120.55,0,0.0,0.0,0.0,0.352376,0.48918
2036-08-17,37.0,33.0,66.1,6.8,6558.16,6117.57,0,0.0,0.07202,0.0,0.412619,0.753486
2036-08-18,37.6,6.5,65.0,7.8,6597.8,7313.78,0,0.0,0.0,0.0,0.389894,0.532402
2036-08-19,35.8,0.0,61.5,5.8,6298.14,7480.23,0,0.0,0.0,0.0,0.348104,0.420411
2036-08-20,37.3,0.0,61.1,10.9,6665.21,6671.64,0,0.0,0.0,0.0,0.396593,0.652258
2036-08-21,34.8,0.0,60.7,4.6,6194.47,6655.44,0,0.0,0.0,0.0,0.330754,0.506687
2036-08-22,35.8,3.2,50.3,6.6,6533.81,6696.41,0,0.0,0.0,0.0,0.337182,0.565626
2036-08-23,34.3,12.2,62.5,5.6,6241.87,6879.2,0,0.0,0.0,0.0,0.353434,0.502069
2036-08-24,34.4,0.0,55.7,8.6,6386.68,6225.43,0,0.0,0.025902,0.0,0.349606,0.636634
2036-08-25,32.9,0.0,54.0,4.9,6164.76,6421.81,0,0.0,0.0,0.0,0.307983,0.518045
2036-08-26,32.6,3.1,74.3,6.2,6246.95,7000.55,0,0.0,0.0,0.0,0.357881,0.489002
2036-08-27,30.0,0.0,48.5,6.2,5920.75,6198.56,0,0.0,0.0,0.0,0.288586,0.493055
2036-08-28,30.6,8.2,57.1,5.7,6191.24,5865.56,0,0.0,0.055524,0.0,0.314813,0.636422
2036-08-29,30.6,13.6,57.7,7.6,6153.75,6942.81,1,0.5,0.0,0.0308,0.337187,0.4613
2036-08-30,29.3,0.0,54.4,5.9,5987.18,5797.71,0,0.0,0.032681,0.0,0.29272,0.587661
2036-08-31,29.3,21.5,54.8,5.2,6075.75,6409.68,0,0.0,0.0,0.0,0.314301,0.510272
2036-09-01,29.5,0.0,55.3,5.7,5214.88,5667.05,0,0.0,0.0,0.0,0.294182,0.457826
2036-09-02,28.1,16.6,52.3,6.7,5044.09,5334.38,0,0.0,0.0,0.0,0.307299,0.500561
2036-09-03,28.0,0.0,54.9,5.8,5115.36,6188.87,0,0.0,0.0,0.0,0.284317,0.338612
2036-09-04,26.0,20.8,59.1,8.1,4904.25,5376.19,0,0.0,0.0,0.0,0.322134,0.476446
2036-09-05,31.1,0.0,51.5,5.8,5626.65,5836.25,0,0.0,0.0,0.0,0.298375,0.51324
2036-09-06,32.5,0.0,52.1,7.0,5480.37,5962.46,0,0.0,0.0,0.0,0.317987,0.480388
2036-09-07,32.0,9.3,62.3,9.5,5335.36,5672.69,0,0.0,0.0,0.0,0.364454,0.551824
2036-09-08,33.4,1.5,55.0,7.2,5534.89,5827.11,1,0.729,0.0,0.0403,0.33273,0.530977
2036-09-09,28.1,0.0,52.3,8.3,4833.97,5149.91,0,0.0,0.0,0.0,0.299391,0.484562
2036-09-10,22.6,9.9,55.7,9.4,4545.74,4648.71,0,0.0,0.0,0.0,0.290081,0.521013
2036-09-11,22.5,0.0,50.9,6.5,4860.67,5168.9,0,0.0,0.0,0.0,0.245966,0.433142
2036-09-12,20.4,0.0,53.2,6.1,4697.35,4782.63,0,0.0,0.0,0.0,0.23335,0.469324
2036-09-13,21.0,0.0,47.0,5.9,4865.22,4527.28,0,0.0,0.074645,0.0,0.224137,0.568068
2036-09-14,22.2,30.0,68.3,6.8,4938.12,5539.74,0,0.0,0.0,0.0,0.315531,0.44554
2036-09-15,24.6,0.6,50.5,5.9,5140.04,5213.93,0,0.0,0.0,0.0,0.25516,0.495406
2036-09-16,22.3,9.7,65.6,6.7,4744.03,5023.49,0,0.0,0.0,0.0,0.285588,0.477435
2036-09-17,23.5,17.7,64.2,7.4,5018.25,5028.76,0,0.0,0.0,0.0,0.306035,0.560385
2036-09-18,23.6,34.5,54.5,9.0,4964.86,4984.7,0,0.0,0.0,0.0,0.32135,0.573494
2036-09-19,24.3,0.0,49.3,6.4,5042.18,4964.25,0,0.0,0.015699,0.0,0.254059,0.529175
2036-09-20,23.1,10.2,52.1,5.6,4866.04,5400.05,0,0.0,0.0,0.0,0.257671,0.399017
2036-09-21,25.8,4.7,53.3,8.1,5258.46,5915.52,0,0.0,0.0,0.0,0.290297,0.417419
2036-09-22,25.0,19.2,52.6,7.0,5002.02,5260.29,0,0.0,0.0,0.0,0.292916,0.492389
2036-09-23,28.0,4.8,54.0,6.1,5408.52,5496.09,0,0.0,0.0,0.0,0.290801,0.528991
2036-09-24,25.2,0.0,37.7,7.2,4906.28,4628.27,0,0.0,0.060067,0.0,0.244414,0.571327
2036-09-25,26.0,17.1,47.4,6.6,5169.49,5687.02,0,0.0,0.0,0.0,0.284108,0.434662
2036-09-26,25.0,0.0,44.9,9.8,5008.62,5045.57,0,0.0,0.0,0.0,0.276657,0.524898
2036-09-27,23.6,0.0,42.2,8.3,4913.93,4813.74,0,0.0,0.020812,0.0,0.250793,0.53188
2036-09-28,24.3,5.9,38.1,8.3,5084.82,5348.44,0,0.0,0.0,0.0,0.254918,0.454168
2036-09-29,22.9,0.0,49.4,9.3,4890.98,5032.58,0,0.0,0.0,0.0,0.267395,0.491338
2036-09-30,17.1,65.7,55.6,18.9,4508.69,4345.96,0,0.0,0.037445,0.0,0.395025,0.695527
2036-10-01,11.5,0.0,41.0,6.8,4527.63,4360.17,0,0.0,0.038406,0.0,0.157213,0.458839
2036-10-02,15.7,0.0,47.9,8.1,5087.05,5449.26,0,0.0,0.0,0.0,0.207865,0.387058
2036-10-03,18.9,0.0,49.9,7.1,5080.85,5125.01,1,5.467,0.0,0.2778,0.224992,0.471723
2036-10-04,22.7,0.0,40.7,7.8,5206.43,5634.12,0,0.0,0.0,0.0,0.23819,0.406362
2036-10-05,21.9,0.0,38.1,8.1,4897.42,5187.5,0,0.0,0.0,0.0,0.230357,0.421867
2036-10-06,18.6,0.0,38.9,9.8,4709.98,5256.32,0,0.0,0.0,0.0,0.223223,0.358674
2036-10-07,17.7,0.0,48.3,8.9,4838.32,4826.59,0,0.0,0.002431,0.0,0.227971,0.487598
2036-10-08,17.7,0.0,48.3,10.2,4901.68,5218.63,0,0.0,0.0,0.0,0.238002,0.423891
2036-10-09,15.7,3.7,44.8,9.8,4751.97,5180.65,0,0.0,0.0,0.0,0.219685,0.379877
2036-10-10,19.3,0.0,43.1,9.6,5142.34,5196.58,0,0.0,0.0,0.0,0.234168,0.478773
2036-10-11,23.4,0.0,35.0,7.0,5287.77,5927.67,0,0.0,0.0,0.0,0.225944,0.356711
2036-10-12,23.0,3.7,44.6,7.0,5010.07,4734.64,0,0.0,0.058174,0.0,0.245821,0.570523
2036-10-13,21.7,0.0,45.1,8.9,4898.4,4886.28,0,0.0,0.002481,0.0,0.248336,0.508022
2036-10-14,18.0,0.0,41.7,9.4,4709.64,4439.63,0,0.0,0.060819,0.0,0.221431,0.54922
2036-10-15,20.7,0.0,41.7,9.9,5127.33,5145.99,0,0.0,0.0,0.0,0.243086,0.495643
2036-10-16,19.8,0.0,35.3,9.0,4911.22,5108.95,0,0.0,0.0,0.0,0.218209,0.429817
2036-10-17,18.4,0.0,46.0,11.4,4857.49,5354.83,0,0.0,0.0,0.0,0.247563,0.395928
2036-10-18,18.7,0.0,33.2,9.1,4970.73,5170.64,0,0.0,0.0,0.0,0.207793,0.419448
2036-10-19,16.8,0.0,39.6,7.7,4813.9,4874.03,0,0.0,0.0,0.0,0.196467,0.438855
2036-10-20,16.6,0.0,41.8,8.3,4921.59,4687.32,0,0.0,0.04998,0.0,0.203903,0.519039
2036-10-21,13.3,0.0,45.0,9.8,4727.81,4602.55,0,0.0,0.027214,0.0,0.199726,0.488287
2036-10-22,15.6,0.0,44.3,7.8,5059.8,5411.68,0,0.0,0.0,0.0,0.198141,0.379024
2036-10-23,15.1,3.6,45.5,9.1,4884.65,5400.14,0,0.0,0.0,0.0,0.211519,0.35687
2036-10-24,17.1,0.0,37.2,9.7,5070.34,5189.95,0,0.0,0.0,0.0,0.209376,0.439261
2036-10-25,16.0,0.0,50.1,8.5,4870.43,5485.54,0,0.0,0.0,0.0,0.217054,0.34294
2036-10-26,15.1,2.5,44.4,10.4,5855.97,5798.32,0,0.0,0.009943,0.0,0.218145,0.486542
2036-10-27,12.3,0.0,36.3,8.0,4785.53,4907.07,0,0.0,0.0,0.0,0.162933,0.390808
2036-10-28,13.9,0.0,36.5,9.8,5039.25,5194.02,0,0.0,0.0,0.0,0.187743,0.409747
2036-10-29,11.9,0.0,41.5,9.8,4845.21,5554.32,0,0.0,0.0,0.0,0.183936,0.291686
2036-10-30,11.0,0.0,35.2,8.7,4925.07,5212.79,1,1.586,0.0,0.0781,0.157703,0.350058
2036-10-31,11.2,3.6,31.9,9.0,4993.26,4677.18,0,0.0,0.067579,0.0,0.159541,0.495223
2036-11-01,11.6,0.0,37.7,12.2,5001.42,5551.35,0,0.0,0.0,0.0,0.193352,0.334496
2036-11-02,8.2,0.0,25.7,12.8,4807.28,5606.7,0,0.0,0.0,0.0,0.153071,0.243409
2036-11-03,8.3,0.0,38.7,11.0,5029.08,5201.41,0,0.0,0.0,0.0,0.164216,0.382328
2036-11-04,10.5,0.0,40.0,9.6,5129.78,5096.35,0,0.0,0.006559,0.0,0.170352,0.4348
2036-11-05,9.9,3.1,36.1,9.3,4967.92,5486.81,0,0.0,0.0,0.0,0.160552,0.30694
2036-11-06,9.6,0.0,42.3,9.0,4998.37,5866.83,0,0.0,0.0,0.0,0.164103,0.248084
2036-11-07,10.1,0.0,40.6,10.7,5044.51,5566.46,0,0.0,0.0,0.0,0.177328,0.324654
2036-11-08,9.9,0.0,31.2,9.9,5005.96,4744.4,0,0.0,0.05513,0.0,0.152212,0.473361
2036-11-09,7.9,0.0,36.4,9.5,4917.09,5396.72,0,0.0,0.0,0.0,0.145693,0.298731
2036-11-10,8.3,0.0,33.4,13.3,5058.63,5440.38,0,0.0,0.0,0.0,0.172026,0.3469
2036-11-11,10.6,0.0,34.3,11.1,5157.14,5104.84,0,0.0,0.010246,0.0,0.171898,0.440648
2036-11-12,8.3,0.0,41.6,9.2,4904.45,5547.89,0,0.0,0.0,0.0,0.155765,0.277161
2036-11-13,7.8,0.0,38.9,10.7,5019.37,5408.95,0,0.0,0.0,0.0,0.158981,0.331689
2036-11-14,5.4,0.0,32.1,9.5,4922.35,5576.25,1,0.5,0.0,0.0246,0.121152,0.241046
2036-11-15,8.0,0.0,36.7,11.9,5214.73,5126.74,0,0.0,0.017163,0.0,0.165433,0.442259
2036-11-16,8.1,0.0,31.7,13.1,5055.0,5434.75,0,0.0,0.0,0.0,0.165977,0.341195
2036-11-17,6.6,4.7,34.2,11.7,4975.57,4943.77,0,0.0,0.006432,0.0,0.155709,0.420008
2036-11-18,7.2,0.0,43.0,10.8,5105.19,5440.11,0,0.0,0.0,0.0,0.163485,0.348404
2036-11-19,5.1,0.0,48.0,9.7,4956.86,5666.02,0,0.0,0.0,0.0,0.15053,0.261208
2036-11-20,3.7,0.0,44.1,10.6,5016.34,4816.37,0,0.0,0.041519,0.0,0.140935,0.446194
2036-11-21,1.7,5.5,37.9,11.1,4996.94,4815.81,0,0.0,0.03761,0.0,0.126695,0.427393
2036-11-22,0.9,0.0,36.1,11.7,5077.58,5637.1,0,0.0,0.0,0.0,0.115966,0.256884
2036-11-23,5.1,0.0,40.2,10.9,5351.96,5614.79,0,0.0,0.0,0.0,0.145165,0.347309
2036-11-24,4.2,0.0,35.6,14.2,5051.01,5676.27,0,0.0,0.0,0.0,0.15607,0.284267
2036-11-25,5.9,0.0,27.9,12.2,5194.6,5190.14,0,0.0,0.00086,0.0,0.137406,0.395199
2036-11-26,4.6,0.0,44.1,10.2,5025.47,5292.95,0,0.0,0.0,0.0,0.14378,0.341575
2036-11-27,6.8,0.0,29.1,14.3,5217.13,5704.16,0,0.0,0.0,0.0,0.161792,0.318907
2036-11-28,4.9,0.0,41.0,12.4,4989.0,5304.52,0,0.0,0.0,0.0,0.156921,0.344272
2036-11-29,5.5,0.3,38.9,10.7,5138.79,4816.63,0,0.0,0.066884,0.0,0.144187,0.479059
2036-11-30,6.0,0.0,44.3,12.4,5128.62,6297.04,0,0.0,0.0,0.0,0.170358,0.210536
2036-12-01,11.0,0.9,39.5,10.2,6001.77,6382.14,0,0.0,0.0,0.0,0.178438,0.365652
2036-12-02,11.5,0.0,32.1,16.4,5702.09,5505.67,0,0.0,0.035675,0.0,0.2146,0.513038
2036-12-03,9.5,0.0,40.5,10.5,5550.73,5938.14,0,0.0,0.0,0.0,0.171643,0.352271
2036-12-04,10.4,0.0,33.3,15.1,5742.13,6184.48,0,0.0,0.0,0.0,0.199569,0.37286
2036-12-05,14.0,0.0,30.2,11.2,5882.06,6544.48,0,0.0,0.0,0.0,0.187392,0.32602
2036-12-06,9.4,0.0,26.0,10.8,5377.58,5960.57,0,0.0,0.0,0.0,0.146111,0.28872
2036-12-07,7.3,7.7,36.5,12.6,5567.39,5770.75,0,0.0,0.0,0.0,0.17524,0.390891
2036-12-08,6.8,0.0,26.8,12.8,5684.81,5352.3,0,0.0,0.062125,0.0,0.145905,0.475219
2036-12-09,6.0,1.1,42.8,11.4,5675.58,6124.33,0,0.0,0.0,0.0,0.161172,0.332423
2036-12-10,5.5,0.0,27.5,14.4,5703.74,5398.75,0,0.0,0.056493,0.0,0.150995,0.473735
2036-12-11,3.2,0.0,33.5,15.7,5596.6,6304.91,0,0.0,0.0,0.0,0.157116,0.282757
2036-12-12,6.8,0.0,33.8,10.8,5966.65,5989.54,0,0.0,0.0,0.0,0.143598,0.395927
2036-12-13,4.0,0.0,36.5,12.2,5554.86,6054.81,0,0.0,0.0,0.0,0.141008,0.301405
2036-12-14,4.2,0.0,31.3,13.3,5762.18,5812.09,0,0.0,0.0,0.0,0.141064,0.387829
2036-12-15,6.8,0.0,41.5,13.0,5905.14,6017.35,0,0.0,0.0,0.0,0.175011,0.410032
2036-12-16,6.8,0.0,36.7,11.9,5720.32,5717.68,0,0.0,0.000461,0.0,0.157524,0.414853
2036-12-17,4.9,0.0,35.9,12.9,5607.99,6141.38,0,0.0,0.0,0.0,0.151216,0.306615
2036-12-18,2.6,0.0,32.8,12.0,5604.67,5665.51,0,0.0,0.0,0.0,0.123299,0.367553
2036-12-19,3.0,0.0,39.0,13.1,5789.77,6359.59,0,0.0,0.0,0.0,0.146048,0.298239
2036-12-20,2.3,0.0,43.3,15.8,5716.41,5787.88,0,0.0,0.0,0.0,0.17033,0.412705
2036-12-21,3.7,1.2,50.2,13.2,5846.53,6053.61,0,0.0,0.0,0.0,0.173898,0.390754
2036-12-22,1.5,0.0,31.9,12.1,5624.4,5918.22,0,0.0,0.0,0.0,0.115133,0.313965
2036-12-23,4.3,0.0,36.0,12.9,5935.58,6289.88,0,0.0,0.0,0.0,0.147449,0.338481
2036-12-24,5.1,0.3,27.4,13.8,5792.26,5744.62,0,0.0,0.008293,0.0,0.143907,0.410378
2036-12-25,5.9,0.0,40.4,12.9,5783.0,6328.57,0,0.0,0.0,0.0,0.166245,0.322396
2036-12-26,9.1,0.0,30.3,12.3,5907.04,6101.42,0,0.0,0.0,0.0,0.16377,0.383369
2036-12-27,7.8,11.7,41.6,12.7,5623.16,6097.0,0,0.0,0.0,0.0,0.19375,0.359813
2036-12-28,6.3,0.0,43.7,14.0,5614.28,5889.25,0,0.0,0.0,0.0,0.183557,0.385841
2036-12-29,5.4,0.0,35.6,16.3,5669.28,6162.21,0,0.0,0.0,0.0,0.180184,0.343591
2036-12-30,5.5,0.0,33.2,12.1,5727.97,5865.94,0,0.0,0.0,0.0,0.143935,0.373267
2036-12-31,5.7,0.0,44.6,15.2,5740.04,5741.51,0,0.0,0.0,0.0,0.190549,0.44704
2037-01-01,4.4,0.0,41.6,15.5,5647.17,6081.39,0,0.0,0.0,0.0,0.17867,0.352106
2037-01-02,1.0,0.0,32.5,12.9,5527.82,5632.27,0,0.0,0.0,0.0,0.119135,0.354276
2037-01-03,1.3,0.0,39.1,11.9,5777.86,6597.76,0,0.0,0.0,0.0,0.125771,0.237489
2037-01-04,3.3,0.0,34.3,18.8,5884.59,6203.91,0,0.0,0.0,0.0,0.183195,0.379898
2037-01-05,4.5,0.0,44.1,13.4,5812.41,5600.03,0,0.0,0.037924,0.0,0.167813,0.468876
2037-01-06,7.7,3.8,40.5,17.2,5905.9,5983.36,0,0.0,0.0,0.0,0.216112,0.457789
2037-01-07,11.7,0.0,46.8,14.8,5918.73,5842.04,0,0.0,0.013126,0.0,0.231135,0.50325
2037-01-08,12.5,0.0,34.7,12.6,5695.61,6365.37,0,0.0,0.0,0.0,0.196745,0.330702
2037-01-09,14.5,0.0,40.7,18.0,5742.44,6309.4,0,0.0,0.0,0.0,0.262845,0.414733
2037-01-10,14.9,3.3,40.6,12.1,5629.33,5889.15,0,0.0,0.0,0.0,0.223795,0.429081
2037-01-11,17.1,0.0,41.3,12.7,5782.13,6176.91,0,0.0,0.0,0.0,0.240212,0.422391
2037-01-12,19.1,0.0,37.5,13.4,5805.39,6063.59,0,0.0,0.0,0.0,0.251671,0.458751
2037-01-13,19.0,0.0,29.3,13.5,5656.94,6246.43,0,0.0,0.0,0.0,0.236409,0.383029
2037-01-14,18.5,0.0,44.2,14.8,5616.55,6081.32,0,0.0,0.0,0.0,0.271081,0.438651
2037-01-15,16.2,3.7,42.2,12.4,5466.14,5980.49,0,0.0,0.0,0.0,0.238167,0.394555
2037-01-16,14.8,1.9,37.6,13.9,5498.67,5707.15,0,0.0,0.0,0.0,0.229692,0.443837
2037-01-17,13.1,0.0,39.0,13.6,5495.98,5552.1,0,0.0,0.0,0.0,0.216479,0.461469
2037-01-18,13.7,0.0,35.9,12.0,5638.92,6157.13,0,0.0,0.0,0.0,0.202275,0.360812
2037-01-19,11.5,0.0,32.7,13.2,5475.31,6284.2,0,0.0,0.0,0.0,0.191034,0.297558
2037-01-20,10.9,0.0,47.5,15.1,5580.57,6248.45,0,0.0,0.0,0.0,0.229489,0.361499
2037-01-21,6.0,0.0,45.4,12.3,5341.41,6140.72,0,0.0,0.0,0.0,0.171649,0.276484
2037-01-22,10.4,0.0,36.1,12.1,5917.35,6273.62,0,0.0,0.0,0.0,0.181671,0.372166
2037-01-23,10.0,0.0,55.7,16.0,5600.21,5538.0,0,0.0,0.011234,0.0,0.245877,0.515781
2037-01-24,11.1,0.0,37.7,13.7,5683.89,5652.54,0,0.0,0.005545,0.0,0.20163,0.464895
2037-01-25,14.0,0.0,47.2,22.2,5769.24,6559.12,0,0.0,0.0,0.0,0.304144,0.42035
2037-01-26,14.1,0.0,44.0,13.0,5574.52,5199.34,0,0.0,0.072159,0.0,0.227815,0.568844
2037-01-27,16.5,0.0,37.9,12.3,5738.32,6569.22,0,0.0,0.0,0.0,0.226796,0.335929
2037-01-28,13.0,4.2,47.3,15.0,5348.06,5350.09,0,0.0,0.0,0.0,0.247309,0.503656
2037-01-29,17.6,0.0,43.9,15.3,5895.57,6904.73,0,0.0,0.0,0.0,0.268445,0.354614
2037-01-30,18.7,0.0,41.9,13.5,5679.37,5938.08,0,0.0,0.0,0.0,0.258056,0.463985
2037-01-31,17.8,0.0,52.0,13.1,5534.52,6063.19,0,0.0,0.0,0.0,0.267975,0.422975
2037-02-01,19.6,0.0,48.8,15.9,5735.14,6883.64,0,0.0,0.0,0.0,0.295444,0.357459
2037-02-02,15.9,0.0,49.6,12.5,5307.18,5462.15,0,0.0,0.0,0.0,0.246322,0.469991
2037-02-03,14.8,6.0,46.8,15.0,5457.83,5611.43,0,0.0,0.0,0.0,0.260432,0.485267
2037-02-04,17.4,0.0,48.4,14.7,5738.3,5774.02,0,0.0,0.0,0.0,0.270934,0.520502
2037-02-05,12.9,0.0,46.8,14.4,5246.45,5177.66,0,0.0,0.013287,0.0,0.235958,0.508258
2037-02-06,14.2,0.0,49.8,14.7,5614.85,5778.92,0,0.0,0.0,0.0,0.252467,0.476113
2037-02-07,15.2,0.0,42.7,13.9,5587.81,5671.88,0,0.0,0.0,0.0,0.239573,0.479059
2037-02-08,19.0,0.0,36.1,12.7,5824.92,5657.36,1,1.091,0.029618,0.1882,0.242986,0.534352
2037-02-09,14.9,0.0,55.0,12.7,5241.43,5434.0,0,0.0,0.0,0.0,0.251399,0.466819
2037-02-10,18.1,0.0,48.5,12.8,5765.59,6217.25,0,0.0,0.0,0.0,0.261075,0.433058
2037-02-11,16.4,0.0,51.8,14.6,5407.69,5372.85,0,0.0,0.006484,0.0,0.269946,0.534306
2037-02-12,15.3,0.0,45.8,13.4,5426.24,5642.02,0,0.0,0.0,0.0,0.242186,0.454329
2037-02-13,12.9,0.0,48.4,15.4,5354.0,6096.12,0,0.0,0.0,0.0,0.246674,0.361349
2037-02-14,11.3,15.0,61.3,14.4,5418.93,5205.26,0,0.0,0.041049,0.0,0.270901,0.575611
2037-02-15,13.0,0.0,52.0,11.9,5622.25,6587.56,0,0.0,0.0,0.0,0.227077,0.312801
2037-02-16,11.5,0.0,61.6,12.6,5409.5,5450.27,0,0.0,0.0,0.0,0.240592,0.488649
2037-02-17,14.0,0.0,55.4,14.4,5650.26,6004.29,0,0.0,0.0,0.0,0.259334,0.447291
2037-02-18,13.3,0.0,47.9,14.4,5436.43,6146.36,0,0.0,0.0,0.0,0.240657,0.362607
2037-02-19,11.6,0.0,53.8,12.9,5389.95,6197.43,0,0.0,0.0,0.0,0.22894,0.333626
2037-02-20,11.7,0.0,60.3,15.2,5502.22,5940.19,0,0.0,0.0,0.0,0.259534,0.430251
2037-02-21,13.6,0.0,53.4,13.1,5594.45,5629.39,0,0.0,0.0,0.0,0.242916,0.49246
2037-02-22,13.9,0.0,55.8,13.8,5484.24,5487.98,0,0.0,0.0,0.0,0.254795,0.510789
2037-02-23,14.9,0.0,60.0,13.8,5508.4,5584.31,0,0.0,0.0,0.0,0.269261,0.510182
2037-02-24,17.0,0.0,41.6,12.1,5614.87,6563.92,0,0.0,0.0,0.0,0.235486,0.323486
2037-02-25,19.6,0.0,57.1,12.1,5678.6,5825.46,0,0.0,0.0,0.0,0.281686,0.509046
2037-02-26,18.9,0.0,60.7,13.0,5448.83,5832.37,0,0.0,0.0,0.0,0.290766,0.470787
2037-02-27,16.9,0.0,50.5,14.0,5327.7,5243.76,0,0.0,0.016009,0.0,0.266175,0.541652
2037-02-28,17.6,0.0,59.9,13.6,5512.56,5386.6,0,0.0,0.023384,0.0,0.285327,0.569415
2037-03-01,19.1,0.0,55.0,12.4,4817.07,5065.93,0,0.0,0.0,0.0,0.276767,0.476209
2037-03-02,16.4,0.0,46.9,14.4,4541.85,4676.02,0,0.0,0.0,0.0,0.259215,0.482508
2037-03-03,15.5,11.2,62.4,14.1,4623.09,4780.93,0,0.0,0.0,0.0,0.293696,0.511945
2037-03-04,15.1,0.0,56.0,16.4,4647.52,4446.83,0,0.0,0.04513,0.0,0.283141,0.592617
2037-03-05,16.0,0.0,56.0,12.0,4720.39,4934.55,1,0.5,0.0,0.0236,0.255123,0.461248
2037-03-06,15.6,0.0,59.9,13.3,4641.55,5326.66,0,0.0,0.0,0.0,0.26983,0.37647
2037-03-07,18.2,1.0,52.6,17.4,4850.75,4832.6,0,0.0,0.003755,0.0,0.306136,0.56731
2037-03-08,15.8,0.0,61.3,12.3,4521.27,5002.96,0,0.0,0.0,0.0,0.266057,0.410448
2037-03-09,14.0,0.0,53.2,13.1,4547.51,3782.37,0,0.0,0.202291,0.0,0.245178,0.738123
2037-03-10,15.1,3.3,66.5,12.9,4702.42,4699.85,0,0.0,0.000548,0.0,0.279849,0.537277
2037-03-11,16.4,0.0,64.1,12.8,4724.97,4392.55,0,0.0,0.075679,0.0,0.27912,0.624257
2037-03-12,14.9,0.0,66.5,13.3,4544.98,5126.2,0,0.0,0.0,0.0,0.277591,0.402018
2037-03-13,15.4,0.0,61.4,14.1,4663.54,5154.9,0,0.0,0.0,0.0,0.277497,0.423011
2037-03-14,16.4,1.9,57.8,23.5,4692.85,4621.69,0,0.0,0.015396,0.0,0.352187,0.626951
2037-03-15,17.2,3.0,56.9,11.9,4693.96,5014.2,0,0.0,0.0,0.0,0.267609,0.449841
2037-03-16,19.0,0.0,56.2,11.7,4771.64,5371.48,0,0.0,0.0,0.0,0.272957,0.399382
2037-03-17,18.9,0.0,59.6,13.9,4655.73,5286.59,0,0.0,0.0,0.0,0.295648,0.413129
2037-03-18,23.1,0.0,57.3,11.5,5004.24,5126.52,0,0.0,0.0,0.0,0.300501,0.529446
2037-03-19,24.6,0.0,62.7,11.9,4919.82,4481.18,0,0.0,0.097885,0.0,0.323599,0.69466
2037-03-20,23.2,0.0,57.4,12.0,4679.48,4648.56,0,0.0,0.006652,0.0,0.305206,0.569761
2037-03-21,24.0,0.0,58.6,15.4,4839.68,5315.27,0,0.0,0.0,0.0,0.338963,0.491298
2037-03-22,24.8,0.0,60.2,15.8,4874.47,5762.74,0,0.0,0.0,0.0,0.350323,0.427169
2037-03-23,27.6,0.0,58.5,10.7,5143.65,5383.23,1,0.63,0.0,0.0324,0.326239,0.531074
2037-03-24,26.3,0.0,61.0,10.7,4824.9,4881.69,0,0.0,0.0,0.0,0.322358,0.565567
2037-03-25,28.1,0.0,65.9,12.2,5096.48,6121.69,0,0.0,0.0,0.0,0.354984,0.416267
2037-03-26,28.1,0.0,58.9,14.4,4988.06,5364.96,0,0.0,0.0,0.0,0.358834,0.533611
2037-03-27,31.1,0.0,57.6,12.2,5323.82,5178.22,0,0.0,0.028118,0.0,0.359195,0.64881
2037-03-28,33.1,0.0,63.1,15.4,5372.09,5600.45,0,0.0,0.0,0.0,0.407382,0.616571
2037-03-29,32.6,0.0,58.6,11.0,5183.25,5768.93,0,0.0,0.0,0.0,0.361698,0.49997
2037-03-30,31.4,8.4,73.4,11.5,5067.01,5297.9,0,0.0,0.0,0.0,0.395645,0.601558
2037-03-31,32.0,0.0,61.4,12.2,5207.97,5729.0,0,0.0,0.0,0.0,0.372253,0.522872
2037-04-01,31.2,0.0,65.4,11.2,5071.99,4812.74,0,0.0,0.053869,0.0,0.366763,0.686438
2037-04-02,34.3,0.0,67.7,16.0,5480.41,5259.25,0,0.0,0.04205,0.0,0.428546,0.734427
2037-04-03,33.6,11.8,62.4,11.1,6243.62,6266.75,0,0.0,0.0,0.0,0.390583,0.643064
2037-04-04,32.2,0.0,61.8,12.1,5075.08,5238.61,0,0.0,0.0,0.0,0.373549,0.593897
2037-04-05,31.0,0.0,63.2,10.8,5021.79,5378.53,0,0.0,0.0,0.0,0.358234,0.537594
2037-04-06,28.6,0.0,70.5,10.8,4818.82,5253.07,0,0.0,0.0,0.0,0.356102,0.516388
2037-04-07,30.3,5.9,77.5,10.3,5149.98,6207.6,0,0.0,0.0,0.0,0.383773,0.441667
2037-04-08,28.9,0.0,76.4,13.2,4888.9,4905.87,0,0.0,0.0,0.0,0.38766,0.640412
2037-04-09,31.7,0.0,73.8,12.6,5287.23,5447.0,0,0.0,0.0,0.0,0.396612,0.61916
2037-04-10,29.2,0.0,61.5,12.7,4828.74,4853.99,0,0.0,0.0,0.0,0.357842,0.608559
2037-04-11,30.1,2.1,64.1,10.5,5077.11,5676.21,0,0.0,0.0,0.0,0.354236,0.487812
2037-04-12,33.0,0.0,75.2,10.7,5346.33,5995.58,0,0.0,0.0,0.0,0.393145,0.523519
2037-04-13,28.7,0.0,76.1,12.0,4681.47,4783.51,0,0.0,0.0,0.0,0.37652,0.608407
2037-04-14,33.7,0.0,72.7,9.8,5509.12,6501.55,1,0.992,0.0,0.0546,0.386127,0.464719
2037-04-15,32.8,0.0,73.0,10.6,5094.56,5121.76,0,0.0,0.0,0.0,0.38693,0.63752
2037-04-16,33.3,3.2,67.9,11.8,5201.32,5798.88,0,0.0,0.0,0.0,0.393827,0.530319
2037-04-17,34.6,1.9,78.5,9.9,5318.44,6071.72,0,0.0,0.0,0.0,0.406024,0.517982
2037-04-18,36.0,0.0,66.1,15.9,5397.06,5203.96,0,0.0,0.037107,0.0,0.43598,0.736088
2037-04-19,36.3,0.0,61.9,11.4,5336.89,5797.95,0,0.0,0.0,0.0,0.39536,0.559317
2037-04-20,38.0,6.3,75.7,10.4,5518.32,4846.86,0,0.0,0.138534,0.0,0.432411,0.850927
2037-04-21,38.5,0.0,67.5,9.9,5460.73,6017.32,0,0.0,0.0,0.0,0.408787,0.557595
2037-04-22,41.4,0.0,64.1,11.6,5777.07,5664.99,0,0.0,0.019785,0.0,0.434644,0.714531
2037-04-23,41.3,0.0,75.2,9.5,5569.32,6046.9,0,0.0,0.0,0.0,0.438594,0.603183
2037-04-24,44.2,0.0,61.9,11.5,5923.28,6501.18,0,0.0,0.0,0.0,0.448203,0.601221
2037-04-25,44.4,0.0,73.5,9.0,5752.61,6446.2,0,0.0,0.0,0.0,0.451981,0.583162
2037-04-26,39.2,0.0,69.2,10.0,5110.87,5653.05,0,0.0,0.0,0.0,0.41736,0.562185
2037-04-27,43.9,0.0,79.6,11.8,6019.47,6341.64,0,0.0,0.0,0.0,0.481728,0.679211
2037-04-28,41.4,0.0,74.1,9.1,5392.65,5533.02,0,0.0,0.0,0.0,0.434104,0.661278
2037-04-29,43.5,0.0,77.4,9.0,5816.77,6080.35,0,0.0,0.0,0.0,0.453362,0.659546
2037-04-30,42.4,0.0,66.8,9.9,5529.64,5417.34,0,0.0,0.020729,0.0,0.433181,0.714171
2037-05-01,43.5,4.4,65.0,10.0,5744.21,5954.82,0,0.0,0.0,0.0,0.443196,0.658697
2037-05-02,41.0,0.0,70.7,11.9,5358.98,5528.78,0,0.0,0.0,0.0,0.446697,0.667634
2037-05-03,41.7,0.0,75.7,10.9,5601.82,5603.74,0,0.0,0.0,0.0,0.45297,0.70936
2037-05-04,40.5,0.0,73.2,9.3,5411.58,5088.54,0,0.0,0.063485,0.0,0.428027,0.758928
2037-05-05,43.2,0.0,78.7,9.2,5818.77,5641.61,0,0.0,0.031403,0.0,0.455365,0.748814
2037-05-06,43.2,2.7,76.5,10.9,5628.71,4793.09,0,0.0,0.174339,0.0,0.467651,0.927964
2037-05-07,44.2,0.0,68.0,8.1,5750.66,5926.65,0,0.0,0.0,0.0,0.433406,0.65553
2037-05-08,38.9,0.0,75.7,8.3,5042.13,5408.75,0,0.0,0.0,0.0,0.414453,0.592113
2037-05-09,38.8,0.0,74.4,8.6,5374.57,4734.98,0,0.0,0.135076,0.0,0.413671,0.828151
2037-05-10,39.7,0.0,80.0,7.7,5489.39,5845.72,0,0.0,0.0,0.0,0.423159,0.608789
2037-05-11,40.2,0.0,69.2,11.2,5478.1,5709.74,0,0.0,0.0,0.0,0.43321,0.642639
2037-05-12,42.0,0.0,70.6,7.7,5668.88,5532.06,0,0.0,0.024733,0.0,0.420694,0.706356
2037-05-13,40.9,0.0,76.0,9.9,5408.17,5531.67,0,0.0,0.0,0.0,0.440544,0.671271
2037-05-14,40.8,0.0,81.2,8.3,5472.4,6108.29,0,0.0,0.0,0.0,0.437289,0.572549
2037-05-15,43.1,0.0,73.2,8.5,5748.54,5683.15,0,0.0,0.011505,0.0,0.438992,0.709214
2037-05-16,38.0,0.0,77.3,12.5,4991.72,5266.11,0,0.0,0.0,0.0,0.443928,0.639891
2037-05-17,39.7,0.0,74.6,8.2,5518.47,5914.9,0,0.0,0.0,0.0,0.416892,0.59544
2037-05-18,39.3,0.0,74.3,8.0,5353.24,5343.61,0,0.0,0.001802,0.0,0.412149,0.671043
2037-05-19,37.8,0.0,80.3,8.2,5203.96,5794.72,0,0.0,0.0,0.0,0.415056,0.552832
2037-05-20,39.1,0.0,75.2,8.1,5454.32,5865.8,0,0.0,0.0,0.0,0.41329,0.588188
2037-05-21,42.0,0.0,72.5,8.5,5712.9,5907.88,0,0.0,0.0,0.0,0.430429,0.648691
2037-05-22,44.0,0.0,72.2,7.9,5760.14,6905.74,0,0.0,0.0,0.0,0.43842,0.501549
2037-05-23,43.2,0.0,73.3,11.4,5533.08,6162.7,0,0.0,0.0,0.0,0.462215,0.599736
2037-05-24,44.6,0.0,71.4,8.1,5756.16,5432.5,0,0.0,0.059578,0.0,0.442418,0.76876
2037-05-25,45.8,0.0,73.7,7.2,5801.65,5949.5,0,0.0,0.0,0.0,0.447695,0.675474
2037-05-26,44.8,0.0,75.2,6.7,5601.68,6752.25,0,0.0,0.0,0.0,0.440058,0.497925
2037-05-27,42.9,2.3,76.9,6.8,5428.92,5364.44,0,0.0,0.01202,0.0,0.4343,0.705122
2037-05-28,41.4,0.0,70.0,9.4,5382.63,5674.26,0,0.0,0.0,0.0,0.428731,0.625522
2037-05-29,43.3,0.0,72.9,8.9,5699.14,6426.08,0,0.0,0.0,0.0,0.442834,0.567564
2037-05-30,43.0,1.3,73.5,8.3,5540.99,6045.75,0,0.0,0.0,0.0,0.438938,0.598262
2037-05-31,40.8,0.0,71.2,9.3,5292.9,5823.13,0,0.0,0.0,0.0,0.426255,0.576746
2037-06-01,37.7,0.0,72.1,9.2,6145.06,6737.86,1,0.741,0.0,0.0455,0.406738,0.560819
2037-06-02,40.3,0.0,79.5,8.6,6756.3,7104.92,0,0.0,0.0,0.0,0.43312,0.632629
2037-06-03,39.7,0.0,81.8,6.2,6456.53,6457.07,0,0.0,0.0,0.0,0.41496,0.671652
2037-06-04,41.0,2.4,74.0,6.1,6689.65,7207.37,0,0.0,0.0,0.0,0.41106,0.583993
2037-06-05,43.8,3.6,72.3,7.3,7003.94,7176.42,0,0.0,0.0,0.0,0.437052,0.665784
2037-06-06,41.0,1.6,74.9,9.9,6363.89,6489.1,0,0.0,0.0,0.0,0.441092,0.675356
2037-06-07,41.2,44.6,86.4,7.2,6624.22,7574.1,1,0.783,0.0,0.0519,0.495604,0.605988
2037-06-08,41.2,10.0,80.8,7.3,6599.23,6770.79,0,0.0,0.0,0.0,0.44366,0.67087
2037-06-09,42.3,0.0,72.8,8.5,6759.94,7824.54,0,0.0,0.0,0.0,0.432969,0.530923
2037-06-10,44.9,5.4,73.4,5.5,7056.32,7523.28,1,0.5,0.0,0.0353,0.434672,0.619003
2037-06-11,41.9,0.0,86.9,7.1,6399.56,6655.37,0,0.0,0.0,0.0,0.445967,0.657886
2037-06-12,43.2,0.0,68.1,6.8,6840.16,6398.93,0,0.0,0.068954,0.0,0.416971,0.754258
2037-06-13,45.3,0.0,79.0,7.1,7032.91,8323.8,0,0.0,0.0,0.0,0.453565,0.529309
2037-06-14,44.4,0.0,81.9,11.5,6742.49,7077.08,0,0.0,0.0,0.0,0.487021,0.688619
2037-06-15,43.9,2.4,73.7,6.4,6729.54,6103.29,1,3.818,0.102608,2.6366,0.431927,0.808502
2037-06-16,44.6,0.0,76.5,8.2,6874.83,7646.37,0,0.0,0.0,0.0,0.452752,0.591748
2037-06-17,44.9,13.1,69.1,6.4,6873.78,7195.73,0,0.0,0.0,0.0,0.442949,0.647507
2037-06-18,45.7,6.5,75.8,5.9,6959.7,6899.34,1,1.255,0.008749,0.0874,0.448873,0.715876
2037-06-19,46.3,0.0,79.8,6.5,6983.44,7742.3,0,0.0,0.0,0.0,0.457027,0.599394
2037-06-20,43.7,0.8,74.6,9.5,7859.28,6990.28,1,1.403,0.124316,1.3705,0.454264,0.85618
2037-06-21,45.5,9.9,76.4,8.6,7033.94,7069.19,0,0.0,0.0,0.0,0.473662,0.724631
2037-06-22,47.4,0.0,82.3,6.2,7160.57,7383.53,0,0.0,0.0,0.0,0.46665,0.688188
2037-06-23,46.8,0.0,77.6,5.4,6929.27,7647.75,0,0.0,0.0,0.0,0.44771,0.594827
2037-06-24,43.1,0.6,77.0,8.3,6419.35,7646.32,0,0.0,0.0,0.0,0.445306,0.514768
2037-06-25,42.8,17.5,73.5,8.1,8020.46,8297.8,0,0.0,0.0,0.0,0.455843,0.673615
2037-06-26,43.2,4.3,61.9,6.4,6764.42,7298.65,1,0.5,0.0,0.0338,0.407506,0.578847
2037-06-27,40.8,0.0,74.8,5.2,6387.66,7813.06,0,0.0,0.0,0.0,0.401369,0.44518
2037-06-28,40.5,0.0,72.8,8.3,6529.68,6858.11,0,0.0,0.0,0.0,0.419561,0.620445
2037-06-29,38.1,65.5,92.8,19.8,6216.17,6777.44,0,0.0,0.0,0.0,0.609894,0.770006
2037-06-30,40.2,0.0,73.1,6.5,6707.21,6519.72,0,0.0,0.028757,0.0,0.404258,0.694619
2037-07-01,41.0,0.0,72.5,10.2,6656.98,7811.48,0,0.0,0.0,0.0,0.436955,0.521209
2037-07-02,38.0,0.0,72.2,6.5,6165.76,6197.1,0,0.0,0.0,0.0,0.388069,0.638955
2037-07-03,39.5,0.0,66.4,7.9,6624.12,7067.4,0,0.0,0.0,0.0,0.397884,0.581452
2037-07-04,40.0,0.0,62.5,9.3,6566.85,6994.58,0,0.0,0.0,0.0,0.404669,0.59007
2037-07-05,41.4,0.0,67.1,5.6,6745.31,7118.84,0,0.0,0.0,0.0,0.393973,0.589509
2037-07-06,40.8,0.0,65.8,5.1,6537.1,6685.09,0,0.0,0.0,0.0,0.383722,0.614669
2037-07-07,39.4,110.0,98.4,19.1,6392.9,6945.93,0,0.0,0.0,0.0,0.677856,0.841698
2037-07-08,38.3,5.8,64.2,11.9,6349.49,7369.93,0,0.0,0.0,0.0,0.42379,0.518942
2037-07-09,37.9,2.7,69.0,6.0,6376.76,7611.93,0,0.0,0.0,0.0,0.380846,0.448204
2037-07-10,38.7,0.0,80.1,5.0,6521.88,6776.01,0,0.0,0.0,0.0,0.395921,0.608928
2037-07-11,39.5,1.2,70.2,5.1,6584.1,6726.86,0,0.0,0.0,0.0,0.384868,0.616883
2037-07-12,39.5,0.0,70.3,5.6,6517.49,6511.29,0,0.0,0.000953,0.0,0.387449,0.645351
2037-07-13,39.0,37.7,79.3,5.9,6449.05,7862.85,0,0.0,0.0,0.0,0.449341,0.496223
2037-07-14,38.7,0.0,70.7,7.2,6449.48,6824.31,0,0.0,0.0,0.0,0.395272,0.587942
2037-07-15,44.2,14.6,70.4,6.7,7280.61,8156.09,0,0.0,0.0,0.0,0.444917,0.576397
2037-07-16,41.9,0.0,68.3,9.3,6511.28,7122.63,0,0.0,0.0,0.0,0.428068,0.584657
2037-07-17,40.5,11.7,69.1,6.0,6490.5,7718.05,0,0.0,0.0,0.0,0.409152,0.480268
2037-07-18,47.1,0.0,61.2,6.9,7586.88,7847.83,1,0.537,0.0,0.0407,0.430512,0.648484
2037-07-19,46.6,0.0,74.2,9.6,6968.52,6830.92,0,0.0,0.020143,0.0,0.472424,0.75273
2037-07-20,42.5,11.1,66.5,6.2,6415.91,7488.3,0,0.0,0.0,0.0,0.418271,0.507879
2037-07-21,43.7,0.0,75.8,4.2,6918.8,7658.48,0,0.0,0.0,0.0,0.414643,0.558682
2037-07-22,41.1,0.0,63.8,5.6,6447.63,6955.36,0,0.0,0.0,0.0,0.385808,0.55738
2037-07-23,42.6,0.0,60.5,5.8,6880.26,7889.71,0,0.0,0.0,0.0,0.39105,0.498477
2037-07-24,41.5,0.0,76.7,4.8,6604.93,7148.78,0,0.0,0.0,0.0,0.406459,0.574438
2037-07-25,40.2,0.0,59.4,4.4,6500.29,7468.21,0,0.0,0.0,0.0,0.362366,0.467854
2037-07-26,43.2,0.0,55.2,4.5,7049.86,7511.87,0,0.0,0.0,0.0,0.375037,0.560027
2037-07-27,43.4,0.0,59.0,9.6,6848.83,7580.44,0,0.0,0.0,0.0,0.422832,0.566953
2037-07-28,44.4,0.0,65.2,7.1,6978.32,7558.65,0,0.0,0.0,0.0,0.421758,0.588918
2037-07-29,44.1,0.0,58.9,4.4,6854.89,7057.16,0,0.0,0.0,0.0,0.387135,0.610465
2037-07-30,42.0,14.9,66.2,5.3,6581.07,6824.96,0,0.0,0.0,0.0,0.412105,0.627178
2037-07-31,42.4,153.2,84.9,15.0,6811.07,7122.71,0,0.0,0.0,0.0,0.69339,0.899103
2037-08-01,43.9,0.0,70.2,5.5,7002.53,7469.78,0,0.0,0.0,0.0,0.415492,0.599259
2037-08-02,42.9,0.0,66.5,4.3,6738.53,6881.95,0,0.0,0.0,0.0,0.392704,0.625165
2037-08-03,45.4,0.0,57.8,8.6,7195.36,7752.73,0,0.0,0.0,0.0,0.426049,0.598911
2037-08-04,45.4,0.0,52.2,10.0,7000.57,7527.85,0,0.0,0.0,0.0,0.426351,0.601372
2037-08-05,44.1,0.0,59.0,10.2,6809.63,7238.13,0,0.0,0.0,0.0,0.432076,0.619755
2037-08-06,43.1,7.1,68.2,4.7,6771.3,7204.79,1,0.5,0.0,0.0339,0.408959,0.59551
2037-08-07,42.0,0.0,68.3,4.4,6697.46,6793.45,0,0.0,0.0,0.0,0.390918,0.631213
2037-08-08,38.4,10.5,64.0,5.4,6260.24,6462.05,0,0.0,0.0,0.0,0.379654,0.599986
2037-08-09,37.7,0.0,59.7,5.4,6454.71,6098.1,0,0.0,0.058479,0.0,0.354167,0.679225
2037-08-10,37.7,0.0,59.0,4.9,6515.15,6791.7,0,0.0,0.0,0.0,0.348996,0.558251
2037-08-11,36.4,8.5,65.2,5.6,7598.83,7506.84,0,0.0,0.012254,0.0,0.367824,0.638919
2037-08-12,36.8,0.0,65.7,4.4,6495.95,6861.61,0,0.0,0.0,0.0,0.351768,0.546346
2037-08-13,36.5,0.0,60.2,4.7,6421.1,6453.13,0,0.0,0.0,0.0,0.341793,0.592789
2037-08-14,37.6,13.9,62.2,6.3,6617.72,6093.65,0,0.0,0.086003,0.0,0.382099,0.739289
2037-08-15,38.3,0.0,64.2,6.3,6629.1,7901.25,0,0.0,0.0,0.0,0.373503,0.442334
2037-08-16,37.8,0.0,67.4,8.1,6509.28,6739.84,0,0.0,0.0,0.0,0.390096,0.606951
2037-08-17,34.2,0.0,58.2,4.3,6052.34,6906.71,0,0.0,0.0,0.0,0.319797,0.432178
2037-08-18,37.7,45.6,71.1,6.1,6819.9,6934.47,0,0.0,0.0,0.0,0.43658,0.674082
2037-08-19,36.5,36.7,64.4,7.2,6389.68,7392.75,0,0.0,0.0,0.0,0.413736,0.51213
2037-08-20,35.6,0.0,59.0,10.0,6360.13,6216.66,0,0.0,0.023078,0.0,0.374506,0.658238
2037-08-21,34.4,1.3,54.0,5.4,6255.45,6637.6,0,0.0,0.0,0.0,0.323314,0.512893
2037-08-22,33.0,12.1,68.1,5.8,6164.33,6048.36,0,0.0,0.019175,0.0,0.356787,0.63596
2037-08-23,35.9,0.0,62.0,5.5,6685.37,8115.01,0,0.0,0.0,0.0,0.347386,0.398512
2037-08-24,37.9,0.0,65.9,6.1,6750.91,6982.44,0,0.0,0.0,0.0,0.372511,0.590591
2037-08-25,37.5,0.0,54.1,8.5,6549.16,7218.44,0,0.0,0.0,0.0,0.366268,0.514819
2037-08-26,36.0,0.0,66.9,8.0,6373.38,6872.97,0,0.0,0.0,0.0,0.376523,0.548456
2037-08-27,36.2,0.5,57.6,5.2,6522.13,6837.75,0,0.0,0.0,0.0,0.339409,0.542314
2037-08-28,35.3,6.3,56.8,6.0,6375.88,6902.64,0,0.0,0.0,0.0,0.345226,0.512928
2037-08-29,33.9,0.0,61.8,5.6,6261.46,7110.69,1,0.5,0.0,0.0313,0.3346,0.451967
2037-08-30,33.8,4.5,51.2,5.6,6356.63,6942.06,0,0.0,0.0,0.0,0.319557,0.477899
2037-08-31,32.1,6.1,56.5,7.3,6132.35,6501.73,0,0.0,0.0,0.0,0.333358,0.523825
2037-09-01,32.1,0.0,53.7,5.8,5336.0,5777.38,1,1.239,0.0,0.0661,0.309091,0.476694
2037-09-02,31.9,16.2,60.3,7.4,5320.48,6228.4,0,0.0,0.0,0.0,0.35226,0.438877
2037-09-03,32.5,0.0,51.6,5.9,5407.68,5536.06,0,0.0,0.0,0.0,0.308562,0.53828
2037-09-04,30.5,0.0,50.8,5.7,5136.0,4792.94,0,0.0,0.071576,0.0,0.292336,0.632684
2037-09-05,31.5,0.0,51.2,6.3,5384.72,5281.99,0,0.0,0.019451,0.0,0.304307,0.583802
2037-09-06,28.9,5.1,52.6,13.3,5029.9,4957.5,1,0.5,0.014604,0.0367,0.35003,0.623869
2037-09-07,27.5,30.9,60.5,5.5,5027.73,4999.97,0,0.0,0.005551,0.0,0.326908,0.590179
2037-09-08,26.4,0.0,58.5,5.7,4991.99,4975.24,0,0.0,0.003366,0.0,0.279749,0.540469
2037-09-09,24.4,0.0,41.0,5.1,4833.46,5067.95,0,0.0,0.0,0.0,0.229124,0.431899
2037-09-10,26.9,0.0,55.2,5.9,5247.24,5591.39,0,0.0,0.0,0.0,0.278401,0.463337
2037-09-11,24.9,8.7,50.9,5.2,4867.92,5183.9,0,0.0,0.0,0.0,0.262369,0.448001
2037-09-12,23.7,0.0,49.8,5.2,4862.5,4881.92,0,0.0,0.0,0.0,0.241782,0.493928
2037-09-13,26.6,28.9,52.2,7.4,5271.66,5865.33,0,0.0,0.0,0.0,0.317633,0.456262
2037-09-14,25.3,6.1,51.8,8.2,4943.27,5356.88,0,0.0,0.0,0.0,0.286669,0.453323
2037-09-15,24.9,5.8,49.2,11.8,4985.38,5731.31,0,0.0,0.0,0.0,0.306569,0.411422
2037-09-16,22.8,26.6,54.9,5.9,4781.64,5275.8,0,0.0,0.0,0.0,0.283268,0.430713
2037-09-17,24.8,12.8,55.2,5.9,5134.95,5278.62,0,0.0,0.0,0.0,0.280176,0.505192
2037-09-18,26.4,0.4,52.0,9.6,5201.33,5889.19,0,0.0,0.0,0.0,0.298142,0.418579
2037-09-19,27.4,0.0,55.5,7.2,5225.0,5576.31,0,0.0,0.0,0.0,0.29229,0.475533
2037-09-20,27.7,0.0,45.1,6.1,5206.06,5728.09,0,0.0,0.0,0.0,0.266279,0.416678
2037-09-21,27.0,5.2,52.5,8.7,5107.25,5594.42,0,0.0,0.0,0.0,0.301947,0.457078
2037-09-22,25.1,46.0,62.1,7.2,4942.52,5150.94,0,0.0,0.0,0.0,0.34563,0.555184
2037-09-23,23.0,0.0,47.6,7.2,4818.44,5090.71,0,0.0,0.0,0.0,0.248475,0.442828
2037-09-24,25.5,1.4,55.6,11.0,5232.13,5450.43,0,0.0,0.0,0.0,0.310983,0.521016
2037-09-25,26.3,18.1,47.8,8.2,5184.85,5165.49,0,0.0,0.00375,0.0,0.300402,0.561567
2037-09-26,24.0,0.0,46.9,8.3,4874.85,4459.93,0,0.0,0.093034,0.0,0.262242,0.627639
2037-09-27,23.6,0.0,47.4,9.0,4968.65,4999.9,0,0.0,0.0,0.0,0.265944,0.515438
2037-09-28,22.5,0.0,39.6,7.5,4875.31,5180.24,0,0.0,0.0,0.0,0.232494,0.420566
2037-09-29,19.9,95.7,75.5,28.8,4734.15,5076.5,0,0.0,0.0,0.0,0.563786,0.741849
2037-09-30,20.4,35.0,53.2,11.6,4926.11,5419.45,0,0.0,0.0,0.0,0.318492,0.469012
2037-10-01,19.5,0.0,46.9,7.7,4838.92,4995.63,0,0.0,0.0,0.0,0.227951,0.44812
2037-10-02,17.7,0.0,52.3,8.4,4759.98,4794.01,0,0.0,0.0,0.0,0.231613,0.480116
2037-10-03,15.1,0.0,45.2,6.9,4682.57,4863.63,0,0.0,0.0,0.0,0.189589,0.40292
2037-10-04,12.9,0.0,44.0,7.1,4719.16,4665.24,0,0.0,0.011557,0.0,0.174381,0.444664
2037-10-05,13.3,10.3,46.4,7.7,4886.59,4479.72,0,0.0,0.090824,0.0,0.198714,0.561533
2037-10-06,14.3,0.0,38.2,7.8,4904.6,4672.39,0,0.0,0.049697,0.0,0.178135,0.492943
2037-10-07,13.4,3.9,42.0,6.7,4809.5,5466.52,0,0.0,0.0,0.0,0.175599,0.292079
2037-10-08,15.6,0.0,41.9,12.3,4995.66,5829.98,0,0.0,0.0,0.0,0.228364,0.318089
2037-10-09,15.9,0.0,42.9,9.8,4890.36,5367.17,0,0.0,0.0,0.0,0.212926,0.366006
2037-10-10,17.4,0.0,49.1,8.7,4984.8,5215.78,0,0.0,0.0,0.0,0.22595,0.431042
2037-10-11,17.0,0.0,46.5,7.4,4873.11,4689.11,0,0.0,0.039239,0.0,0.208408,0.511007
2037-10-12,15.5,0.0,38.7,9.0,4784.29,4974.94,0,0.0,0.0,0.0,0.196242,0.408295
2037-10-13,16.0,5.5,42.6,8.1,4916.78,5352.14,0,0.0,0.0,0.0,0.206616,0.368446
2037-10-14,13.5,0.0,48.1,9.6,4749.74,5235.56,0,0.0,0.0,0.0,0.205314,0.353778
2037-10-15,15.2,0.0,32.3,7.4,4979.3,5444.34,0,0.0,0.0,0.0,0.169919,0.326993
2037-10-16,13.4,0.0,39.5,11.5,4800.34,5406.15,0,0.0,0.0,0.0,0.20319,0.329162
2037-10-17,15.7,0.0,33.9,8.5,5034.98,5903.04,0,0.0,0.0,0.0,0.184702,0.269822
2037-10-18,15.0,0.0,52.4,11.4,4850.25,4969.0,0,0.0,0.0,0.0,0.237152,0.466043
2037-10-19,17.1,0.0,43.8,16.5,5056.19,6202.61,0,0.0,0.0,0.0,0.274221,0.315242
2037-10-20,14.5,2.9,38.0,8.0,4746.81,4380.09,1,1.891,0.083724,0.7513,0.18416,0.53869
2037-10-21,13.1,0.0,39.3,8.8,4845.97,4850.65,0,0.0,0.0,0.0,0.180004,0.435668
2037-10-22,14.1,0.0,35.2,7.9,4978.3,5289.94,0,0.0,0.0,0.0,0.171964,0.35998
2037-10-23,16.5,0.0,49.0,8.4,5072.06,5501.1,0,0.0,0.0,0.0,0.217516,0.383258
2037-10-24,19.3,0.0,27.4,9.6,5144.99,5343.37,0,0.0,0.0,0.0,0.204731,0.41818
2037-10-25,18.3,0.0,40.3,8.0,4906.08,4998.15,0,0.0,0.0,0.0,0.209981,0.445266
2037-10-26,21.0,0.0,38.1,12.9,5170.15,6146.08,1,0.5,0.0,0.0259,0.261462,0.332881
2037-10-27,18.8,0.0,33.1,8.9,4857.42,4933.96,0,0.0,0.0,0.0,0.206721,0.445401
2037-10-28,19.8,0.0,36.8,10.5,5061.52,4989.54,0,0.0,0.014426,0.0,0.232596,0.506227
2037-10-29,16.5,0.0,29.8,13.5,4761.5,5506.78,0,0.0,0.0,0.0,0.220868,0.319663
2037-10-30,16.6,0.0,45.6,8.4,4961.77,5475.3,0,0.0,0.0,0.0,0.2118,0.359099
2037-10-31,11.0,0.0,37.7,10.9,4646.89,5199.71,1,0.868,0.0,0.0403,0.179366,0.312041
2037-11-01,9.0,0.0,42.0,11.5,4877.18,5181.22,0,0.0,0.0,0.0,0.178876,0.367161
2037-11-02,10.5,0.0,34.8,8.6,5080.4,4894.01,0,0.0,0.038084,0.0,0.152886,0.454137
2037-11-03,8.1,0.0,43.8,8.8,4869.47,5138.9,0,0.0,0.0,0.0,0.155485,0.351069
2037-11-04,9.6,2.3,37.7,10.4,5096.76,4865.56,0,0.0,0.047518,0.0,0.169086,0.481348
2037-11-05,11.7,0.0,42.2,13.6,5116.3,5450.21,1,0.5,0.0,0.0256,0.213251,0.398519
2037-11-06,10.6,0.0,39.5,12.2,4932.48,5382.15,0,0.0,0.0,0.0,0.190135,0.34939
2037-11-07,8.7,0.0,36.3,9.3,4907.43,5485.28,0,0.0,0.0,0.0,0.149235,0.283044
2037-11-08,8.1,4.5,42.5,11.9,4996.94,5217.7,0,0.0,0.0,0.0,0.182458,0.389855
2037-11-09,6.7,0.0,57.2,14.0,4955.48,5436.81,0,0.0,0.0,0.0,0.211506,0.364944
2037-11-10,7.2,0.0,30.5,9.7,5075.64,5040.4,0,0.0,0.006991,0.0,0.13156,0.396512
2037-11-11,8.0,0.0,35.4,9.9,5087.03,5651.17,0,0.0,0.0,0.0,0.147564,0.287816
2037-11-12,7.7,0.0,29.5,9.1,5032.22,5497.7,0,0.0,0.0,0.0,0.128351,0.286299
2037-11-13,11.5,0.0,37.9,9.6,5236.19,5234.01,0,0.0,0.000416,0.0,0.173006,0.430282
2037-11-14,9.7,0.0,36.9,10.9,4921.3,5331.79,1,2.125,0.0,0.1046,0.169297,0.33621
2037-11-15,12.4,0.0,45.4,10.0,5170.9,5784.44,0,0.0,0.0,0.0,0.196087,0.329054
2037-11-16,9.7,3.0,35.0,9.4,4872.73,5140.51,0,0.0,0.0,0.0,0.157821,0.353799
2037-11-17,9.7,0.0,40.2,10.1,5040.83,5031.67,0,0.0,0.001822,0.0,0.169312,0.428227
2037-11-18,11.9,0.0,25.0,16.9,5152.56,5467.89,0,0.0,0.0,0.0,0.207782,0.397249
2037-11-19,13.6,0.0,36.1,14.6,5101.77,5534.43,0,0.0,0.0,0.0,0.222053,0.38758
2037-11-20,11.8,0.0,30.9,11.9,4915.63,4904.37,0,0.0,0.002296,0.0,0.179605,0.439075
2037-11-21,12.2,3.8,39.1,11.8,5051.34,4983.24,0,0.0,0.013666,0.0,0.201482,0.474225
2037-11-22,12.3,0.0,40.9,14.6,5028.9,5445.6,0,0.0,0.0,0.0,0.222484,0.389944
2037-11-23,10.4,0.0,32.1,12.1,4931.5,5433.87,0,0.0,0.0,0.0,0.174171,0.323033
2037-11-24,11.2,0.0,37.8,11.6,5085.36,6028.37,0,0.0,0.0,0.0,0.186273,0.260448
2037-11-25,14.3,1.5,33.7,12.6,5191.89,5669.24,0,0.0,0.0,0.0,0.208565,0.36706
2037-11-26,14.0,0.0,35.3,10.6,4994.19,4863.48,0,0.0,0.026876,0.0,0.192325,0.48049
2037-11-27,13.9,0.0,37.1,11.8,5010.66,5905.1,0,0.0,0.0,0.0,0.2043,0.284265
2037-11-28,14.0,0.0,30.0,12.1,5023.8,5608.89,0,0.0,0.0,0.0,0.193962,0.328975
2037-11-29,9.8,0.0,30.0,11.4,4807.05,4440.12,0,0.0,0.08264,0.0,0.160877,0.514141
2037-11-30,10.3,0.0,39.3,12.0,5084.39,5008.59,0,0.0,0.015134,0.0,0.18624,0.460697
2037-12-01,7.7,0.0,31.6,11.3,5526.86,5632.05,0,0.0,0.0,0.0,0.149264,0.38425
2037-12-02,6.5,0.7,41.6,10.7,5632.28,6211.28,0,0.0,0.0,0.0,0.156328,0.304296
2037-12-03,11.0,0.0,26.2,11.2,5973.85,5377.03,0,0.0,0.110995,0.0,0.160118,0.546483
2037-12-04,9.7,0.0,39.7,12.4,5602.85,5840.95,1,0.592,0.0,0.0332,0.186121,0.395323
2037-12-05,7.8,0.0,35.1,12.2,5571.47,6124.2,0,0.0,0.0,0.0,0.16343,0.314858
2037-12-06,10.0,0.0,34.6,12.5,5832.43,5082.68,0,0.0,0.147512,0.0,0.179308,0.608302
2037-12-07,7.5,0.0,35.9,11.8,5544.02,6082.04,0,0.0,0.0,0.0,0.159866,0.313387
2037-12-08,6.5,0.0,28.0,10.7,5656.79,6248.59,0,0.0,0.0,0.0,0.129974,0.2762
2037-12-09,9.1,0.0,40.9,13.2,5874.42,5854.81,0,0.0,0.00335,0.0,0.190589,0.451289
2037-12-10,8.8,2.9,33.9,12.2,5677.78,5549.13,0,0.0,0.023182,0.0,0.171309,0.455164
2037-12-11,5.3,0.0,31.2,13.3,5496.59,5472.82,0,0.0,0.004343,0.0,0.148126,0.409986
2037-12-12,6.7,0.0,46.3,12.7,5821.73,5132.78,0,0.0,0.134227,0.0,0.181037,0.594522
2037-12-13,6.0,0.0,33.8,11.8,5679.14,5846.39,0,0.0,0.0,0.0,0.146041,0.369435
2037-12-14,9.3,0.0,31.3,12.6,5918.07,6295.84,0,0.0,0.0,0.0,0.169278,0.35602
2037-12-15,7.6,0.0,39.7,19.2,5599.78,5449.6,0,0.0,0.027557,0.0,0.224749,0.51371
2037-12-16,9.6,0.0,37.1,14.9,5826.64,6474.79,0,0.0,0.0,0.0,0.199877,0.339806
2037-12-17,12.6,0.0,40.9,13.2,5862.51,6193.51,0,0.0,0.0,0.0,0.213659,0.408059
2037-12-18,9.8,0.0,36.4,21.7,5498.94,5863.97,0,0.0,0.0,0.0,0.252352,0.436472
2037-12-19,8.8,0.0,40.9,11.9,5637.63,5776.74,0,0.0,0.0,0.0,0.178581,0.407259
2037-12-20,9.2,0.0,46.5,12.4,5725.48,6279.78,0,0.0,0.0,0.0,0.195576,0.349322
2037-12-21,7.1,0.0,32.5,13.0,5570.2,6301.6,0,0.0,0.0,0.0,0.160114,0.281409
2037-12-22,7.6,0.0,34.2,11.8,5749.75,5889.62,0,0.0,0.0,0.0,0.157337,0.386403
2037-12-23,7.1,0.0,28.6,18.3,5678.67,6234.87,0,0.0,0.0,0.0,0.193696,0.346344
2037-12-24,6.6,0.0,38.6,18.8,5688.87,6250.0,0,0.0,0.0,0.0,0.213009,0.364989
2037-12-25,6.8,0.0,37.5,14.4,5733.91,6171.55,0,0.0,0.0,0.0,0.178314,0.352321
2037-12-26,7.0,0.0,43.3,11.5,5732.23,6624.48,0,0.0,0.0,0.0,0.16813,0.267683
2037-12-27,7.4,0.9,37.2,11.7,5737.07,5761.34,0,0.0,0.0,0.0,0.161971,0.413843
2037-12-28,6.2,0.0,36.9,13.8,5638.85,5771.03,0,0.0,0.0,0.0,0.168604,0.398656
2037-12-29,5.3,0.0,38.5,16.8,5670.7,5676.67,0,0.0,0.0,0.0,0.18882,0.444382
2037-12-30,5.5,0.0,36.5,12.7,5740.75,6290.01,0,0.0,0.0,0.0,0.154753,0.309602
2037-12-31,5.8,0.0,39.7,14.1,5745.28,5933.91,0,0.0,0.0,0.0,0.173532,0.393212
2038-01-01,5.3,0.0,39.1,16.4,5690.83,5725.93,0,0.0,0.0,0.0,0.186859,0.436493
2038-01-02,6.5,0.0,40.9,12.4,5789.47,6685.56,0,0.0,0.0,0.0,0.167279,0.267598
2038-01-03,3.1,0.0,37.2,16.1,5510.0,6413.63,0,0.0,0.0,0.0,0.16648,0.258792
2038-01-04,2.6,0.0,41.3,13.0,5713.0,5880.35,0,0.0,0.0,0.0,0.146953,0.37052
2038-01-05,3.1,0.0,41.9,13.2,5778.31,5569.45,0,0.0,0.037502,0.0,0.152916,0.453485
2038-01-06,2.4,0.0,37.3,14.0,5696.34,6649.92,0,0.0,0.0,0.0,0.14585,0.235238
2038-01-07,6.8,4.9,40.0,12.3,6005.34,6483.7,0,0.0,0.0,0.0,0.172776,0.343436
2038-01-08,7.2,0.0,38.5,14.5,5717.73,6155.17,0,0.0,0.0,0.0,0.183597,0.357421
2038-01-09,7.8,0.0,33.5,12.7,5728.22,6052.52,0,0.0,0.0,0.0,0.164288,0.358527
2038-01-10,7.0,0.0,37.4,12.5,5637.08,5634.71,0,0.0,0.00042,0.0,0.164784,0.422065
2038-01-11,7.3,0.0,43.9,13.1,5709.05,5845.85,0,0.0,0.0,0.0,0.183578,0.413049
2038-01-12,5.2,0.0,44.5,12.3,5559.16,6074.47,0,0.0,0.0,0.0,0.164689,0.322446
2038-01-13,5.6,7.8,44.2,12.5,5729.16,5854.08,0,0.0,0.0,0.0,0.177823,0.409702
2038-01-14,4.5,0.0,35.7,15.4,5626.03,6060.79,0,0.0,0.0,0.0,0.167495,0.340543
2038-01-15,4.9,0.0,45.9,14.5,5729.67,6020.97,0,0.0,0.0,0.0,0.182312,0.382622
2038-01-16,0.7,13.4,53.9,13.5,5440.66,5350.44,0,0.0,0.016864,0.0,0.178261,0.454736
2038-01-17,0.2,8.7,46.6,12.6,5707.11,6575.34,0,0.0,0.0,0.0,0.148599,0.251241
2038-01-18,5.1,0.0,41.8,14.9,6025.75,6552.55,0,0.0,0.0,0.0,0.179029,0.341964
2038-01-19,7.7,0.0,37.7,16.3,5842.77,6256.61,0,0.0,0.0,0.0,0.199281,0.378854
2038-01-20,10.8,2.8,42.9,23.1,7005.25,7600.47,0,0.0,0.0,0.0,0.28535,0.450717
2038-01-21,13.5,0.0,40.1,16.7,5771.94,5408.59,0,0.0,0.067181,0.0,0.245098,0.580314
2038-01-22,14.3,7.4,43.7,13.2,5630.68,5737.27,0,0.0,0.0,0.0,0.239143,0.474244
2038-01-23,12.7,0.0,49.6,12.5,5487.67,5234.03,0,0.0,0.04846,0.0,0.22523,0.538592
2038-01-24,10.2,0.0,47.8,13.7,5456.75,5772.45,0,0.0,0.0,0.0,0.214635,0.407579
2038-01-25,12.7,0.0,42.0,16.4,5754.64,6160.53,0,0.0,0.0,0.0,0.241072,0.420947
2038-01-26,12.6,0.0,44.4,13.2,5576.78,5905.28,0,0.0,0.0,0.0,0.220222,0.412072
2038-01-27,17.3,0.0,44.2,12.3,5911.51,6646.03,0,0.0,0.0,0.0,0.243881,0.37165
2038-01-28,15.5,0.0,42.4,14.6,5439.76,5198.6,0,0.0,0.04639,0.0,0.246389,0.557334
2038-01-29,18.7,0.0,38.1,13.3,5825.53,5823.47,0,0.0,0.000353,0.0,0.249388,0.506591
2038-01-30,17.1,1.4,49.6,12.7,5474.13,5890.73,0,0.0,0.0,0.0,0.257483,0.431713
2038-01-31,18.8,0.0,51.3,16.8,5720.45,6101.59,0,0.0,0.0,0.0,0.301803,0.48567
2038-02-01,21.0,0.0,42.7,12.7,5779.95,5589.95,0,0.0,0.033989,0.0,0.268543,0.565012
2038-02-02,17.3,0.0,42.8,13.2,5331.21,5999.65,0,0.0,0.0,0.0,0.248201,0.374927
2038-02-03,15.5,0.0,50.9,13.0,5419.98,6217.92,0,0.0,0.0,0.0,0.249981,0.356959
2038-02-04,13.0,0.0,43.3,12.3,5382.85,5796.32,1,0.5,0.0,0.0269,0.213851,0.387366
2038-02-05,10.6,0.0,40.0,13.5,5413.59,5169.6,0,0.0,0.047199,0.0,0.201104,0.512992
2038-02-06,12.6,0.0,45.1,12.2,5677.39,6018.39,0,0.0,0.0,0.0,0.213818,0.404463
2038-02-07,12.5,0.0,54.4,12.5,5535.9,5931.39,0,0.0,0.0,0.0,0.232911,0.411862
2038-02-08,12.9,9.8,47.8,12.6,5566.48,5749.47,0,0.0,0.0,0.0,0.235901,0.455536
2038-02-09,14.4,0.0,45.0,12.3,5608.55,6365.02,0,0.0,0.0,0.0,0.226267,0.344314
2038-02-10,10.7,0.0,46.2,14.4,5305.19,5531.7,0,0.0,0.0,0.0,0.220332,0.42932
2038-02-11,14.2,0.0,43.1,13.9,5735.17,6782.33,1,4.256,0.0,0.2441,0.233732,0.310281
2038-02-12,13.7,0.0,42.6,14.6,5477.78,6021.92,0,0.0,0.0,0.0,0.2349,0.386204
2038-02-13,15.1,0.0,48.2,15.6,5587.85,5964.43,0,0.0,0.0,0.0,0.262344,0.445427
2038-02-14,16.5,0.0,42.9,15.8,5602.42,6207.41,0,0.0,0.0,0.0,0.263177,0.406189
2038-02-15,19.2,0.0,48.2,16.1,5726.18,6564.76,0,0.0,0.0,0.0,0.293226,0.400893
2038-02-16,18.4,0.0,51.9,13.6,5482.7,6067.38,0,0.0,0.0,0.0,0.2756,0.419894
2038-02-17,13.8,0.0,52.8,13.5,5180.5,5414.77,0,0.0,0.0,0.0,0.246196,0.452478
2038-02-18,14.5,2.6,51.2,14.5,5523.2,5569.73,0,0.0,0.0,0.0,0.258698,0.505735
2038-02-19,15.5,0.0,45.6,16.4,5533.12,5418.62,0,0.0,0.02113,0.0,0.266278,0.547736
2038-02-20,13.8,4.7,51.0,13.4,5361.32,4805.0,0,0.0,0.115779,0.0,0.247784,0.639735
2038-02-21,14.9,0.0,54.0,13.1,5527.1,5864.12,0,0.0,0.0,0.0,0.25261,0.442308
2038-02-22,14.8,0.0,55.7,13.9,5445.87,5585.16,0,0.0,0.0,0.0,0.261311,0.488987
2038-02-23,12.8,23.6,57.5,13.4,5336.51,5491.0,0,0.0,0.0,0.0,0.27644,0.500385
2038-02-24,15.3,0.0,49.8,11.8,5610.8,6255.02,0,0.0,0.0,0.0,0.237341,0.373897
2038-02-25,14.9,0.0,54.0,13.1,5409.69,5641.98,0,0.0,0.0,0.0,0.25261,0.461336
2038-02-26,15.0,0.0,52.2,13.4,5432.95,6353.24,0,0.0,0.0,0.0,0.252209,0.339897
2038-02-27,14.9,0.5,49.3,14.0,5426.39,5501.78,0,0.0,0.0,0.0,0.251352,0.492145
2038-02-28,18.4,0.0,56.2,14.0,5703.85,5640.14,0,0.0,0.011296,0.0,0.286749,0.556726
2038-03-01,18.6,5.9,56.6,13.5,4744.17,4605.49,0,0.0,0.030111,0.0,0.292158,0.584101
2038-03-02,19.1,0.0,49.8,14.8,4761.27,5216.13,0,0.0,0.0,0.0,0.285536,0.440526
2038-03-03,18.6,0.0,52.5,18.2,4687.21,5261.6,0,0.0,0.0,0.0,0.313537,0.442886
2038-03-04,20.0,0.0,55.1,13.0,4815.96,4876.41,1,0.5,0.0,0.0241,0.287517,0.529835
2038-03-05,22.9,0.0,48.8,13.8,4977.86,4893.08,0,0.0,0.017326,0.0,0.300992,0.578009
2038-03-06,24.0,0.6,53.2,16.4,4919.8,5640.09,0,0.0,0.0,0.0,0.337286,0.444988
2038-03-07,24.9,6.4,61.8,12.9,4960.35,4755.11,0,0.0,0.043161,0.0,0.339414,0.646591
2038-03-08,25.6,0.0,55.0,13.1,4975.68,5541.13,0,0.0,0.0,0.0,0.325012,0.462673
2038-03-09,22.2,0.0,53.8,11.4,4560.6,4624.58,0,0.0,0.0,0.0,0.287235,0.527874
2038-03-10,20.6,0.8,63.7,12.5,4625.15,4972.12,0,0.0,0.0,0.0,0.304715,0.48004
2038-03-11,20.7,0.0,60.2,13.3,4720.79,5277.12,0,0.0,0.0,0.0,0.304008,0.437727
2038-03-12,19.8,0.0,62.2,13.2,4646.56,5018.31,0,0.0,0.0,0.0,0.301054,0.471364
2038-03-13,18.5,6.1,56.7,12.7,4598.3,4742.68,0,0.0,0.0,0.0,0.285758,0.507009
2038-03-14,15.8,0.0,58.0,12.2,4483.21,5101.69,0,0.0,0.0,0.0,0.259098,0.374363
2038-03-15,14.8,0.0,59.7,13.1,4562.68,4873.91,0,0.0,0.0,0.0,0.262638,0.444882
2038-03-16,16.3,0.0,61.2,15.4,4713.45,6042.63,0,0.0,0.0,0.0,0.293085,0.293085
2038-03-17,17.9,0.0,71.9,12.1,4740.11,4467.91,0,0.0,0.060923,0.0,0.298231,0.626143
2038-03-18,17.8,0.0,61.2,11.4,4636.99,4366.4,0,0.0,0.061972,0.0,0.272108,0.601243
2038-03-19,19.5,0.0,66.5,15.0,4761.25,5297.55,0,0.0,0.0,0.0,0.321028,0.459636
2038-03-20,19.9,0.0,72.9,13.0,4688.18,4913.21,0,0.0,0.0,0.0,0.320233,0.523555
2038-03-21,23.4,0.0,70.3,11.1,4960.35,5456.06,0,0.0,0.0,0.0,0.323767,0.474493
2038-03-22,23.7,0.0,62.9,13.5,4791.26,4699.27,1,1.757,0.019574,0.1647,0.330388,0.61003
2038-03-23,25.7,0.4,68.2,13.9,4992.76,5259.43,0,0.0,0.0,0.0,0.357082,0.554681
2038-03-24,26.4,0.0,63.4,10.9,4947.18,5337.07,0,0.0,0.0,0.0,0.32906,0.500568
2038-03-25,23.8,0.0,62.8,13.1,4615.73,4688.41,0,0.0,0.0,0.0,0.327773,0.566466
2038-03-26,24.4,0.0,67.5,14.2,4828.03,5139.95,0,0.0,0.0,0.0,0.349028,0.534974
2038-03-27,22.7,0.0,68.1,11.0,4599.54,4434.98,0,0.0,0.037104,0.0,0.314256,0.614362
2038-03-28,23.6,0.0,66.5,11.4,4795.2,5154.23,0,0.0,0.0,0.0,0.320275,0.495747
2038-03-29,23.1,0.0,63.4,14.5,4684.68,5345.52,0,0.0,0.0,0.0,0.335087,0.447557
2038-03-30,25.1,0.0,62.2,13.8,4923.58,4785.88,0,0.0,0.028772,0.0,0.340618,0.630997
2038-03-31,23.2,0.0,58.8,11.5,4602.48,4456.25,0,0.0,0.032814,0.0,0.303973,0.599071
2038-04-01,24.5,0.0,66.0,12.8,4847.14,5452.86,0,0.0,0.0,0.0,0.336072,0.463184
2038-04-02,26.8,0.0,66.7,11.2,5017.1,4852.11,0,0.0,0.034003,0.0,0.340199,0.636685
2038-04-03,29.3,0.0,69.9,14.3,5164.29,5695.99,0,0.0,0.0,0.0,0.386597,0.534414
2038-04-04,28.0,0.0,58.8,10.3,4863.88,5124.03,0,0.0,0.0,0.0,0.326352,0.523872
2038-04-05,28.6,0.0,66.9,10.2,5003.46,5121.93,0,0.0,0.0,0.0,0.344722,0.57451
2038-04-06,29.5,0.0,65.6,11.9,5062.82,5783.72,0,0.0,0.0,0.0,0.361334,0.472616
2038-04-07,32.9,0.0,66.6,11.5,5403.89,5990.07,0,0.0,0.0,0.0,0.382534,0.525084
2038-04-08,29.7,0.0,73.4,20.8,4818.51,5144.34,0,0.0,0.0,0.0,0.44595,0.6288
2038-04-09,28.3,9.5,76.2,12.1,4853.02,4437.52,0,0.0,0.093635,0.0,0.386434,0.752532
2038-04-10,34.7,0.0,72.8,10.1,5672.84,6211.03,0,0.0,0.0,0.0,0.39522,0.550854
2038-04-11,33.7,0.0,68.4,10.5,5152.04,5062.06,0,0.0,0.017775,0.0,0.383466,0.661007
2038-04-12,29.8,0.0,67.3,10.2,4760.12,4931.73,0,0.0,0.0,0.0,0.353382,0.56955
2038-04-13,29.3,0.0,74.5,10.0,4939.54,5188.8,0,0.0,0.0,0.0,0.362043,0.562753
2038-04-14,24.6,0.0,77.3,11.4,4446.03,5199.76,0,0.0,0.0,0.0,0.347116,0.434686
2038-04-15,26.9,0.0,77.0,10.6,4971.88,5141.15,0,0.0,0.0,0.0,0.355541,0.573895
2038-04-16,29.9,0.0,71.7,10.2,5172.89,4967.86,0,0.0,0.04127,0.0,0.362291,0.667261
2038-04-17,28.9,0.0,69.7,14.4,4875.12,5570.25,0,0.0,0.0,0.0,0.384357,0.495463
2038-04-18,29.1,0.0,73.2,10.9,4948.91,5422.63,1,1.105,0.0,0.0547,0.365232,0.520038
2038-04-19,32.1,0.0,73.7,8.9,5276.06,5793.47,0,0.0,0.0,0.0,0.370511,0.523041
2038-04-20,29.1,0.0,68.2,12.9,4756.23,5440.03,0,0.0,0.0,0.0,0.371289,0.481339
2038-04-21,27.7,0.0,69.4,17.6,4769.69,5525.98,0,0.0,0.0,0.0,0.400576,0.497594
2038-04-22,28.8,2.0,86.3,9.3,4974.13,4943.39,0,0.0,0.006218,0.0,0.377911,0.64196
2038-04-23,28.7,0.0,68.8,13.2,4891.65,4707.56,0,0.0,0.039104,0.0,0.372092,0.674533
2038-04-24,29.6,1.1,75.6,9.0,4994.38,5509.18,0,0.0,0.0,0.0,0.359709,0.507412
2038-04-25,28.4,0.0,68.7,8.6,4803.9,4964.66,0,0.0,0.0,0.0,0.334433,0.553421
2038-04-26,30.4,0.0,70.8,9.0,5101.79,5301.67,0,0.0,0.0,0.0,0.35464,0.567417
2038-04-27,31.4,0.0,67.0,9.9,5084.34,4979.27,0,0.0,0.021101,0.0,0.361051,0.642475
2038-04-28,33.6,0.0,67.2,11.3,5276.32,5734.23,0,0.0,0.0,0.0,0.386729,0.550295
2038-04-29,34.7,0.0,75.1,9.0,5264.06,5660.62,0,0.0,0.0,0.0,0.391045,0.566052
2038-04-30,35.7,0.0,74.7,9.0,5303.28,5516.49,0,0.0,0.0,0.0,0.396887,0.608557
2038-05-01,33.2,21.2,86.8,9.8,4951.03,4765.54,0,0.0,0.038924,0.0,0.435135,0.737364
2038-05-02,35.1,0.0,72.6,9.4,5325.35,5997.28,0,0.0,0.0,0.0,0.392081,0.518076
2038-05-03,35.0,0.0,73.5,13.9,5191.95,5535.18,0,0.0,0.0,0.0,0.427831,0.612232
2038-05-04,35.3,5.9,74.1,10.3,5229.13,5858.85,0,0.0,0.0,0.0,0.410355,0.541671
2038-05-05,38.1,0.0,68.1,9.3,5530.42,5074.21,0,0.0,0.089906,0.0,0.402646,0.764394
2038-05-06,36.7,0.0,76.1,12.5,5194.02,5472.32,0,0.0,0.0,0.0,0.433109,0.63053
2038-05-07,39.9,0.0,72.4,9.1,5650.32,5677.64,0,0.0,0.0,0.0,0.421029,0.672202
2038-05-08,42.6,0.0,66.2,12.3,5772.56,6074.33,0,0.0,0.0,0.0,0.451892,0.650686
2038-05-09,43.4,0.0,79.1,11.2,5688.84,6311.32,0,0.0,0.0,0.0,0.472865,0.614515
2038-05-10,40.7,0.0,70.8,10.8,5299.96,5688.48,0,0.0,0.0,0.0,0.43642,0.613477
2038-05-11,36.1,0.0,75.5,8.0,4939.11,5191.71,0,0.0,0.0,0.0,0.393307,0.593298
2038-05-12,39.0,0.0,75.7,8.8,5570.64,5853.66,0,0.0,0.0,0.0,0.41897,0.619317
2038-05-13,39.4,0.0,75.1,9.2,5429.28,5167.24,0,0.0,0.050713,0.0,0.423568,0.739559
2038-05-14,38.1,0.0,69.1,8.4,5241.93,5204.64,0,0.0,0.007165,0.0,0.397576,0.66273
2038-05-15,40.9,0.0,81.2,8.8,5660.72,6343.63,0,0.0,0.0,0.0,0.441806,0.572922
2038-05-16,39.1,0.0,70.7,9.3,5260.23,5355.71,0,0.0,0.0,0.0,0.414112,0.65009
2038-05-17,38.6,0.0,62.1,7.1,5312.33,5959.62,0,0.0,0.0,0.0,0.377716,0.507711
2038-05-18,40.1,0.0,78.7,8.6,5523.43,6087.16,0,0.0,0.0,0.0,0.430302,0.578979
2038-05-19,38.0,0.0,78.6,11.3,5179.0,5724.81,0,0.0,0.0,0.0,0.437106,0.582595
2038-05-20,38.4,0.0,68.7,11.7,5355.55,5735.65,0,0.0,0.0,0.0,0.424267,0.603694
2038-05-21,41.2,0.0,74.7,6.9,5658.64,5786.14,0,0.0,0.0,0.0,0.416935,0.648001
2038-05-22,41.6,0.0,80.1,11.6,5529.6,5753.42,0,0.0,0.0,0.0,0.465962,0.677338
2038-05-23,44.1,0.0,81.9,7.1,5798.99,6322.89,1,0.5,0.0,0.029,0.451093,0.611155
2038-05-24,45.9,0.0,77.9,9.6,5850.62,5359.68,0,0.0,0.0916,0.0,0.474748,0.83847
2038-05-25,45.1,0.0,79.0,8.7,5629.11,6351.65,0,0.0,0.0,0.0,0.464593,0.588584
2038-05-26,39.7,0.0,78.5,13.7,5042.46,5135.71,0,0.0,0.0,0.0,0.466642,0.702235
2038-05-27,38.0,0.0,74.3,6.7,5180.26,5411.11,0,0.0,0.0,0.0,0.39355,0.600536
2038-05-28,40.3,0.0,69.5,18.0,5570.1,5821.35,0,0.0,0.0,0.0,0.486901,0.693306
2038-05-29,37.6,0.0,73.7,9.6,5094.32,5336.25,0,0.0,0.0,0.0,0.412165,0.616028
2038-05-30,37.9,0.0,80.6,8.6,5301.72,5128.04,0,0.0,0.033869,0.0,0.419364,0.715692
2038-05-31,39.4,0.0,80.6,6.9,5466.15,5791.7,0,0.0,0.0,0.0,0.416133,0.607304
2038-06-01,43.0,13.1,79.3,6.8,7012.09,7625.26,0,0.0,0.0,0.0,0.452636,0.615552
2038-06-02,41.7,12.0,76.3,10.6,6541.38,6025.91,0,0.0,0.085541,0.0,0.466422,0.823074
2038-06-03,40.6,0.0,83.7,8.3,6478.08,6271.11,0,0.0,0.033004,0.0,0.440658,0.735977
2038-06-04,40.9,0.0,75.6,6.0,6608.99,7312.44,0,0.0,0.0,0.0,0.409701,0.554188
2038-06-05,42.0,0.0,78.1,7.4,6740.22,7378.63,0,0.0,0.0,0.0,0.432441,0.588226
2038-06-06,41.8,0.0,68.9,10.8,6629.98,7086.26,0,0.0,0.0,0.0,0.440108,0.62173
2038-06-07,44.1,6.8,76.3,6.0,6979.6,7028.63,0,0.0,0.0,0.0,0.440402,0.689048
2038-06-08,42.3,0.0,80.3,8.7,6523.56,7143.84,0,0.0,0.0,0.0,0.448575,0.604003
2038-06-09,42.6,0.0,67.9,8.4,6721.74,6548.44,0,0.0,0.026465,0.0,0.424987,0.712671
2038-06-10,43.6,0.0,74.5,9.8,6833.67,7116.23,1,5.075,0.0,0.3468,0.454756,0.665193
2038-06-11,42.7,0.0,76.7,7.4,6621.73,6407.79,0,0.0,0.033388,0.0,0.43443,0.730197
2038-06-12,44.4,0.0,81.7,6.3,6951.21,7227.82,0,0.0,0.0,0.0,0.446523,0.658636
2038-06-13,44.4,40.3,89.5,9.4,6810.7,6709.12,1,6.443,0.01514,0.6644,0.534238,0.808703
2038-06-14,45.7,82.4,100.0,19.5,7002.08,7839.3,0,0.0,0.0,0.0,0.691793,0.823907
2038-06-15,45.6,0.0,78.5,6.0,6875.4,7406.81,1,1.074,0.0,0.0739,0.446118,0.619151
2038-06-16,45.8,24.7,84.9,7.3,6922.09,7019.37,0,0.0,0.0,0.0,0.499603,0.740214
2038-06-17,44.0,0.0,69.4,10.5,6633.71,7421.06,0,0.0,0.0,0.0,0.453231,0.586164
2038-06-18,42.6,23.2,75.0,5.2,6570.86,6503.52,1,0.794,0.010354,0.054,0.441915,0.710793
2038-06-19,45.1,0.0,82.4,6.5,7062.84,7400.28,0,0.0,0.0,0.0,0.453993,0.657551
2038-06-20,46.0,0.0,71.6,7.0,6984.67,7063.36,0,0.0,0.0,0.0,0.443533,0.687317
2038-06-21,43.3,0.0,71.0,8.5,6523.27,7154.52,0,0.0,0.0,0.0,0.436185,0.589974
2038-06-22,43.6,0.0,62.1,6.1,6780.19,7394.05,0,0.0,0.0,0.0,0.402957,0.562828
2038-06-23,38.7,0.0,78.8,5.9,6054.02,6853.29,0,0.0,0.0,0.0,0.400428,0.521069
2038-06-24,38.4,0.0,67.8,5.8,6392.41,6745.45,0,0.0,0.0,0.0,0.377054,0.572745
2038-06-25,41.2,0.0,69.1,6.1,6824.44,5893.21,0,0.0,0.158017,0.0,0.400262,0.841522
2038-06-26,41.3,0.0,78.5,8.0,6612.88,6764.02,0,0.0,0.0,0.0,0.433207,0.663912
2038-06-27,41.8,0.0,61.9,5.9,6684.36,7677.73,0,0.0,0.0,0.0,0.389174,0.494922
2038-06-28,36.0,0.0,79.6,5.8,5815.4,5987.1,0,0.0,0.0,0.0,0.38336,0.606671
2038-06-29,36.5,26.3,75.0,5.1,6341.49,5892.48,0,0.0,0.0762,0.0,0.404718,0.750465
2038-06-30,38.4,0.8,71.9,5.4,6570.41,7084.92,0,0.0,0.0,0.0,0.382632,0.554645
2038-07-01,40.1,0.0,68.4,7.0,6674.48,7228.57,0,0.0,0.0,0.0,0.398644,0.565949
2038-07-02,42.5,4.8,66.6,7.0,6886.23,6915.06,1,0.5,0.0,0.0344,0.416945,0.668868
2038-07-03,42.1,0.0,68.1,6.2,6632.5,6861.02,0,0.0,0.0,0.0,0.405091,0.622998
2038-07-04,41.8,6.9,69.3,6.2,6627.7,6605.3,0,0.0,0.003391,0.0,0.413783,0.674532
2038-07-05,39.2,35.6,74.3,5.1,6279.79,6800.52,0,0.0,0.0,0.0,0.43255,0.59995
2038-07-06,39.3,0.0,79.0,7.5,6505.64,6854.12,0,0.0,0.0,0.0,0.417104,0.61454
2038-07-07,37.3,21.5,71.7,5.8,6209.54,6063.97,0,0.0,0.024007,0.0,0.403349,0.688163
2038-07-08,34.5,0.0,61.5,6.7,5974.37,6269.49,0,0.0,0.0,0.0,0.34648,0.548318
2038-07-09,33.8,0.0,60.4,9.0,6087.94,6111.19,0,0.0,0.0,0.0,0.357551,0.6099
2038-07-10,38.4,0.0,72.7,7.3,6798.79,7764.54,1,0.5,0.0,0.034,0.397816,0.509405
2038-07-11,38.4,5.7,63.0,6.5,6451.6,7137.43,0,0.0,0.0,0.0,0.38041,0.525025
2038-07-12,39.4,4.8,70.4,6.0,6593.61,6872.49,0,0.0,0.0,0.0,0.39592,0.605338
2038-07-13,38.8,0.0,79.7,5.3,6422.32,6776.23,0,0.0,0.0,0.0,0.398145,0.593964
2038-07-14,35.6,33.4,78.8,5.3,6033.12,6720.1,0,0.0,0.0,0.0,0.416117,0.553566
2038-07-15,38.6,0.0,71.0,5.1,6696.52,6958.11,0,0.0,0.0,0.0,0.378971,0.591873
2038-07-16,34.7,0.0,66.5,8.4,5921.43,6500.42,0,0.0,0.0,0.0,0.370291,0.523101
2038-07-17,34.7,20.5,73.9,4.9,6228.77,7119.96,0,0.0,0.0,0.0,0.382172,0.492841
2038-07-18,35.8,0.0,67.5,5.4,6374.34,6495.93,0,0.0,0.0,0.0,0.356268,0.591207
2038-07-19,37.1,0.0,69.9,6.0,6489.16,7486.59,0,0.0,0.0,0.0,0.373966,0.475224
2038-07-20,36.3,0.0,76.4,10.9,6268.15,7116.68,0,0.0,0.0,0.0,0.418689,0.536288
2038-07-21,33.3,1.1,66.0,4.5,5924.09,6313.06,0,0.0,0.0,0.0,0.331375,0.516237
2038-07-22,33.0,0.0,63.6,4.6,6105.65,6240.18,0,0.0,0.0,0.0,0.324327,0.555949
2038-07-23,32.8,63.2,82.7,21.7,6106.48,6567.66,0,0.0,0.0,0.0,0.567876,0.742691
2038-07-24,32.6,0.0,71.8,6.8,6092.93,6303.73,0,0.0,0.0,0.0,0.354041,0.571792
2038-07-25,35.8,0.0,65.1,6.2,6570.61,6570.97,0,0.0,0.0,0.0,0.357941,0.614667
2038-07-26,34.0,0.0,67.8,7.4,6072.56,6579.82,0,0.0,0.0,0.0,0.360398,0.527189
2038-07-27,35.6,0.0,68.7,4.8,6433.17,6340.0,0,0.0,0.014695,0.0,0.35257,0.626516
2038-07-28,36.5,0.0,76.7,7.5,6447.47,6632.33,0,0.0,0.0,0.0,0.394336,0.618588
2038-07-29,38.8,0.0,70.2,6.7,6710.75,6908.71,0,0.0,0.0,0.0,0.391135,0.614475
2038-07-30,38.4,3.0,61.7,5.3,6478.42,6245.13,0,0.0,0.037357,0.0,0.365419,0.665818
2038-07-31,39.9,0.0,54.1,5.8,6729.41,7345.04,0,0.0,0.0,0.0,0.361254,0.520197
2038-08-01,39.1,28.6,72.6,4.7,6502.83,6734.42,0,0.0,0.0,0.0,0.417076,0.63372
2038-08-02,39.7,0.0,60.9,7.3,6649.74,7526.36,0,0.0,0.0,0.0,0.38426,0.505079
2038-08-03,36.2,10.9,64.4,4.5,6114.49,6325.97,0,0.0,0.0,0.0,0.359447,0.57721
2038-08-04,31.1,9.7,61.3,4.6,5680.37,5818.88,0,0.0,0.0,0.0,0.319326,0.548328
2038-08-05,33.0,0.0,61.0,5.2,6326.86,6282.62,0,0.0,0.007042,0.0,0.324082,0.589092
2038-08-06,34.6,22.6,66.2,4.1,6411.48,6747.82,0,0.0,0.0,0.0,0.363464,0.562066
2038-08-07,35.9,0.0,62.3,6.0,6480.55,6822.81,0,0.0,0.0,0.0,0.351807,0.550035
2038-08-08,34.9,6.6,60.8,6.4,6243.5,6847.45,0,0.0,0.0,0.0,0.353542,0.507366
2038-08-09,38.1,27.0,65.4,8.7,6780.68,7148.34,0,0.0,0.0,0.0,0.425896,0.622643
2038-08-10,36.6,0.0,64.6,5.5,6333.01,7485.09,0,0.0,0.0,0.0,0.356875,0.433982
2038-08-11,37.2,0.0,61.6,6.2,6530.63,7044.86,0,0.0,0.0,0.0,0.360606,0.532183
2038-08-12,38.0,0.0,61.3,5.9,6601.7,6521.36,0,0.0,0.012321,0.0,0.363002,0.634174
2038-08-13,40.8,2.1,61.2,7.9,6955.87,6834.12,0,0.0,0.017815,0.0,0.399265,0.676852
2038-08-14,38.9,34.8,64.8,10.5,6465.32,7006.42,0,0.0,0.0,0.0,0.45345,0.620083
2038-08-15,36.7,48.6,79.6,6.3,6300.27,6211.1,0,0.0,0.014358,0.0,0.451129,0.724679
2038-08-16,33.2,8.5,72.2,5.6,5983.61,6507.03,0,0.0,0.0,0.0,0.359857,0.522742
2038-08-17,36.4,0.0,65.8,6.4,6711.03,7425.26,0,0.0,0.0,0.0,0.364751,0.50925
2038-08-18,36.7,23.1,56.2,6.0,6507.44,7209.88,0,0.0,0.0,0.0,0.373827,0.51688
2038-08-19,36.9,0.0,55.6,4.7,6522.87,6491.83,0,0.0,0.004782,0.0,0.335805,0.598177
2038-08-20,42.3,0.0,62.1,5.4,7308.74,8098.47,0,0.0,0.0,0.0,0.388987,0.531937
2038-08-21,41.1,10.9,57.2,6.9,6693.24,7163.93,0,0.0,0.0,0.0,0.396763,0.576851
2038-08-22,36.7,0.0,54.4,7.8,6175.13,6247.41,0,0.0,0.0,0.0,0.356156,0.59944
2038-08-23,35.4,23.3,56.6,11.7,6328.98,6581.88,0,0.0,0.0,0.0,0.410234,0.622168
2038-08-24,32.7,0.0,55.4,4.7,6059.66,6542.55,0,0.0,0.0,0.0,0.307746,0.478373
2038-08-25,31.7,0.3,52.8,7.0,6122.61,6169.21,0,0.0,0.0,0.0,0.314393,0.562365
2038-08-26,30.8,0.0,44.6,4.8,6080.46,6500.12,0,0.0,0.0,0.0,0.275744,0.457164
2038-08-27,29.7,12.5,65.1,10.2,5996.7,6842.67,0,0.0,0.0,0.0,0.363849,0.476311
2038-08-28,27.1,3.2,58.7,6.1,5734.45,6369.46,0,0.0,0.0,0.0,0.291729,0.432134
2038-08-29,30.9,9.0,51.1,7.6,6453.67,6809.68,1,0.5,0.0,0.0323,0.321177,0.516935
2038-08-30,31.3,7.2,61.3,4.7,6233.19,6636.79,0,0.0,0.0,0.0,0.318366,0.504163
2038-08-31,30.6,0.0,55.5,7.0,6104.03,6202.32,1,0.586,0.0,0.0358,0.311839,0.550129
2038-09-01,31.9,4.5,61.4,9.4,5408.27,5504.95,0,0.0,0.0,0.0,0.355479,0.591767
2038-09-02,32.3,0.0,57.8,8.6,5378.71,5126.76,0,0.0,0.049146,0.0,0.339702,0.653863
2038-09-03,32.1,0.0,49.9,6.8,5339.72,5691.18,0,0.0,0.0,0.0,0.309683,0.49438
2038-09-04,32.8,2.0,57.3,5.5,5432.75,5937.99,0,0.0,0.0,0.0,0.320581,0.478041
2038-09-05,32.2,6.9,58.4,7.6,5321.13,5563.44,0,0.0,0.0,0.0,0.340871,0.546816
2038-09-06,32.6,46.3,69.6,7.1,5422.4,5393.81,0,0.0,0.005299,0.0,0.408721,0.671699
2038-09-07,33.2,0.0,57.4,9.4,5459.67,5755.4,0,0.0,0.0,0.0,0.351057,0.547862
2038-09-08,32.3,6.9,64.2,5.6,5329.65,6046.65,0,0.0,0.0,0.0,0.336973,0.455335
2038-09-09,30.8,0.0,56.5,7.5,5210.28,5765.56,0,0.0,0.0,0.0,0.31889,0.463248
2038-09-10,33.1,1.9,48.0,8.1,5580.07,5848.71,0,0.0,0.0,0.0,0.32506,0.528229
2038-09-11,30.8,12.6,55.1,5.2,5169.76,6095.09,0,0.0,0.0,0.0,0.313891,0.393451
2038-09-12,30.6,40.4,55.6,6.2,5298.6,6464.39,0,0.0,0.0,0.0,0.355146,0.401406
2038-09-13,30.5,0.0,56.4,8.1,5298.18,5402.83,0,0.0,0.0,0.0,0.321355,0.555533
2038-09-14,28.3,0.0,45.8,6.1,5052.84,5227.21,0,0.0,0.0,0.0,0.271547,0.489395
2038-09-15,26.0,0.0,60.9,9.9,4934.25,5396.49,0,0.0,0.0,0.0,0.31402,0.470815
2038-09-16,25.1,6.8,49.6,10.2,4968.21,4930.87,0,0.0,0.007574,0.0,0.297512,0.563142
2038-09-17,24.0,5.4,50.2,6.8,4904.89,5412.52,0,0.0,0.0,0.0,0.263444,0.410746
2038-09-18,21.1,0.0,46.4,5.4,4685.65,4949.89,0,0.0,0.0,0.0,0.219813,0.414284
2038-09-19,20.4,0.0,44.8,7.0,4804.23,5156.92,0,0.0,0.0,0.0,0.224545,0.401495
2038-09-20,21.6,0.0,45.4,6.7,4939.13,5007.04,0,0.0,0.0,0.0,0.231264,0.472221
2038-09-21,24.4,26.1,55.5,12.0,5183.75,5185.69,0,0.0,0.0,0.0,0.341397,0.59775
2038-09-22,25.3,0.0,47.5,6.5,5113.01,4729.1,0,0.0,0.08118,0.0,0.258047,0.609607
2038-09-23,19.5,25.7,51.4,7.0,4517.87,5166.37,0,0.0,0.0,0.0,0.262344,0.372598
2038-09-24,21.4,0.0,48.3,7.1,4994.27,5540.2,0,0.0,0.0,0.0,0.23847,0.380225
2038-09-25,20.4,10.9,46.5,7.2,4817.95,5263.23,0,0.0,0.0,0.0,0.242574,0.400599
2038-09-26,21.6,0.0,46.2,6.4,4966.6,5323.92,0,0.0,0.0,0.0,0.23045,0.408889
2038-09-27,21.5,20.6,59.9,6.1,4897.92,4431.8,1,2.46,0.105176,1.2673,0.278297,0.65787
2038-09-28,21.1,0.0,42.7,6.9,4871.67,4884.73,0,0.0,0.0,0.0,0.224449,0.478118
2038-09-29,20.8,0.0,43.8,8.2,4884.97,5050.41,0,0.0,0.0,0.0,0.234565,0.453114
2038-09-30,20.7,0.0,39.2,10.0,4896.7,4807.95,0,0.0,0.018459,0.0,0.23917,0.517509
2038-10-01,23.3,0.0,43.0,7.4,5150.64,4858.64,0,0.0,0.060099,0.0,0.243371,0.570321
2038-10-02,22.6,0.0,46.3,7.8,4920.62,4863.67,0,0.0,0.011709,0.0,0.248031,0.51849
2038-10-03,24.2,0.0,41.5,7.1,5148.62,5421.99,0,0.0,0.0,0.0,0.244176,0.442107
2038-10-04,25.1,0.0,38.1,8.8,5163.11,5437.34,0,0.0,0.0,0.0,0.25685,0.454763
2038-10-05,25.2,0.0,45.3,8.6,5126.01,5675.38,0,0.0,0.0,0.0,0.269466,0.413253
2038-10-06,20.4,0.0,45.6,11.1,4637.37,5472.0,0,0.0,0.0,0.0,0.25768,0.336409
2038-10-07,22.2,0.0,46.0,8.6,5072.25,5545.0,0,0.0,0.0,0.0,0.251005,0.408266
2038-10-08,20.5,0.0,36.5,10.0,4832.69,5020.88,0,0.0,0.0,0.0,0.232789,0.445823
2038-10-09,21.4,0.0,49.3,8.0,5005.21,5823.17,0,0.0,0.0,0.0,0.247289,0.340098
2038-10-10,18.7,0.0,39.7,7.0,4757.04,4520.79,0,0.0,0.052257,0.0,0.203777,0.521574
2038-10-11,16.1,0.0,36.9,7.9,4725.79,4343.16,0,0.0,0.0881,0.0,0.188334,0.547971
2038-10-12,20.2,0.0,46.8,14.3,5190.53,5160.09,0,0.0,0.005898,0.0,0.283303,0.54698
2038-10-13,17.6,0.0,48.1,10.7,4759.32,5240.81,0,0.0,0.0,0.0,0.240826,0.390363
2038-10-14,19.7,0.0,39.6,9.0,5068.48,5375.73,0,0.0,0.0,0.0,0.225613,0.41568
2038-10-15,19.2,0.0,36.7,8.6,4917.41,4813.73,0,0.0,0.021539,0.0,0.213793,0.495727
2038-10-16,17.7,0.0,42.9,7.8,4838.24,4858.53,0,0.0,0.0,0.0,0.209358,0.461273
2038-10-17,17.2,0.0,33.7,9.2,4893.41,4755.35,0,0.0,0.029033,0.0,0.199615,0.490298
2038-10-18,14.3,0.0,52.9,12.0,4725.22,4591.9,0,0.0,0.029034,0.0,0.238105,0.528789
2038-10-19,14.4,0.0,34.8,9.0,4912.67,5638.36,0,0.0,0.0,0.0,0.181679,0.288218
2038-10-20,12.3,3.8,42.4,12.1,4804.84,5001.66,0,0.0,0.0,0.0,0.210643,0.421495
2038-10-21,12.0,0.0,38.7,16.4,4914.5,5708.11,0,0.0,0.0,0.0,0.230271,0.324755
2038-10-22,14.3,11.2,37.5,8.5,5053.65,5022.96,0,0.0,0.006108,0.0,0.195889,0.459812
2038-10-23,14.8,0.0,34.4,8.6,4942.3,5342.34,0,0.0,0.0,0.0,0.180479,0.349853
2038-10-24,11.7,0.0,44.5,8.2,4759.38,5065.43,1,0.857,0.0,0.0408,0.175897,0.362153
2038-10-25,13.8,7.5,42.4,8.8,5055.32,5588.25,0,0.0,0.0,0.0,0.199581,0.34504
2038-10-26,13.7,0.0,35.0,8.7,4930.8,5256.41,0,0.0,0.0,0.0,0.175125,0.3596
2038-10-27,12.5,0.0,35.5,8.9,4880.55,5427.47,0,0.0,0.0,0.0,0.169696,0.308848
2038-10-28,14.1,0.0,34.0,8.1,5032.31,5459.62,0,0.0,0.0,0.0,0.171257,0.336678
2038-10-29,13.5,2.5,43.0,9.3,4911.99,4819.89,0,0.0,0.019108,0.0,0.196487,0.475584
2038-10-30,10.9,0.0,42.3,12.8,4825.59,5289.62,0,0.0,0.0,0.0,0.201992,0.356372
2038-10-31,14.9,0.0,40.2,10.6,5174.21,5399.32,0,0.0,0.0,0.0,0.207445,0.415563
2038-11-01,14.3,0.0,38.7,9.4,4914.6,4919.84,0,0.0,0.0,0.0,0.191418,0.446965
2038-11-02,13.6,0.0,40.4,10.9,4922.25,5383.57,0,0.0,0.0,0.0,0.201566,0.358321
2038-11-03,12.4,0.0,28.8,11.4,4903.38,5433.23,0,0.0,0.0,0.0,0.175764,0.318709
2038-11-04,14.6,0.0,38.3,9.6,5083.6,5182.91,0,0.0,0.0,0.0,0.194189,0.42861
2038-11-05,12.9,7.4,44.0,11.4,4873.48,5009.52,0,0.0,0.0,0.0,0.216589,0.441677
2038-11-06,9.4,8.1,39.8,8.5,4803.73,4624.12,0,0.0,0.038841,0.0,0.164122,0.466256
2038-11-07,8.3,0.0,36.8,14.4,4961.04,4645.03,0,0.0,0.068031,0.0,0.186888,0.523098
2038-11-08,11.4,0.0,33.2,10.8,5186.75,5366.91,0,0.0,0.0,0.0,0.172794,0.390396
2038-11-09,12.9,0.0,33.4,12.1,5075.06,5582.05,0,0.0,0.0,0.0,0.193086,0.343847
2038-11-10,11.9,0.0,33.5,12.4,4937.88,5006.44,0,0.0,0.0,0.0,0.188997,0.4298
2038-11-11,14.3,0.0,37.1,20.3,5119.73,5836.24,1,0.5,0.0,0.0256,0.272523,0.385992
2038-11-12,14.9,0.0,33.5,18.1,5012.45,5198.32,0,0.0,0.0,0.0,0.252753,0.467802
2038-11-13,13.3,0.0,26.7,10.3,4902.13,5085.16,0,0.0,0.0,0.0,0.169272,0.384044
2038-11-14,12.2,0.0,39.7,11.7,4943.87,5101.02,0,0.0,0.0,0.0,0.197199,0.418024
2038-11-15,12.3,0.0,38.3,13.2,5015.21,5576.12,0,0.0,0.0,0.0,0.206807,0.346166
2038-11-16,10.1,4.2,38.4,12.2,4894.77,4843.81,0,0.0,0.010521,0.0,0.189902,0.458974
2038-11-17,9.9,0.0,30.8,9.6,5025.63,5236.08,0,0.0,0.0,0.0,0.149147,0.359016
2038-11-18,10.3,0.0,32.9,11.2,5061.57,5140.1,0,0.0,0.0,0.0,0.168067,0.407022
2038-11-19,6.6,0.0,37.9,15.0,4847.4,4918.28,0,0.0,0.0,0.0,0.182375,0.422341
2038-11-20,6.7,8.9,37.6,10.7,5074.36,5339.32,0,0.0,0.0,0.0,0.160152,0.35901
2038-11-21,6.4,0.0,31.7,11.3,5064.24,5281.29,0,0.0,0.0,0.0,0.140882,0.349694
2038-11-22,8.9,0.0,41.7,10.7,5205.19,5810.32,0,0.0,0.0,0.0,0.171481,0.306689
2038-11-23,5.1,0.0,30.9,12.2,4857.99,5097.59,0,0.0,0.0,0.0,0.137758,0.339677
2038-11-24,5.0,0.0,20.2,12.8,5086.11,5518.26,0,0.0,0.0,0.0,0.121666,0.287034
2038-11-25,4.6,0.0,35.5,10.2,5080.3,5389.61,0,0.0,0.0,0.0,0.127655,0.317448
2038-11-26,7.2,0.0,35.7,12.3,5237.73,5962.83,0,0.0,0.0,0.0,0.161371,0.276201
2038-11-27,7.3,0.0,35.3,10.5,5082.0,5239.29,0,0.0,0.0,0.0,0.147392,0.369135
2038-11-28,11.0,0.0,37.0,10.3,5267.31,5431.26,0,0.0,0.0,0.0,0.173424,0.394974
2038-11-29,11.6,0.0,32.2,14.4,5082.3,5574.97,0,0.0,0.0,0.0,0.200015,0.35364
2038-11-30,10.0,0.0,40.1,13.5,4960.69,5109.97,0,0.0,0.0,0.0,0.197336,0.420022
2038-12-01,10.0,0.0,28.2,11.1,5678.03,6140.22,0,0.0,0.0,0.0,0.156505,0.325422
2038-12-02,8.8,6.3,36.5,14.4,5610.27,6717.11,0,0.0,0.0,0.0,0.197308,0.261734
2038-12-03,10.2,7.5,33.8,10.4,5777.2,5709.76,0,0.0,0.011812,0.0,0.172073,0.442652
2038-12-04,7.0,3.7,41.0,11.0,5491.39,6295.86,0,0.0,0.0,0.0,0.164474,0.272096
2038-12-05,5.4,0.0,31.1,11.2,5621.57,5728.33,0,0.0,0.0,0.0,0.132394,0.367427
2038-12-06,6.7,0.0,35.5,12.5,5806.56,6586.23,0,0.0,0.0,0.0,0.159244,0.277838
2038-12-07,9.2,0.0,35.6,18.8,5867.62,6414.6,0,0.0,0.0,0.0,0.224521,0.381765
2038-12-08,4.4,0.0,36.2,10.9,5408.92,5883.93,0,0.0,0.0,0.0,0.133051,0.295597
2038-12-09,7.7,0.0,31.6,11.2,5935.82,6176.15,0,0.0,0.0,0.0,0.148492,0.359855
2038-12-10,7.3,0.0,37.1,14.2,5687.74,5882.36,0,0.0,0.0,0.0,0.179316,0.397482
2038-12-11,3.4,3.4,36.4,12.4,6588.16,6617.89,0,0.0,0.0,0.0,0.142557,0.394103
2038-12-12,-1.9,0.0,37.2,13.7,5427.61,5701.14,0,0.0,0.0,0.0,0.115005,0.315785
2038-12-13,-3.1,0.0,43.4,13.1,5722.56,5942.39,0,0.0,0.0,0.0,0.114091,0.327695
2038-12-14,-1.2,0.0,36.2,13.5,5941.99,6310.59,0,0.0,0.0,0.0,0.116201,0.304803
2038-12-15,0.3,0.0,30.7,11.0,5892.58,5663.53,0,0.0,0.040443,0.0,0.096485,0.400488
2038-12-16,2.9,0.0,45.6,12.5,5943.55,6249.21,0,0.0,0.0,0.0,0.153134,0.352824
2038-12-17,2.6,0.0,40.8,16.1,5744.71,6488.92,0,0.0,0.0,0.0,0.169935,0.292836
2038-12-18,1.3,1.5,39.6,19.3,5681.4,6303.37,0,0.0,0.0,0.0,0.185638,0.327237
2038-12-19,1.6,0.0,35.2,13.8,5795.77,6093.96,0,0.0,0.0,0.0,0.135097,0.334764
2038-12-20,2.7,0.0,39.9,19.1,5844.14,7079.78,0,0.0,0.0,0.0,0.192055,0.245097
2038-12-21,4.1,0.0,26.0,13.7,5839.9,5919.48,0,0.0,0.0,0.0,0.133553,0.374649
2038-12-22,3.1,0.0,44.2,13.7,5689.29,5942.69,0,0.0,0.0,0.0,0.161087,0.368098
2038-12-23,5.7,0.0,41.1,14.0,5911.41,5666.78,0,0.0,0.043169,0.0,0.174727,0.481913
2038-12-24,4.7,0.0,35.8,12.1,5675.44,5814.89,0,0.0,0.0,0.0,0.143537,0.372331
2038-12-25,3.5,2.1,41.7,12.3,5664.5,6585.73,0,0.0,0.0,0.0,0.150796,0.244287
2038-12-26,3.1,0.0,40.1,12.1,5732.43,5887.06,0,0.0,0.0,0.0,0.141054,0.367181
2038-12-27,6.1,0.0,32.1,12.2,5929.99,5655.71,0,0.0,0.048496,0.0,0.146599,0.460003
2038-12-28,6.1,0.0,38.2,11.8,5721.86,6322.29,0,0.0,0.0,0.0,0.15495,0.300871
2038-12-29,5.0,0.0,39.4,13.8,5654.68,6076.06,0,0.0,0.0,0.0,0.165382,0.341212
2038-12-30,7.3,0.0,37.0,12.3,5870.44,6471.17,0,0.0,0.0,0.0,0.164468,0.312886
2038-12-31,11.7,0.0,36.7,13.0,5950.14,6136.29,0,0.0,0.0,0.0,0.198309,0.419685
2039-01-01,11.3,0.0,42.5,13.7,5636.99,5561.18,0,0.0,0.013632,0.0,0.211948,0.484652
2039-01-02,13.0,6.0,40.6,16.7,5760.62,5982.01,0,0.0,0.0,0.0,0.25006,0.463645
2039-01-03,14.1,0.0,47.8,12.1,5696.47,6180.42,0,0.0,0.0,0.0,0.227996,0.393374
2039-01-04,11.6,0.0,35.3,14.7,5491.87,5741.44,0,0.0,0.0,0.0,0.208142,0.414187
2039-01-05,11.0,0.0,40.8,13.3,5614.48,6032.43,0,0.0,0.0,0.0,0.203697,0.379605
2039-01-06,7.8,0.0,34.4,12.4,5478.76,5567.41,0,0.0,0.0,0.0,0.16366,0.401861
2039-01-07,7.5,0.0,42.6,13.3,5671.17,6106.6,0,0.0,0.0,0.0,0.184002,0.357551
2039-01-08,6.4,0.0,33.8,15.3,5628.74,5909.1,0,0.0,0.0,0.0,0.175684,0.377086
2039-01-09,6.0,0.0,41.1,15.3,5678.03,5709.43,0,0.0,0.0,0.0,0.186735,0.437105
2039-01-10,5.1,0.0,45.7,12.5,5642.39,5974.26,0,0.0,0.0,0.0,0.167823,0.359764
2039-01-11,5.2,0.0,40.3,13.6,5719.81,5866.45,0,0.0,0.0,0.0,0.166845,0.394454
2039-01-12,7.0,0.0,35.3,13.6,5811.33,6327.85,0,0.0,0.0,0.0,0.169334,0.330833
2039-01-13,7.2,0.0,45.3,12.2,5694.01,6291.94,0,0.0,0.0,0.0,0.1786,0.324451
2039-01-14,3.9,0.0,42.6,13.1,5480.56,5927.75,0,0.0,0.0,0.0,0.15873,0.327451
2039-01-15,3.5,0.0,40.6,13.4,5686.06,5384.68,0,0.0,0.055971,0.0,0.154659,0.476788
2039-01-16,1.6,0.0,36.4,18.9,5601.0,5540.62,0,0.0,0.010898,0.0,0.176698,0.44621
2039-01-17,3.7,0.0,33.5,14.8,5853.3,5911.22,0,0.0,0.0,0.0,0.153467,0.398818
2039-01-18,5.9,0.0,53.0,13.9,5837.08,5836.1,0,0.0,0.000168,0.0,0.197586,0.454572
2039-01-19,7.3,0.0,39.2,15.0,5755.71,5846.65,0,0.0,0.0,0.0,0.189426,0.428058
2039-01-20,6.3,0.0,37.3,13.2,5603.68,6210.5,0,0.0,0.0,0.0,0.165384,0.308109
2039-01-21,7.6,0.0,44.1,14.7,5745.74,6285.92,0,0.0,0.0,0.0,0.198277,0.354746
2039-01-22,7.2,0.0,37.7,12.5,5633.91,5765.16,0,0.0,0.0,0.0,0.166665,0.396878
2039-01-23,5.7,0.0,45.6,12.9,5559.21,6044.43,0,0.0,0.0,0.0,0.174677,0.337753
2039-01-24,8.2,0.0,50.1,13.1,5813.58,6224.7,0,0.0,0.0,0.0,0.201136,0.380823
2039-01-25,10.4,0.0,38.4,12.2,5764.58,6040.87,0,0.0,0.0,0.0,0.186755,0.390152
2039-01-26,12.5,0.0,42.5,15.9,5727.27,6427.94,0,0.0,0.0,0.0,0.236833,0.366372
2039-01-27,11.1,0.0,46.4,15.8,5504.92,5550.82,0,0.0,0.0,0.0,0.234146,0.481283
2039-01-28,13.6,0.0,38.4,12.7,5734.46,6040.24,0,0.0,0.0,0.0,0.211705,0.409397
2039-01-29,12.3,9.6,42.7,12.3,5491.71,5402.72,0,0.0,0.016471,0.0,0.219825,0.495844
2039-01-30,13.5,0.0,44.5,14.8,5649.89,5575.4,0,0.0,0.013361,0.0,0.238687,0.511074
2039-01-31,12.3,0.0,55.2,12.8,5488.81,5292.71,0,0.0,0.037052,0.0,0.235408,0.535451
2039-02-01,11.9,0.0,41.5,15.2,5547.72,5480.54,0,0.0,0.012257,0.0,0.225602,0.496702
2039-02-02,7.2,17.2,48.9,14.8,5299.43,5592.14,0,0.0,0.0,0.0,0.226397,0.422082
2039-02-03,7.8,0.0,58.7,16.4,5646.39,5821.11,0,0.0,0.0,0.0,0.240087,0.461838
2039-02-04,9.1,0.0,50.6,13.0,5677.72,5865.08,0,0.0,0.0,0.0,0.207234,0.426731
2039-02-05,9.1,0.0,38.5,13.2,5592.6,5766.82,0,0.0,0.0,0.0,0.186089,0.407611
2039-02-06,13.6,0.0,46.1,12.8,5830.3,6772.96,0,0.0,0.0,0.0,0.226914,0.321225
2039-02-07,11.3,6.2,52.1,12.2,5406.39,5289.39,0,0.0,0.022121,0.0,0.225939,0.508552
2039-02-08,10.8,7.9,57.1,13.7,5520.56,5363.89,0,0.0,0.029207,0.0,0.245667,0.536555
2039-02-09,9.7,0.0,55.2,17.1,5492.49,5474.58,0,0.0,0.003272,0.0,0.251449,0.512058
2039-02-10,9.6,0.0,51.4,13.6,5552.97,5805.46,0,0.0,0.0,0.0,0.216659,0.422677
2039-02-11,12.8,0.0,52.5,12.7,5732.56,6205.09,0,0.0,0.0,0.0,0.232869,0.400759
2039-02-12,16.2,0.0,42.7,12.8,5743.88,6254.91,0,0.0,0.0,0.0,0.237677,0.39909
2039-02-13,14.7,0.0,46.1,13.1,5392.45,5982.98,0,0.0,0.0,0.0,0.236479,0.378045
2039-02-14,13.5,0.0,43.4,14.6,5421.06,5655.15,0,0.0,0.0,0.0,0.235081,0.443547
2039-02-15,11.7,0.0,55.4,15.5,5396.67,5531.76,0,0.0,0.0,0.0,0.252661,0.480942
2039-02-16,15.2,0.0,52.4,12.1,5715.54,6589.49,0,0.0,0.0,0.0,0.243871,0.345831
2039-02-17,17.7,0.0,51.4,12.9,5684.97,4972.04,0,0.0,0.143387,0.0,0.264648,0.688829
2039-02-18,17.4,0.3,59.0,14.0,5482.51,5778.32,0,0.0,0.0,0.0,0.285774,0.482801
2039-02-19,14.5,0.0,54.3,15.6,5282.82,5690.07,0,0.0,0.0,0.0,0.269826,0.443063
2039-02-20,12.5,0.0,57.6,12.8,5350.46,6249.56,0,0.0,0.0,0.0,0.241226,0.330066
2039-02-21,13.9,0.0,56.0,15.9,5558.56,5254.97,0,0.0,0.057771,0.0,0.271374,0.595607
2039-02-22,15.8,0.0,56.9,14.0,5590.64,5722.2,1,1.141,0.0,0.0638,0.270924,0.500874
2039-02-23,12.2,0.0,47.7,13.5,5231.31,5045.45,0,0.0,0.036838,0.0,0.226087,0.525881
2039-02-24,12.8,0.0,58.2,12.7,5506.9,5158.36,0,0.0,0.067568,0.0,0.243557,0.579226
2039-02-25,17.3,0.0,56.0,14.1,5767.02,5981.06,0,0.0,0.0,0.0,0.279895,0.494908
2039-02-26,17.2,0.0,51.9,11.7,5464.11,6024.1,0,0.0,0.0,0.0,0.25303,0.4013
2039-02-27,20.7,0.0,57.7,13.2,5745.79,6469.62,0,0.0,0.0,0.0,0.298549,0.424728
2039-02-28,21.8,0.0,61.1,14.8,5607.09,5699.56,0,0.0,0.0,0.0,0.32452,0.56237
2039-03-01,19.3,0.0,54.5,13.6,4595.49,5018.23,0,0.0,0.0,0.0,0.286408,0.444855
2039-03-02,18.9,0.0,51.6,13.4,4708.29,4885.06,0,0.0,0.0,0.0,0.27679,0.491337
2039-03-03,19.0,0.0,52.2,12.4,4731.66,5134.16,0,0.0,0.0,0.0,0.270858,0.436128
2039-03-04,17.5,0.0,49.1,13.6,4614.27,5180.59,0,0.0,0.0,0.0,0.264418,0.393593
2039-03-05,16.3,0.0,55.5,14.8,4611.79,4785.95,0,0.0,0.0,0.0,0.277768,0.492076
2039-03-06,20.4,0.0,59.7,13.2,4964.71,5549.8,0,0.0,0.0,0.0,0.300322,0.434038
2039-03-07,18.7,0.7,65.9,14.5,4610.73,4488.91,0,0.0,0.027138,0.0,0.311626,0.600097
2039-03-08,21.6,0.0,53.4,13.2,4903.68,5351.68,0,0.0,0.0,0.0,0.296419,0.455483
2039-03-09,20.9,0.0,59.5,13.9,4687.8,5227.47,0,0.0,0.0,0.0,0.308643,0.444914
2039-03-10,21.2,0.0,58.2,15.4,4746.35,5261.81,0,0.0,0.0,0.0,0.319757,0.462185
2039-03-11,22.7,0.0,58.4,14.9,4857.11,4737.35,0,0.0,0.02528,0.0,0.326161,0.612463
2039-03-12,21.7,0.0,51.1,18.8,4664.71,4837.46,0,0.0,0.0,0.0,0.335975,0.551076
2039-03-13,23.2,0.0,54.0,16.6,4877.3,5214.02,0,0.0,0.0,0.0,0.334324,0.515723
2039-03-14,19.3,0.0,68.5,12.0,4458.38,4805.75,0,0.0,0.0,0.0,0.300312,0.47272
2039-03-15,21.2,0.0,64.8,12.8,4812.66,5088.42,0,0.0,0.0,0.0,0.312071,0.505595
2039-03-16,17.0,0.0,61.5,11.3,4398.23,5014.16,0,0.0,0.0,0.0,0.266626,0.380015
2039-03-17,18.1,5.6,64.2,11.3,4717.67,4568.47,0,0.0,0.032659,0.0,0.285771,0.580687
2039-03-18,21.3,0.0,64.5,11.5,4871.73,5041.58,0,0.0,0.0,0.0,0.302136,0.519596
2039-03-19,23.4,0.0,58.9,11.6,4892.87,4617.26,0,0.0,0.059692,0.0,0.30625,0.632724
2039-03-20,21.3,0.0,59.4,11.0,4564.98,4971.89,0,0.0,0.0,0.0,0.288716,0.449963
2039-03-21,19.9,0.0,58.7,12.9,4583.32,4972.63,0,0.0,0.0,0.0,0.292836,0.458229
2039-03-22,19.9,0.0,62.9,11.5,4651.86,5865.82,0,0.0,0.0,0.0,0.289909,0.3051
2039-03-23,21.7,0.0,56.6,13.3,4776.54,5324.22,0,0.0,0.0,0.0,0.303849,0.440553
2039-03-24,18.7,12.0,62.4,11.8,4460.45,4776.59,0,0.0,0.0,0.0,0.298018,0.477543
2039-03-25,20.4,0.0,65.6,11.1,4748.12,5061.77,0,0.0,0.0,0.0,0.29518,0.479633
2039-03-26,22.5,0.0,61.6,12.7,4813.56,4958.22,0,0.0,0.0,0.0,0.313868,0.536598
2039-03-27,23.1,0.0,54.9,20.9,4751.11,5027.73,0,0.0,0.0,0.0,0.368532,0.561093
2039-03-28,25.2,16.9,66.3,11.4,5938.05,6338.3,0,0.0,0.0,0.0,0.351066,0.534137
2039-03-29,26.3,0.0,67.0,13.9,4946.38,4581.43,0,0.0,0.079657,0.0,0.358299,0.708082
2039-03-30,25.8,0.0,65.2,10.3,4814.87,5115.34,0,0.0,0.0,0.0,0.323851,0.512069
2039-03-31,22.6,0.0,56.4,11.5,4495.57,4748.96,0,0.0,0.0,0.0,0.295518,0.490019
2039-04-01,24.3,14.9,74.1,11.7,4856.76,5636.29,0,0.0,0.0,0.0,0.359633,0.454965
2039-04-02,23.5,0.4,64.3,14.4,4669.56,4864.3,0,0.0,0.0,0.0,0.339127,0.549181
2039-04-03,23.7,0.0,67.5,14.0,4731.07,4739.44,0,0.0,0.0,0.0,0.342871,0.597599
2039-04-04,26.0,0.0,71.3,10.9,4972.46,5305.2,0,0.0,0.0,0.0,0.341236,0.524807
2039-04-05,29.8,0.0,65.7,14.1,5260.97,5548.66,0,0.0,0.0,0.0,0.380475,0.576737
2039-04-06,30.0,0.0,57.1,10.4,5048.23,5259.1,0,0.0,0.0,0.0,0.337118,0.5471
2039-04-07,31.4,0.0,75.7,11.4,5192.09,5033.34,1,2.223,0.031541,0.364,0.388937,0.682546
2039-04-08,28.5,0.0,56.1,16.6,4780.46,4972.49,0,0.0,0.0,0.0,0.373196,0.584903
2039-04-09,29.7,0.0,65.8,10.4,5079.74,5148.37,0,0.0,0.0,0.0,0.351454,0.592682
2039-04-10,30.1,0.0,74.2,13.0,5048.71,5232.29,0,0.0,0.0,0.0,0.389902,0.605733
2039-04-11,33.0,0.0,64.5,10.2,5358.58,5873.68,1,0.582,0.0,0.0312,0.369224,0.523637
2039-04-12,31.9,0.0,65.0,12.6,5043.09,5080.94,0,0.0,0.0,0.0,0.38143,0.629524
2039-04-13,31.7,0.0,67.4,11.4,5081.49,5264.75,0,0.0,0.0,0.0,0.375352,0.591506
2039-04-14,34.1,0.0,67.8,10.6,5375.29,5827.33,0,0.0,0.0,0.0,0.385749,0.551981
2039-04-15,33.8,7.5,66.6,9.5,5184.05,5355.26,0,0.0,0.0,0.0,0.382184,0.601652
2039-04-16,31.6,33.5,74.4,10.2,4944.65,6004.68,0,0.0,0.0,0.0,0.419433,0.470137
2039-04-17,37.3,0.0,74.8,11.8,5739.51,6116.48,0,0.0,0.0,0.0,0.429225,0.614066
2039-04-18,34.5,0.0,67.1,19.1,5055.93,4913.15,0,0.0,0.02906,0.0,0.452659,0.743375
2039-04-19,34.4,0.0,72.5,11.6,5211.07,5196.08,0,0.0,0.002884,0.0,0.404255,0.664413
2039-04-20,35.2,1.9,66.1,13.3,5306.22,5257.32,0,0.0,0.009302,0.0,0.412963,0.680611
2039-04-21,35.8,0.4,77.4,10.1,5316.75,5306.24,1,4.006,0.001981,0.213,0.411584,0.670686
2039-04-22,35.3,0.0,75.3,10.1,5225.48,5663.54,0,0.0,0.0,0.0,0.403863,0.570358
2039-04-23,35.0,0.0,70.4,10.1,5214.93,5112.15,0,0.0,0.020106,0.0,0.392698,0.672959
2039-04-24,34.8,0.0,74.2,16.6,5199.49,5350.98,0,0.0,0.0,0.0,0.448659,0.672399
2039-04-25,32.8,0.0,78.8,9.7,4987.64,5596.1,0,0.0,0.0,0.0,0.39086,0.520719
2039-04-26,37.9,0.0,66.4,9.0,5699.58,5797.92,0,0.0,0.0,0.0,0.395825,0.632814
2039-04-27,37.2,0.0,66.3,8.6,5292.44,5780.95,0,0.0,0.0,0.0,0.387937,0.546078
2039-04-28,38.3,0.0,73.7,9.1,5465.55,5159.34,0,0.0,0.059352,0.0,0.412921,0.738997
2039-04-29,37.4,0.0,65.5,10.8,5281.64,5422.4,1,1.353,0.0,0.0714,0.404731,0.631216
2039-04-30,36.7,0.0,64.4,9.9,5252.1,5221.56,0,0.0,0.005849,0.0,0.39111,0.654728
2039-05-01,36.0,0.0,64.3,11.0,5209.83,5568.71,0,0.0,0.0,0.0,0.394796,0.576352
2039-05-02,33.3,0.0,73.3,12.2,4938.58,4863.56,0,0.0,0.015425,0.0,0.403134,0.677931
2039-05-03,33.9,0.0,62.5,8.7,5177.13,6111.03,0,0.0,0.0,0.0,0.359832,0.438217
2039-05-04,34.0,0.0,70.8,10.0,5142.43,4868.44,0,0.0,0.05628,0.0,0.386085,0.708575
2039-05-05,37.2,0.0,55.8,9.5,5514.84,6185.19,0,0.0,0.0,0.0,0.375194,0.505461
2039-05-06,35.1,0.0,75.3,8.6,5059.4,5592.31,0,0.0,0.0,0.0,0.39097,0.536514
2039-05-07,34.7,0.0,75.8,8.5,5142.0,5499.48,0,0.0,0.0,0.0,0.3885,0.569406
2039-05-08,33.8,0.0,72.4,11.7,5058.29,5328.55,0,0.0,0.0,0.0,0.400884,0.598464
2039-05-09,37.8,0.0,79.5,9.5,5581.94,6513.36,0,0.0,0.0,0.0,0.423586,0.513436
2039-05-10,36.4,0.0,77.7,7.8,5159.04,6220.1,0,0.0,0.0,0.0,0.397866,0.455514
2039-05-11,38.2,0.0,69.8,10.5,5456.11,5657.67,0,0.0,0.0,0.0,0.415752,0.630952
2039-05-12,40.4,10.9,72.2,8.3,6729.36,7132.71,0,0.0,0.0,0.0,0.431076,0.62185
2039-05-13,40.1,0.0,78.4,9.2,5413.96,5496.25,0,0.0,0.0,0.0,0.434369,0.673681
2039-05-14,37.3,0.0,77.5,7.2,5111.19,4990.23,0,0.0,0.024239,0.0,0.398794,0.683881
2039-05-15,35.2,0.0,72.9,8.1,5036.68,5435.47,0,0.0,0.0,0.0,0.383272,0.554412
2039-05-16,38.0,0.0,65.5,9.6,5496.2,5857.44,0,0.0,0.0,0.0,0.399426,0.58422
2039-05-17,36.0,3.7,80.0,7.5,5082.25,4820.8,0,0.0,0.054234,0.0,0.401742,0.721845
2039-05-18,37.7,0.0,74.8,7.2,5409.48,5835.36,0,0.0,0.0,0.0,0.396368,0.567958
2039-05-19,38.6,0.0,74.3,7.8,5399.26,5765.53,0,0.0,0.0,0.0,0.405992,0.58862
2039-05-20,39.9,0.0,60.4,9.2,5491.64,5558.2,0,0.0,0.0,0.0,0.399301,0.642111
2039-05-21,41.1,0.0,77.4,10.6,5553.27,5597.75,0,0.0,0.0,0.0,0.449888,0.697402
2039-05-22,39.3,2.7,75.1,10.2,5255.94,5659.06,0,0.0,0.0,0.0,0.433919,0.60755
2039-05-23,37.8,20.7,77.3,9.8,5193.82,5979.95,0,0.0,0.0,0.0,0.447032,0.550354
2039-05-24,40.0,0.0,70.7,11.8,5550.55,5967.39,0,0.0,0.0,0.0,0.439334,0.614577
2039-05-25,39.1,0.0,75.4,10.5,5297.85,5823.24,0,0.0,0.0,0.0,0.432184,0.583648
2039-05-26,34.1,0.0,77.3,9.0,4779.97,4768.36,0,0.0,0.002434,0.0,0.391215,0.650847
2039-05-27,37.0,0.0,73.0,8.4,5423.54,5553.17,0,0.0,0.0,0.0,0.397638,0.627177
2039-05-28,35.9,0.0,77.8,8.1,5114.11,5565.71,0,0.0,0.0,0.0,0.397073,0.55914
2039-05-29,38.1,0.0,69.2,7.4,5436.94,5243.52,0,0.0,0.036888,0.0,0.390048,0.6899
2039-05-30,41.7,16.5,75.8,7.7,5728.36,6089.55,0,0.0,0.0,0.0,0.448598,0.636146
2039-05-31,41.9,3.4,79.3,6.9,5508.97,5955.67,0,0.0,0.0,0.0,0.434323,0.603553
2039-06-01,44.0,28.7,80.1,9.2,6964.0,7295.29,0,0.0,0.0,0.0,0.49828,0.702057
2039-06-02,44.0,1.9,84.0,6.4,6793.2,7269.54,1,0.5,0.0,0.034,0.451289,0.631584
2039-06-03,46.9,24.7,82.5,9.2,7223.78,7611.28,1,1.164,0.0,0.0841,0.517014,0.71437
2039-06-04,43.9,0.0,69.1,15.5,6542.09,6612.77,0,0.0,0.0,0.0,0.49059,0.734902
2039-06-05,43.7,0.0,67.1,6.1,6746.54,6583.13,0,0.0,0.024822,0.0,0.412991,0.698759
2039-06-06,44.8,0.0,78.8,8.8,6936.1,7243.44,0,0.0,0.0,0.0,0.463012,0.670269
2039-06-07,44.0,1.9,72.3,6.8,6723.37,7612.09,1,1.259,0.0,0.0847,0.432438,0.552933
2039-06-08,46.1,0.0,79.4,9.8,7095.68,7908.39,0,0.0,0.0,0.0,0.480422,0.617243
2039-06-09,44.6,5.3,73.4,7.8,6701.6,6890.88,0,0.0,0.0,0.0,0.450319,0.675043
2039-06-10,48.4,0.0,75.9,5.9,7396.76,7595.99,0,0.0,0.0,0.0,0.458927,0.685098
2039-06-11,50.0,0.0,73.0,7.3,7486.08,7653.01,1,5.981,0.0,0.4477,0.474838,0.706164
2039-06-12,50.0,8.5,78.0,7.7,7097.56,7255.88,0,0.0,0.0,0.0,0.49767,0.728988
2039-06-13,50.0,0.0,78.2,6.7,7154.68,7642.11,0,0.0,0.0,0.0,0.479958,0.662289
2039-06-14,50.0,0.0,74.5,7.3,7289.61,8139.73,1,0.766,0.0,0.0558,0.47765,0.612516
2039-06-15,47.1,2.2,78.2,6.5,6658.69,7940.86,0,0.0,0.0,0.0,0.461984,0.53028
2039-06-16,43.6,0.0,65.8,6.5,6478.17,6463.4,0,0.0,0.002286,0.0,0.412981,0.672439
2039-06-17,46.0,0.0,76.3,5.2,7112.34,7759.74,0,0.0,0.0,0.0,0.438456,0.597849
2039-06-18,46.0,22.9,79.9,5.3,6910.34,7491.96,0,0.0,0.0,0.0,0.473918,0.64008
2039-06-19,44.9,34.8,81.4,5.3,6757.17,6954.65,0,0.0,0.0,0.0,0.484,0.707641
2039-06-20,44.6,0.0,61.9,5.8,6791.87,6692.44,0,0.0,0.014856,0.0,0.406858,0.680992
2039-06-21,39.5,0.0,65.4,5.2,6085.78,6495.65,0,0.0,0.0,0.0,0.375175,0.558303
2039-06-22,39.8,0.9,75.0,5.4,6531.25,7730.07,0,0.0,0.0,0.0,0.397794,0.473537
2039-06-23,38.9,0.0,75.3,6.9,6379.94,6807.07,1,0.809,0.0,0.0516,0.4029,0.586438
2039-06-24,41.6,8.1,77.4,7.8,6834.8,6837.56,0,0.0,0.0,0.0,0.441462,0.697781
2039-06-25,43.8,0.0,73.2,6.1,6954.38,7233.19,0,0.0,0.0,0.0,0.425087,0.636878
2039-06-26,44.8,0.0,67.1,6.7,6916.42,6765.43,0,0.0,0.022318,0.0,0.424871,0.707715
2039-06-27,45.1,0.0,67.8,6.8,6893.42,7246.13,0,0.0,0.0,0.0,0.428932,0.628898
2039-06-28,41.7,0.0,62.2,11.8,6357.2,6948.77,0,0.0,0.0,0.0,0.434602,0.592008
2039-06-29,43.0,0.0,73.2,4.9,6835.0,6878.52,0,0.0,0.0,0.0,0.410555,0.659959
2039-06-30,44.2,0.0,82.0,6.1,6899.05,5828.99,0,0.0,0.183577,0.0,0.444224,0.91532
2039-07-01,46.3,23.3,77.6,4.8,7124.35,7604.84,0,0.0,0.0,0.0,0.468213,0.651244
2039-07-02,49.8,2.4,68.9,6.6,7475.45,7613.02,0,0.0,0.0,0.0,0.463359,0.699054
2039-07-03,44.9,0.0,72.0,5.0,6457.94,6475.43,0,0.0,0.0,0.0,0.4216,0.675237
2039-07-04,43.6,27.3,77.9,5.5,6665.01,6679.43,0,0.0,0.0,0.0,0.461261,0.715531
2039-07-05,41.8,27.3,69.7,4.7,6512.48,7002.32,1,0.661,0.0,0.0431,0.427849,0.602975
2039-07-06,42.2,0.0,72.6,5.7,6713.77,6876.92,0,0.0,0.0,0.0,0.41033,0.639424
2039-07-07,42.2,0.0,70.6,5.7,6681.89,7407.66,0,0.0,0.0,0.0,0.40658,0.548993
2039-07-08,41.6,9.8,72.5,5.7,6604.89,7331.46,0,0.0,0.0,0.0,0.418145,0.559242
2039-07-09,43.7,63.5,96.5,20.8,6956.23,7257.3,1,0.925,0.0,0.0643,0.659019,0.867379
2039-07-10,41.1,25.3,76.3,6.2,6409.57,6519.73,0,0.0,0.0,0.0,0.444744,0.681809
2039-07-11,39.1,7.4,81.2,5.1,6332.44,6700.01,0,0.0,0.0,0.0,0.410421,0.603166
2039-07-12,37.5,32.3,74.0,5.9,6264.41,6520.25,0,0.0,0.0,0.0,0.422928,0.633912
2039-07-13,37.5,0.0,62.3,5.1,6393.14,6006.94,0,0.0,0.064292,0.0,0.355408,0.687253
2039-07-14,35.7,0.0,65.5,4.6,6145.04,7193.31,0,0.0,0.0,0.0,0.345686,0.432352
2039-07-15,36.7,21.2,80.5,5.0,6416.84,7026.46,0,0.0,0.0,0.0,0.409355,0.56486
2039-07-16,37.2,6.2,66.9,4.8,6417.18,6550.66,0,0.0,0.0,0.0,0.367306,0.600308
2039-07-17,36.3,0.0,61.7,7.2,6256.61,5814.06,0,0.0,0.076116,0.0,0.362578,0.708227
2039-07-18,38.8,19.5,75.2,8.7,6693.78,6952.38,0,0.0,0.0,0.0,0.439735,0.653102
2039-07-19,39.0,4.3,67.5,5.8,6520.34,6604.83,0,0.0,0.0,0.0,0.385693,0.627549
2039-07-20,41.4,19.4,75.8,4.7,6854.16,7170.71,0,0.0,0.0,0.0,0.427011,0.632266
2039-07-21,40.7,0.0,64.5,9.4,6571.52,6004.24,0,0.0,0.09448,0.0,0.413805,0.780891
2039-07-22,40.4,35.3,71.8,13.2,6591.61,6725.08,0,0.0,0.0,0.0,0.497906,0.731527
2039-07-23,39.1,10.7,78.3,4.2,6426.24,6581.03,0,0.0,0.0,0.0,0.402065,0.631397
2039-07-24,39.2,0.0,62.9,5.5,6539.82,6787.59,0,0.0,0.0,0.0,0.370825,0.585001
2039-07-25,40.6,0.0,62.6,4.7,6746.74,6983.68,0,0.0,0.0,0.0,0.373318,0.590501
2039-07-26,39.5,0.0,68.8,4.3,6474.11,6819.13,0,0.0,0.0,0.0,0.374606,0.57233
2039-07-27,40.4,0.0,52.3,6.3,6698.99,7675.93,0,0.0,0.0,0.0,0.365033,0.473244
2039-07-28,38.4,0.0,69.6,4.6,6345.81,6457.2,0,0.0,0.0,0.0,0.37117,0.607822
2039-07-29,39.9,11.5,77.4,4.5,6723.09,6673.32,0,0.0,0.007458,0.0,0.408942,0.674439
2039-07-30,38.4,21.9,75.1,8.0,6391.24,6015.3,0,0.0,0.062498,0.0,0.434438,0.764187
2039-07-31,40.0,2.0,60.3,5.5,6746.07,6866.15,1,4.61,0.0,0.311,0.373663,0.610037
2039-08-01,39.7,27.4,68.0,7.2,6576.21,6324.48,0,0.0,0.039802,0.0,0.430232,0.733487
2039-08-02,42.3,10.2,67.3,8.6,6988.77,7760.93,0,0.0,0.0,0.0,0.435873,0.576514
2039-08-03,39.0,52.9,79.2,13.3,6305.85,6648.79,0,0.0,0.0,0.0,0.524798,0.721374
2039-08-04,35.6,0.0,71.9,5.7,6093.25,6758.55,0,0.0,0.0,0.0,0.365515,0.507388
2039-08-05,34.6,0.0,71.3,9.1,6212.59,7096.88,0,0.0,0.0,0.0,0.384033,0.495362
2039-08-06,32.3,51.2,74.9,6.9,5965.27,5997.82,0,0.0,0.0,0.0,0.421117,0.671572
2039-08-07,30.3,0.0,60.2,6.1,5877.44,6042.69,0,0.0,0.0,0.0,0.311729,0.536594
2039-08-08,32.7,15.1,62.4,6.1,6358.6,7209.99,0,0.0,0.0,0.0,0.350097,0.469035
2039-08-09,33.3,0.0,65.5,6.4,6269.01,6657.2,0,0.0,0.0,0.0,0.343756,0.532473
2039-08-10,32.8,0.0,67.3,5.7,6156.91,6667.04,0,0.0,0.0,0.0,0.338434,0.5059
2039-08-11,32.6,28.2,69.0,4.4,6165.19,6874.66,0,0.0,0.0,0.0,0.364679,0.500992
2039-08-12,31.9,13.4,64.6,4.8,6094.22,6743.13,0,0.0,0.0,0.0,0.336844,0.481292
2039-08-13,35.8,0.0,71.5,4.2,6700.92,7209.2,0,0.0,0.0,0.0,0.354509,0.528992
2039-08-14,34.1,0.0,64.0,6.8,6167.44,7018.37,0,0.0,0.0,0.0,0.349303,0.464553
2039-08-15,31.5,0.0,50.0,4.4,5941.6,6213.13,0,0.0,0.0,0.0,0.287397,0.493168
2039-08-16,33.6,3.3,60.6,4.7,6433.66,6965.87,0,0.0,0.0,0.0,0.327455,0.495053
2039-08-17,33.2,11.8,63.6,4.8,6224.65,6466.56,0,0.0,0.0,0.0,0.341586,0.554704
2039-08-18,37.3,31.4,65.8,5.9,6848.54,7631.29,0,0.0,0.0,0.0,0.405137,0.542185
2039-08-19,35.5,0.0,65.2,7.0,6270.43,6307.12,1,0.5,0.0,0.0314,0.362324,0.612323
2039-08-20,36.6,6.8,58.6,6.5,6584.58,6215.71,0,0.0,0.059344,0.0,0.361638,0.687707
2039-08-21,38.0,5.0,54.6,7.8,6696.57,7307.71,0,0.0,0.0,0.0,0.3712,0.530361
2039-08-22,35.9,0.0,54.4,8.2,6289.47,6199.73,0,0.0,0.014475,0.0,0.35397,0.627658
2039-08-23,33.6,0.0,60.9,6.8,6143.55,6017.54,0,0.0,0.020942,0.0,0.340195,0.621431
2039-08-24,34.7,4.6,51.6,5.5,6475.08,7314.84,0,0.0,0.0,0.0,0.325589,0.448359
2039-08-25,35.2,0.0,54.4,4.6,6466.84,7183.86,1,0.5,0.0,0.0323,0.321578,0.46185
2039-08-26,31.6,0.0,60.8,5.3,5929.58,6098.12,0,0.0,0.0,0.0,0.31525,0.539775
2039-08-27,29.2,0.0,49.4,5.1,5875.33,5041.83,0,0.0,0.165317,0.0,0.276513,0.726294
2039-08-28,24.4,1.8,51.1,6.2,5414.47,5867.08,0,0.0,0.0,0.0,0.258746,0.425478
2039-08-29,26.8,0.0,47.0,8.1,6077.45,6634.98,0,0.0,0.0,0.0,0.279342,0.438037
2039-08-30,26.9,102.1,76.2,18.1,5928.46,6546.27,0,0.0,0.0,0.0,0.536484,0.683099
2039-08-31,27.2,0.0,52.2,13.1,5960.07,6434.87,0,0.0,0.0,0.0,0.330309,0.500962
2039-09-01,24.3,0.0,53.3,5.2,4736.94,4919.66,0,0.0,0.0,0.0,0.252299,0.465731
2039-09-02,23.0,0.0,49.6,5.9,4776.49,4891.79,0,0.0,0.0,0.0,0.242194,0.471468
2039-09-03,23.2,0.0,51.9,5.2,4876.11,4780.1,0,0.0,0.020084,0.0,0.242424,0.522662
2039-09-04,23.0,0.0,58.4,5.5,4839.58,4868.92,0,0.0,0.0,0.0,0.255608,0.505363
2039-09-05,24.3,2.8,55.5,6.7,5007.8,5359.62,0,0.0,0.0,0.0,0.271415,0.451574
2039-09-06,26.2,90.7,86.1,15.9,5153.29,5631.08,0,0.0,0.0,0.0,0.519548,0.677285
2039-09-07,31.0,5.1,50.3,7.5,5610.45,6170.15,0,0.0,0.0,0.0,0.314806,0.4657
2039-09-08,30.2,0.0,49.8,7.6,5218.3,5016.85,0,0.0,0.040155,0.0,0.303144,0.606811
2039-09-09,31.8,25.4,58.9,8.6,5460.98,5163.19,0,0.0,0.057676,0.0,0.36946,0.693581
2039-09-10,29.1,0.0,48.8,7.1,5049.38,5181.06,0,0.0,0.0,0.0,0.290161,0.517281
2039-09-11,25.2,0.0,50.9,6.2,4772.92,4704.87,0,0.0,0.014463,0.0,0.261448,0.535123
2039-09-12,24.7,0.0,41.1,6.3,4952.93,5258.61,0,0.0,0.0,0.0,0.240549,0.429479
2039-09-13,21.7,47.5,60.4,7.1,4665.13,4513.41,0,0.0,0.033615,0.0,0.32109,0.617123
2039-09-14,22.5,0.0,54.4,6.7,4921.77,5533.81,0,0.0,0.0,0.0,0.254072,0.381747
2039-09-15,21.5,0.0,59.2,7.1,4785.27,4776.71,0,0.0,0.001793,0.0,0.259567,0.518449
2039-09-16,18.2,0.0,56.6,5.5,4612.72,5306.19,0,0.0,0.0,0.0,0.220595,0.324816
2039-09-17,23.0,0.0,49.7,6.4,5196.44,5627.9,1,1.127,0.0,0.0586,0.24624,0.413532
2039-09-18,22.1,8.9,53.4,5.4,4824.84,4745.32,0,0.0,0.016756,0.0,0.250388,0.526741
2039-09-19,19.2,11.5,52.9,11.0,4659.27,5507.11,0,0.0,0.0,0.0,0.276718,0.353782
2039-09-20,21.9,0.0,45.3,7.1,5032.03,5367.79,0,0.0,0.0,0.0,0.236141,0.419909
2039-09-21,20.7,0.0,43.0,8.5,4792.89,5082.7,0,0.0,0.0,0.0,0.234721,0.424947
2039-09-22,23.4,0.0,48.7,8.7,5116.93,5351.75,1,0.5,0.0,0.0256,0.264748,0.470316
2039-09-23,21.8,0.0,46.6,10.1,4792.19,5172.66,0,0.0,0.0,0.0,0.261067,0.43199
2039-09-24,20.8,0.0,51.0,7.5,4820.49,5221.08,0,0.0,0.0,0.0,0.242664,0.409884
2039-09-25,21.7,0.0,34.6,6.6,4950.69,4928.45,0,0.0,0.004514,0.0,0.210902,0.47296
2039-09-26,22.9,0.0,45.3,7.8,5023.11,5206.69,0,0.0,0.0,0.0,0.248133,0.463762
2039-09-27,24.2,0.0,51.9,9.3,5101.2,5393.44,0,0.0,0.0,0.0,0.280651,0.474186
2039-09-28,23.4,16.5,52.6,6.7,4941.54,5370.03,0,0.0,0.0,0.0,0.276761,0.440401
2039-09-29,23.9,1.0,40.6,7.2,5053.37,5496.95,0,0.0,0.0,0.0,0.242503,0.405089
2039-09-30,24.7,0.6,38.6,6.8,5117.81,5426.76,1,0.771,0.0,0.0394,0.240451,0.43078
2039-10-01,24.2,0.0,44.4,7.6,5016.24,5093.14,0,0.0,0.0,0.0,0.253471,0.492635
2039-10-02,23.1,0.0,48.3,9.2,4921.96,4981.52,0,0.0,0.0,0.0,0.265879,0.508711
2039-10-03,19.5,0.0,46.7,8.2,4687.54,4570.05,0,0.0,0.025708,0.0,0.231434,0.518236
2039-10-04,20.7,0.0,44.4,7.1,4988.08,5423.71,0,0.0,0.0,0.0,0.226544,0.389569
2039-10-05,20.4,0.0,46.7,9.4,4906.2,4961.12,0,0.0,0.0,0.0,0.246626,0.490493
2039-10-06,19.3,0.0,44.5,6.9,4839.2,5022.7,0,0.0,0.0,0.0,0.21596,0.4301
2039-10-07,21.7,0.0,46.0,12.6,5087.83,5418.43,0,0.0,0.0,0.0,0.278573,0.464135
2039-10-08,18.1,0.0,47.4,11.7,4690.11,4925.78,0,0.0,0.0,0.0,0.250525,0.451462
2039-10-09,21.4,13.9,43.7,13.1,5141.67,5396.94,0,0.0,0.0,0.0,0.293101,0.494674
2039-10-10,20.6,0.0,37.7,7.5,4896.73,4862.39,0,0.0,0.007062,0.0,0.216408,0.481443
2039-10-11,20.6,0.0,45.5,7.2,4946.68,5277.8,0,0.0,0.0,0.0,0.228719,0.412268
2039-10-12,19.1,0.0,39.1,10.9,4841.93,4988.6,0,0.0,0.0,0.0,0.235381,0.457848
2039-10-13,15.3,0.0,31.7,11.9,4654.94,4862.35,0,0.0,0.0,0.0,0.204175,0.411168
2039-10-14,15.2,0.0,48.3,9.3,4879.48,5479.42,0,0.0,0.0,0.0,0.214579,0.343551
2039-10-15,16.1,16.6,46.3,13.6,4949.21,5354.23,0,0.0,0.0,0.0,0.270194,0.438676
2039-10-16,17.4,0.0,41.7,7.5,4999.41,5069.59,0,0.0,0.0,0.0,0.202816,0.443445
2039-10-17,16.7,0.0,39.5,11.2,4870.89,5068.74,0,0.0,0.0,0.0,0.222627,0.433849
2039-10-18,12.0,0.0,44.4,9.7,4646.36,5346.87,0,0.0,0.0,0.0,0.189261,0.293106
2039-10-19,9.6,0.0,33.5,7.6,4799.56,4946.59,0,0.0,0.0,0.0,0.1368,0.358891
2039-10-20,14.8,6.0,41.2,11.9,5206.85,5480.27,0,0.0,0.0,0.0,0.226012,0.424558
2039-10-21,12.5,14.8,44.6,7.8,4798.64,5239.35,0,0.0,0.0,0.0,0.196328,0.354922
2039-10-22,15.8,0.0,42.0,10.7,5109.78,5434.54,0,0.0,0.0,0.0,0.217524,0.404552
2039-10-23,13.6,5.6,31.9,12.0,4796.03,4923.18,0,0.0,0.0,0.0,0.200949,0.427589
2039-10-24,13.3,0.0,41.8,12.0,4914.6,4930.15,0,0.0,0.0,0.0,0.210701,0.463809
2039-10-25,14.6,0.0,36.6,9.1,5001.89,5248.8,0,0.0,0.0,0.0,0.187144,0.389018
2039-10-26,12.7,0.0,35.2,9.0,4834.39,5276.53,0,0.0,0.0,0.0,0.171223,0.330192
2039-10-27,16.0,7.0,32.2,8.9,5134.06,5818.0,0,0.0,0.0,0.0,0.195119,0.314674
2039-10-28,15.5,7.2,51.1,10.5,4911.13,4703.31,0,0.0,0.044187,0.0,0.23985,0.548223
2039-10-29,15.9,0.0,37.3,8.7,4967.75,5767.83,0,0.0,0.0,0.0,0.193938,0.288793
2039-10-30,14.7,0.0,39.0,14.0,4867.95,5022.9,0,0.0,0.0,0.0,0.230111,0.450888
2039-10-31,15.5,0.0,32.3,13.0,4996.83,5537.81,0,0.0,0.0,0.0,0.215106,0.357854
2039-11-01,18.0,10.5,32.4,10.5,5132.08,5150.23,0,0.0,0.0,0.0,0.225293,0.477969
2039-11-02,16.5,7.8,43.3,10.7,4880.7,4629.43,0,0.0,0.054277,0.0,0.234092,0.554245
2039-11-03,19.0,0.0,30.3,8.4,5154.27,4985.64,0,0.0,0.033822,0.0,0.198932,0.495207
2039-11-04,16.2,0.0,43.5,9.4,4810.1,4950.31,0,0.0,0.0,0.0,0.212942,0.436667
2039-11-05,16.8,0.0,45.8,9.1,5012.32,5428.43,0,0.0,0.0,0.0,0.218894,0.386198
2039-11-06,16.6,0.0,32.8,10.3,4971.9,5230.27,0,0.0,0.0,0.0,0.20246,0.401582
2039-11-07,13.3,0.0,34.2,9.8,4783.23,4946.99,0,0.0,0.0,0.0,0.179476,0.397622
2039-11-08,13.2,0.0,23.7,10.2,4975.81,5575.08,0,0.0,0.0,0.0,0.162216,0.293521
2039-11-09,12.7,0.0,27.5,10.9,4957.45,5205.94,0,0.0,0.0,0.0,0.171446,0.372514
2039-11-10,10.5,0.0,39.3,8.9,4882.01,5212.16,0,0.0,0.0,0.0,0.163638,0.346482
2039-11-11,11.1,0.0,42.3,9.6,5049.2,6291.28,0,0.0,0.0,0.0,0.178619,0.20493
2039-11-12,11.2,0.0,32.0,12.2,5015.01,5263.22,0,0.0,0.0,0.0,0.180028,0.381764
2039-11-13,10.7,0.0,32.7,10.2,4994.45,5025.22,0,0.0,0.0,0.0,0.162612,0.412254
2039-11-14,10.4,0.0,27.8,12.0,5002.39,5404.08,0,0.0,0.0,0.0,0.165336,0.335352
2039-11-15,10.0,6.8,31.7,14.8,5008.94,5491.04,0,0.0,0.0,0.0,0.199914,0.354209
2039-11-16,9.1,0.0,42.2,12.9,4988.9,5332.95,0,0.0,0.0,0.0,0.190712,0.372188
2039-11-17,9.4,0.0,37.0,9.6,5058.33,5361.25,0,0.0,0.0,0.0,0.157477,0.348307
2039-11-18,8.0,0.0,26.4,9.4,4973.53,5686.64,0,0.0,0.0,0.0,0.126831,0.237228
2039-11-19,13.5,0.9,38.4,11.3,5330.23,6052.51,0,0.0,0.0,0.0,0.201341,0.318818
2039-11-20,9.7,0.0,47.1,10.2,4817.19,5022.51,0,0.0,0.0,0.0,0.183021,0.392088
2039-11-21,8.3,14.1,36.8,11.4,4975.31,5022.38,0,0.0,0.0,0.0,0.180944,0.426793
2039-11-22,7.3,0.0,31.8,10.4,5011.44,5397.52,0,0.0,0.0,0.0,0.140058,0.313345
2039-11-23,11.6,5.0,39.3,10.0,5288.35,5336.47,0,0.0,0.0,0.0,0.185477,0.43174
2039-11-24,8.3,0.0,40.1,13.9,4863.59,5377.99,0,0.0,0.0,0.0,0.189218,0.334347
2039-11-25,9.1,0.0,39.2,11.8,5109.01,5500.95,0,0.0,0.0,0.0,0.176599,0.350212
2039-11-26,9.4,0.0,33.5,10.8,5074.74,6182.1,0,0.0,0.0,0.0,0.160173,0.207854
2039-11-27,9.7,0.0,32.9,18.4,5080.19,5805.73,0,0.0,0.0,0.0,0.219668,0.330568
2039-11-28,11.8,0.0,26.4,9.9,5163.05,5070.32,0,0.0,0.018289,0.0,0.155736,0.433876
2039-11-29,13.4,0.0,28.9,10.6,5119.36,5208.01,0,0.0,0.0,0.0,0.17637,0.413289
2039-11-30,11.4,0.0,36.8,14.5,4920.72,4573.42,1,0.692,0.075939,0.2584,0.208093,0.553534
2039-12-01,11.0,0.0,32.3,10.8,5642.65,5164.84,0,0.0,0.092512,0.0,0.168469,0.533258
2039-12-02,6.5,1.3,36.6,11.4,5413.1,5722.57,0,0.0,0.0,0.0,0.153087,0.346745
2039-12-03,6.9,0.0,33.8,14.2,5739.76,5595.58,0,0.0,0.025767,0.0,0.170492,0.457362
2039-12-04,5.4,7.7,37.3,11.5,5626.7,6489.81,0,0.0,0.0,0.0,0.155729,0.257261
2039-12-05,5.4,0.0,35.2,13.3,5731.77,6436.48,0,0.0,0.0,0.0,0.156286,0.285261
2039-12-06,2.4,0.0,38.8,12.8,5550.89,5733.5,0,0.0,0.0,0.0,0.139404,0.359013
2039-12-07,4.2,0.0,39.4,16.1,5867.41,6039.42,0,0.0,0.0,0.0,0.177856,0.401397
2039-12-08,1.4,0.0,35.1,12.3,5575.03,6375.49,0,0.0,0.0,0.0,0.122017,0.232237
2039-12-09,2.8,0.0,34.2,12.0,5861.46,6787.69,0,0.0,0.0,0.0,0.127242,0.224731
2039-12-10,1.2,0.0,35.1,16.9,5663.16,5613.59,0,0.0,0.008831,0.0,0.156192,0.423291
2039-12-11,0.7,0.0,31.5,11.7,5743.04,5646.24,0,0.0,0.017143,0.0,0.106023,0.382827
2039-12-12,4.2,0.0,40.9,13.6,5997.82,6183.94,0,0.0,0.0,0.0,0.161378,0.383032
2039-12-13,6.0,0.0,32.7,12.6,5848.87,6300.2,0,0.0,0.0,0.0,0.150152,0.323312
2039-12-14,8.5,0.0,34.8,14.3,5874.53,5978.15,0,0.0,0.0,0.0,0.183685,0.42024
2039-12-15,11.3,0.0,36.6,12.7,5863.87,6324.12,1,0.888,0.0,0.0521,0.19317,0.365
2039-12-16,8.9,0.0,37.3,12.2,5536.34,6493.4,0,0.0,0.0,0.0,0.174805,0.259532
2039-12-17,11.5,0.0,37.2,15.1,5847.91,5622.3,0,0.0,0.040128,0.0,0.214132,0.517767
2039-12-18,7.6,0.0,35.3,12.7,5452.74,5572.28,0,0.0,0.0,0.0,0.166344,0.39809
2039-12-19,9.0,0.0,44.3,14.7,5791.8,5575.3,0,0.0,0.038832,0.0,0.207879,0.510002
2039-12-20,7.6,0.0,36.6,16.3,5619.09,5603.89,0,0.0,0.002712,0.0,0.19656,0.456516
2039-12-21,5.6,0.0,35.1,15.0,5597.79,5773.75,0,0.0,0.0,0.0,0.170534,0.391746
2039-12-22,7.1,0.0,45.4,11.6,5822.64,5847.01,0,0.0,0.0,0.0,0.173499,0.425423
2039-12-23,9.0,0.0,32.7,12.5,5825.59,6307.71,0,0.0,0.0,0.0,0.169154,0.336715
2039-12-24,10.5,0.0,45.7,12.9,5778.17,6122.03,0,0.0,0.0,0.0,0.206503,0.397723
2039-12-25,10.2,0.0,26.9,14.6,5668.3,6058.5,0,0.0,0.0,0.0,0.182392,0.363995
2039-12-26,9.9,0.0,35.0,13.3,5662.58,5836.29,0,0.0,0.0,0.0,0.185572,0.407616
2039-12-27,10.4,0.0,28.8,16.5,5715.43,5923.93,0,0.0,0.0,0.0,0.201934,0.417636
2039-12-28,10.4,0.0,30.5,12.4,5677.77,5836.22,0,0.0,0.0,0.0,0.173485,0.398581
2039-12-29,10.9,0.0,39.7,15.5,5703.9,5899.75,1,0.5,0.0,0.0285,0.217951,0.435988
2039-12-30,10.6,0.0,39.1,14.0,5655.4,6087.46,0,0.0,0.0,0.0,0.203274,0.377207
2039-12-31,11.7,0.0,34.8,12.8,5732.1,5324.09,0,0.0,0.076635,0.0,0.193203,0.539456
2040-01-01,7.6,0.0,46.2,14.0,5425.08,5794.74,0,0.0,0.0,0.0,0.196813,0.379132
2040-01-02,7.4,0.5,44.0,19.6,5686.52,5659.62,0,0.0,0.004753,0.0,0.235189,0.497528
2040-01-03,4.7,0.0,38.1,13.9,5543.16,5701.98,1,0.525,0.0,0.0291,0.161739,0.386013
2040-01-04,5.9,10.7,32.2,13.3,5797.98,5517.5,0,0.0,0.050836,0.0,0.167011,0.483145
2040-01-05,9.6,0.0,43.6,14.6,5926.73,6089.15,0,0.0,0.0,0.0,0.20975,0.435401
2040-01-06,8.4,0.0,36.6,13.8,5600.69,5978.78,0,0.0,0.0,0.0,0.182543,0.365508
2040-01-07,8.6,0.0,40.6,13.0,5697.67,6146.62,0,0.0,0.0,0.0,0.185188,0.356711
2040-01-08,10.1,0.0,43.4,13.2,5762.63,5620.07,0,0.0,0.025366,0.0,0.201868,0.488271
2040-01-09,5.6,0.0,37.6,11.8,5401.29,5810.48,0,0.0,0.0,0.0,0.15053,0.325108
2040-01-10,5.2,0.0,46.2,19.1,5679.13,6370.88,0,0.0,0.0,0.0,0.220345,0.350379
2040-01-11,6.6,0.0,38.2,15.9,5793.67,5903.16,0,0.0,0.0,0.0,0.189882,0.425019
2040-01-12,1.3,2.8,43.7,12.7,5366.0,5634.61,0,0.0,0.0,0.0,0.143985,0.345123
2040-01-13,0.9,0.0,44.3,13.1,5715.21,5256.18,0,0.0,0.087333,0.0,0.142144,0.500885
2040-01-14,4.7,0.0,45.3,14.6,5974.25,5935.33,0,0.0,0.006556,0.0,0.18064,0.445085
2040-01-15,7.7,0.0,49.7,14.9,5872.29,6265.98,0,0.0,0.0,0.0,0.210979,0.394421
2040-01-16,8.8,0.0,37.1,13.5,5734.18,6366.05,0,0.0,0.0,0.0,0.183802,0.32472
2040-01-17,10.7,0.0,35.8,12.9,5766.94,5837.56,0,0.0,0.0,0.0,0.189258,0.431925
2040-01-18,11.0,0.0,40.2,12.3,5646.2,6878.04,0,0.0,0.0,0.0,0.194856,0.242567
2040-01-19,11.9,0.0,57.2,14.9,5678.31,6074.51,0,0.0,0.0,0.0,0.252725,0.433373
2040-01-20,10.9,2.6,49.7,12.7,5559.6,5391.58,0,0.0,0.031163,0.0,0.218268,0.511438
2040-01-21,11.0,0.0,39.8,14.9,5629.49,6367.48,0,0.0,0.0,0.0,0.214168,0.335656
2040-01-22,9.7,0.0,41.1,17.1,5538.64,5378.38,0,0.0,0.029798,0.0,0.225012,0.516587
2040-01-23,12.4,0.0,43.0,14.2,5782.68,6191.47,0,0.0,0.0,0.0,0.223994,0.403707
2040-01-24,15.1,0.0,44.7,12.6,5751.06,5701.93,0,0.0,0.008616,0.0,0.232633,0.499482
2040-01-25,17.1,0.0,46.9,12.0,5727.69,5524.25,0,0.0,0.036826,0.0,0.245311,0.545093
2040-01-26,15.1,0.0,47.4,12.4,5432.66,6033.6,0,0.0,0.0,0.0,0.236152,0.37667
2040-01-27,12.5,0.0,50.2,16.7,5409.41,5591.35,0,0.0,0.0,0.0,0.257444,0.476247
2040-01-28,14.9,0.0,54.5,20.7,5713.56,6620.4,0,0.0,0.0,0.0,0.31219,0.409073
2040-01-29,15.4,0.0,44.2,12.4,5589.74,5510.76,0,0.0,0.014332,0.0,0.23213,0.505651
2040-01-30,15.4,0.0,44.1,14.4,5554.22,5286.18,0,0.0,0.050704,0.0,0.247374,0.563358
2040-01-31,13.5,0.0,43.6,15.4,5435.92,5543.44,0,0.0,0.0,0.0,0.241629,0.475776
2040-02-01,14.2,0.0,44.3,16.3,5592.52,6890.55,0,0.0,0.0,0.0,0.2545,0.291377
2040-02-02,11.7,2.4,48.5,24.0,5408.72,5963.32,0,0.0,0.0,0.0,0.308239,0.456458
2040-02-03,13.3,0.0,49.5,12.1,5652.26,6132.11,0,0.0,0.0,0.0,0.22591,0.391348
2040-02-04,16.0,0.0,55.3,12.8,5727.52,6225.68,0,0.0,0.0,0.0,0.259983,0.423361
2040-02-05,18.8,0.0,43.4,12.6,5769.12,5881.36,0,0.0,0.0,0.0,0.254583,0.489094
2040-02-06,19.2,0.0,49.1,17.7,5616.91,6863.57,0,0.0,0.0,0.0,0.307259,0.352009
2040-02-07,15.4,0.0,43.4,15.4,5271.97,5687.71,0,0.0,0.0,0.0,0.253778,0.425237
2040-02-08,15.6,0.0,50.0,17.2,5532.56,5936.17,0,0.0,0.0,0.0,0.28136,0.458776
2040-02-09,19.6,0.0,61.6,12.6,5853.05,6508.86,0,0.0,0.0,0.0,0.293981,0.433148
2040-02-10,16.9,0.0,47.9,18.4,5356.68,5194.83,0,0.0,0.031156,0.0,0.29525,0.588412
2040-02-11,16.4,0.0,61.2,14.7,5490.24,5460.59,0,0.0,0.005428,0.0,0.288343,0.551472
2040-02-12,19.0,0.0,45.0,12.7,5733.23,5931.22,0,0.0,0.0,0.0,0.259673,0.477494
2040-02-13,19.6,0.0,47.3,14.4,5601.83,6231.77,0,0.0,0.0,0.0,0.281058,0.419841
2040-02-14,23.8,0.0,48.2,14.8,5994.32,5803.84,0,0.0,0.03282,0.0,0.313515,0.608619
2040-02-15,20.8,13.3,54.4,14.4,5379.08,5625.21,0,0.0,0.0,0.0,0.318507,0.524218
2040-02-16,17.9,0.0,49.8,16.4,5336.69,5533.31,0,0.0,0.0,0.0,0.289972,0.50528
2040-02-17,20.1,5.0,56.0,14.0,5701.98,5421.52,0,0.0,0.051731,0.0,0.30368,0.620861
2040-02-18,17.1,0.0,37.5,13.3,5302.68,5397.8,0,0.0,0.0,0.0,0.237717,0.473935
2040-02-19,16.7,0.0,46.7,12.5,5467.53,5927.69,0,0.0,0.0,0.0,0.246157,0.412323
2040-02-20,16.7,3.7,62.3,15.0,5489.17,5250.69,0,0.0,0.045419,0.0,0.299212,0.609024
2040-02-21,19.0,0.0,45.2,14.8,5670.94,6458.71,0,0.0,0.0,0.0,0.276252,0.390654
2040-02-22,20.0,0.0,50.8,12.7,5601.35,6046.59,0,0.0,0.0,0.0,0.27714,0.447968
2040-02-23,20.6,0.0,56.0,14.0,5575.42,5975.72,0,0.0,0.0,0.0,0.300875,0.479463
2040-02-24,19.4,0.0,53.1,12.9,5433.6,5708.08,0,0.0,0.0,0.0,0.27904,0.479694
2040-02-25,21.7,0.0,49.4,12.7,5700.48,5593.21,0,0.0,0.019177,0.0,0.28572,0.564899
2040-02-26,29.3,0.0,56.2,18.3,6524.25,6583.42,0,0.0,0.0,0.0,0.391774,0.638072
2040-02-27,28.7,0.0,58.5,12.6,5914.98,6345.57,0,0.0,0.0,0.0,0.34815,0.525724
2040-02-28,27.1,0.0,51.7,18.3,5741.52,5792.88,0,0.0,0.0,0.0,0.368835,0.615275
2040-02-29,23.1,0.0,57.0,14.5,5332.37,5662.39,0,0.0,0.0,0.0,0.323087,0.511838
2040-03-01,21.3,0.0,59.6,14.8,4659.16,4628.27,1,1.175,0.006674,0.0547,0.318412,0.582993
2040-03-02,20.7,3.1,61.9,12.2,4719.55,5089.75,0,0.0,0.0,0.0,0.30249,0.47437
2040-03-03,19.7,0.0,57.9,17.0,4673.82,5062.42,0,0.0,0.0,0.0,0.321654,0.488832
2040-03-04,20.0,0.0,64.9,12.0,4747.71,4498.24,0,0.0,0.055458,0.0,0.298176,0.619709
2040-03-05,23.9,0.0,57.0,13.7,5079.42,5354.93,0,0.0,0.0,0.0,0.322187,0.518914
2040-03-06,26.0,0.0,52.1,20.5,5085.41,4852.17,0,0.0,0.04807,0.0,0.37931,0.692216
2040-03-07,24.9,0.0,56.3,13.1,4837.04,4511.77,0,0.0,0.072094,0.0,0.322836,0.663788
2040-03-08,22.0,0.0,63.8,12.4,4577.82,4635.43,0,0.0,0.0,0.0,0.312382,0.554663
2040-03-09,24.9,0.0,53.6,12.5,5055.2,6198.71,0,0.0,0.0,0.0,0.313144,0.354577
2040-03-10,24.4,0.0,47.2,12.3,4834.08,5311.92,1,5.533,0.0,0.2675,0.296305,0.44808
2040-03-11,20.8,0.0,61.1,12.0,4503.97,5124.18,0,0.0,0.0,0.0,0.296324,0.411816
2040-03-12,22.8,0.0,56.9,15.2,4882.57,5313.85,0,0.0,0.0,0.0,0.326323,0.488365
2040-03-13,25.1,0.0,70.7,14.1,5017.59,5333.41,0,0.0,0.0,0.0,0.35887,0.546532
2040-03-14,20.1,0.0,61.1,12.7,4404.31,4872.97,0,0.0,0.0,0.0,0.297111,0.441626
2040-03-15,19.4,0.0,66.3,13.2,4632.5,4677.47,1,1.846,0.0,0.0855,0.306105,0.551671
2040-03-16,20.3,0.0,58.0,11.1,4734.26,5111.31,0,0.0,0.0,0.0,0.280271,0.450944
2040-03-17,22.7,0.0,63.7,10.9,4881.85,5487.97,0,0.0,0.0,0.0,0.305235,0.433091
2040-03-18,22.3,0.0,63.0,13.3,4687.73,5128.67,0,0.0,0.0,0.0,0.319804,0.476226
2040-03-19,21.4,0.0,68.3,11.6,4631.42,5225.61,0,0.0,0.0,0.0,0.310692,0.43474
2040-03-20,23.8,0.4,62.8,15.1,4923.51,5226.33,0,0.0,0.0,0.0,0.343693,0.532842
2040-03-21,23.4,0.0,59.5,11.2,4735.72,5477.33,0,0.0,0.0,0.0,0.304288,0.403016
2040-03-22,25.2,0.0,67.6,10.6,4950.82,5133.41,0,0.0,0.0,0.0,0.326711,0.541978
2040-03-23,23.4,0.0,59.1,10.8,4643.04,5494.64,0,0.0,0.0,0.0,0.300452,0.376309
2040-03-24,21.5,0.0,58.9,12.9,4557.29,4949.85,0,0.0,0.0,0.0,0.303757,0.467963
2040-03-25,24.2,0.0,63.1,10.7,4943.12,5070.71,0,0.0,0.0,0.0,0.312454,0.53987
2040-03-26,25.5,0.0,62.0,12.2,4919.99,4800.51,0,0.0,0.02489,0.0,0.330534,0.616379
2040-03-27,27.9,0.4,64.2,10.5,6134.23,6128.68,0,0.0,0.000904,0.0,0.337849,0.595696
2040-03-28,27.0,1.0,61.2,11.2,4861.07,4810.32,0,0.0,0.01055,0.0,0.332425,0.601531
2040-03-29,25.8,0.0,70.2,12.0,4777.65,4989.83,0,0.0,0.0,0.0,0.346343,0.553492
2040-03-30,29.2,2.3,71.0,13.0,5228.67,5070.45,0,0.0,0.031204,0.0,0.380776,0.673994
2040-03-31,26.3,6.1,70.9,10.9,4688.91,5305.24,0,0.0,0.0,0.0,0.349906,0.471074
2040-04-01,29.5,0.0,69.1,11.2,5224.03,5521.68,0,0.0,0.0,0.0,0.362496,0.556356
2040-04-02,32.3,0.0,56.5,10.6,5345.08,5635.95,0,0.0,0.0,0.0,0.352697,0.549238
2040-04-03,33.6,10.9,69.4,10.9,5324.74,5200.03,0,0.0,0.023981,0.0,0.401067,0.685854
2040-04-04,31.7,0.0,70.6,11.5,5012.98,5020.75,0,0.0,0.0,0.0,0.382124,0.637107
2040-04-05,29.9,9.7,75.7,11.9,4926.49,4483.68,0,0.0,0.09876,0.0,0.394743,0.766826
2040-04-06,29.8,0.0,65.9,12.5,5014.6,5776.43,0,0.0,0.0,0.0,0.368504,0.47133
2040-04-07,27.6,0.0,73.7,11.7,4769.99,4582.45,0,0.0,0.040925,0.0,0.362455,0.667022
2040-04-08,26.5,0.0,69.0,10.2,4779.03,4613.96,0,0.0,0.035776,0.0,0.334818,0.633373
2040-04-09,29.0,7.4,56.6,11.2,5113.02,5823.88,0,0.0,0.0,0.0,0.344791,0.459088
2040-04-10,31.0,0.0,67.5,15.6,5191.19,5577.51,0,0.0,0.0,0.0,0.403333,0.579264
2040-04-11,29.3,0.0,64.0,9.8,4869.1,5149.59,0,0.0,0.0,0.0,0.340812,0.534015
2040-04-12,31.4,0.0,65.4,11.6,5210.79,5583.04,0,0.0,0.0,0.0,0.371168,0.550121
2040-04-13,32.7,0.0,74.0,14.7,5226.88,5802.34,0,0.0,0.0,0.0,0.419782,0.560792
2040-04-14,35.9,0.0,70.5,10.7,5517.28,5827.86,0,0.0,0.0,0.0,0.403447,0.598023
2040-04-15,36.6,13.5,70.0,11.3,5395.37,5140.48,0,0.0,0.049585,0.0,0.428225,0.7429
2040-04-16,38.3,0.0,66.1,10.5,5539.92,6072.81,0,0.0,0.0,0.0,0.409473,0.563823
2040-04-17,38.5,0.0,71.9,11.9,5453.96,5871.77,0,0.0,0.0,0.0,0.432469,0.606192
2040-04-18,39.7,0.0,69.0,10.9,5582.01,6273.11,0,0.0,0.0,0.0,0.427225,0.555404
2040-04-19,36.2,0.0,73.6,9.8,5085.35,4939.43,0,0.0,0.029541,0.0,0.404293,0.69557
2040-04-20,35.7,0.0,66.3,9.5,5251.35,5272.63,0,0.0,0.0,0.0,0.384995,0.637073
2040-04-21,35.6,1.6,69.1,13.1,5260.64,5653.62,0,0.0,0.0,0.0,0.419315,0.59496
2040-04-22,35.1,5.9,66.7,9.1,5209.43,5159.91,0,0.0,0.009595,0.0,0.385902,0.653896
2040-04-23,36.2,0.0,68.3,12.0,5360.04,4833.53,0,0.0,0.108929,0.0,0.41133,0.795283
2040-04-24,37.5,0.0,82.1,9.2,5440.61,5780.28,0,0.0,0.0,0.0,0.424169,0.612358
2040-04-25,38.1,0.0,67.7,9.8,5424.9,6002.03,0,0.0,0.0,0.0,0.405754,0.550292
2040-04-26,37.4,0.0,69.3,17.7,5306.88,5529.12,0,0.0,0.0,0.0,0.465097,0.674964
2040-04-27,35.9,0.0,67.7,8.5,5161.7,5598.03,0,0.0,0.0,0.0,0.381222,0.547021
2040-04-28,38.3,0.0,71.1,11.2,5546.14,5964.38,0,0.0,0.0,0.0,0.424249,0.599177
2040-04-29,38.8,0.0,71.8,13.5,5444.94,5720.78,0,0.0,0.0,0.0,0.446604,0.647105
2040-04-30,36.6,0.0,78.4,9.1,5142.69,5443.88,0,0.0,0.0,0.0,0.410528,0.60273
2040-05-01,36.4,0.7,70.7,10.7,5266.42,5977.36,0,0.0,0.0,0.0,0.407972,0.525913
2040-05-02,33.3,0.0,73.3,10.0,4908.52,4855.77,0,0.0,0.010865,0.0,0.386158,0.65563
2040-05-03,34.3,0.0,63.5,10.2,5222.94,5738.45,0,0.0,0.0,0.0,0.375918,0.527835
2040-05-04,34.8,0.0,68.7,9.5,5205.24,5078.25,1,0.541,0.025005,0.0704,0.383562,0.669545
2040-05-05,34.4,0.0,78.6,8.7,5131.22,5130.85,0,0.0,7.1e-05,0.0,0.393316,0.65019
2040-05-06,38.5,0.0,69.0,12.8,5632.61,6338.62,0,0.0,0.0,0.0,0.433976,0.560738
2040-05-07,36.3,0.0,77.3,11.5,5109.8,4975.82,0,0.0,0.026925,0.0,0.425007,0.713231
2040-05-08,38.3,0.0,68.9,8.5,5483.19,5673.89,0,0.0,0.0,0.0,0.399291,0.616844
2040-05-09,42.9,0.0,72.8,9.8,5907.91,7082.19,0,0.0,0.0,0.0,0.446955,0.510181
2040-05-10,44.4,0.0,82.4,9.4,5782.22,6444.92,0,0.0,0.0,0.0,0.471755,0.608507
2040-05-11,43.4,0.0,77.6,8.7,5557.94,5577.71,0,0.0,0.0,0.0,0.450763,0.703415
2040-05-12,40.5,0.0,64.3,9.0,5267.48,5343.08,0,0.0,0.0,0.0,0.409025,0.649297
2040-05-13,37.7,2.0,90.7,10.0,5128.13,5329.57,0,0.0,0.0,0.0,0.450226,0.662892
2040-05-14,37.4,9.1,71.3,9.0,5269.33,5968.32,0,0.0,0.0,0.0,0.41282,0.532888
2040-05-15,36.6,0.0,83.6,7.4,5195.47,5127.39,0,0.0,0.013278,0.0,0.407161,0.679451
2040-05-16,36.0,0.0,72.2,7.5,5167.98,5080.56,0,0.0,0.017208,0.0,0.382602,0.659479
2040-05-17,36.3,0.0,68.3,10.2,5241.58,5739.22,0,0.0,0.0,0.0,0.398101,0.553667
2040-05-18,37.0,0.0,72.3,7.1,5303.68,5007.14,1,1.088,0.059223,0.3419,0.386295,0.712222
2040-05-19,38.8,0.9,71.6,8.7,5466.84,5426.39,0,0.0,0.007453,0.0,0.410291,0.675783
2040-05-20,36.8,0.0,71.9,9.4,5115.13,5343.47,0,0.0,0.0,0.0,0.401974,0.608878
2040-05-21,36.4,0.0,75.0,8.7,5188.78,5437.16,0,0.0,0.0,0.0,0.399748,0.603209
2040-05-22,37.1,0.0,77.2,7.0,5298.3,5107.71,0,0.0,0.037313,0.0,0.39537,0.695721
2040-05-23,37.6,0.0,81.9,6.6,5311.47,5695.41,0,0.0,0.0,0.0,0.404392,0.582485
2040-05-24,42.1,9.5,78.3,6.7,5817.57,6311.41,0,0.0,0.0,0.0,0.439665,0.605111
2040-05-25,42.5,0.2,75.4,8.5,5567.52,5613.53,0,0.0,0.0,0.0,0.439406,0.686628
2040-05-26,39.2,0.0,71.3,6.4,5142.02,5937.12,0,0.0,0.0,0.0,0.39352,0.493971
2040-05-27,40.6,0.0,73.6,7.6,5525.26,5919.73,0,0.0,0.0,0.0,0.416319,0.595317
2040-05-28,42.0,0.0,72.5,9.6,5600.2,5525.68,0,0.0,0.013486,0.0,0.438917,0.711451
2040-05-29,41.8,0.0,68.1,9.7,5481.74,6315.57,0,0.0,0.0,0.0,0.43012,0.532781
2040-05-30,39.5,3.3,88.6,7.4,5217.88,5306.75,0,0.0,0.0,0.0,0.439677,0.676917
2040-05-31,43.6,0.0,76.2,8.9,5864.61,6223.93,0,0.0,0.0,0.0,0.450999,0.640393
2040-06-01,41.2,8.9,78.5,6.6,6420.3,6544.42,0,0.0,0.0,0.0,0.432604,0.667253
2040-06-02,42.8,0.0,81.1,9.1,6839.75,7450.69,0,0.0,0.0,0.0,0.456457,0.617523
2040-06-03,43.2,22.1,67.6,8.8,6765.56,6898.6,0,0.0,0.0,0.0,0.45843,0.692707
2040-06-04,44.3,0.0,86.1,7.3,6897.93,7059.93,0,0.0,0.0,0.0,0.46183,0.691832
2040-06-05,47.4,18.4,75.2,6.5,7272.66,7563.0,0,0.0,0.0,0.0,0.478103,0.690077
2040-06-06,47.6,0.0,70.4,7.0,7044.32,7173.78,0,0.0,0.0,0.0,0.451829,0.687552
2040-06-07,45.5,0.0,72.1,7.5,6716.51,7505.87,0,0.0,0.0,0.0,0.445033,0.579052
2040-06-08,47.2,0.0,79.7,9.5,7138.45,6929.71,0,0.0,0.030122,0.0,0.48592,0.777875
2040-06-09,45.1,0.0,85.4,6.6,6683.62,7002.16,0,0.0,0.0,0.0,0.460389,0.664072
2040-06-10,45.0,0.0,82.9,8.3,6841.41,7222.04,1,0.5,0.0,0.0342,0.46816,0.663423
2040-06-11,42.0,0.0,72.2,6.5,6411.25,6681.48,0,0.0,0.0,0.0,0.414434,0.624009
2040-06-12,40.2,0.0,65.5,8.2,6383.01,7091.54,0,0.0,0.0,0.0,0.403125,0.543278
2040-06-13,40.8,0.0,72.4,6.2,6625.0,6328.54,0,0.0,0.046845,0.0,0.404585,0.716062
2040-06-14,42.0,0.0,71.2,10.4,6743.65,7322.12,0,0.0,0.0,0.0,0.442652,0.607214
2040-06-15,38.8,0.0,66.0,9.4,6189.67,6013.68,0,0.0,0.029264,0.0,0.404094,0.695048
2040-06-16,40.7,15.3,80.9,6.8,6708.82,6829.22,0,0.0,0.0,0.0,0.443161,0.67937
2040-06-17,39.5,0.0,74.1,5.4,6393.86,6170.68,0,0.0,0.036167,0.0,0.393031,0.692043
2040-06-18,42.8,4.4,77.6,6.1,6964.28,7166.79,0,0.0,0.0,0.0,0.432115,0.655918
2040-06-19,42.1,20.1,82.5,7.2,6604.12,6693.76,0,0.0,0.0,0.0,0.464331,0.705488
2040-06-20,40.0,0.0,77.2,9.2,6356.26,7330.11,0,0.0,0.0,0.0,0.43146,0.533154
2040-06-21,40.8,1.9,73.8,5.5,6629.84,7062.15,0,0.0,0.0,0.0,0.404127,0.589454
2040-06-22,39.4,7.3,83.5,7.9,6370.35,6865.37,1,0.5,0.0,0.0319,0.438194,0.61081
2040-06-23,42.6,0.0,70.9,6.9,6952.57,6815.1,0,0.0,0.020172,0.0,0.419038,0.699376
2040-06-24,42.7,0.0,70.0,5.9,6702.31,7349.92,0,0.0,0.0,0.0,0.410294,0.564223
2040-06-25,42.4,51.1,84.7,6.4,6657.97,7754.8,1,1.088,0.0,0.0724,0.502084,0.593758
2040-06-26,43.6,0.0,75.6,5.4,6863.33,7582.63,0,0.0,0.0,0.0,0.422868,0.568916
2040-06-27,41.4,23.0,81.9,7.3,6442.14,6231.76,0,0.0,0.033759,0.0,0.462902,0.759103
2040-06-28,39.1,0.9,71.1,6.6,6283.8,6414.25,0,0.0,0.0,0.0,0.395127,0.628175
2040-06-29,40.6,18.5,75.5,5.6,6686.52,7066.55,0,0.0,0.0,0.0,0.427022,0.621031
2040-06-30,38.8,9.2,81.1,10.6,6307.61,6393.64,0,0.0,0.0,0.0,0.45289,0.693972
2040-07-01,37.3,0.0,65.5,7.3,6240.82,7548.76,0,0.0,0.0,0.0,0.377065,0.431585
2040-07-02,40.0,0.0,85.6,7.1,6743.13,6875.4,0,0.0,0.0,0.0,0.431006,0.665337
2040-07-03,41.5,0.0,70.2,6.1,6751.7,7070.85,0,0.0,0.0,0.0,0.404302,0.6084
2040-07-04,39.1,0.0,70.5,6.4,6290.73,6367.38,0,0.0,0.0,0.0,0.39136,0.634097
2040-07-05,38.4,0.0,73.2,4.9,6383.59,6795.94,0,0.0,0.0,0.0,0.380235,0.566192
2040-07-06,37.3,0.0,73.8,5.5,6278.82,7139.58,0,0.0,0.0,0.0,0.378739,0.494785
2040-07-07,41.8,46.9,79.4,7.6,7015.75,7417.3,0,0.0,0.0,0.0,0.492327,0.685917
2040-07-08,43.6,0.0,72.4,7.5,6926.89,7177.66,0,0.0,0.0,0.0,0.433072,0.649076
2040-07-09,42.3,0.0,65.8,4.8,6599.41,6482.89,0,0.0,0.017974,0.0,0.391295,0.669067
2040-07-10,43.3,3.0,68.0,5.0,6846.13,7709.82,0,0.0,0.0,0.0,0.407214,0.533226
2040-07-11,40.2,9.3,64.4,7.1,6319.2,6577.95,0,0.0,0.0,0.0,0.403922,0.614791
2040-07-12,39.0,6.8,72.2,7.1,6400.19,6644.92,0,0.0,0.0,0.0,0.407587,0.621382
2040-07-13,39.7,0.0,68.7,5.0,6584.85,5943.8,0,0.0,0.107853,0.0,0.381138,0.763834
2040-07-14,40.8,0.0,59.3,7.5,6704.54,6986.04,0,0.0,0.0,0.0,0.390053,0.599803
2040-07-15,40.6,0.0,65.7,4.9,6586.29,6749.17,0,0.0,0.0,0.0,0.380673,0.60929
2040-07-16,41.1,32.8,76.9,5.6,6677.92,6243.6,0,0.0,0.069563,0.0,0.45039,0.788387
2040-07-17,41.1,85.3,94.2,14.4,6644.18,7538.43,0,0.0,0.0,0.0,0.614784,0.73309
2040-07-18,40.6,0.0,62.0,7.3,6573.18,6680.19,0,0.0,0.0,0.0,0.392254,0.630343
2040-07-19,39.9,8.1,68.6,8.0,6515.0,7618.78,0,0.0,0.0,0.0,0.4153,0.502961
2040-07-20,39.1,4.3,63.4,5.2,6453.01,7350.69,0,0.0,0.0,0.0,0.374035,0.48826
2040-07-21,39.7,0.0,71.2,6.6,6609.87,6640.58,0,0.0,0.0,0.0,0.398171,0.649562
2040-07-22,40.5,0.0,64.0,11.1,6682.35,7592.94,0,0.0,0.0,0.0,0.424666,0.541454
2040-07-23,40.6,0.0,69.6,8.5,6644.91,7651.37,0,0.0,0.0,0.0,0.415764,0.518994
2040-07-24,38.0,0.0,65.0,4.6,6256.67,6349.15,1,1.003,0.0,0.0628,0.359909,0.599695
2040-07-25,36.2,15.1,61.7,5.8,6211.31,6117.78,0,0.0,0.015288,0.0,0.36954,0.644177
2040-07-26,37.5,0.0,65.8,6.2,6540.34,5979.26,0,0.0,0.093837,0.0,0.370459,0.736795
2040-07-27,40.7,0.0,60.0,5.6,6902.04,7412.57,0,0.0,0.0,0.0,0.376046,0.552433
2040-07-28,40.5,0.0,71.2,5.9,6631.18,6556.12,0,0.0,0.011449,0.0,0.398043,0.668198
2040-07-29,39.2,34.5,83.0,7.0,6460.42,6950.51,0,0.0,0.0,0.0,0.46218,0.636655
2040-07-30,39.4,0.0,68.2,7.8,6594.49,6688.29,0,0.0,0.0,0.0,0.399828,0.640246
2040-07-31,36.8,8.1,63.5,7.6,6211.48,6216.93,0,0.0,0.0,0.0,0.382217,0.637984
2040-08-01,39.6,0.0,64.5,7.1,6817.18,6916.89,0,0.0,0.0,0.0,0.388807,0.628768
2040-08-02,39.5,0.0,65.6,4.6,6591.69,6381.49,0,0.0,0.032939,0.0,0.370921,0.666164
2040-08-03,37.7,0.0,69.2,6.9,6342.21,6434.79,0,0.0,0.0,0.0,0.383553,0.623547
2040-08-04,37.2,5.4,63.9,4.9,6416.93,6439.99,0,0.0,0.0,0.0,0.361476,0.614086
2040-08-05,36.0,0.0,65.2,4.6,6292.9,6601.94,0,0.0,0.0,0.0,0.347101,0.549244
2040-08-06,38.7,5.2,55.8,5.2,6774.69,7157.92,0,0.0,0.0,0.0,0.358247,0.552535
2040-08-07,37.8,0.0,63.8,4.4,6437.5,6324.95,0,0.0,0.017795,0.0,0.354797,0.63236
2040-08-08,37.7,0.1,57.9,5.0,6502.37,7278.43,0,0.0,0.0,0.0,0.347827,0.480143
2040-08-09,38.4,11.8,65.1,6.1,6616.35,6880.66,0,0.0,0.0,0.0,0.388704,0.60065
2040-08-10,36.3,0.0,56.4,7.9,6265.4,7171.71,0,0.0,0.0,0.0,0.358041,0.467303
2040-08-11,36.5,2.1,63.9,7.4,6454.29,6875.03,0,0.0,0.0,0.0,0.372126,0.557473
2040-08-12,36.7,0.0,64.1,5.6,6479.11,6831.27,0,0.0,0.0,0.0,0.357368,0.553977
2040-08-13,33.2,55.9,73.4,5.3,5973.1,6147.87,0,0.0,0.0,0.0,0.417625,0.641228
2040-08-14,33.9,0.0,55.9,4.3,6345.14,6908.18,0,0.0,0.0,0.0,0.313507,0.47515
2040-08-15,33.8,6.4,64.4,9.6,6284.16,6611.66,0,0.0,0.0,0.0,0.377489,0.576453
2040-08-16,34.1,0.0,67.4,8.6,6331.19,6990.16,0,0.0,0.0,0.0,0.369567,0.516305
2040-08-17,34.0,0.0,68.9,6.4,6308.74,7261.95,0,0.0,0.0,0.0,0.354745,0.458301
2040-08-18,34.4,0.0,60.9,7.9,6369.54,6396.35,0,0.0,0.0,0.0,0.353955,0.605852
2040-08-19,36.8,1.2,60.3,6.1,6688.81,7281.76,0,0.0,0.0,0.0,0.356225,0.517954
2040-08-20,33.6,0.0,51.7,4.8,6061.25,6587.75,0,0.0,0.0,0.0,0.307512,0.471002
2040-08-21,32.7,0.0,64.5,4.6,6178.13,6665.34,0,0.0,0.0,0.0,0.324037,0.495495
2040-08-22,33.9,9.1,48.2,6.4,6423.34,6569.2,1,3.472,0.0,0.223,0.326376,0.557245
2040-08-23,34.4,0.0,63.2,11.0,6411.59,6565.36,0,0.0,0.0,0.0,0.382187,0.611635
2040-08-24,34.8,0.0,57.0,4.4,6426.16,6511.09,0,0.0,0.0,0.0,0.322273,0.563836
2040-08-25,39.6,0.0,44.4,6.6,7101.47,7186.45,0,0.0,0.0,0.0,0.347262,0.590247
2040-08-26,39.1,4.1,58.9,6.2,6657.03,6637.54,0,0.0,0.002936,0.0,0.37307,0.633288
2040-08-27,39.7,24.4,61.2,6.9,6786.91,7081.58,0,0.0,0.0,0.0,0.411506,0.619719
2040-08-28,37.2,0.0,53.3,6.2,6389.79,6404.21,1,0.525,0.0,0.0336,0.345044,0.599205
2040-08-29,33.8,0.0,53.8,12.2,6105.35,6578.19,0,0.0,0.0,0.0,0.369867,0.542744
2040-08-30,32.3,0.0,54.7,4.8,6165.11,6495.49,0,0.0,0.0,0.0,0.304569,0.501981
2040-08-31,33.2,0.0,54.4,5.6,6399.02,6787.15,0,0.0,0.0,0.0,0.316111,0.506142
2040-09-01,33.2,2.6,47.4,6.1,5404.2,5581.3,0,0.0,0.0,0.0,0.310017,0.529764
2040-09-02,33.1,14.1,59.3,5.0,5399.66,5693.08,0,0.0,0.0,0.0,0.337213,0.533835
2040-09-03,31.8,0.0,51.6,7.9,5250.18,5430.89,0,0.0,0.0,0.0,0.31938,0.537325
2040-09-04,30.3,0.0,61.0,5.9,5166.76,5678.85,0,0.0,0.0,0.0,0.311686,0.463206
2040-09-05,29.5,0.0,57.1,5.8,5165.97,5280.29,0,0.0,0.0,0.0,0.298329,0.529844
2040-09-06,30.6,0.0,57.3,8.2,5350.94,5745.09,0,0.0,0.0,0.0,0.324473,0.501172
2040-09-07,31.6,12.9,64.6,6.4,5409.4,5234.67,0,0.0,0.03338,0.0,0.346602,0.642359
2040-09-08,28.7,5.4,56.8,5.5,5006.79,5481.74,0,0.0,0.0,0.0,0.296767,0.452411
2040-09-09,29.8,4.3,51.8,5.5,5324.82,5403.45,0,0.0,0.0,0.0,0.293301,0.533103
2040-09-10,27.8,0.0,38.3,6.6,5027.27,4989.7,0,0.0,0.007529,0.0,0.258047,0.523627
2040-09-11,28.4,1.1,52.2,8.9,5223.34,5109.76,0,0.0,0.022228,0.0,0.307153,0.589892
2040-09-12,27.5,0.0,59.0,5.9,5086.14,4950.19,0,0.0,0.027463,0.0,0.28948,0.578331
2040-09-13,30.2,23.2,60.3,7.6,5466.71,5574.23,0,0.0,0.0,0.0,0.351138,0.58541
2040-09-14,28.4,7.1,49.0,8.7,5086.28,5820.8,0,0.0,0.0,0.0,0.30693,0.416407
2040-09-15,28.0,16.8,53.9,8.2,5162.72,5211.61,0,0.0,0.0,0.0,0.321458,0.567297
2040-09-16,28.5,0.0,46.3,6.3,5248.61,4780.55,0,0.0,0.097909,0.0,0.275346,0.646435
2040-09-17,25.9,35.5,59.1,8.3,4920.4,5279.71,0,0.0,0.0,0.0,0.340954,0.518297
2040-09-18,25.4,0.0,45.9,8.7,5022.28,4920.84,0,0.0,0.020615,0.0,0.272681,0.553536
2040-09-19,24.5,0.0,55.3,5.8,4958.03,5460.44,0,0.0,0.0,0.0,0.261997,0.411375
2040-09-20,23.2,17.0,52.6,6.4,4870.78,4985.11,0,0.0,0.0,0.0,0.273738,0.503754
2040-09-21,22.3,0.0,48.7,7.0,4846.97,5005.64,0,0.0,0.0,0.0,0.244381,0.464166
2040-09-22,24.6,32.6,51.1,6.6,5168.79,5817.11,1,0.5,0.0,0.0258,0.30073,0.427412
2040-09-23,23.0,22.6,50.4,6.1,4850.51,5281.8,0,0.0,0.0,0.0,0.272812,0.434277
2040-09-24,23.9,73.6,59.1,13.6,5059.01,4963.86,0,0.0,0.019167,0.0,0.415153,0.69432
2040-09-25,24.1,0.0,53.3,7.1,5029.34,4932.51,0,0.0,0.019631,0.0,0.265642,0.545349
2040-09-26,20.8,0.0,43.3,7.2,4694.64,4401.87,0,0.0,0.06651,0.0,0.225912,0.560346
2040-09-27,21.9,50.5,59.0,8.6,4976.32,6101.68,0,0.0,0.0,0.0,0.335018,0.376499
2040-09-28,18.9,0.0,37.5,7.4,4692.21,4671.8,0,0.0,0.00437,0.0,0.204056,0.465946
2040-09-29,20.5,0.0,38.8,6.4,4992.33,5609.87,0,0.0,0.0,0.0,0.209324,0.337605
2040-09-30,19.4,0.0,43.4,9.3,4825.44,4904.9,0,0.0,0.0,0.0,0.233075,0.470953
2040-10-01,19.5,0.0,42.8,7.5,4901.23,4812.86,0,0.0,0.018362,0.0,0.21872,0.496945
2040-10-02,17.0,0.0,45.3,8.3,4709.74,4951.63,0,0.0,0.0,0.0,0.213102,0.412864
2040-10-03,17.7,0.0,53.9,7.6,4917.99,5062.68,0,0.0,0.0,0.0,0.22844,0.451866
2040-10-04,19.8,12.3,36.5,7.2,5036.26,5542.5,0,0.0,0.0,0.0,0.221578,0.37174
2040-10-05,18.0,0.0,48.1,7.7,4781.38,5265.76,0,0.0,0.0,0.0,0.220314,0.369719
2040-10-06,16.9,0.0,45.5,9.4,4810.75,4872.43,0,0.0,0.0,0.0,0.221306,0.463318
2040-10-07,18.0,0.0,39.6,10.5,4966.83,4764.59,0,0.0,0.042445,0.0,0.225982,0.532324
2040-10-08,19.0,0.0,40.3,7.9,4970.5,4844.15,0,0.0,0.026084,0.0,0.213824,0.501063
2040-10-09,13.8,0.0,47.8,8.8,4569.43,4140.84,0,0.0,0.103503,0.0,0.200556,0.578176
2040-10-10,18.6,0.0,41.6,7.0,5196.26,5366.23,1,1.444,0.0,0.075,0.20668,0.426494
2040-10-11,19.3,0.0,40.0,7.0,4977.7,5222.88,0,0.0,0.0,0.0,0.208294,0.410282
2040-10-12,20.2,0.0,36.1,9.3,5002.45,4892.4,0,0.0,0.022493,0.0,0.224661,0.507711
2040-10-13,19.2,0.0,37.0,9.7,4878.9,4734.44,0,0.0,0.030514,0.0,0.222843,0.515253
2040-10-14,14.9,0.0,34.8,7.7,4629.58,4856.36,0,0.0,0.0,0.0,0.174943,0.377218
2040-10-15,16.4,0.0,45.1,7.9,4999.18,5050.11,0,0.0,0.0,0.0,0.205686,0.450703
2040-10-16,15.2,0.0,36.5,11.6,4816.92,4993.15,0,0.0,0.0,0.0,0.210201,0.425788
2040-10-17,16.3,0.0,34.2,9.2,4979.96,5113.74,0,0.0,0.0,0.0,0.19462,0.42087
2040-10-18,15.6,0.0,40.8,8.4,4867.84,5187.51,0,0.0,0.0,0.0,0.196209,0.38106
2040-10-19,16.0,0.0,35.6,10.9,4934.99,5005.99,0,0.0,0.0,0.0,0.208385,0.448618
2040-10-20,14.1,0.0,47.2,7.9,4807.61,4899.96,0,0.0,0.0,0.0,0.194464,0.429252
2040-10-21,15.9,3.7,40.4,12.4,5027.07,4682.44,0,0.0,0.073599,0.0,0.232815,0.575526
2040-10-22,13.2,0.0,40.1,9.2,4767.84,4991.11,0,0.0,0.0,0.0,0.18525,0.389818
2040-10-23,17.8,0.0,39.9,8.3,5230.1,5520.83,0,0.0,0.0,0.0,0.20825,0.403564
2040-10-24,21.5,0.0,41.5,12.9,5228.98,5431.89,0,0.0,0.0,0.0,0.271132,0.484313
2040-10-25,23.1,0.0,42.0,8.0,5185.24,6069.04,1,0.5,0.0,0.0259,0.244807,0.331595
2040-10-26,23.7,0.0,38.4,8.8,5156.69,5467.4,0,0.0,0.0,0.0,0.248185,0.438632
2040-10-27,21.4,0.0,33.0,12.0,4887.57,5083.77,0,0.0,0.0,0.0,0.247591,0.459327
2040-10-28,22.0,0.0,37.1,9.1,5071.48,5484.53,0,0.0,0.0,0.0,0.236857,0.405728
2040-10-29,19.9,0.0,38.0,8.7,4885.86,5780.51,0,0.0,0.0,0.0,0.221616,0.297727
2040-10-30,15.2,0.0,29.4,11.0,4671.63,4979.59,0,0.0,0.0,0.0,0.192259,0.376852
2040-10-31,17.6,0.0,26.9,10.5,5120.97,4659.68,0,0.0,0.098997,0.0,0.199532,0.57189
2040-11-01,18.7,0.0,31.2,11.3,5065.94,5457.13,0,0.0,0.0,0.0,0.221018,0.394124
2040-11-02,17.2,0.0,27.3,10.9,4895.39,4869.0,0,0.0,0.005421,0.0,0.200732,0.463849
2040-11-03,13.6,0.0,34.5,11.9,4752.94,4414.93,0,0.0,0.076561,0.0,0.19822,0.544387
2040-11-04,12.0,17.3,37.2,10.7,4886.04,5652.88,0,0.0,0.0,0.0,0.204585,0.303011
2040-11-05,8.1,0.0,37.1,10.4,4792.11,5478.96,0,0.0,0.0,0.0,0.155268,0.265711
2040-11-06,10.6,0.0,40.1,12.8,5149.78,5113.6,0,0.0,0.007076,0.0,0.19589,0.46094
2040-11-07,7.4,0.0,37.8,15.7,4841.56,4809.54,0,0.0,0.006658,0.0,0.192862,0.457424
2040-11-08,8.6,0.0,38.4,10.8,5100.31,5406.79,0,0.0,0.0,0.0,0.164088,0.354705
2040-11-09,7.2,0.0,40.9,9.5,4962.24,4933.63,0,0.0,0.0058,0.0,0.149517,0.413077
2040-11-10,4.9,0.0,34.4,10.1,4927.13,5131.56,0,0.0,0.0,0.0,0.126799,0.337082
2040-11-11,6.4,0.0,22.9,9.3,5147.24,5173.34,0,0.0,0.0,0.0,0.10895,0.35985
2040-11-12,6.4,0.0,27.1,13.7,5059.52,5184.87,0,0.0,0.0,0.0,0.150776,0.379343
2040-11-13,8.7,1.8,38.7,10.1,5181.45,4982.09,0,0.0,0.040014,0.0,0.162104,0.465608
2040-11-14,6.3,6.9,38.4,10.2,4918.71,5420.88,0,0.0,0.0,0.0,0.152717,0.301363
2040-11-15,5.4,4.1,40.0,11.1,5018.53,5650.06,0,0.0,0.0,0.0,0.153313,0.279618
2040-11-16,1.4,4.8,50.9,9.9,4858.35,5070.6,0,0.0,0.0,0.0,0.13898,0.346904
2040-11-17,-1.5,0.0,36.5,10.1,4956.66,5193.18,0,0.0,0.0,0.0,0.088552,0.292173
2040-11-18,4.2,0.0,34.9,9.8,5443.21,5931.12,0,0.0,0.0,0.0,0.120807,0.281563
2040-11-19,9.2,0.0,37.0,9.9,5357.27,5625.78,0,0.0,0.0,0.0,0.158473,0.359545
2040-11-20,9.3,0.0,29.3,11.9,5053.67,5857.01,0,0.0,0.0,0.0,0.160127,0.256798
2040-11-21,7.5,4.2,40.0,11.7,4958.11,4794.83,0,0.0,0.034052,0.0,0.171906,0.46845
2040-11-22,7.0,4.6,35.4,10.6,5050.37,5576.82,0,0.0,0.0,0.0,0.151986,0.298574
2040-11-23,9.0,0.0,43.5,17.6,5179.27,5400.97,0,0.0,0.0,0.0,0.228756,0.437626
2040-11-24,7.8,0.0,27.1,11.5,4998.06,4894.92,0,0.0,0.021071,0.0,0.143028,0.424416
2040-11-25,8.3,10.5,37.7,14.4,5100.25,6077.29,0,0.0,0.0,0.0,0.201387,0.270495
2040-11-26,8.2,0.0,31.9,11.2,5064.66,6078.95,0,0.0,0.0,0.0,0.15235,0.214356
2040-11-27,7.0,0.0,29.7,10.2,5009.04,5193.89,0,0.0,0.0,0.0,0.1326,0.347842
2040-11-28,6.1,0.0,38.1,15.8,5037.26,5430.25,0,0.0,0.0,0.0,0.185627,0.357932
2040-11-29,7.0,0.0,33.4,17.3,5140.84,5245.28,0,0.0,0.0,0.0,0.194321,0.427867
2040-11-30,5.1,0.0,41.7,15.3,4991.84,5143.85,0,0.0,0.0,0.0,0.181928,0.404219
2040-12-01,6.5,0.0,32.4,12.2,5811.45,5687.39,0,0.0,0.021813,0.0,0.149798,0.432053
2040-12-02,5.7,3.0,33.8,12.6,5674.32,5500.37,0,0.0,0.031626,0.0,0.153897,0.447606
2040-12-03,6.3,0.0,45.1,11.7,5761.18,6718.58,0,0.0,0.0,0.0,0.168435,0.25887
2040-12-04,9.3,0.0,28.3,14.3,5891.61,6171.8,0,0.0,0.0,0.0,0.17677,0.380562
2040-12-05,8.5,0.0,31.2,12.4,5650.1,5950.61,0,0.0,0.0,0.0,0.162274,0.360109
2040-12-06,10.1,0.0,20.0,13.6,5790.24,5784.08,0,0.0,0.001064,0.0,0.16108,0.419113
2040-12-07,5.9,0.0,33.0,10.9,5441.11,5778.29,0,0.0,0.0,0.0,0.136938,0.325607
2040-12-08,5.2,0.0,38.7,11.6,5688.09,5433.61,0,0.0,0.046834,0.0,0.148413,0.459878
2040-12-09,5.6,0.0,37.4,13.9,5763.28,5770.51,0,0.0,0.0,0.0,0.166359,0.421686
2040-12-10,9.7,0.0,36.1,11.3,5971.51,5818.72,0,0.0,0.026258,0.0,0.170884,0.458328
2040-12-11,5.3,0.0,31.1,11.9,5427.67,6141.15,0,0.0,0.0,0.0,0.137137,0.258298
2040-12-12,5.4,0.0,34.6,12.4,5747.36,5436.61,0,0.0,0.05716,0.0,0.148216,0.471733
2040-12-13,8.6,2.5,34.2,13.1,5924.04,5780.15,1,0.5,0.024895,0.0737,0.17701,0.462861
2040-12-14,6.7,0.0,35.7,11.7,5593.35,5151.48,0,0.0,0.085774,0.0,0.153446,0.51037
2040-12-15,6.3,0.0,36.6,14.2,5702.6,5667.98,0,0.0,0.006108,0.0,0.171787,0.435707
2040-12-16,7.1,0.0,34.1,12.9,5774.15,5895.7,0,0.0,0.0,0.0,0.162342,0.395064
2040-12-17,7.5,0.0,36.1,11.0,5737.84,6378.18,0,0.0,0.0,0.0,0.154068,0.293656
2040-12-18,10.5,0.0,35.6,11.4,5887.92,6099.96,0,0.0,0.0,0.0,0.175991,0.392201
2040-12-19,10.7,15.0,36.6,11.4,5693.84,5831.25,0,0.0,0.0,0.0,0.197486,0.426767
2040-12-20,12.6,0.0,36.7,11.7,5787.71,6186.45,0,0.0,0.0,0.0,0.19421,0.375757
2040-12-21,10.8,0.0,30.1,14.3,5554.85,5677.6,0,0.0,0.0,0.0,0.190032,0.421583
2040-12-22,8.6,0.0,37.5,11.6,5549.9,6670.01,0,0.0,0.0,0.0,0.168573,0.229319
2040-12-23,7.8,0.0,31.2,19.4,5659.41,5731.67,0,0.0,0.0,0.0,0.211673,0.453745
2040-12-24,5.4,0.0,36.7,11.8,5563.57,5986.75,0,0.0,0.0,0.0,0.147524,0.321795
2040-12-25,6.7,0.0,39.3,12.5,5811.34,6404.48,0,0.0,0.0,0.0,0.166369,0.315042
2040-12-26,6.1,0.0,32.5,13.4,5678.25,5740.47,0,0.0,0.0,0.0,0.156609,0.400746
2040-12-27,5.0,0.0,42.5,12.1,5658.61,6000.5,0,0.0,0.0,0.0,0.158077,0.348352
2040-12-28,6.5,0.0,46.4,12.6,5819.53,5926.88,0,0.0,0.0,0.0,0.179135,0.414781
2040-12-29,4.4,0.0,34.4,12.1,5592.79,5968.97,0,0.0,0.0,0.0,0.138935,0.322152
2040-12-30,6.6,6.9,38.8,12.5,5863.47,6193.93,0,0.0,0.0,0.0,0.173191,0.367697
2040-12-31,5.8,0.0,44.1,12.3,5670.44,5903.85,0,0.0,0.0,0.0,0.167894,0.37853
2041-01-01,8.5,0.0,29.0,13.3,5876.22,5742.24,0,0.0,0.023332,0.0,0.165094,0.449122
2041-01-02,7.5,0.0,38.4,12.6,5639.02,6583.06,0,0.0,0.0,0.0,0.170726,0.260105
2041-01-03,8.8,0.0,36.9,11.7,5778.0,6280.35,1,0.922,0.0,0.0533,0.169538,0.33295
2041-01-04,9.0,0.0,43.1,18.9,5695.52,5410.26,0,0.0,0.052725,0.0,0.238037,0.556379
2041-01-05,10.3,0.0,37.5,11.8,5754.88,5890.21,0,0.0,0.0,0.0,0.181322,0.41129
2041-01-06,10.1,0.0,41.2,14.2,5653.34,5377.05,0,0.0,0.051383,0.0,0.205459,0.522234
2041-01-07,6.4,0.1,35.1,12.4,5450.24,5984.42,0,0.0,0.0,0.0,0.155867,0.308453
2041-01-08,8.8,0.0,44.2,13.7,5842.11,6126.2,0,0.0,0.0,0.0,0.198658,0.401312
2041-01-09,8.6,0.0,34.0,12.0,5661.07,5945.58,0,0.0,0.0,0.0,0.165097,0.366024
2041-01-10,10.2,0.0,44.2,13.9,5765.4,5747.7,0,0.0,0.003079,0.0,0.209429,0.469814
2041-01-11,11.3,0.0,40.4,14.8,5717.75,5889.96,0,0.0,0.0,0.0,0.216499,0.439157
2041-01-12,9.2,0.0,28.5,13.6,5528.21,6078.77,0,0.0,0.0,0.0,0.171085,0.322142
2041-01-13,7.4,0.0,40.8,13.6,5552.32,6199.27,0,0.0,0.0,0.0,0.182283,0.317244
2041-01-14,9.0,11.7,46.7,12.5,5776.38,6373.22,0,0.0,0.0,0.0,0.209679,0.357144
2041-01-15,8.5,0.0,34.9,13.1,5627.09,5358.19,0,0.0,0.050185,0.0,0.174613,0.489989
2041-01-16,10.6,0.0,37.0,12.0,5778.91,6000.1,0,0.0,0.0,0.0,0.183905,0.397659
2041-01-17,10.0,0.0,42.0,12.3,5607.36,5977.22,0,0.0,0.0,0.0,0.19164,0.376193
2041-01-18,12.0,0.0,39.2,15.4,5753.9,5775.24,0,0.0,0.0,0.0,0.223492,0.475968
2041-01-19,12.5,0.0,43.7,22.1,5639.47,5332.02,0,0.0,0.057662,0.0,0.286923,0.611027
2041-01-20,12.6,0.0,41.2,14.4,5614.09,5439.73,0,0.0,0.032053,0.0,0.223481,0.51769
2041-01-21,11.4,0.0,36.0,13.8,5536.18,6336.08,0,0.0,0.0,0.0,0.201192,0.310603
2041-01-22,11.7,0.0,54.5,12.0,5629.73,5488.64,0,0.0,0.025706,0.0,0.223968,0.510767
2041-01-23,13.9,19.6,46.3,13.7,5728.15,6031.72,0,0.0,0.0,0.0,0.260125,0.458161
2041-01-24,13.2,0.0,44.0,12.4,5540.47,5762.93,0,0.0,0.0,0.0,0.217254,0.42898
2041-01-25,13.8,0.0,52.5,14.2,5621.17,5847.77,0,0.0,0.0,0.0,0.251035,0.462588
2041-01-26,13.4,0.0,48.3,17.1,5551.71,5717.42,0,0.0,0.0,0.0,0.2629,0.485855
2041-01-27,13.3,0.2,47.0,12.7,5567.48,6122.65,0,0.0,0.0,0.0,0.226097,0.377033
2041-01-28,16.4,0.0,49.8,13.5,5784.36,6086.56,0,0.0,0.0,0.0,0.257709,0.456537
2041-01-29,17.9,0.0,47.6,13.6,5698.29,5758.59,0,0.0,0.0,0.0,0.264242,0.508808
2041-01-30,16.9,0.0,47.9,13.7,5513.1,5806.59,0,0.0,0.0,0.0,0.258985,0.456769
2041-01-31,16.4,0.0,48.3,14.3,5535.38,5366.64,0,0.0,0.031444,0.0,0.261069,0.554565
2041-02-01,14.3,0.0,44.9,12.7,5403.04,5835.2,0,0.0,0.0,0.0,0.228506,0.398837
2041-02-02,13.6,0.0,51.4,12.4,5509.76,5548.87,0,0.0,0.0,0.0,0.233765,0.482327
2041-02-03,14.1,0.0,49.7,17.8,5576.03,5635.85,0,0.0,0.0,0.0,0.27554,0.519939
2041-02-04,15.7,0.0,35.2,14.2,5640.35,6104.68,0,0.0,0.0,0.0,0.231121,0.399117
2041-02-05,16.7,0.0,51.2,16.3,5623.62,5760.5,0,0.0,0.0,0.0,0.283916,0.512966
2041-02-06,13.9,0.0,43.3,15.8,5346.22,5495.3,0,0.0,0.0,0.0,0.24679,0.47191
2041-02-07,15.9,0.0,48.8,12.6,5661.2,6360.7,0,0.0,0.0,0.0,0.245593,0.374001
2041-02-08,15.4,0.0,39.6,14.6,5485.35,5423.31,0,0.0,0.01144,0.0,0.24048,0.510624
2041-02-09,13.2,0.0,45.3,14.7,5385.18,5823.53,0,0.0,0.0,0.0,0.237438,0.406355
2041-02-10,16.2,12.7,49.9,13.1,5720.5,6348.73,0,0.0,0.0,0.0,0.268987,0.410258
2041-02-11,18.9,0.0,51.6,12.6,5741.44,6450.59,0,0.0,0.0,0.0,0.270617,0.399068
2041-02-12,18.7,0.0,46.3,13.1,5543.52,6580.83,0,0.0,0.0,0.0,0.26322,0.335997
2041-02-13,19.5,0.0,38.7,13.1,5616.95,5670.57,0,0.0,0.0,0.0,0.254243,0.499994
2041-02-14,20.3,0.0,47.4,12.8,5626.63,5600.3,0,0.0,0.004702,0.0,0.273514,0.535793
2041-02-15,22.2,0.0,48.3,12.4,5739.47,6321.94,0,0.0,0.0,0.0,0.284638,0.43387
2041-02-16,22.5,0.0,53.7,14.3,5642.61,6258.98,0,0.0,0.0,0.0,0.311401,0.453228
2041-02-17,18.7,4.1,52.7,12.2,5280.93,5281.9,0,0.0,0.0,0.0,0.273278,0.529854
2041-02-18,22.4,0.0,47.4,14.9,5850.28,6321.48,0,0.0,0.0,0.0,0.303559,0.473331
2041-02-19,23.4,0.0,53.0,19.4,5739.4,7011.4,0,0.0,0.0,0.0,0.355373,0.400374
2041-02-20,21.2,0.0,61.1,13.5,5415.93,5722.44,0,0.0,0.0,0.0,0.310534,0.504795
2041-02-21,18.5,5.3,59.4,13.4,5330.11,5906.73,0,0.0,0.0,0.0,0.295245,0.438072
2041-02-22,19.4,0.0,43.0,12.7,5583.29,6417.07,0,0.0,0.0,0.0,0.25856,0.363668
2041-02-23,18.6,0.0,65.3,15.2,5454.09,6587.1,0,0.0,0.0,0.0,0.314389,0.370381
2041-02-24,19.3,3.2,60.0,13.0,5554.45,5918.15,0,0.0,0.0,0.0,0.295995,0.481042
2041-02-25,20.7,0.0,61.6,13.3,5622.66,6347.65,0,0.0,0.0,0.0,0.306633,0.430089
2041-02-26,19.3,0.0,46.4,13.8,5406.54,5408.29,1,1.374,0.0,0.0743,0.272763,0.529175
2041-02-27,17.1,0.0,52.2,12.1,5315.84,5589.97,0,0.0,0.0,0.0,0.25602,0.455561
2041-02-28,18.4,0.0,57.6,12.1,5563.66,5685.36,0,0.0,0.0,0.0,0.274714,0.506515
2041-03-01,17.7,0.0,49.4,12.5,4673.99,4352.53,0,0.0,0.073856,0.0,0.257811,0.60082
2041-03-02,18.5,0.0,58.0,12.3,4770.82,4527.55,1,0.5,0.053731,0.1282,0.277666,0.597182
2041-03-03,16.3,0.0,63.9,16.7,4558.58,4910.01,0,0.0,0.0,0.0,0.308178,0.481412
2041-03-04,16.7,0.0,54.4,13.1,4714.06,5083.32,0,0.0,0.0,0.0,0.265225,0.437213
2041-03-05,19.0,0.0,64.9,11.8,4851.88,4776.08,0,0.0,0.015871,0.0,0.290041,0.565359
2041-03-06,20.8,0.0,60.2,12.4,4836.35,5552.68,1,0.674,0.0,0.0326,0.297723,0.403911
2041-03-07,19.4,0.0,47.8,14.0,4637.66,4545.24,0,0.0,0.020334,0.0,0.277591,0.558118
2041-03-08,17.6,0.0,53.1,15.9,4583.52,4886.99,0,0.0,0.0,0.0,0.290324,0.474621
2041-03-09,18.6,0.0,63.3,23.5,4752.25,4865.54,0,0.0,0.0,0.0,0.374682,0.60429
2041-03-10,20.6,0.0,52.9,11.5,4829.95,5103.99,0,0.0,0.0,0.0,0.275773,0.469884
2041-03-11,21.9,20.8,69.0,18.5,4807.74,5320.28,0,0.0,0.0,0.0,0.393919,0.538245
2041-03-12,21.2,0.0,61.8,13.2,4677.02,5134.02,0,0.0,0.0,0.0,0.309532,0.462407
2041-03-13,22.3,0.0,60.7,15.6,4803.94,5258.37,0,0.0,0.0,0.0,0.333239,0.489142
2041-03-14,25.7,0.0,56.6,11.9,5111.02,5553.38,0,0.0,0.0,0.0,0.319412,0.483211
2041-03-15,25.8,0.0,61.3,15.3,4924.52,4775.89,0,0.0,0.031122,0.0,0.355119,0.64824
2041-03-16,22.3,0.0,68.5,15.7,4528.12,5078.17,0,0.0,0.0,0.0,0.348635,0.478976
2041-03-17,23.3,0.0,58.5,14.0,4828.66,4747.54,0,0.0,0.017085,0.0,0.323359,0.600096
2041-03-18,27.8,0.0,63.8,17.2,5275.18,5503.7,0,0.0,0.0,0.0,0.387649,0.595967
2041-03-19,24.8,3.0,71.9,11.3,4668.84,4798.94,0,0.0,0.0,0.0,0.341198,0.56634
2041-03-20,25.1,0.0,62.7,11.6,4872.14,5223.22,0,0.0,0.0,0.0,0.32458,0.502903
2041-03-21,24.8,0.0,59.3,11.9,4823.42,4917.3,0,0.0,0.0,0.0,0.318543,0.553045
2041-03-22,25.4,0.0,59.6,11.0,4893.23,5089.03,0,0.0,0.0,0.0,0.316115,0.527989
2041-03-23,26.1,0.0,52.0,13.3,4934.39,5684.36,0,0.0,0.0,0.0,0.324226,0.426994
2041-03-24,28.6,0.0,56.7,13.4,5171.82,5008.39,0,0.0,0.032632,0.0,0.350289,0.645173
2041-03-25,28.5,0.0,64.7,10.6,5009.71,5259.42,0,0.0,0.0,0.0,0.343025,0.544388
2041-03-26,30.9,0.0,68.2,14.3,5283.17,5176.5,0,0.0,0.020606,0.0,0.393956,0.674802
2041-03-27,30.1,0.0,61.5,13.4,5039.95,5506.06,0,0.0,0.0,0.0,0.369176,0.527141
2041-03-28,29.1,0.0,68.7,12.9,4967.07,4988.01,0,0.0,0.0,0.0,0.372226,0.624115
2041-03-29,27.7,0.0,68.7,12.2,4866.89,5122.05,0,0.0,0.0,0.0,0.357597,0.556232
2041-03-30,24.3,0.0,60.7,17.5,4573.7,4420.69,0,0.0,0.034612,0.0,0.361082,0.658278
2041-03-31,25.8,4.6,63.0,12.6,4934.89,5583.18,0,0.0,0.0,0.0,0.343085,0.464322
2041-04-01,30.7,0.0,58.4,11.1,5393.67,5688.08,0,0.0,0.0,0.0,0.349571,0.545937
2041-04-02,31.5,0.0,69.2,10.8,5181.26,5485.29,0,0.0,0.0,0.0,0.372779,0.564864
2041-04-03,32.6,0.0,65.8,14.4,5258.96,5796.59,0,0.0,0.0,0.0,0.401433,0.549947
2041-04-04,31.3,0.0,70.5,10.8,5040.16,4894.81,0,0.0,0.029695,0.0,0.373899,0.665355
2041-04-05,30.7,0.0,66.0,12.3,5043.36,5100.12,0,0.0,0.0,0.0,0.37308,0.616878
2041-04-06,32.8,0.0,61.9,10.2,5312.83,5635.39,0,0.0,0.0,0.0,0.363031,0.553001
2041-04-07,36.5,1.9,71.3,16.1,5620.44,5277.57,0,0.0,0.064969,0.0,0.452887,0.78552
2041-04-08,38.5,0.0,57.3,13.8,5617.02,5312.35,0,0.0,0.057352,0.0,0.419754,0.743496
2041-04-09,38.8,0.0,65.8,13.9,5518.57,5508.97,0,0.0,0.001743,0.0,0.438441,0.697265
2041-04-10,37.6,0.0,63.8,13.1,5348.43,5231.4,0,0.0,0.022372,0.0,0.420608,0.703514
2041-04-11,37.0,6.4,77.2,11.2,6424.17,6606.2,0,0.0,0.0,0.0,0.434927,0.65955
2041-04-12,34.6,0.0,77.0,9.8,5110.6,5534.34,0,0.0,0.0,0.0,0.400121,0.567528
2041-04-13,31.4,0.0,70.6,9.8,4885.32,5360.38,0,0.0,0.0,0.0,0.367029,0.520359
2041-04-14,29.6,0.0,65.8,12.5,4868.47,5666.86,0,0.0,0.0,0.0,0.366998,0.459316
2041-04-15,30.5,1.2,77.9,10.6,5080.58,5327.37,0,0.0,0.0,0.0,0.382421,0.585131
2041-04-16,30.6,0.0,65.7,10.9,5032.33,5332.88,0,0.0,0.0,0.0,0.361056,0.552054
2041-04-17,28.4,2.6,63.2,11.1,4773.08,5004.26,0,0.0,0.0,0.0,0.346583,0.549443
2041-04-18,29.5,0.0,59.8,9.1,5029.36,5382.31,0,0.0,0.0,0.0,0.328854,0.509091
2041-04-19,29.9,0.0,70.5,11.9,5001.96,5377.59,0,0.0,0.0,0.0,0.373158,0.548404
2041-04-20,28.6,0.0,61.6,10.3,4824.84,5346.38,0,0.0,0.0,0.0,0.335556,0.478466
2041-04-21,29.2,0.0,77.5,14.3,4967.81,5503.58,0,0.0,0.0,0.0,0.400188,0.543332
2041-04-22,29.8,0.0,67.7,10.2,4997.81,5411.23,0,0.0,0.0,0.0,0.354132,0.521732
2041-04-23,29.7,0.0,64.4,12.7,4949.32,5667.66,0,0.0,0.0,0.0,0.366575,0.475404
2041-04-24,32.8,0.5,76.7,12.3,5303.86,5577.99,0,0.0,0.0,0.0,0.407595,0.607013
2041-04-25,29.7,0.0,75.6,10.3,4754.73,4809.28,0,0.0,0.0,0.0,0.369057,0.612606
2041-04-26,27.1,0.0,79.7,9.0,4649.28,4750.51,0,0.0,0.0,0.0,0.349576,0.581489
2041-04-27,29.0,0.0,63.1,11.0,5016.49,5233.87,0,0.0,0.0,0.0,0.346407,0.554711
2041-04-28,30.8,0.0,62.3,11.7,5099.06,5005.91,0,0.0,0.018609,0.0,0.362172,0.640685
2041-04-29,32.9,3.5,80.7,15.9,5226.82,5286.19,0,0.0,0.0,0.0,0.447192,0.690871
2041-04-30,32.7,1.3,58.5,11.8,5073.22,4962.58,0,0.0,0.022296,0.0,0.369929,0.652746
2041-05-01,31.9,0.0,66.3,10.3,4985.04,5342.31,0,0.0,0.0,0.0,0.36612,0.544839
2041-05-02,33.0,0.0,72.8,10.4,5166.87,5540.38,0,0.0,0.0,0.0,0.38633,0.564418
2041-05-03,33.2,0.0,66.0,10.4,5107.04,4793.25,0,0.0,0.065464,0.0,0.374898,0.708112
2041-05-04,37.3,0.0,73.9,11.4,5579.48,5628.54,0,0.0,0.0,0.0,0.424451,0.671066
2041-05-05,36.9,0.0,67.2,9.0,5264.49,6133.06,0,0.0,0.0,0.0,0.390734,0.482195
2041-05-06,37.1,0.0,79.6,9.9,5315.31,5791.96,0,0.0,0.0,0.0,0.422246,0.582965
2041-05-07,42.4,8.6,79.0,7.8,5935.52,6402.18,0,0.0,0.0,0.0,0.450345,0.622042
2041-05-08,41.4,0.0,74.8,8.3,5455.14,5499.61,0,0.0,0.0,0.0,0.429244,0.676594
2041-05-09,42.1,0.0,71.8,9.9,5605.8,5987.54,0,0.0,0.0,0.0,0.440578,0.622939
2041-05-10,42.8,0.0,68.5,12.2,5647.82,5925.05,0,0.0,0.0,0.0,0.456751,0.658919
2041-05-11,43.7,0.0,73.1,9.5,5696.92,5695.81,0,0.0,0.000195,0.0,0.450475,0.707492
2041-05-12,43.5,0.0,67.8,11.1,5615.35,5721.43,0,0.0,0.0,0.0,0.451565,0.68671
2041-05-13,43.2,0.0,83.6,11.2,5587.91,5701.4,0,0.0,0.0,0.0,0.479984,0.713536
2041-05-14,42.8,0.0,75.7,10.8,5557.08,5313.75,0,0.0,0.045791,0.0,0.459449,0.769697
2041-05-15,41.1,0.0,69.9,7.5,5381.18,5201.53,0,0.0,0.034538,0.0,0.411906,0.709016
2041-05-16,41.7,0.0,82.1,8.1,5552.3,5760.14,0,0.0,0.0,0.0,0.443365,0.658032
2041-05-17,45.5,0.0,74.2,11.8,5986.43,5965.93,1,0.86,0.003436,0.0515,0.482149,0.74295
2041-05-18,47.0,0.0,81.5,8.6,5907.03,6090.39,1,0.547,0.0,0.0323,0.481032,0.702676
2041-05-19,46.4,0.0,81.4,8.8,5728.96,5435.89,0,0.0,0.053914,0.0,0.478433,0.798162
2041-05-20,47.0,0.0,76.8,9.0,5846.35,6433.81,0,0.0,0.0,0.0,0.475306,0.625503
2041-05-21,44.1,0.0,68.3,12.5,5444.04,6429.8,0,0.0,0.0,0.0,0.46726,0.545074
2041-05-22,43.1,2.0,72.3,7.5,5508.41,6140.37,0,0.0,0.0,0.0,0.432029,0.568671
2041-05-23,44.7,0.0,92.7,10.1,5772.2,6471.92,0,0.0,0.0,0.0,0.498446,0.629021
2041-05-24,47.0,15.8,76.0,8.9,5954.31,6486.89,0,0.0,0.0,0.0,0.492312,0.653257
2041-05-25,44.4,0.0,73.6,8.6,5471.67,5836.8,0,0.0,0.0,0.0,0.449082,0.632843
2041-05-26,42.9,0.0,72.6,7.5,5463.77,5766.74,0,0.0,0.0,0.0,0.428833,0.624291
2041-05-27,47.1,0.0,70.2,9.3,6077.06,6030.79,0,0.0,0.007674,0.0,0.465905,0.731652
2041-05-28,46.3,0.0,78.5,7.9,5689.78,6221.63,0,0.0,0.0,0.0,0.465392,0.622388
2041-05-29,49.1,1.8,68.7,11.3,6095.96,6642.98,0,0.0,0.0,0.0,0.493904,0.654564
2041-05-30,48.2,0.0,70.8,9.7,5781.26,5901.68,0,0.0,0.0,0.0,0.477367,0.710337
2041-05-31,47.5,0.0,76.5,9.2,5761.24,6240.22,0,0.0,0.0,0.0,0.479583,0.646767
2041-06-01,45.9,0.0,73.7,10.3,6786.63,6829.26,0,0.0,0.0,0.0,0.472274,0.721777
2041-06-02,47.1,25.7,82.2,6.9,7099.84,7172.92,0,0.0,0.0,0.0,0.501243,0.746139
2041-06-03,48.9,0.0,74.8,12.4,7272.02,7990.73,0,0.0,0.0,0.0,0.510314,0.662104
2041-06-04,45.6,0.0,69.1,8.3,6623.35,7134.17,0,0.0,0.0,0.0,0.44624,0.619442
2041-06-05,44.3,0.0,82.3,7.6,6704.16,6941.4,0,0.0,0.0,0.0,0.45702,0.673911
2041-06-06,45.8,0.0,80.6,10.1,7032.71,7230.3,0,0.0,0.0,0.0,0.483009,0.707896
2041-06-07,45.0,0.0,70.1,6.6,6781.54,7195.29,0,0.0,0.0,0.0,0.431043,0.620704
2041-06-08,43.6,0.0,77.2,7.7,6643.78,6207.75,0,0.0,0.07024,0.0,0.443615,0.782403
2041-06-09,45.5,13.4,75.7,7.5,7037.89,7053.79,0,0.0,0.0,0.0,0.468132,0.722291
2041-06-10,47.2,0.0,80.1,7.0,7137.92,6925.91,0,0.0,0.030611,0.0,0.46738,0.759905
2041-06-11,45.4,16.1,83.0,9.1,6734.32,7076.06,1,0.5,0.0,0.0337,0.4968,0.69721
2041-06-12,45.4,2.0,81.4,8.4,6869.89,7684.54,0,0.0,0.0,0.0,0.471196,0.604228
2041-06-13,42.5,0.0,69.8,7.1,6450.35,6966.77,0,0.0,0.0,0.0,0.41786,0.588115
2041-06-14,40.8,9.8,70.1,10.2,6437.1,6551.52,0,0.0,0.0,0.0,0.443094,0.679496
2041-06-15,41.5,35.5,73.9,7.7,6671.76,6708.35,0,0.0,0.0,0.0,0.466899,0.717322
2041-06-16,41.9,6.1,89.2,8.0,6671.68,6688.4,0,0.0,0.0,0.0,0.464667,0.718539
2041-06-17,40.2,7.1,80.5,8.3,6396.13,7521.69,0,0.0,0.0,0.0,0.440684,0.522782
2041-06-18,39.3,23.6,86.2,5.8,6405.2,6752.93,0,0.0,0.0,0.0,0.446281,0.642958
2041-06-19,37.9,49.6,79.2,6.8,6274.31,6666.98,0,0.0,0.0,0.0,0.463367,0.6514
2041-06-20,39.9,0.0,77.0,6.5,6663.14,6110.09,0,0.0,0.090514,0.0,0.409593,0.772049
2041-06-21,36.5,0.0,65.1,6.2,6038.21,5890.88,0,0.0,0.025009,0.0,0.362555,0.648542
2041-06-22,35.8,5.6,77.3,6.3,6191.04,6483.36,0,0.0,0.0,0.0,0.38842,0.592574
2041-06-23,33.5,0.0,73.6,13.1,5928.08,6038.43,0,0.0,0.0,0.0,0.411959,0.647415
2041-06-24,36.2,0.0,71.9,6.0,6483.69,6862.23,0,0.0,0.0,0.0,0.371784,0.564177
2041-06-25,33.9,0.0,70.5,9.2,5956.82,6299.65,0,0.0,0.0,0.0,0.37869,0.571949
2041-06-26,35.8,0.0,78.9,7.7,6390.88,6952.18,0,0.0,0.0,0.0,0.39539,0.557927
2041-06-27,40.5,0.0,70.3,7.0,6925.67,6456.41,0,0.0,0.072682,0.0,0.404843,0.746481
2041-06-28,44.2,22.6,85.2,6.1,7111.13,6971.55,0,0.0,0.020022,0.0,0.477798,0.757961
2041-06-29,40.3,0.0,72.4,4.9,6234.67,6507.28,0,0.0,0.0,0.0,0.391258,0.599142
2041-06-30,41.4,0.0,74.3,5.7,6701.86,6763.61,0,0.0,0.0,0.0,0.408244,0.654376
2041-07-01,39.6,0.0,75.0,6.0,6364.98,6558.81,0,0.0,0.0,0.0,0.400007,0.622297
2041-07-02,37.8,26.0,80.9,6.4,6244.97,6600.11,0,0.0,0.0,0.0,0.434014,0.627988
2041-07-03,38.5,0.0,73.0,9.7,6486.84,6506.75,0,0.0,0.0,0.0,0.417556,0.670774
2041-07-04,41.7,0.0,82.5,6.1,6901.47,7330.14,0,0.0,0.0,0.0,0.428683,0.617203
2041-07-05,43.0,14.4,80.8,4.4,6836.82,7412.97,0,0.0,0.0,0.0,0.438517,0.604574
2041-07-06,41.3,0.0,58.5,8.1,6495.39,6846.79,0,0.0,0.0,0.0,0.396479,0.593354
2041-07-07,42.9,0.0,70.1,7.2,6853.35,7507.2,0,0.0,0.0,0.0,0.42183,0.576944
2041-07-08,38.2,0.0,78.4,6.8,6058.0,5531.59,0,0.0,0.095165,0.0,0.403327,0.771212
2041-07-09,37.4,42.4,77.2,8.1,6312.52,6395.08,0,0.0,0.0,0.0,0.457568,0.699287
2041-07-10,36.6,0.0,70.5,6.5,6262.88,6928.1,1,1.299,0.0,0.0814,0.375654,0.520353
2041-07-11,37.7,0.0,70.7,8.6,6487.41,6458.51,0,0.0,0.004474,0.0,0.399483,0.661497
2041-07-12,38.0,56.2,92.1,8.1,6446.53,6426.33,0,0.0,0.003144,0.0,0.506297,0.766756
2041-07-13,38.4,0.0,64.6,7.2,6476.79,6749.11,0,0.0,0.0,0.0,0.381857,0.591543
2041-07-14,38.5,3.3,65.9,10.3,6474.88,6791.56,0,0.0,0.0,0.0,0.4129,0.615256
2041-07-15,39.1,0.0,71.9,6.3,6540.99,6647.7,0,0.0,0.0,0.0,0.393214,0.631265
2041-07-16,40.5,0.0,70.8,5.4,6707.96,7822.46,0,0.0,0.0,0.0,0.393435,0.4839
2041-07-17,40.8,0.0,71.5,7.2,6644.43,7096.58,0,0.0,0.0,0.0,0.410614,0.593024
2041-07-18,40.2,0.0,70.2,5.0,6531.01,6486.06,0,0.0,0.006929,0.0,0.387246,0.652126
2041-07-19,41.0,13.6,71.2,4.7,6703.84,6431.06,0,0.0,0.042415,0.0,0.408673,0.71498
2041-07-20,42.5,0.0,70.9,5.3,6858.88,7377.07,0,0.0,0.0,0.0,0.406033,0.580821
2041-07-21,40.8,20.1,73.9,6.2,6504.46,6449.99,0,0.0,0.008445,0.0,0.431922,0.698571
2041-07-22,40.5,0.0,66.3,5.0,6589.24,7812.3,0,0.0,0.0,0.0,0.381911,0.455938
2041-07-23,42.6,19.1,71.8,6.0,6931.06,7464.48,0,0.0,0.0,0.0,0.437085,0.610451
2041-07-24,39.8,0.0,64.3,4.3,6351.49,6893.13,0,0.0,0.0,0.0,0.368146,0.533205
2041-07-25,43.3,0.0,63.2,7.0,7094.16,7560.01,0,0.0,0.0,0.0,0.409986,0.59484
2041-07-26,39.7,12.7,72.4,6.1,6300.49,7060.7,0,0.0,0.0,0.0,0.412058,0.543156
2041-07-27,38.9,4.9,60.9,6.7,6459.77,5807.93,0,0.0,0.112232,0.0,0.380336,0.768147
2041-07-28,36.9,34.3,77.9,5.7,6251.95,6090.62,0,0.0,0.02649,0.0,0.427183,0.714895
2041-07-29,41.6,15.0,68.1,4.6,7088.2,7904.41,0,0.0,0.0,0.0,0.407752,0.543996
2041-07-30,39.9,15.4,68.6,5.4,6474.14,7409.89,0,0.0,0.0,0.0,0.404145,0.513511
2041-07-31,38.5,0.0,64.1,10.9,6411.2,6232.82,0,0.0,0.028619,0.0,0.410128,0.700328
2041-08-01,37.6,0.0,67.2,4.6,6395.66,5982.67,0,0.0,0.069031,0.0,0.361397,0.698774
2041-08-02,37.8,0.0,71.8,6.9,6495.38,6888.7,0,0.0,0.0,0.0,0.389087,0.579223
2041-08-03,37.0,5.4,74.5,8.9,6376.55,6890.37,0,0.0,0.0,0.0,0.410897,0.580633
2041-08-04,36.8,13.9,72.5,4.4,6405.16,6784.89,0,0.0,0.0,0.0,0.381478,0.572932
2041-08-05,29.7,0.0,63.9,8.5,5457.91,5710.3,0,0.0,0.0,0.0,0.333231,0.538423
2041-08-06,31.2,0.0,67.2,7.5,6183.79,5771.53,0,0.0,0.071429,0.0,0.341589,0.681766
2041-08-07,32.3,0.0,52.8,4.8,6227.12,6391.36,0,0.0,0.0,0.0,0.301006,0.527797
2041-08-08,35.1,0.0,65.6,4.4,6550.53,6784.83,0,0.0,0.0,0.0,0.340375,0.556851
2041-08-09,37.9,0.0,64.2,10.0,6735.94,6840.08,0,0.0,0.0,0.0,0.399416,0.638432
2041-08-10,37.1,0.0,54.2,4.7,6408.31,5954.08,0,0.0,0.076288,0.0,0.334498,0.680348
2041-08-11,38.3,0.0,58.7,5.2,6658.96,7237.21,0,0.0,0.0,0.0,0.354703,0.518218
2041-08-12,35.5,16.8,66.8,12.5,6160.46,6804.49,0,0.0,0.0,0.0,0.42826,0.574558
2041-08-13,36.9,0.0,62.8,5.5,6583.54,6583.13,0,0.0,6.3e-05,0.0,0.355478,0.612341
2041-08-14,35.3,0.0,65.4,4.4,6252.54,6491.91,0,0.0,0.0,0.0,0.341319,0.555064
2041-08-15,32.7,16.9,72.8,4.3,6020.35,6132.89,0,0.0,0.0,0.0,0.357904,0.593272
2041-08-16,32.6,0.0,59.2,6.0,6202.87,6322.63,0,0.0,0.0,0.0,0.324243,0.558921
2041-08-17,35.7,0.0,53.9,5.7,6648.26,7187.23,0,0.0,0.0,0.0,0.332424,0.501671
2041-08-18,35.6,0.0,63.4,4.9,6410.22,6939.65,0,0.0,0.0,0.0,0.343404,0.511132
2041-08-19,38.1,11.0,68.1,4.4,6781.99,7580.31,0,0.0,0.0,0.0,0.378258,0.512103
2041-08-20,35.6,11.7,67.9,6.0,6232.39,6957.83,0,0.0,0.0,0.0,0.374605,0.509679
2041-08-21,37.1,0.0,60.6,4.6,6647.19,6907.6,0,0.0,0.0,0.0,0.345726,0.558506
2041-08-22,34.9,0.7,68.1,5.3,6219.29,7643.84,1,0.5,0.0,0.0311,0.351543,0.390769
2041-08-23,34.8,4.3,57.3,5.2,6381.65,7323.88,1,1.177,0.0,0.0751,0.334255,0.440857
2041-08-24,34.6,3.3,66.1,5.1,6370.75,6425.13,0,0.0,0.0,0.0,0.347445,0.594355
2041-08-25,35.3,51.0,63.8,4.8,6488.05,6932.84,1,0.671,0.0,0.0435,0.403631,0.585524
2041-08-26,35.0,0.0,45.2,4.8,6395.75,5915.39,0,0.0,0.081205,0.0,0.304553,0.656142
2041-08-27,32.7,0.0,50.3,7.4,6103.78,6419.45,0,0.0,0.0,0.0,0.319017,0.518401
2041-08-28,34.1,23.2,58.8,7.1,6473.15,7479.36,0,0.0,0.0,0.0,0.370174,0.469912
2041-08-29,36.8,0.0,55.5,4.6,6764.88,8288.48,0,0.0,0.0,0.0,0.334186,0.376383
2041-08-30,34.3,25.3,56.8,8.8,6205.18,6468.03,0,0.0,0.0,0.0,0.383422,0.592771
2041-08-31,29.7,2.9,56.2,5.2,5768.12,6178.22,0,0.0,0.0,0.0,0.296868,0.476168
2041-09-01,30.7,0.0,57.7,5.2,5319.55,5788.39,0,0.0,0.0,0.0,0.302734,0.464968
2041-09-02,29.7,0.0,55.9,5.8,5150.16,6050.0,0,0.0,0.0,0.0,0.297397,0.380555
2041-09-03,29.3,8.9,55.3,5.6,5165.76,5104.15,0,0.0,0.012071,0.0,0.302951,0.573832
2041-09-04,30.2,0.0,59.5,9.3,5308.56,6462.1,0,0.0,0.0,0.0,0.334449,0.382848
2041-09-05,28.9,28.1,56.1,6.7,5099.69,5252.8,0,0.0,0.0,0.0,0.333729,0.556491
2041-09-06,28.2,0.0,51.6,5.5,5101.56,4980.55,0,0.0,0.024296,0.0,0.277133,0.562287
2041-09-07,27.9,1.7,50.1,6.4,5115.87,5270.05,0,0.0,0.0,0.0,0.281362,0.503999
2041-09-08,30.7,0.0,55.3,5.0,5472.13,5466.63,0,0.0,0.001006,0.0,0.296691,0.554656
2041-09-09,30.0,0.0,49.6,6.4,5218.3,5617.05,0,0.0,0.0,0.0,0.292192,0.466109
2041-09-10,26.9,1.1,53.7,5.3,4903.32,4638.04,0,0.0,0.057195,0.0,0.272301,0.595862
2041-09-11,24.4,0.0,55.1,8.8,4814.91,5098.62,0,0.0,0.0,0.0,0.284111,0.475942
2041-09-12,25.0,0.0,48.2,7.4,5038.56,5501.25,0,0.0,0.0,0.0,0.264326,0.42293
2041-09-13,22.9,31.1,50.2,6.5,4768.06,5451.89,0,0.0,0.0,0.0,0.285235,0.395598
2041-09-14,20.3,0.0,48.9,9.1,4670.34,5104.11,0,0.0,0.0,0.0,0.247777,0.405356
2041-09-15,22.5,0.0,45.7,7.1,5013.4,5712.97,0,0.0,0.0,0.0,0.240845,0.354683
2041-09-16,24.4,15.7,50.1,9.8,5096.63,5156.99,0,0.0,0.0,0.0,0.301608,0.544734
2041-09-17,23.7,0.0,36.7,7.2,4911.79,5279.36,0,0.0,0.0,0.0,0.232652,0.408163
2041-09-18,24.4,1.3,41.0,7.8,5038.08,4582.43,0,0.0,0.099434,0.0,0.251544,0.624414
2041-09-19,24.7,0.0,52.4,8.7,5034.09,5249.64,1,0.5,0.0,0.0252,0.280255,0.489112
2041-09-20,25.6,0.0,43.4,8.7,5132.23,5513.89,0,0.0,0.0,0.0,0.269312,0.445297
2041-09-21,26.4,0.0,53.5,5.8,5164.51,5578.01,0,0.0,0.0,0.0,0.271146,0.441396
2041-09-22,20.5,0.0,43.9,6.3,4516.95,4294.86,0,0.0,0.051709,0.0,0.218115,0.535272
2041-09-23,20.5,0.0,49.6,6.4,4864.65,4988.3,0,0.0,0.0,0.0,0.229574,0.457426
2041-09-24,21.9,9.2,47.8,7.8,4976.13,5146.33,0,0.0,0.0,0.0,0.257454,0.475636
2041-09-25,21.1,32.8,57.9,6.8,4839.66,4950.82,0,0.0,0.0,0.0,0.292197,0.522775
2041-09-26,21.3,0.0,44.9,6.0,4905.32,5374.64,0,0.0,0.0,0.0,0.222948,0.377799
2041-09-27,22.8,12.9,50.2,6.5,5042.42,5225.66,0,0.0,0.0,0.0,0.26237,0.478225
2041-09-28,22.7,0.0,51.7,6.5,4939.4,5217.28,0,0.0,0.0,0.0,0.248784,0.443396
2041-09-29,25.3,7.3,49.4,12.5,5256.88,5357.57,0,0.0,0.0,0.0,0.316812,0.551662
2041-09-30,26.6,3.0,42.3,11.4,5252.08,5867.02,0,0.0,0.0,0.0,0.298334,0.432765
2041-10-01,25.1,0.0,35.3,9.4,5003.66,5612.96,0,0.0,0.0,0.0,0.25623,0.386296
2041-10-02,23.7,0.0,43.8,7.4,4937.13,5088.08,0,0.0,0.0,0.0,0.247507,0.469663
2041-10-03,17.2,9.2,48.6,8.9,4481.0,5509.78,0,0.0,0.0,0.0,0.236463,0.275277
2041-10-04,16.9,0.0,44.6,9.1,4852.0,4860.31,0,0.0,0.0,0.0,0.217304,0.472098
2041-10-05,14.7,0.0,39.1,7.0,4708.12,5242.27,0,0.0,0.0,0.0,0.176286,0.314126
2041-10-06,15.9,0.0,44.0,8.0,4932.52,4883.62,0,0.0,0.010012,0.0,0.2011,0.469579
2041-10-07,16.7,0.0,46.3,7.2,4922.47,5408.32,0,0.0,0.0,0.0,0.204512,0.35643
2041-10-08,18.4,8.0,51.7,6.7,5002.29,5471.43,0,0.0,0.0,0.0,0.231745,0.388438
2041-10-09,21.1,0.0,41.3,8.7,5105.31,5035.17,0,0.0,0.013931,0.0,0.235713,0.508765
2041-10-10,20.4,0.0,54.4,9.5,4896.14,5100.66,0,0.0,0.0,0.0,0.261835,0.471816
2041-10-11,24.3,4.9,50.4,8.0,5331.55,6225.48,0,0.0,0.0,0.0,0.274445,0.363605
2041-10-12,23.3,0.0,42.5,11.3,4985.49,4979.0,0,0.0,0.001303,0.0,0.272526,0.530838
2041-10-13,19.4,0.0,42.7,9.7,4707.4,5061.95,0,0.0,0.0,0.0,0.234849,0.409872
2041-10-14,17.7,1.3,48.4,7.4,4817.38,5160.06,0,0.0,0.0,0.0,0.218171,0.397434
2041-10-15,16.7,0.0,36.1,8.2,4845.21,5074.56,0,0.0,0.0,0.0,0.193103,0.397131
2041-10-16,17.7,0.0,36.6,7.3,4987.04,4692.5,0,0.0,0.062768,0.0,0.193688,0.523754
2041-10-17,15.4,0.0,34.0,10.8,4760.75,5247.32,0,0.0,0.0,0.0,0.200659,0.349199
2041-10-18,14.8,0.0,38.9,10.4,4861.05,5107.66,0,0.0,0.0,0.0,0.202805,0.40323
2041-10-19,14.6,0.0,35.6,9.3,4886.08,5470.17,0,0.0,0.0,0.0,0.186812,0.31895
2041-10-20,13.7,0.0,37.9,9.5,4865.55,5179.87,0,0.0,0.0,0.0,0.186735,0.372686
2041-10-21,15.5,0.0,39.3,9.5,5019.28,5290.63,0,0.0,0.0,0.0,0.201225,0.39814
2041-10-22,16.6,0.0,32.4,10.1,4994.27,5361.2,0,0.0,0.0,0.0,0.200167,0.377058
2041-10-23,18.4,0.0,45.9,10.2,5071.49,5009.54,0,0.0,0.012365,0.0,0.238116,0.509343
2041-10-24,16.9,0.0,44.8,8.3,4851.34,5570.12,0,0.0,0.0,0.0,0.211506,0.317652
2041-10-25,18.6,0.0,36.4,7.9,5076.77,5210.54,0,0.0,0.0,0.0,0.203875,0.430694
2041-10-26,14.9,0.0,45.9,11.0,4701.84,4829.54,0,0.0,0.0,0.0,0.221219,0.447141
2041-10-27,11.7,0.0,40.2,11.8,4773.39,5400.68,0,0.0,0.0,0.0,0.195612,0.316808
2041-10-28,9.6,0.0,43.6,11.8,4849.05,5167.07,0,0.0,0.0,0.0,0.188145,0.373084
2041-10-29,10.2,16.4,35.2,13.0,5018.99,5195.17,0,0.0,0.0,0.0,0.205619,0.42282
2041-10-30,13.1,0.0,36.1,12.9,5124.98,5514.84,0,0.0,0.0,0.0,0.20564,0.379903
2041-10-31,11.7,0.0,40.7,11.2,4890.87,5328.3,0,0.0,0.0,0.0,0.19192,0.352871
2041-11-01,10.8,0.0,36.6,9.0,4931.35,5141.16,0,0.0,0.0,0.0,0.161325,0.370473
2041-11-02,10.6,0.0,36.4,8.4,4975.35,5513.22,0,0.0,0.0,0.0,0.155002,0.2979
2041-11-03,11.9,0.2,36.6,9.4,5061.46,4909.39,0,0.0,0.030976,0.0,0.171906,0.464857
2041-11-04,10.9,0.0,38.8,8.5,4928.8,5256.54,0,0.0,0.0,0.0,0.162251,0.346255
2041-11-05,9.9,0.0,37.3,12.4,4944.54,5441.05,0,0.0,0.0,0.0,0.18294,0.333202
2041-11-06,7.4,0.0,44.4,8.8,4880.91,5316.16,0,0.0,0.0,0.0,0.151996,0.313207
2041-11-07,7.0,0.0,31.6,10.4,5008.6,4551.88,0,0.0,0.100335,0.0,0.137705,0.511628
2041-11-08,10.0,0.0,36.9,10.3,5199.91,5418.44,0,0.0,0.0,0.0,0.166645,0.376353
2041-11-09,10.3,0.0,39.8,12.7,5028.83,4895.65,0,0.0,0.027205,0.0,0.192579,0.481127
2041-11-10,8.8,0.0,29.9,11.3,4939.77,5586.9,0,0.0,0.0,0.0,0.153327,0.274897
2041-11-11,11.5,0.0,34.3,9.7,5170.64,5301.91,0,0.0,0.0,0.0,0.167028,0.394914
2041-11-12,10.0,0.0,36.8,10.8,4934.32,5546.21,0,0.0,0.0,0.0,0.170316,0.298311
2041-11-13,12.8,0.0,43.3,10.7,5164.93,5027.16,0,0.0,0.027405,0.0,0.200187,0.48897
2041-11-14,15.0,0.0,36.4,9.5,5106.33,5487.32,0,0.0,0.0,0.0,0.192491,0.368227
2041-11-15,14.0,5.8,40.9,10.5,4932.77,5181.88,0,0.0,0.0,0.0,0.20913,0.409799
2041-11-16,10.0,0.0,39.7,12.7,4796.71,5871.82,0,0.0,0.0,0.0,0.190414,0.233457
2041-11-17,14.4,0.0,21.7,11.2,5252.27,5904.65,0,0.0,0.0,0.0,0.174091,0.3019
2041-11-18,14.1,0.0,35.8,10.6,4979.24,5577.61,0,0.0,0.0,0.0,0.193922,0.325472
2041-11-19,12.4,8.4,35.3,11.4,4915.47,5789.2,0,0.0,0.0,0.0,0.198201,0.278802
2041-11-20,13.6,0.0,42.8,9.8,5075.83,5420.37,0,0.0,0.0,0.0,0.197578,0.380163
2041-11-21,14.0,0.0,38.7,13.5,5028.25,5248.15,0,0.0,0.0,0.0,0.221077,0.428952
2041-11-22,15.5,0.0,39.6,16.0,5092.71,5278.84,0,0.0,0.0,0.0,0.251941,0.467569
2041-11-23,12.7,0.0,37.7,9.7,4857.87,5201.09,0,0.0,0.0,0.0,0.181312,0.361065
2041-11-24,12.5,0.0,35.6,11.5,5008.65,4384.98,0,0.0,0.142228,0.0,0.189945,0.612773
2041-11-25,9.2,0.0,39.2,9.9,4862.72,5106.57,0,0.0,0.0,0.0,0.162598,0.363642
2041-11-26,10.3,0.0,34.9,11.6,5115.4,5444.26,0,0.0,0.0,0.0,0.174903,0.361176
2041-11-27,9.8,0.0,41.4,12.0,5023.94,5225.81,0,0.0,0.0,0.0,0.186882,0.398576
2041-11-28,9.9,0.0,29.7,12.7,5067.31,4831.95,0,0.0,0.04871,0.0,0.171005,0.484658
2041-11-29,9.2,0.0,40.2,11.8,5019.96,5223.57,0,0.0,0.0,0.0,0.179134,0.39042
2041-11-30,8.4,0.0,33.2,15.3,5023.59,4789.37,0,0.0,0.048903,0.0,0.187742,0.501623
2041-12-01,6.5,0.0,38.4,12.7,5584.4,6487.66,0,0.0,0.0,0.0,0.164906,0.259162
2041-12-02,8.2,0.0,27.2,11.0,5821.86,6018.56,0,0.0,0.0,0.0,0.141994,0.360631
2041-12-03,11.1,3.3,37.2,11.3,5857.84,5389.51,0,0.0,0.086898,0.0,0.186201,0.544434
2041-12-04,9.2,0.4,34.4,11.3,5564.99,5770.83,0,0.0,0.0,0.0,0.164889,0.380039
2041-12-05,9.9,3.9,35.8,10.9,5733.91,6344.06,0,0.0,0.0,0.0,0.173312,0.317825
2041-12-06,10.2,0.0,26.3,12.2,5705.02,6053.56,0,0.0,0.0,0.0,0.162749,0.352325
2041-12-07,9.6,0.0,35.3,11.5,5649.87,5607.09,0,0.0,0.007631,0.0,0.170268,0.435965
2041-12-08,6.1,8.1,37.9,13.6,5481.65,5521.51,0,0.0,0.0,0.0,0.17816,0.426522
2041-12-09,3.7,0.0,26.3,12.7,5583.85,5762.14,0,0.0,0.0,0.0,0.123763,0.344432
2041-12-10,2.8,6.9,31.3,18.4,5698.78,5825.87,0,0.0,0.0,0.0,0.179606,0.410929
2041-12-11,-0.7,0.0,36.2,11.4,5551.11,5388.17,0,0.0,0.03024,0.0,0.103293,0.395386
2041-12-12,3.7,0.0,37.5,14.3,6056.2,6333.22,1,2.688,0.0,0.1628,0.157109,0.362836
2041-12-13,5.1,0.0,35.3,11.6,5835.92,5637.36,0,0.0,0.035224,0.0,0.141378,0.439286
2041-12-14,5.4,5.6,37.2,12.0,5758.82,6391.08,0,0.0,0.0,0.0,0.156837,0.298138
2041-12-15,1.3,7.2,37.6,11.2,6588.73,7362.77,0,0.0,0.0,0.0,0.126342,0.260404
2041-12-16,-1.2,0.0,33.1,12.2,5620.19,5545.99,1,0.5,0.013377,0.0376,0.100358,0.372767
2041-12-17,0.4,0.0,35.0,11.5,5901.09,5929.71,0,0.0,0.0,0.0,0.109065,0.36022
2041-12-18,5.7,1.9,29.4,20.3,6096.0,6238.35,0,0.0,0.0,0.0,0.203719,0.433871
2041-12-19,4.5,0.0,33.2,13.2,5667.42,5939.54,0,0.0,0.0,0.0,0.145832,0.349137
2041-12-20,6.8,0.0,36.0,13.8,5873.87,6262.61,0,0.0,0.0,0.0,0.170872,0.355198
2041-12-21,5.8,5.0,43.7,12.3,5670.17,6119.09,0,0.0,0.0,0.0,0.173244,0.344389
2041-12-22,6.2,0.0,35.8,18.2,5751.52,6198.42,0,0.0,0.0,0.0,0.200492,0.373113
2041-12-23,8.8,0.0,46.9,15.1,5877.14,6746.33,0,0.0,0.0,0.0,0.214523,0.320906
2041-12-24,7.8,0.0,46.4,13.7,5638.86,5942.25,0,0.0,0.0,0.0,0.196191,0.393378
2041-12-25,6.3,0.0,37.2,12.4,5620.43,5440.26,0,0.0,0.033118,0.0,0.159023,0.454475
2041-12-26,9.3,0.0,34.9,17.1,5897.4,5594.4,0,0.0,0.054161,0.0,0.21075,0.530768
2041-12-27,9.0,0.0,48.5,13.6,5672.74,6540.98,0,0.0,0.0,0.0,0.207267,0.309098
2041-12-28,10.8,0.0,41.0,13.8,5799.33,6275.5,0,0.0,0.0,0.0,0.206612,0.374822
2041-12-29,8.8,0.0,39.7,14.3,5553.93,5903.86,0,0.0,0.0,0.0,0.19485,0.382446
2041-12-30,11.3,0.0,34.0,16.5,5838.15,6295.2,0,0.0,0.0,0.0,0.217616,0.389649
2041-12-31,11.1,0.0,35.7,16.3,5653.28,5993.02,0,0.0,0.0,0.0,0.217942,0.408553
2042-01-01,11.3,10.3,35.6,12.3,5674.82,6113.43,0,0.0,0.0,0.0,0.200776,0.37381
2042-01-02,10.9,0.0,45.6,13.7,5634.91,5784.39,0,0.0,0.0,0.0,0.215124,0.441746
2042-01-03,9.2,0.0,40.9,13.5,5573.68,6222.89,0,0.0,0.0,0.0,0.193563,0.328562
2042-01-04,9.0,0.0,37.0,13.9,5664.71,5760.64,0,0.0,0.0,0.0,0.188019,0.425369
2042-01-05,7.9,0.0,36.4,16.1,5619.63,5580.81,0,0.0,0.006955,0.0,0.196619,0.461529
2042-01-06,9.9,0.0,34.0,17.2,5802.61,5474.63,0,0.0,0.059909,0.0,0.213789,0.540517
2042-01-07,9.1,0.0,38.8,12.5,5627.76,5824.86,0,0.0,0.0,0.0,0.181251,0.398539
2042-01-08,6.0,0.0,40.2,12.8,5489.46,6202.29,0,0.0,0.0,0.0,0.165757,0.288377
2042-01-09,3.1,4.7,29.4,13.1,5533.66,5650.9,0,0.0,0.0,0.0,0.134442,0.367012
2042-01-10,0.8,0.0,35.0,16.3,5585.36,5379.55,0,0.0,0.038258,0.0,0.148739,0.450191
2042-01-11,3.6,5.1,38.0,15.9,5921.28,6323.59,0,0.0,0.0,0.0,0.175955,0.358474
2042-01-12,2.4,0.0,45.7,11.8,5644.53,5695.24,0,0.0,0.0,0.0,0.144625,0.391021
2042-01-13,4.3,0.0,37.8,14.3,5846.41,6709.0,0,0.0,0.0,0.0,0.161626,0.268321
2042-01-14,5.5,0.0,31.8,12.2,5784.86,6465.73,0,0.0,0.0,0.0,0.142082,0.275939
2042-01-15,6.2,0.0,35.5,13.3,5730.85,5558.55,0,0.0,0.030998,0.0,0.162121,0.455097
2042-01-16,7.7,0.0,49.9,12.1,5775.73,6001.24,0,0.0,0.0,0.0,0.189749,0.402671
2042-01-17,8.4,0.0,39.6,13.7,5708.48,5722.28,0,0.0,0.0,0.0,0.187396,0.441371
2042-01-18,3.3,0.0,36.6,13.7,5348.49,5224.88,0,0.0,0.023659,0.0,0.148155,0.432563
2042-01-19,4.0,0.0,33.7,12.7,5746.16,6013.22,0,0.0,0.0,0.0,0.139616,0.344559
2042-01-20,6.1,0.0,42.4,13.7,5818.01,6408.82,0,0.0,0.0,0.0,0.177486,0.326657
2042-01-21,10.2,0.0,43.2,13.3,5909.14,6174.18,0,0.0,0.0,0.0,0.202924,0.409601
2042-01-22,13.6,0.0,45.0,14.1,5818.71,5920.44,0,0.0,0.0,0.0,0.234882,0.471613
2042-01-23,10.3,0.0,56.7,12.1,5399.04,4918.57,0,0.0,0.097686,0.0,0.219636,0.590463
2042-01-24,9.7,0.0,37.2,12.6,5586.52,5631.51,0,0.0,0.0,0.0,0.182977,0.430441
2042-01-25,6.9,0.0,41.8,14.5,5453.88,5916.17,0,0.0,0.0,0.0,0.187807,0.353376
2042-01-26,10.8,0.0,45.4,13.0,5871.55,5668.73,0,0.0,0.035778,0.0,0.208689,0.507247
2042-01-27,13.0,1.9,42.5,12.5,5723.79,6472.47,0,0.0,0.0,0.0,0.216213,0.337968
2042-01-28,13.4,0.0,34.2,12.6,5602.31,5676.43,0,0.0,0.0,0.0,0.20174,0.443287
2042-01-29,13.5,2.5,48.0,18.3,5568.86,5915.27,0,0.0,0.0,0.0,0.275306,0.463731
2042-01-30,16.0,0.0,42.0,12.3,5727.8,5870.16,0,0.0,0.0,0.0,0.231188,0.459667
2042-01-31,17.7,0.0,40.1,12.8,5699.87,5562.46,0,0.0,0.024704,0.0,0.242689,0.528317
2042-02-01,19.0,0.0,41.3,14.0,5691.08,6133.49,0,0.0,0.0,0.0,0.262767,0.435352
2042-02-02,18.7,0.0,53.8,13.9,5575.35,5644.07,0,0.0,0.0,0.0,0.283455,0.526031
2042-02-03,16.8,0.0,52.8,13.6,5442.38,5428.87,0,0.0,0.002487,0.0,0.266742,0.526437
2042-02-04,17.7,0.0,41.2,12.8,5626.58,5065.62,0,0.0,0.110738,0.0,0.244751,0.630817
2042-02-05,18.5,0.0,38.3,13.1,5634.65,6378.81,0,0.0,0.0,0.0,0.246901,0.3675
2042-02-06,17.1,0.0,51.8,13.3,5468.54,5744.09,0,0.0,0.0,0.0,0.264529,0.465318
2042-02-07,15.8,19.6,62.8,12.3,5442.04,6093.53,0,0.0,0.0,0.0,0.292784,0.424761
2042-02-08,17.8,0.0,59.6,17.8,5687.0,6193.55,0,0.0,0.0,0.0,0.31849,0.479802
2042-02-09,20.4,0.0,41.2,12.8,5774.58,6465.83,0,0.0,0.0,0.0,0.262548,0.394533
2042-02-10,17.8,0.0,55.4,15.4,5376.35,5454.09,0,0.0,0.0,0.0,0.292097,0.532247
2042-02-11,16.7,0.0,48.9,13.9,5456.54,5257.57,0,0.0,0.037845,0.0,0.261085,0.562055
2042-02-12,17.1,0.0,39.6,14.4,5557.9,6102.85,0,0.0,0.0,0.0,0.250142,0.40269
2042-02-13,17.8,0.0,45.3,14.2,5580.29,5905.08,0,0.0,0.0,0.0,0.2639,0.456481
2042-02-14,16.4,0.0,46.0,12.4,5413.81,5525.44,0,0.0,0.0,0.0,0.242096,0.475301
2042-02-15,20.1,0.0,52.6,16.2,5810.78,6373.21,0,0.0,0.0,0.0,0.30818,0.461948
2042-02-16,20.2,0.0,43.7,12.0,5569.65,5956.25,0,0.0,0.0,0.0,0.259744,0.440762
2042-02-17,20.5,0.0,55.6,12.6,5587.68,6091.98,1,0.5,0.0,0.0279,0.288664,0.448815
2042-02-18,23.3,0.0,53.6,13.7,5850.43,5766.12,0,0.0,0.014622,0.0,0.311857,0.585716
2042-02-19,21.2,0.0,56.7,13.1,5425.9,6031.38,0,0.0,0.0,0.0,0.299198,0.438795
2042-02-20,20.3,0.0,48.6,12.5,5485.41,5758.08,0,0.0,0.0,0.0,0.273449,0.474957
2042-02-21,17.3,0.0,54.2,15.8,5293.2,5919.64,0,0.0,0.0,0.0,0.289638,0.422889
2042-02-22,17.1,0.0,47.4,14.4,5471.56,6078.91,0,0.0,0.0,0.0,0.264767,0.404921
2042-02-23,14.3,0.0,56.3,13.9,5272.72,5764.33,0,0.0,0.0,0.0,0.259141,0.416369
2042-02-24,16.7,0.3,52.2,13.1,6748.07,7038.23,0,0.0,0.0,0.0,0.261466,0.470128
2042-02-25,18.0,0.0,52.9,14.3,5569.3,6096.73,0,0.0,0.0,0.0,0.28024,0.436038
2042-02-26,17.7,0.0,53.8,15.0,5454.28,6108.69,0,0.0,0.0,0.0,0.285351,0.41708
2042-02-27,17.8,0.0,45.6,12.5,5483.43,5967.2,0,0.0,0.0,0.0,0.251345,0.413492
2042-02-28,19.7,0.0,60.6,12.0,5625.64,5978.73,0,0.0,0.0,0.0,0.288136,0.475982
2042-03-01,17.5,0.0,55.4,11.8,4588.15,5023.32,0,0.0,0.0,0.0,0.262342,0.418
2042-03-02,18.5,0.0,61.3,16.1,4779.09,4859.77,0,0.0,0.0,0.0,0.313175,0.550584
2042-03-03,20.4,0.0,61.3,12.0,4849.68,5554.73,0,0.0,0.0,0.0,0.294062,0.402676
2042-03-04,16.9,0.0,52.0,11.9,4496.03,4244.45,0,0.0,0.059272,0.0,0.252784,0.578769
2042-03-05,19.2,0.0,55.0,14.7,4847.6,5100.49,0,0.0,0.0,0.0,0.295174,0.494082
2042-03-06,16.3,0.0,49.0,13.1,4511.45,4621.64,0,0.0,0.0,0.0,0.252463,0.48142
2042-03-07,17.2,0.0,63.2,17.5,4733.24,4778.79,0,0.0,0.0,0.0,0.318971,0.564634
2042-03-08,15.9,0.0,59.0,12.4,4584.22,4901.57,0,0.0,0.0,0.0,0.263175,0.444382
2042-03-09,20.1,0.0,58.8,13.0,4953.95,4850.39,0,0.0,0.021351,0.0,0.295113,0.576828
2042-03-10,18.3,0.0,56.7,12.6,4585.11,5435.98,0,0.0,0.0,0.0,0.276225,0.350287
2042-03-11,16.0,0.0,53.6,15.7,4514.85,4356.0,0,0.0,0.036466,0.0,0.279172,0.578534
2042-03-12,17.7,0.0,65.2,12.7,4769.0,4721.65,0,0.0,0.010029,0.0,0.288979,0.557476
2042-03-13,18.1,0.0,69.1,12.4,4691.05,4616.56,0,0.0,0.016134,0.0,0.296614,0.57224
2042-03-14,16.3,0.0,66.0,12.5,4535.59,4819.09,0,0.0,0.0,0.0,0.279708,0.467821
2042-03-15,19.0,0.0,58.9,10.9,4824.93,5374.57,0,0.0,0.0,0.0,0.271847,0.409251
2042-03-16,16.1,0.0,62.1,11.1,4466.21,4837.53,0,0.0,0.0,0.0,0.260275,0.427457
2042-03-17,15.8,5.6,67.2,11.5,5522.8,6311.23,0,0.0,0.0,0.0,0.277779,0.388731
2042-03-18,16.6,0.0,61.2,12.7,4668.03,4658.15,0,0.0,0.002122,0.0,0.274229,0.533495
2042-03-19,20.0,0.0,70.8,13.4,4864.32,5309.4,0,0.0,0.0,0.0,0.320041,0.478969
2042-03-20,23.8,0.6,67.8,13.6,5005.66,5160.22,0,0.0,0.0,0.0,0.341738,0.563562
2042-03-21,26.5,0.0,75.7,13.3,5083.8,5411.04,0,0.0,0.0,0.0,0.3713,0.55749
2042-03-22,26.2,0.0,63.0,13.0,4887.02,5472.72,0,0.0,0.0,0.0,0.343196,0.475049
2042-03-23,21.5,0.0,50.3,12.0,4404.11,4154.78,0,0.0,0.06001,0.0,0.280688,0.607534
2042-03-24,23.4,0.0,63.1,13.2,4859.52,5712.04,0,0.0,0.0,0.0,0.326471,0.409027
2042-03-25,27.1,0.0,61.1,11.9,5161.91,5372.77,0,0.0,0.0,0.0,0.337078,0.548052
2042-03-26,29.7,0.0,64.2,15.9,5229.25,4961.42,0,0.0,0.053982,0.0,0.390892,0.710701
2042-03-27,30.3,0.0,72.6,12.0,5135.75,5168.37,0,0.0,0.0,0.0,0.380504,0.629926
2042-03-28,27.6,0.0,61.3,10.9,4785.7,5055.83,0,0.0,0.0,0.0,0.333032,0.527448
2042-03-29,26.7,0.0,60.1,20.8,4850.93,4881.67,0,0.0,0.0,0.0,0.401239,0.650678
2042-03-30,31.1,0.0,61.3,10.2,5391.43,4965.41,0,0.0,0.085797,0.0,0.350701,0.707651
2042-03-31,27.9,0.0,75.6,11.2,4762.79,5029.97,0,0.0,0.0,0.0,0.364137,0.558917
2042-04-01,25.9,0.0,62.9,11.8,4729.53,4750.95,0,0.0,0.0,0.0,0.331771,0.583298
2042-04-02,28.6,0.0,66.8,11.8,5142.21,5610.26,0,0.0,0.0,0.0,0.356881,0.516278
2042-04-03,28.1,2.3,75.6,10.8,4917.36,4832.25,0,0.0,0.017613,0.0,0.365175,0.642526
2042-04-04,26.2,0.0,69.4,10.8,4735.54,5647.02,0,0.0,0.0,0.0,0.33822,0.406581
2042-04-05,30.2,0.0,55.1,12.2,5293.62,5729.59,1,1.46,0.0,0.0773,0.348576,0.516537
2042-04-06,31.3,0.0,64.2,9.9,5173.99,5496.84,0,0.0,0.0,0.0,0.355142,0.543366
2042-04-07,30.5,0.0,63.6,11.7,5014.89,5462.51,0,0.0,0.0,0.0,0.362633,0.523761
2042-04-08,28.5,0.0,58.5,14.4,4825.24,4512.78,0,0.0,0.069239,0.0,0.360721,0.698341
2042-04-09,33.3,0.7,65.2,10.9,5497.53,5600.29,0,0.0,0.0,0.0,0.378769,0.614138
2042-04-10,33.0,0.0,54.1,13.0,5164.21,6002.52,0,0.0,0.0,0.0,0.371329,0.46508
2042-04-11,35.7,4.9,70.8,11.5,5491.54,5655.36,0,0.0,0.0,0.0,0.414843,0.637817
2042-04-12,36.9,0.0,68.3,9.7,5458.72,5710.05,0,0.0,0.0,0.0,0.398197,0.603603
2042-04-13,35.1,0.0,64.9,9.3,5165.79,5272.26,0,0.0,0.0,0.0,0.376872,0.610087
2042-04-14,33.7,0.0,59.7,10.9,5114.66,5842.3,0,0.0,0.0,0.0,0.370239,0.481633
2042-04-15,36.6,1.2,76.2,9.4,5534.97,5726.42,0,0.0,0.0,0.0,0.410182,0.627943
2042-04-16,39.0,5.7,67.8,12.5,5632.75,5470.16,0,0.0,0.029724,0.0,0.439661,0.73115
2042-04-17,34.3,0.0,75.0,10.9,4923.62,5969.72,0,0.0,0.0,0.0,0.402882,0.455103
2042-04-18,35.4,0.0,69.1,14.5,5345.94,5150.14,0,0.0,0.038019,0.0,0.426847,0.72802
2042-04-19,35.0,0.0,77.2,9.6,5224.93,5454.12,0,0.0,0.0,0.0,0.40159,0.609324
2042-04-20,33.0,0.0,73.1,9.3,5007.79,4992.6,0,0.0,0.003042,0.0,0.378405,0.638747
2042-04-21,33.9,5.8,72.4,11.4,5243.05,5273.45,0,0.0,0.0,0.0,0.406305,0.656365
2042-04-22,31.5,0.0,66.4,12.9,4904.07,4821.83,0,0.0,0.017055,0.0,0.383733,0.660434
2042-04-23,31.4,0.0,77.3,12.4,5035.73,5116.21,0,0.0,0.0,0.0,0.399653,0.638079
2042-04-24,30.8,0.0,70.0,13.7,4962.61,5518.39,0,0.0,0.0,0.0,0.392042,0.531258
2042-04-25,30.9,6.7,68.8,11.2,5011.91,4661.95,0,0.0,0.075067,0.0,0.379336,0.72376
2042-04-26,31.8,6.7,72.3,9.6,5111.42,5772.99,0,0.0,0.0,0.0,0.379485,0.502494
2042-04-27,30.8,0.0,71.4,9.5,4929.49,5513.98,0,0.0,0.0,0.0,0.36226,0.495304
2042-04-28,35.2,0.0,76.2,12.4,5499.45,5950.8,0,0.0,0.0,0.0,0.422638,0.590884
2042-04-29,36.5,0.0,62.6,12.5,5379.45,5691.18,1,2.909,0.0,0.1565,0.406478,0.599324
2042-04-30,40.3,0.0,84.1,11.8,5738.56,6125.5,0,0.0,0.0,0.0,0.466437,0.649484
2042-05-01,39.4,0.0,74.7,9.4,5385.21,6137.39,0,0.0,0.0,0.0,0.424361,0.538078
2042-05-02,38.0,0.0,72.4,11.0,5269.79,4953.68,0,0.0,0.063812,0.0,0.423166,0.754452
2042-05-03,41.6,0.0,74.9,10.6,5784.66,6338.95,0,0.0,0.0,0.0,0.448496,0.603206
2042-05-04,39.7,11.8,68.1,10.5,5328.56,5344.5,0,0.0,0.0,0.0,0.436848,0.690156
2042-05-05,39.1,29.1,80.9,10.3,5370.92,5918.87,0,0.0,0.0,0.0,0.476458,0.625174
2042-05-06,40.5,0.0,76.4,9.4,5570.79,5633.98,0,0.0,0.0,0.0,0.434799,0.678496
2042-05-07,37.7,3.8,72.7,8.7,5148.07,5634.73,0,0.0,0.0,0.0,0.408641,0.564605
2042-05-08,39.4,0.0,76.0,8.0,5526.67,5263.85,0,0.0,0.049929,0.0,0.415996,0.731073
2042-05-09,40.5,0.0,77.5,18.4,5548.43,5234.21,0,0.0,0.060032,0.0,0.506306,0.833177
2042-05-10,42.9,0.0,70.0,8.4,5755.32,6002.09,0,0.0,0.0,0.0,0.430902,0.639695
2042-05-11,44.0,0.0,80.0,10.1,5735.15,6540.59,0,0.0,0.0,0.0,0.47002,0.58305
2042-05-12,45.8,0.0,73.6,7.8,5874.92,6367.15,0,0.0,0.0,0.0,0.452137,0.618678
2042-05-13,44.4,0.0,83.6,9.2,5582.65,6047.87,0,0.0,0.0,0.0,0.472462,0.639452
2042-05-14,41.8,0.0,80.7,9.4,5360.0,5918.47,0,0.0,0.0,0.0,0.45143,0.598063
2042-05-15,45.7,0.0,76.3,7.2,6008.28,6158.43,1,4.577,0.0,0.275,0.451911,0.680238
2042-05-16,41.6,0.0,70.3,7.2,5243.13,5707.03,0,0.0,0.0,0.0,0.413637,0.575534
2042-05-17,38.6,0.0,73.8,9.6,5150.53,5219.96,0,0.0,0.0,0.0,0.418944,0.660207
2042-05-18,40.2,0.0,79.5,8.2,5533.86,5701.07,0,0.0,0.0,0.0,0.429375,0.651926
2042-05-19,43.6,3.1,72.5,7.1,5842.37,6064.62,0,0.0,0.0,0.0,0.433955,0.647963
2042-05-20,43.5,0.0,76.8,6.9,5598.66,5686.17,0,0.0,0.0,0.0,0.436033,0.674857
2042-05-21,45.0,0.0,77.4,8.5,5792.6,6058.13,0,0.0,0.0,0.0,0.459391,0.665013
2042-05-22,40.3,0.0,74.2,11.3,5119.36,5293.23,0,0.0,0.0,0.0,0.444016,0.66246
2042-05-23,39.5,0.0,70.7,8.9,5333.85,5362.74,0,0.0,0.0,0.0,0.413662,0.664163
2042-05-24,36.2,0.0,82.8,8.7,4992.23,5197.62,0,0.0,0.0,0.0,0.413055,0.623714
2042-05-25,38.9,0.0,77.3,8.6,5518.44,5848.35,0,0.0,0.0,0.0,0.419767,0.610703
2042-05-26,36.4,0.0,73.4,6.8,5051.32,4953.87,0,0.0,0.019671,0.0,0.382088,0.661843
2042-05-27,34.9,0.0,71.0,6.3,5039.32,5423.82,0,0.0,0.0,0.0,0.363843,0.537875
2042-05-28,37.4,0.0,79.5,7.1,5417.47,5519.85,1,1.258,0.0,0.0681,0.402431,0.637568
2042-05-29,40.5,0.0,74.6,6.6,5626.7,5978.3,0,0.0,0.0,0.0,0.409819,0.597951
2042-05-30,40.5,0.0,79.9,6.6,5426.99,5470.88,0,0.0,0.0,0.0,0.419757,0.667182
2042-05-31,42.0,0.0,70.4,9.3,5604.25,6255.36,0,0.0,0.0,0.0,0.432664,0.567941
2042-06-01,43.2,0.0,76.5,10.2,6833.7,7587.02,0,0.0,0.0,0.0,0.458956,0.599834
2042-06-02,42.6,3.0,73.3,6.0,6654.31,6547.1,0,0.0,0.016375,0.0,0.420254,0.69616
2042-06-03,40.4,0.0,83.7,6.0,6379.77,6909.77,0,0.0,0.0,0.0,0.421593,0.58884
2042-06-04,42.0,0.0,76.8,9.2,6783.03,7740.22,0,0.0,0.0,0.0,0.443893,0.556317
2042-06-05,43.4,0.0,70.0,8.4,6858.26,6791.5,0,0.0,0.009831,0.0,0.434198,0.702463
2042-06-06,45.0,0.0,79.6,7.2,6990.6,6957.43,0,0.0,0.004767,0.0,0.453485,0.715841
2042-06-07,45.2,0.0,81.0,13.5,6881.02,7543.73,1,3.615,0.0,0.2487,0.506039,0.660274
2042-06-08,42.4,3.0,73.9,9.7,6453.94,6245.14,0,0.0,0.033434,0.0,0.44861,0.744431
2042-06-09,43.9,0.0,70.7,8.4,6897.35,6904.36,0,0.0,0.0,0.0,0.438806,0.694411
2042-06-10,43.7,0.0,63.7,7.0,6747.92,6653.96,0,0.0,0.014121,0.0,0.41356,0.686835
2042-06-11,42.6,0.0,80.2,5.8,6600.6,7241.47,0,0.0,0.0,0.0,0.427988,0.581463
2042-06-12,42.1,13.2,69.1,9.9,6615.6,6657.79,0,0.0,0.0,0.0,0.451621,0.701013
2042-06-13,40.9,16.9,78.5,5.8,6482.33,6690.22,0,0.0,0.0,0.0,0.434215,0.654729
2042-06-14,43.1,0.0,65.8,7.7,6899.81,6919.51,1,1.758,0.0,0.1213,0.418944,0.67241
2042-06-15,40.3,0.0,83.4,10.7,6311.36,7083.6,0,0.0,0.0,0.0,0.456637,0.586159
2042-06-16,38.8,0.0,80.9,5.7,6328.39,6302.18,0,0.0,0.004159,0.0,0.403482,0.665127
2042-06-17,39.0,0.0,75.7,6.4,6467.57,6217.42,0,0.0,0.040235,0.0,0.400451,0.70421
2042-06-18,43.0,0.0,79.3,6.1,7041.14,6751.41,0,0.0,0.042914,0.0,0.431252,0.73814
2042-06-19,45.2,0.0,73.3,6.6,7032.82,7691.8,0,0.0,0.0,0.0,0.438361,0.595136
2042-06-20,41.4,0.0,69.7,8.8,6315.43,6935.91,0,0.0,0.0,0.0,0.423539,0.575894
2042-06-21,44.5,0.0,65.4,5.4,7060.07,7968.41,0,0.0,0.0,0.0,0.409675,0.53339
2042-06-22,46.9,51.4,90.4,6.0,7174.54,7032.95,0,0.0,0.020133,0.0,0.539712,0.820005
2042-06-23,43.7,30.3,76.0,5.1,6510.53,6741.22,0,0.0,0.0,0.0,0.458931,0.675772
2042-06-24,38.5,0.0,86.0,7.0,6016.63,7237.53,0,0.0,0.0,0.0,0.421098,0.480959
2042-06-25,39.2,22.0,73.2,5.8,6527.03,6729.07,0,0.0,0.0,0.0,0.419295,0.641034
2042-06-26,42.2,0.0,78.1,4.8,6904.11,7004.25,0,0.0,0.0,0.0,0.413698,0.653798
2042-06-27,45.5,12.6,82.5,6.8,7157.1,7505.48,0,0.0,0.0,0.0,0.474505,0.677108
2042-06-28,43.2,0.0,66.1,7.4,6549.51,7095.65,0,0.0,0.0,0.0,0.417851,0.584788
2042-06-29,46.6,24.2,76.4,5.7,7243.29,7839.66,1,4.835,0.0,0.3502,0.475983,0.643968
2042-06-30,41.3,0.0,71.3,8.0,6194.14,6264.08,0,0.0,0.0,0.0,0.419707,0.663463
2042-07-01,40.8,0.0,89.7,5.7,6541.76,6627.74,0,0.0,0.0,0.0,0.433164,0.67481
2042-07-02,40.3,5.5,72.2,5.3,6509.29,6713.19,0,0.0,0.0,0.0,0.40068,0.622012
2042-07-03,43.0,0.0,66.2,4.9,6948.17,6976.0,0,0.0,0.0,0.0,0.39743,0.649563
2042-07-04,45.4,0.0,74.2,16.4,7092.28,6895.19,0,0.0,0.028584,0.0,0.516984,0.807143
2042-07-05,46.7,0.0,66.3,6.9,7083.33,8244.29,0,0.0,0.0,0.0,0.437438,0.529835
2042-07-06,43.1,0.0,71.0,6.5,6448.3,6605.41,1,0.734,0.0,0.0473,0.419435,0.648458
2042-07-07,44.5,0.0,68.9,6.1,6960.59,7155.03,0,0.0,0.0,0.0,0.421639,0.646705
2042-07-08,45.0,0.0,73.5,7.7,6911.97,7118.62,1,0.5,0.0,0.0346,0.445905,0.668806
2042-07-09,41.0,0.0,67.9,9.0,6291.89,6574.57,0,0.0,0.0,0.0,0.419071,0.625667
2042-07-10,37.0,0.0,67.0,6.3,6040.65,6508.14,0,0.0,0.0,0.0,0.370185,0.543119
2042-07-11,40.0,0.0,75.7,7.8,6782.84,6923.19,0,0.0,0.0,0.0,0.417845,0.650969
2042-07-12,39.9,12.0,74.5,8.4,6537.88,7334.06,0,0.0,0.0,0.0,0.434207,0.564265
2042-07-13,37.6,0.0,70.0,8.7,6218.24,6763.34,0,0.0,0.0,0.0,0.398283,0.560985
2042-07-14,37.8,0.0,60.0,5.7,6436.35,6680.76,0,0.0,0.0,0.0,0.357703,0.571785
2042-07-15,39.2,0.0,72.5,5.3,6612.64,6665.72,0,0.0,0.0,0.0,0.387282,0.634776
2042-07-16,39.3,8.6,68.9,5.6,6529.53,7302.3,0,0.0,0.0,0.0,0.393999,0.527248
2042-07-17,36.5,0.0,70.3,6.0,6118.23,6361.68,0,0.0,0.0,0.0,0.370762,0.582878
2042-07-18,41.0,0.0,59.4,6.5,6998.7,6800.68,0,0.0,0.029117,0.0,0.383843,0.674625
2042-07-19,42.9,2.0,70.3,4.2,6913.59,7704.0,0,0.0,0.0,0.0,0.401497,0.538515
2042-07-20,41.7,0.0,69.1,7.5,6589.23,6617.18,0,0.0,0.0,0.0,0.414361,0.66622
2042-07-21,40.7,0.0,66.7,4.7,6551.68,7237.74,0,0.0,0.0,0.0,0.381664,0.527797
2042-07-22,41.2,0.3,63.2,8.2,6704.74,5977.95,0,0.0,0.121578,0.0,0.40577,0.804491
2042-07-23,38.6,0.0,73.1,4.6,6292.86,6461.35,0,0.0,0.0,0.0,0.379051,0.605399
2042-07-24,39.4,70.5,80.9,25.0,6613.81,7502.1,0,0.0,0.0,0.0,0.642374,0.760937
2042-07-25,36.7,0.0,71.3,5.3,6169.65,6480.13,0,0.0,0.0,0.0,0.368554,0.569411
2042-07-26,37.0,5.1,73.0,4.7,7711.65,8387.82,0,0.0,0.0,0.0,0.375311,0.537993
2042-07-27,35.1,0.0,62.0,9.2,6129.9,6088.08,0,0.0,0.006868,0.0,0.370663,0.635472
2042-07-28,33.5,19.3,74.5,4.8,6068.39,6504.74,0,0.0,0.0,0.0,0.373151,0.55163
2042-07-29,37.8,0.0,63.5,4.7,6796.57,7138.01,0,0.0,0.0,0.0,0.356549,0.557497
2042-07-30,38.0,0.0,68.5,9.2,6497.52,6922.01,0,0.0,0.0,0.0,0.401965,0.587164
2042-07-31,38.4,85.8,81.8,23.7,6544.87,7867.22,1,0.5,0.0,0.0327,0.646107,0.706676
2042-08-01,34.2,0.0,64.1,4.7,5930.37,6714.3,0,0.0,0.0,0.0,0.333946,0.454436
2042-08-02,33.7,0.0,64.8,5.4,6175.58,6792.49,0,0.0,0.0,0.0,0.337364,0.488128
2042-08-03,35.3,0.0,64.0,11.1,6449.82,7099.26,0,0.0,0.0,0.0,0.390391,0.540387
2042-08-04,36.1,0.0,65.7,8.5,6435.87,6389.03,0,0.0,0.00733,0.0,0.37879,0.644139
2042-08-05,31.9,0.0,59.5,4.8,5804.4,5922.3,0,0.0,0.0,0.0,0.310932,0.544482
2042-08-06,33.3,0.0,60.4,5.8,6308.76,6015.07,0,0.0,0.048826,0.0,0.329564,0.643353
2042-08-07,34.6,0.0,66.4,5.4,6399.21,6207.33,0,0.0,0.030911,0.0,0.346296,0.639173
2042-08-08,37.5,20.7,65.7,5.4,6711.91,6672.63,0,0.0,0.005886,0.0,0.389354,0.653016
2042-08-09,35.8,6.6,61.4,5.7,6259.29,6560.77,0,0.0,0.0,0.0,0.355198,0.558344
2042-08-10,31.3,30.5,65.3,4.3,5762.27,5605.68,0,0.0,0.027935,0.0,0.351208,0.640608
2042-08-11,30.1,1.8,59.7,4.6,5939.52,6221.83,1,2.152,0.0,0.1278,0.300096,0.503916
2042-08-12,28.9,0.0,56.1,7.8,5867.71,6104.16,0,0.0,0.0,0.0,0.307931,0.519501
2042-08-13,31.6,8.3,66.7,8.1,6328.44,6192.66,0,0.0,0.021927,0.0,0.358045,0.640431
2042-08-14,26.8,0.0,58.4,5.8,5484.17,6285.47,0,0.0,0.0,0.0,0.28297,0.390934
2042-08-15,27.4,12.4,57.9,5.3,5917.72,5719.8,0,0.0,0.034602,0.0,0.297258,0.594443
2042-08-16,31.6,38.0,68.4,5.4,6456.44,7233.74,1,0.547,0.0,0.0353,0.376636,0.507983
2042-08-17,32.0,0.0,52.6,9.2,6211.34,5639.78,0,0.0,0.101345,0.0,0.332604,0.707704
2042-08-18,34.1,37.7,64.4,9.8,6476.18,6741.96,0,0.0,0.0,0.0,0.419199,0.629968
2042-08-19,30.6,0.0,65.7,8.7,5842.9,5694.2,0,0.0,0.026115,0.0,0.344081,0.631357
2042-08-20,27.9,0.0,53.2,6.1,5732.01,5782.28,0,0.0,0.0,0.0,0.282785,0.529426
2042-08-21,31.7,0.0,57.5,5.5,6463.36,7523.61,0,0.0,0.0,0.0,0.311265,0.403541
2042-08-22,32.1,0.0,68.9,7.1,6233.47,6408.89,0,0.0,0.0,0.0,0.347622,0.572459
2042-08-23,32.3,0.0,58.8,5.3,6243.08,6120.8,0,0.0,0.019978,0.0,0.316114,0.596226
2042-08-24,30.0,8.7,56.9,6.1,5912.77,6390.06,0,0.0,0.0,0.0,0.314179,0.483773
2042-08-25,30.5,0.0,47.0,6.1,6159.57,6329.5,0,0.0,0.0,0.0,0.288298,0.513746
2042-08-26,28.3,4.2,58.4,5.9,5832.16,6179.15,0,0.0,0.0,0.0,0.298753,0.489988
2042-08-27,31.2,15.5,56.2,5.2,6393.0,6344.35,0,0.0,0.007669,0.0,0.322129,0.587871
2042-08-28,36.6,0.0,58.6,6.5,6947.11,6915.79,0,0.0,0.004529,0.0,0.353341,0.615418
2042-08-29,36.3,0.0,52.1,5.5,6500.83,6503.27,0,0.0,0.0,0.0,0.33146,0.587812
2042-08-30,33.8,0.0,56.6,4.6,6172.93,6792.09,0,0.0,0.0,0.0,0.316475,0.466846
2042-08-31,27.9,0.0,62.1,4.8,5563.71,5762.39,0,0.0,0.0,0.0,0.289442,0.505981
2042-09-01,24.9,0.0,57.8,5.9,4760.32,4683.96,0,0.0,0.016302,0.0,0.270093,0.545914
2042-09-02,28.8,0.0,47.5,5.1,5407.56,5733.06,1,1.722,0.0,0.0931,0.270314,0.460824
2042-09-03,26.8,9.6,56.6,6.0,4931.06,5202.3,0,0.0,0.0,0.0,0.292851,0.488774
2042-09-04,26.4,11.1,61.0,8.6,5016.05,5448.12,0,0.0,0.0,0.0,0.320356,0.484564
2042-09-05,28.1,0.0,45.5,5.8,5240.15,5343.1,0,0.0,0.0,0.0,0.267351,0.501648
2042-09-06,31.0,0.0,61.2,7.1,5486.39,5733.89,0,0.0,0.0,0.0,0.325934,0.532334
2042-09-07,29.9,9.0,55.4,9.0,5178.49,5574.98,0,0.0,0.0,0.0,0.33345,0.507215
2042-09-08,28.6,64.9,71.2,20.4,5096.09,5077.11,0,0.0,0.003739,0.0,0.510674,0.771828
2042-09-09,28.4,48.5,62.1,7.0,5161.95,5708.25,1,1.694,0.0,0.0874,0.368888,0.513953
2042-09-10,26.8,0.0,51.6,9.0,4992.35,5247.14,0,0.0,0.0,0.0,0.294911,0.495014
2042-09-11,25.6,9.0,48.8,5.4,4954.34,4858.4,0,0.0,0.019746,0.0,0.264955,0.544798
2042-09-12,26.5,16.0,62.5,5.9,5139.13,5037.21,0,0.0,0.020232,0.0,0.308973,0.589384
2042-09-13,26.7,16.4,63.5,12.0,6135.0,6403.33,0,0.0,0.0,0.0,0.359723,0.567593
2042-09-14,30.8,7.4,62.6,7.2,5580.37,5665.94,0,0.0,0.0,0.0,0.337041,0.5762
2042-09-15,30.5,0.0,40.9,7.6,5302.1,5819.27,0,0.0,0.0,0.0,0.288434,0.441475
2042-09-16,31.7,0.0,51.0,6.6,5462.59,5637.04,0,0.0,0.0,0.0,0.307565,0.528227
2042-09-17,28.1,0.6,51.4,6.4,4973.96,5317.62,0,0.0,0.0,0.0,0.283775,0.46512
2042-09-18,28.4,0.0,45.2,6.2,5232.03,5213.91,0,0.0,0.003475,0.0,0.271852,0.532699
2042-09-19,26.0,0.0,50.3,8.0,4947.12,5187.31,0,0.0,0.0,0.0,0.279485,0.48222
2042-09-20,26.3,0.0,40.9,7.9,5128.69,5810.19,0,0.0,0.0,0.0,0.263065,0.382926
2042-09-21,27.1,38.4,64.7,8.3,5205.26,5416.95,0,0.0,0.0,0.0,0.362902,0.574071
2042-09-22,26.4,27.0,46.5,7.5,5080.07,5157.1,0,0.0,0.0,0.0,0.304081,0.543434
2042-09-23,30.5,0.0,48.4,6.2,5611.14,5586.34,0,0.0,0.004439,0.0,0.291694,0.553667
2042-09-24,31.7,0.0,50.8,6.3,5506.44,5775.25,0,0.0,0.0,0.0,0.304875,0.507328
2042-09-25,32.1,4.7,44.7,6.7,5482.96,6243.92,0,0.0,0.0,0.0,0.304895,0.419411
2042-09-26,31.6,0.0,53.1,9.7,5397.3,5203.5,0,0.0,0.037244,0.0,0.334763,0.635032
2042-09-27,33.1,26.4,43.4,8.0,5617.35,5880.55,0,0.0,0.0,0.0,0.345556,0.550096
2042-09-28,27.8,47.5,57.3,9.2,4906.32,4621.89,0,0.0,0.061542,0.0,0.371688,0.70032
2042-09-29,29.2,26.2,43.4,7.4,5395.27,5525.53,0,0.0,0.0,0.0,0.314977,0.544246
2042-09-30,25.5,0.0,41.1,8.6,4887.41,5212.69,0,0.0,0.0,0.0,0.263569,0.447511
2042-10-01,23.3,0.0,42.2,7.1,4867.14,4625.91,0,0.0,0.052148,0.0,0.239556,0.557223
2042-10-02,23.7,0.0,41.6,6.9,5050.29,5161.28,1,0.709,0.0,0.0358,0.239524,0.47121
2042-10-03,25.4,26.2,57.0,13.5,5219.49,5576.0,0,0.0,0.0,0.0,0.362497,0.544647
2042-10-04,21.9,6.6,39.6,7.1,4730.42,5006.03,0,0.0,0.0,0.0,0.233506,0.426024
2042-10-05,20.3,0.0,35.8,6.8,4824.66,5168.92,0,0.0,0.0,0.0,0.205467,0.384506
2042-10-06,20.2,0.0,41.1,9.1,4914.34,4858.32,0,0.0,0.011531,0.0,0.232493,0.502744
2042-10-07,19.5,0.0,43.5,9.2,4872.6,5205.29,0,0.0,0.0,0.0,0.23315,0.415327
2042-10-08,20.9,0.0,45.2,9.4,5025.54,5086.85,0,0.0,0.0,0.0,0.247109,0.489829
2042-10-09,27.2,0.0,48.2,7.8,5629.93,6164.69,0,0.0,0.0,0.0,0.281914,0.437437
2042-10-10,26.1,0.0,31.4,9.1,5124.38,4634.64,0,0.0,0.10567,0.0,0.253194,0.633343
2042-10-11,22.9,0.0,50.3,9.0,4826.43,4979.69,0,0.0,0.0,0.0,0.266768,0.487629
2042-10-12,19.1,0.0,37.5,7.2,4709.41,4974.22,0,0.0,0.0,0.0,0.203832,0.398474
2042-10-13,18.0,0.0,40.0,6.8,4852.19,5507.3,0,0.0,0.0,0.0,0.198182,0.316106
2042-10-14,15.8,0.0,41.3,7.8,4761.78,5025.91,0,0.0,0.0,0.0,0.193835,0.389274
2042-10-15,16.8,0.0,30.0,8.9,4968.73,5276.11,0,0.0,0.0,0.0,0.187726,0.376505
2042-10-16,17.6,0.0,38.5,7.2,4966.45,5332.26,0,0.0,0.0,0.0,0.19582,0.372523
2042-10-17,16.3,7.8,47.3,8.3,4831.91,5454.96,0,0.0,0.0,0.0,0.221755,0.345208
2042-10-18,20.1,20.2,48.4,9.2,5191.79,5326.47,0,0.0,0.0,0.0,0.270939,0.498211
2042-10-19,17.6,0.0,37.4,9.3,4791.89,4607.9,0,0.0,0.039928,0.0,0.209961,0.513364
2042-10-20,16.8,0.0,40.8,13.4,4882.44,4636.09,0,0.0,0.053138,0.0,0.242698,0.561521
2042-10-21,17.7,1.8,42.3,10.1,4993.96,5452.62,0,0.0,0.0,0.0,0.228176,0.386767
2042-10-22,18.8,0.0,38.0,7.5,5031.13,5353.44,0,0.0,0.0,0.0,0.205106,0.391611
2042-10-23,20.4,0.0,41.5,12.4,5087.8,5260.03,0,0.0,0.0,0.0,0.260024,0.47859
2042-10-24,20.0,0.0,34.9,8.6,4962.99,5027.89,0,0.0,0.0,0.0,0.215691,0.457412
2042-10-25,20.8,0.0,33.9,8.1,5054.48,5364.79,0,0.0,0.0,0.0,0.215231,0.404496
2042-10-26,18.0,0.0,37.0,8.7,4802.23,5105.79,0,0.0,0.0,0.0,0.207218,0.394601
2042-10-27,18.9,0.0,26.2,8.3,5034.96,5438.91,0,0.0,0.0,0.0,0.189813,0.3599
2042-10-28,19.5,0.0,41.6,7.8,5033.0,4933.11,0,0.0,0.020248,0.0,0.218785,0.499214
2042-10-29,21.2,0.0,38.3,8.7,5122.39,4809.15,0,0.0,0.065134,0.0,0.230747,0.563575
2042-10-30,16.1,0.0,36.6,10.0,4654.74,4619.59,0,0.0,0.00761,0.0,0.203975,0.469648
2042-10-31,13.5,0.0,41.5,8.9,4802.39,4633.73,0,0.0,0.0364,0.0,0.187537,0.486818
2042-11-01,14.9,0.0,39.3,8.7,5023.51,4830.69,0,0.0,0.039917,0.0,0.191097,0.494485
2042-11-02,9.0,0.0,42.6,11.8,4645.56,5337.25,0,0.0,0.0,0.0,0.182315,0.287814
2042-11-03,10.5,0.0,45.0,10.7,5084.2,4612.28,0,0.0,0.102318,0.0,0.188215,0.564451
2042-11-04,12.8,0.0,38.6,11.1,5111.4,5518.23,0,0.0,0.0,0.0,0.194461,0.365185
2042-11-05,11.3,0.0,33.2,9.0,4904.36,5429.81,0,0.0,0.0,0.0,0.158246,0.302065
2042-11-06,10.4,0.0,40.3,11.5,4948.01,5503.22,1,0.596,0.0,0.0295,0.184916,0.323929
2042-11-07,8.3,8.7,35.1,9.8,4900.96,5231.61,1,0.909,0.0,0.0446,0.158822,0.341829
2042-11-08,7.7,0.0,32.6,10.6,4999.38,5665.07,0,0.0,0.0,0.0,0.145737,0.265348
2042-11-09,7.3,0.0,34.8,11.6,5013.45,5827.41,0,0.0,0.0,0.0,0.154942,0.248672
2042-11-10,6.5,0.0,41.9,11.0,5003.61,5158.52,0,0.0,0.0,0.0,0.158352,0.380085
2042-11-11,5.8,0.0,39.8,10.8,5011.97,5403.86,0,0.0,0.0,0.0,0.148257,0.320387
2042-11-12,6.1,0.0,40.4,9.6,5076.44,5738.28,0,0.0,0.0,0.0,0.1421,0.264245
2042-11-13,6.2,0.0,36.4,10.3,5072.15,5050.32,0,0.0,0.004322,0.0,0.140661,0.402497
2042-11-14,10.6,0.0,38.6,10.6,5289.36,5472.22,0,0.0,0.0,0.0,0.176102,0.393882
2042-11-15,9.6,0.0,38.6,10.5,4972.79,5025.37,0,0.0,0.0,0.0,0.168739,0.413315
2042-11-16,10.2,0.0,32.1,10.8,5069.4,5470.1,0,0.0,0.0,0.0,0.162821,0.334096
2042-11-17,8.9,0.0,38.4,10.7,4962.06,4616.8,0,0.0,0.074784,0.0,0.165294,0.509386
2042-11-18,7.7,0.0,35.4,15.1,4989.02,5690.01,0,0.0,0.0,0.0,0.18571,0.29868
2042-11-19,4.5,0.0,33.3,9.9,4893.55,5302.8,0,0.0,0.0,0.0,0.120556,0.28725
2042-11-20,2.2,0.0,33.5,9.5,4967.83,5400.85,0,0.0,0.0,0.0,0.102685,0.265877
2042-11-21,1.1,0.0,32.5,10.2,5050.79,4551.32,0,0.0,0.109741,0.0,0.098961,0.483864
2042-11-22,2.9,1.5,34.1,13.0,5225.09,5143.95,0,0.0,0.015774,0.0,0.13726,0.412464
2042-11-23,6.1,0.0,35.1,11.8,5283.29,6043.55,0,0.0,0.0,0.0,0.149138,0.259072
2042-11-24,3.0,23.0,44.2,10.1,5898.72,6127.73,0,0.0,0.0,0.0,0.160713,0.373874
2042-11-25,2.9,0.0,42.6,11.3,5110.85,4811.27,0,0.0,0.062266,0.0,0.13825,0.46773
2042-11-26,1.2,0.0,37.9,13.4,5023.3,5344.6,0,0.0,0.0,0.0,0.134436,0.321046
2042-11-27,2.0,0.0,35.6,12.8,5177.13,5657.5,0,0.0,0.0,0.0,0.130767,0.288435
2042-11-28,5.3,0.0,25.0,10.1,5303.46,5746.21,0,0.0,0.0,0.0,0.11181,0.278651
2042-11-29,4.9,0.0,47.1,12.8,5078.44,5284.24,0,0.0,0.0,0.0,0.171444,0.382768
2042-11-30,5.3,0.0,31.5,13.5,5130.33,5753.87,0,0.0,0.0,0.0,0.150232,0.280512
2042-12-01,8.7,0.0,31.6,11.2,5920.93,5955.11,0,0.0,0.0,0.0,0.155083,0.405173
2042-12-02,9.4,0.0,41.3,11.5,5731.67,6213.28,0,0.0,0.0,0.0,0.1802,0.346501
2042-12-03,7.4,0.0,29.5,11.7,5578.82,5905.21,0,0.0,0.0,0.0,0.146435,0.338701
2042-12-04,7.7,0.0,36.9,17.5,5727.93,5966.3,0,0.0,0.0,0.0,0.207041,0.41719
2042-12-05,6.0,0.0,32.8,12.8,5604.81,5751.23,0,0.0,0.0,0.0,0.151882,0.378951
2042-12-06,7.1,0.0,33.9,12.1,5789.37,5953.52,0,0.0,0.0,0.0,0.155794,0.380396
2042-12-07,8.1,0.0,35.4,12.3,5777.71,6078.34,0,0.0,0.0,0.0,0.166741,0.365792
2042-12-08,5.2,0.0,29.2,10.6,5532.87,5707.47,0,0.0,0.0,0.0,0.122884,0.343961
2042-12-09,5.9,0.0,34.6,13.5,5780.46,6336.45,0,0.0,0.0,0.0,0.16,0.314357
2042-12-10,5.9,0.0,40.4,15.7,5729.97,5822.98,0,0.0,0.0,0.0,0.18785,0.425993
2042-12-11,7.2,0.0,35.0,15.5,5807.88,6672.1,0,0.0,0.0,0.0,0.18475,0.290329
2042-12-12,8.8,0.0,52.9,11.5,5811.92,5889.91,0,0.0,0.0,0.0,0.197995,0.439327
2042-12-13,9.4,0.0,36.0,13.2,5734.99,6354.16,0,0.0,0.0,0.0,0.183379,0.326414
2042-12-14,8.3,0.7,29.8,11.0,5632.55,6255.97,0,0.0,0.0,0.0,0.148383,0.288839
2042-12-15,9.9,0.0,33.1,14.1,5798.18,6148.67,0,0.0,0.0,0.0,0.188182,0.378427
2042-12-16,7.6,0.0,26.1,11.4,5554.11,5858.68,0,0.0,0.0,0.0,0.139064,0.335165
2042-12-17,4.8,0.0,41.3,14.8,5551.5,5574.12,1,0.5,0.0,0.0278,0.175342,0.427395
2042-12-18,-1.2,1.9,44.5,13.5,5375.57,5469.24,0,0.0,0.0,0.0,0.134082,0.370878
2042-12-19,0.3,0.0,40.3,11.2,5891.83,6268.0,0,0.0,0.0,0.0,0.116029,0.302758
2042-12-20,0.0,0.0,32.0,14.7,5766.78,6038.72,1,1.092,0.0,0.063,0.125495,0.329714
2042-12-21,2.2,0.0,32.0,11.2,5921.83,6659.3,0,0.0,0.0,0.0,0.11299,0.240499
2042-12-22,-0.8,0.8,40.3,11.8,5583.55,5702.82,0,0.0,0.0,0.0,0.114384,0.346759
2042-12-23,-0.5,0.0,34.0,11.5,5811.19,5957.48,0,0.0,0.0,0.0,0.101258,0.329382
2042-12-24,2.0,4.1,33.4,19.1,5940.14,5614.16,1,0.818,0.058064,0.2821,0.180256,0.50483
2042-12-25,1.0,0.0,32.0,13.7,5703.18,6219.56,0,0.0,0.0,0.0,0.12437,0.284236
2042-12-26,3.0,0.0,46.4,13.1,5901.58,6402.34,0,0.0,0.0,0.0,0.159923,0.325404
2042-12-27,2.8,0.0,34.8,12.5,5737.98,6378.09,0,0.0,0.0,0.0,0.132225,0.271854
2042-12-28,3.6,0.0,41.5,20.9,5807.78,6476.29,0,0.0,0.0,0.0,0.214876,0.351162
2042-12-29,5.6,0.0,40.2,13.0,5861.32,6445.71,0,0.0,0.0,0.0,0.164664,0.315613
2042-12-30,7.9,0.0,33.4,20.6,5858.04,6457.67,0,0.0,0.0,0.0,0.225716,0.374106
2042-12-31,8.0,2.3,38.6,13.2,5708.3,6213.1,0,0.0,0.0,0.0,0.181833,0.343774
2043-01-01,6.3,0.0,33.0,16.1,5599.1,6148.58,0,0.0,0.0,0.0,0.179698,0.332161
2043-01-02,5.7,0.0,45.4,16.7,5676.66,5301.75,0,0.0,0.070714,0.0,0.203623,0.542965
2043-01-03,7.4,0.0,33.8,12.4,5818.09,5705.88,0,0.0,0.019666,0.0,0.159899,0.439647
2043-01-04,5.4,0.0,40.4,14.1,5587.4,5422.12,0,0.0,0.030483,0.0,0.172208,0.464583
2043-01-05,5.6,0.0,36.3,16.0,5727.74,6472.46,0,0.0,0.0,0.0,0.1805,0.302969
2043-01-06,5.3,0.0,34.3,11.8,5699.99,5703.83,0,0.0,0.0,0.0,0.142365,0.398369
2043-01-07,5.7,0.0,44.6,15.2,5737.9,5799.64,1,0.5,0.0,0.0287,0.190549,0.434911
2043-01-08,4.2,0.0,36.8,14.8,5621.48,5904.91,0,0.0,0.0,0.0,0.16295,0.363706
2043-01-09,1.4,0.0,30.5,14.6,5547.65,5390.36,0,0.0,0.029179,0.0,0.131139,0.421994
2043-01-10,3.9,0.0,42.0,12.5,5895.94,6332.09,0,0.0,0.0,0.0,0.152976,0.329356
2043-01-11,6.8,0.0,36.5,11.9,5891.1,5394.99,0,0.0,0.091959,0.0,0.157149,0.52129
2043-01-12,3.6,0.0,41.1,12.9,5500.94,5367.91,0,0.0,0.024781,0.0,0.152397,0.438118
2043-01-13,5.4,0.0,44.8,13.0,5827.79,6192.18,0,0.0,0.0,0.0,0.171971,0.360063
2043-01-14,8.4,0.0,42.6,14.9,5866.12,5700.56,0,0.0,0.029043,0.0,0.20228,0.492975
2043-01-15,9.7,0.0,45.5,12.8,5746.68,6504.35,0,0.0,0.0,0.0,0.200083,0.320886
2043-01-16,8.9,150.3,64.8,28.9,5596.9,5650.27,0,0.0,0.0,0.0,0.538608,0.784371
2043-01-17,7.1,0.0,47.5,12.0,5555.42,6229.41,0,0.0,0.0,0.0,0.180523,0.311006
2043-01-18,7.8,0.0,40.3,15.5,5711.84,6126.23,0,0.0,0.0,0.0,0.198643,0.376468
2043-01-19,8.8,0.0,34.9,13.0,5712.65,5993.99,0,0.0,0.0,0.0,0.175819,0.377815
2043-01-20,9.2,5.8,31.5,14.2,5675.77,5603.21,0,0.0,0.012949,0.0,0.188416,0.460323
2043-01-21,9.1,0.0,41.0,12.4,5631.65,6242.89,0,0.0,0.0,0.0,0.184604,0.327094
2043-01-22,7.2,0.0,38.9,14.8,5528.9,5959.04,0,0.0,0.0,0.0,0.186662,0.359186
2043-01-23,8.8,0.0,39.3,13.9,5742.41,6783.69,0,0.0,0.0,0.0,0.191013,0.26861
2043-01-24,10.1,0.0,45.1,14.6,5714.34,6298.29,0,0.0,0.0,0.0,0.215858,0.364412
2043-01-25,10.7,0.0,52.3,18.8,5652.1,5793.19,0,0.0,0.0,0.0,0.26572,0.494079
2043-01-26,11.1,0.0,39.4,13.0,5625.92,6009.8,0,0.0,0.0,0.0,0.199416,0.381637
2043-01-27,14.5,6.2,46.3,12.5,5791.52,6235.12,0,0.0,0.0,0.0,0.238471,0.412206
2043-01-28,12.7,0.0,41.7,14.2,5459.04,6131.96,0,0.0,0.0,0.0,0.223534,0.352214
2043-01-29,15.1,0.0,39.9,12.9,5711.44,6472.64,0,0.0,0.0,0.0,0.225948,0.345448
2043-01-30,13.1,0.0,40.0,13.5,5429.99,5646.07,1,0.5,0.0,0.0271,0.217582,0.429695
2043-01-31,15.1,0.0,53.6,13.6,5682.98,5531.94,0,0.0,0.027303,0.0,0.257036,0.5457
2043-02-01,17.1,0.0,45.8,20.4,5703.51,5322.56,0,0.0,0.071572,0.0,0.308063,0.648407
2043-02-02,15.7,18.4,49.7,13.3,5451.65,5332.85,0,0.0,0.022277,0.0,0.273814,0.55661
2043-02-03,18.5,0.0,42.9,16.0,5774.06,5847.49,0,0.0,0.0,0.0,0.277903,0.520033
2043-02-04,18.4,0.0,47.0,12.1,5577.39,6384.85,0,0.0,0.0,0.0,0.254839,0.363994
2043-02-05,15.6,0.0,43.8,13.1,5355.25,6135.66,0,0.0,0.0,0.0,0.238099,0.346404
2043-02-06,14.5,0.0,56.9,13.7,5451.86,6054.24,0,0.0,0.0,0.0,0.260041,0.400678
2043-02-07,16.7,0.0,48.9,13.3,5686.91,6412.07,0,0.0,0.0,0.0,0.256455,0.38122
2043-02-08,18.0,0.0,48.6,13.6,5652.31,5683.02,0,0.0,0.0,0.0,0.266776,0.517258
2043-02-09,15.2,0.0,48.8,12.7,5325.42,5083.3,0,0.0,0.04763,0.0,0.241751,0.554145
2043-02-10,14.9,0.0,55.1,15.8,5479.76,5406.27,0,0.0,0.013594,0.0,0.275506,0.548165
2043-02-11,15.3,0.0,48.8,12.7,5533.58,5100.89,0,0.0,0.084826,0.0,0.24241,0.598226
2043-02-12,14.3,0.0,46.8,12.5,5435.2,5325.52,0,0.0,0.020595,0.0,0.230526,0.511359
2043-02-13,19.2,0.0,50.4,14.0,5889.04,5995.78,0,0.0,0.0,0.0,0.281147,0.517154
2043-02-14,19.0,0.0,53.8,14.5,5538.55,5873.65,0,0.0,0.0,0.0,0.290062,0.48025
2043-02-15,18.3,0.0,56.1,13.5,5489.8,5811.14,0,0.0,0.0,0.0,0.282045,0.474281
2043-02-16,20.3,0.5,51.8,12.3,5696.49,5733.82,0,0.0,0.0,0.0,0.278516,0.527706
2043-02-17,18.8,0.0,52.0,16.0,5439.74,5906.71,0,0.0,0.0,0.0,0.296943,0.461441
2043-02-18,20.5,0.0,56.2,13.7,5666.23,5710.21,0,0.0,0.0,0.0,0.298276,0.546075
2043-02-19,16.5,0.0,37.9,13.3,5224.82,5489.37,0,0.0,0.0,0.0,0.234512,0.435041
2043-02-20,15.8,0.0,52.4,13.5,5425.15,5317.03,0,0.0,0.020334,0.0,0.258629,0.539158
2043-02-21,18.3,0.0,49.3,17.6,5673.1,6345.85,0,0.0,0.0,0.0,0.30093,0.433959
2043-02-22,21.4,0.0,52.9,12.3,5759.08,6054.6,0,0.0,0.0,0.0,0.287218,0.487028
2043-02-23,19.2,0.0,54.7,15.5,5372.41,5870.78,0,0.0,0.0,0.0,0.300784,0.458473
2043-02-24,17.3,0.0,59.5,12.1,5353.18,5210.68,0,0.0,0.027348,0.0,0.271026,0.559742
2043-02-25,18.8,0.0,46.7,14.3,5593.63,5934.78,0,0.0,0.0,0.0,0.273888,0.463572
2043-02-26,17.6,0.0,50.4,12.0,5397.2,5861.67,1,0.652,0.0,0.0352,0.255169,0.419456
2043-02-27,17.4,0.0,49.9,16.3,5455.68,5025.98,0,0.0,0.085498,0.0,0.286092,0.64269
2043-02-28,19.7,0.0,51.6,14.2,5644.61,6342.22,0,0.0,0.0,0.0,0.288236,0.416618
2043-03-01,18.7,0.0,48.1,11.6,4672.47,4538.3,0,0.0,0.029563,0.0,0.255021,0.546324
2043-03-02,15.1,4.1,67.1,14.3,4469.93,4752.81,0,0.0,0.0,0.0,0.292753,0.480061
2043-03-03,13.6,0.0,60.0,13.3,4596.55,5344.06,0,0.0,0.0,0.0,0.256835,0.350333
2043-03-04,15.1,0.0,52.2,11.6,4751.42,5274.83,0,0.0,0.0,0.0,0.238979,0.37993
2043-03-05,12.6,0.0,56.5,18.2,4538.28,4339.2,0,0.0,0.045879,0.0,0.281489,0.591839
2043-03-06,13.8,0.0,54.5,13.1,4735.9,4919.58,0,0.0,0.0,0.0,0.246297,0.4595
2043-03-07,12.6,0.0,57.8,13.4,4606.25,5194.49,0,0.0,0.0,0.0,0.24689,0.37148
2043-03-08,17.8,0.0,53.6,12.7,4983.69,4976.43,0,0.0,0.001459,0.0,0.267889,0.526382
2043-03-09,23.1,0.0,50.1,13.4,5103.05,5242.5,0,0.0,0.0,0.0,0.301661,0.527398
2043-03-10,20.9,1.8,55.7,11.8,4599.21,4716.78,0,0.0,0.0,0.0,0.287511,0.515202
2043-03-11,21.9,0.0,65.3,11.6,4786.59,5197.82,0,0.0,0.0,0.0,0.308363,0.472793
2043-03-12,20.3,0.0,51.3,13.0,4613.14,4397.11,0,0.0,0.049131,0.0,0.282369,0.596513
2043-03-13,20.4,0.0,64.6,11.3,4705.92,5126.84,0,0.0,0.0,0.0,0.294849,0.455794
2043-03-14,24.7,0.0,62.2,12.2,5115.15,5170.2,0,0.0,0.0,0.0,0.325636,0.569996
2043-03-15,23.7,0.0,57.8,11.5,4747.19,4981.16,0,0.0,0.0,0.0,0.305393,0.507349
2043-03-16,23.3,0.0,63.9,11.7,4758.22,4928.72,0,0.0,0.0,0.0,0.315737,0.532143
2043-03-17,21.8,3.9,62.5,15.3,4615.69,5020.88,0,0.0,0.0,0.0,0.335762,0.498342
2043-03-18,24.8,0.0,50.1,13.1,5023.39,5267.9,0,0.0,0.0,0.0,0.310552,0.513157
2043-03-19,18.4,0.0,59.1,15.7,4284.98,4888.08,0,0.0,0.0,0.0,0.305304,0.418058
2043-03-20,19.0,0.0,59.5,11.6,4686.9,5213.4,0,0.0,0.0,0.0,0.278373,0.417267
2043-03-21,20.4,0.2,69.0,13.9,4743.46,4742.96,0,0.0,0.000105,0.0,0.323404,0.580317
2043-03-22,20.3,0.0,60.1,14.6,4655.8,5289.05,0,0.0,0.0,0.0,0.311215,0.428234
2043-03-23,23.3,0.0,61.3,10.8,4923.74,5269.0,0,0.0,0.0,0.0,0.303918,0.484212
2043-03-24,26.5,0.0,56.9,11.4,5098.46,5407.95,0,0.0,0.0,0.0,0.32139,0.511371
2043-03-25,23.9,0.0,62.7,13.4,4617.93,5095.59,0,0.0,0.0,0.0,0.330559,0.477917
2043-03-26,28.8,0.0,57.4,11.5,5322.95,5239.95,0,0.0,0.015839,0.0,0.338259,0.61354
2043-03-27,25.8,0.0,69.1,10.9,4685.42,4512.51,0,0.0,0.038319,0.0,0.335793,0.637315
2043-03-28,28.9,4.7,63.0,18.8,5205.97,5474.44,0,0.0,0.0,0.0,0.41148,0.61102
2043-03-29,29.2,0.0,58.3,10.3,5046.18,5105.74,0,0.0,0.0,0.0,0.333324,0.576496
2043-03-30,28.1,0.0,70.7,10.8,4906.52,5792.85,0,0.0,0.0,0.0,0.353181,0.431354
2043-03-31,27.6,0.0,58.3,11.2,4901.85,4910.91,0,0.0,0.0,0.0,0.329722,0.584358
2043-04-01,27.9,0.0,66.5,11.6,4969.2,5230.26,0,0.0,0.0,0.0,0.350161,0.548682
2043-04-02,28.7,0.0,58.0,11.4,5035.89,5348.59,0,0.0,0.0,0.0,0.337953,0.526492
2043-04-03,27.2,0.0,67.2,11.1,4811.02,5424.77,0,0.0,0.0,0.0,0.343001,0.467713
2043-04-04,27.4,0.0,71.4,10.9,4920.42,4858.14,0,0.0,0.01282,0.0,0.350652,0.622408
2043-04-05,26.5,0.0,63.1,10.7,4807.23,4559.36,0,0.0,0.054363,0.0,0.327614,0.64787
2043-04-06,25.0,8.5,62.8,12.2,4686.7,5332.76,0,0.0,0.0,0.0,0.339109,0.454469
2043-04-07,24.6,0.0,61.2,11.1,4729.91,4990.4,0,0.0,0.0,0.0,0.314614,0.510468
2043-04-08,23.7,0.0,66.9,9.9,4648.5,5118.06,0,0.0,0.0,0.0,0.31011,0.459796
2043-04-09,24.6,4.6,78.2,10.9,4787.68,5285.47,0,0.0,0.0,0.0,0.350558,0.497401
2043-04-10,27.0,2.0,73.5,11.5,5004.09,5579.02,0,0.0,0.0,0.0,0.359022,0.495509
2043-04-11,28.3,0.0,73.8,19.9,5007.47,5138.64,0,0.0,0.0,0.0,0.430528,0.657519
2043-04-12,33.2,0.0,62.9,10.4,5482.15,5532.13,0,0.0,0.0,0.0,0.369086,0.615329
2043-04-13,28.7,0.0,74.0,12.4,4672.73,4318.7,0,0.0,0.081975,0.0,0.375669,0.728158
2043-04-14,30.6,0.0,73.7,13.0,5148.28,5083.01,0,0.0,0.012842,0.0,0.39226,0.66404
2043-04-15,31.2,0.0,70.5,10.3,5100.58,5375.58,0,0.0,0.0,0.0,0.369381,0.56645
2043-04-16,33.4,0.0,66.1,13.1,5310.03,5340.9,0,0.0,0.0,0.0,0.397237,0.647279
2043-04-17,35.0,0.0,74.3,12.2,5356.71,5239.53,0,0.0,0.022366,0.0,0.416214,0.699112
2043-04-18,34.5,0.0,66.3,12.5,5199.14,5475.61,0,0.0,0.0,0.0,0.400233,0.598079
2043-04-19,34.9,4.7,74.4,9.6,5267.34,5976.35,0,0.0,0.0,0.0,0.401415,0.519709
2043-04-20,33.4,0.0,68.3,17.1,5067.5,5302.99,0,0.0,0.0,0.0,0.432227,0.637176
2043-04-21,35.0,0.0,65.5,11.9,5340.54,5226.43,0,0.0,0.021834,0.0,0.397399,0.679677
2043-04-22,31.4,0.0,68.6,9.2,4819.33,5446.62,0,0.0,0.0,0.0,0.35865,0.48099
2043-04-23,33.8,0.0,80.7,9.8,5319.55,5326.09,0,0.0,0.0,0.0,0.401786,0.657143
2043-04-24,34.2,0.0,65.2,10.7,5209.98,5956.05,0,0.0,0.0,0.0,0.382304,0.492862
2043-04-25,33.6,0.0,76.2,10.7,5114.95,5285.91,0,0.0,0.0,0.0,0.398975,0.618008
2043-04-26,33.7,0.0,75.6,11.5,5158.36,5449.8,0,0.0,0.0,0.0,0.404682,0.599043
2043-04-27,34.0,3.8,71.7,11.0,5181.14,5949.69,0,0.0,0.0,0.0,0.400125,0.506116
2043-04-28,37.2,0.0,69.1,9.1,5534.95,5340.42,0,0.0,0.036424,0.0,0.397045,0.696359
2043-04-29,43.6,0.0,65.8,12.7,6111.19,6012.46,0,0.0,0.016422,0.0,0.46082,0.73678
2043-04-30,44.8,0.0,78.6,12.8,5821.94,5993.26,0,0.0,0.0,0.0,0.493501,0.71692
2043-05-01,42.3,0.0,66.4,10.9,5427.76,5651.28,0,0.0,0.0,0.0,0.439487,0.650104
2043-05-02,42.6,0.0,58.6,11.6,5637.33,6857.54,0,0.0,0.0,0.0,0.432241,0.481307
2043-05-03,43.1,0.0,74.2,9.1,5663.95,5630.26,0,0.0,0.005983,0.0,0.445497,0.709272
2043-05-04,40.3,3.5,67.0,8.8,5294.26,5123.96,0,0.0,0.033237,0.0,0.415496,0.711086
2043-05-05,37.4,0.0,72.4,8.9,5133.4,5087.42,0,0.0,0.009039,0.0,0.403008,0.670349
2043-05-06,37.5,0.0,66.4,13.1,5328.86,5673.24,0,0.0,0.0,0.0,0.424824,0.61075
2043-05-07,39.4,0.0,70.4,8.9,5542.32,5991.24,0,0.0,0.0,0.0,0.41244,0.581757
2043-05-08,36.1,0.0,73.8,9.5,5030.21,5057.64,0,0.0,0.0,0.0,0.401694,0.652153
2043-05-09,35.3,0.0,74.9,8.5,5141.74,5405.64,0,0.0,0.0,0.0,0.390767,0.590565
2043-05-10,37.3,0.0,80.4,7.7,5422.99,6358.72,0,0.0,0.0,0.0,0.408089,0.493088
2043-05-11,37.8,0.0,73.8,8.2,5357.1,5636.82,0,0.0,0.0,0.0,0.402868,0.601727
2043-05-12,41.1,4.5,75.6,8.7,5708.46,6109.32,0,0.0,0.0,0.0,0.437343,0.617535
2043-05-13,38.0,0.0,72.8,9.7,5131.14,5998.33,0,0.0,0.0,0.0,0.413885,0.501902
2043-05-14,43.2,0.0,78.7,10.6,5947.63,5983.46,0,0.0,0.0,0.0,0.466167,0.715966
2043-05-15,39.5,0.0,68.6,7.4,5165.15,5174.99,0,0.0,0.0,0.0,0.398151,0.652721
2043-05-16,35.7,0.0,72.1,9.3,4949.75,5050.78,0,0.0,0.0,0.0,0.394326,0.627765
2043-05-17,36.5,15.4,78.3,7.4,5291.63,5380.22,0,0.0,0.0,0.0,0.415354,0.652922
2043-05-18,35.1,0.0,70.0,7.5,5069.2,4741.1,0,0.0,0.069203,0.0,0.372545,0.710123
2043-05-19,36.2,0.0,81.5,9.9,5283.45,5593.55,0,0.0,0.0,0.0,0.419877,0.611948
2043-05-20,37.0,0.0,76.2,7.3,5308.23,5646.19,0,0.0,0.0,0.0,0.395151,0.582065
2043-05-21,37.5,0.0,68.6,8.2,5307.64,5510.88,0,0.0,0.0,0.0,0.391141,0.604877
2043-05-22,36.6,0.0,76.8,7.5,5170.74,5509.89,0,0.0,0.0,0.0,0.395182,0.580115
2043-05-23,38.4,0.0,81.3,9.6,5442.94,5803.6,1,1.222,0.0,0.0665,0.431688,0.615931
2043-05-24,38.4,0.0,71.2,9.0,5322.05,5146.86,0,0.0,0.034038,0.0,0.408121,0.704647
2043-05-25,41.3,0.0,81.7,8.8,5664.96,6051.22,0,0.0,0.0,0.0,0.44538,0.627653
2043-05-26,41.1,0.0,76.2,7.0,5446.17,5910.11,0,0.0,0.0,0.0,0.41986,0.58501
2043-05-27,39.3,0.0,76.0,8.2,5250.91,4985.13,0,0.0,0.053316,0.0,0.41688,0.735909
2043-05-28,36.5,0.0,81.0,8.9,5032.6,5748.12,0,0.0,0.0,0.0,0.413201,0.524674
2043-05-29,37.3,0.0,76.0,7.5,5303.87,5156.13,0,0.0,0.028653,0.0,0.398296,0.688536
2043-05-30,35.7,0.0,76.9,6.7,5069.92,4959.85,0,0.0,0.022191,0.0,0.383265,0.665962
2043-05-31,34.4,0.0,75.5,7.7,5009.75,5323.97,0,0.0,0.0,0.0,0.379787,0.567677
2043-06-01,37.0,6.4,67.8,7.6,6541.9,7089.37,0,0.0,0.0,0.0,0.389524,0.556162
2043-06-02,34.6,31.6,85.0,11.0,5992.04,6585.21,0,0.0,0.0,0.0,0.462936,0.614571
2043-06-03,39.0,0.0,76.2,7.7,6808.73,7389.81,0,0.0,0.0,0.0,0.41142,0.576414
2043-06-04,40.0,43.3,83.9,7.1,6609.52,6723.59,0,0.0,0.0,0.0,0.48065,0.717634
2043-06-05,40.5,18.5,66.8,7.3,6592.32,6967.02,0,0.0,0.0,0.0,0.423167,0.617172
2043-06-06,38.9,0.0,78.0,6.7,6324.77,6514.83,0,0.0,0.0,0.0,0.406419,0.629152
2043-06-07,41.2,8.5,72.7,6.5,6785.31,7199.06,0,0.0,0.0,0.0,0.42047,0.610166
2043-06-08,41.5,0.0,69.2,6.9,6646.42,7007.41,0,0.0,0.0,0.0,0.4086,0.605251
2043-06-09,40.4,0.0,68.7,6.9,6460.63,6578.15,0,0.0,0.0,0.0,0.400412,0.636346
2043-06-10,41.3,0.0,64.9,6.7,6677.59,6865.4,0,0.0,0.0,0.0,0.397676,0.622531
2043-06-11,38.3,3.3,77.8,6.3,6171.67,5760.09,0,0.0,0.071454,0.0,0.40303,0.743235
2043-06-12,36.0,0.0,86.4,10.9,6080.31,6702.32,0,0.0,0.0,0.0,0.435462,0.583911
2043-06-13,35.1,0.0,71.6,6.2,6139.12,6561.16,0,0.0,0.0,0.0,0.365514,0.547212
2043-06-14,37.4,0.0,78.5,9.6,6526.12,5904.05,0,0.0,0.105364,0.0,0.419847,0.799638
2043-06-15,38.5,14.0,77.4,6.5,6508.36,7159.0,0,0.0,0.0,0.0,0.418196,0.568888
2043-06-16,41.5,0.0,75.6,5.9,6856.18,7176.08,0,0.0,0.0,0.0,0.412884,0.617633
2043-06-17,40.0,0.0,73.8,6.2,6396.45,6338.75,0,0.0,0.009102,0.0,0.401937,0.669354
2043-06-18,41.8,0.0,78.0,5.4,6775.63,6676.7,0,0.0,0.014818,0.0,0.415504,0.689592
2043-06-19,41.8,0.0,67.9,7.1,6638.05,6682.14,0,0.0,0.0,0.0,0.409683,0.65877
2043-06-20,40.1,0.0,74.4,8.5,6396.37,6340.81,0,0.0,0.008762,0.0,0.421468,0.688487
2043-06-21,41.5,0.0,79.4,7.2,6723.83,6722.34,0,0.0,0.000223,0.0,0.43004,0.687089
2043-06-22,41.7,32.0,85.1,6.7,6643.02,7686.9,0,0.0,0.0,0.0,0.477231,0.575488
2043-06-23,40.6,18.1,79.6,14.0,6480.93,6956.51,0,0.0,0.0,0.0,0.499036,0.676017
2043-06-24,41.2,0.0,73.8,5.5,6641.56,7825.54,0,0.0,0.0,0.0,0.404445,0.484611
2043-06-25,41.3,26.2,78.0,8.7,6612.01,7036.64,0,0.0,0.0,0.0,0.469638,0.65598
2043-06-26,41.3,0.0,71.3,7.2,6607.2,7178.68,0,0.0,0.0,0.0,0.413534,0.57739
2043-06-27,40.7,0.0,65.2,5.0,6528.38,6492.58,0,0.0,0.005515,0.0,0.381167,0.644394
2043-06-28,38.5,0.0,75.3,5.5,6254.18,6500.69,0,0.0,0.0,0.0,0.389461,0.601982
2043-06-29,39.5,47.7,91.3,5.3,6569.7,6864.38,0,0.0,0.0,0.0,0.482708,0.689383
2043-06-30,38.5,0.0,73.9,7.5,6352.25,6918.02,0,0.0,0.0,0.0,0.402268,0.563585
2043-07-01,37.2,0.0,72.3,6.4,6251.79,6544.89,0,0.0,0.0,0.0,0.382212,0.586722
2043-07-02,37.8,0.0,75.1,5.9,6430.03,6893.85,0,0.0,0.0,0.0,0.387559,0.565806
2043-07-03,40.2,0.0,61.3,5.6,6732.26,7202.69,0,0.0,0.0,0.0,0.375188,0.555731
2043-07-04,40.9,0.6,69.3,4.6,6656.26,6862.07,0,0.0,0.0,0.0,0.387818,0.609595
2043-07-05,40.1,0.0,71.2,7.2,6477.71,6636.04,0,0.0,0.0,0.0,0.405437,0.634374
2043-07-06,39.4,31.0,70.6,11.2,6438.12,6488.69,0,0.0,0.0,0.0,0.468386,0.716078
2043-07-07,41.1,0.0,71.9,8.7,6755.04,7553.38,0,0.0,0.0,0.0,0.424915,0.558319
2043-07-08,36.5,53.2,75.0,6.1,5955.6,6201.31,0,0.0,0.0,0.0,0.445255,0.65579
2043-07-09,39.1,70.9,91.9,25.0,6692.96,7237.95,0,0.0,0.0,0.0,0.66151,0.830399
2043-07-10,35.9,9.1,73.9,6.9,6030.18,6272.22,0,0.0,0.0,0.0,0.391604,0.603345
2043-07-11,34.1,14.5,72.9,9.9,6038.81,6745.02,0,0.0,0.0,0.0,0.407601,0.542163
2043-07-12,34.5,0.0,73.9,4.5,6227.42,5758.81,0,0.0,0.081373,0.0,0.352755,0.70454
2043-07-13,40.2,0.0,70.6,5.7,7016.05,7500.77,0,0.0,0.0,0.0,0.393397,0.574746
2043-07-14,43.7,4.8,73.2,10.2,7087.79,6881.82,0,0.0,0.029929,0.0,0.461921,0.753651
2043-07-15,44.6,12.9,74.0,4.6,6933.5,7450.84,0,0.0,0.0,0.0,0.436026,0.611759
2043-07-16,44.5,0.0,64.8,5.9,6857.57,7137.14,0,0.0,0.0,0.0,0.412408,0.62347
2043-07-17,40.0,1.3,77.0,5.4,6210.5,5942.6,0,0.0,0.045081,0.0,0.40335,0.712768
2043-07-18,40.4,0.0,74.8,4.9,6627.42,7099.77,0,0.0,0.0,0.0,0.396418,0.57554
2043-07-19,39.3,72.8,88.7,21.8,6437.95,6919.28,0,0.0,0.0,0.0,0.634455,0.810036
2043-07-20,37.8,0.0,68.9,4.8,6318.12,6541.99,0,0.0,0.0,0.0,0.367446,0.584287
2043-07-21,38.5,0.0,71.6,5.4,6539.23,6823.11,0,0.0,0.0,0.0,0.381752,0.589971
2043-07-22,37.8,6.7,75.6,5.4,6385.26,6769.5,0,0.0,0.0,0.0,0.392813,0.583341
2043-07-23,39.9,0.0,76.8,5.2,6744.83,7582.72,1,0.5,0.0,0.0337,0.399187,0.526979
2043-07-24,35.9,0.0,64.3,5.2,6018.31,6200.05,0,0.0,0.0,0.0,0.349384,0.571954
2043-07-25,36.7,0.0,72.0,4.6,6440.66,7173.74,0,0.0,0.0,0.0,0.364465,0.501959
2043-07-26,35.4,0.0,66.0,5.0,6198.5,6493.8,0,0.0,0.0,0.0,0.347733,0.551436
2043-07-27,35.3,0.0,58.1,9.5,6283.62,7110.74,0,0.0,0.0,0.0,0.366983,0.487981
2043-07-28,36.6,0.0,70.1,5.9,6480.29,6708.3,0,0.0,0.0,0.0,0.370274,0.587385
2043-07-29,34.7,0.0,73.0,5.6,6121.88,6170.99,0,0.0,0.0,0.0,0.360873,0.608373
2043-07-30,35.7,27.9,77.2,7.6,6411.64,6288.83,0,0.0,0.019528,0.0,0.424813,0.7044
2043-07-31,35.7,0.0,64.2,5.2,6339.56,6643.03,0,0.0,0.0,0.0,0.347878,0.551338
2043-08-01,34.8,0.0,66.7,4.2,6213.18,6213.37,0,0.0,0.0,0.0,0.338917,0.595671
2043-08-02,34.4,44.8,79.1,7.3,6231.17,7094.08,0,0.0,0.0,0.0,0.438111,0.552901
2043-08-03,34.7,4.8,68.2,4.5,6304.83,6274.02,0,0.0,0.00491,0.0,0.349242,0.611765
2043-08-04,33.6,0.6,70.1,5.1,6138.86,6178.93,0,0.0,0.0,0.0,0.345059,0.594278
2043-08-05,34.3,30.9,75.9,4.3,6317.14,6864.26,0,0.0,0.0,0.0,0.391345,0.555087
2043-08-06,34.2,7.1,62.1,4.7,6258.53,7039.0,0,0.0,0.0,0.0,0.338858,0.466209
2043-08-07,33.4,3.8,64.0,4.7,6159.34,6750.98,0,0.0,0.0,0.0,0.333121,0.487603
2043-08-08,37.1,9.4,62.4,6.1,6751.98,7539.91,0,0.0,0.0,0.0,0.372144,0.506939
2043-08-09,37.7,0.0,63.0,4.3,6552.83,6847.35,0,0.0,0.0,0.0,0.351866,0.558443
2043-08-10,36.5,51.1,65.3,7.7,6343.32,6700.41,0,0.0,0.0,0.0,0.436851,0.631426
2043-08-11,36.6,2.5,71.9,5.2,6449.7,7589.62,1,1.046,0.0,0.0674,0.371298,0.452751
2043-08-12,34.2,1.9,57.8,5.4,6116.79,7073.98,0,0.0,0.0,0.0,0.329853,0.42868
2043-08-13,33.5,9.3,60.7,5.6,6196.73,6785.38,0,0.0,0.0,0.0,0.341248,0.496763
2043-08-14,33.1,5.7,62.4,4.4,6200.48,6942.78,0,0.0,0.0,0.0,0.328147,0.460122
2043-08-15,30.8,0.0,53.4,6.9,5924.59,6541.26,0,0.0,0.0,0.0,0.308448,0.455182
2043-08-16,32.2,3.1,59.0,6.8,6291.47,6128.04,0,0.0,0.026669,0.0,0.331186,0.61911
2043-08-17,31.5,34.4,69.0,6.8,6093.15,6382.59,0,0.0,0.0,0.0,0.383512,0.587362
2043-08-18,31.2,0.0,67.5,4.6,6107.37,6988.64,0,0.0,0.0,0.0,0.319775,0.429355
2043-08-19,30.5,0.0,59.6,4.7,6036.22,6611.97,0,0.0,0.0,0.0,0.30112,0.456256
2043-08-20,36.9,0.0,56.6,6.0,7006.69,7328.95,0,0.0,0.0,0.0,0.347711,0.553169
2043-08-21,34.7,10.4,55.2,5.2,6208.29,7108.81,0,0.0,0.0,0.0,0.337101,0.446008
2043-08-22,30.1,0.0,68.6,5.6,5742.63,6163.37,0,0.0,0.0,0.0,0.322303,0.499401
2043-08-23,27.3,0.0,58.0,5.4,5706.11,6263.03,0,0.0,0.0,0.0,0.282429,0.435412
2043-08-24,29.7,16.0,61.7,9.6,6243.25,6702.72,0,0.0,0.0,0.0,0.357115,0.53388
2043-08-25,32.8,0.0,50.0,7.0,6497.26,7043.63,0,0.0,0.0,0.0,0.316027,0.482262
2043-08-26,31.1,0.0,59.2,5.0,6042.43,6577.78,0,0.0,0.0,0.0,0.30664,0.468418
2043-08-27,33.6,0.0,53.3,5.8,6524.69,7385.17,0,0.0,0.0,0.0,0.318228,0.438999
2043-08-28,34.5,97.4,87.6,24.5,6465.72,7518.91,0,0.0,0.0,0.0,0.651602,0.744872
2043-08-29,33.3,0.0,57.8,5.5,6234.16,6368.7,0,0.0,0.0,0.0,0.322374,0.554502
2043-08-30,32.1,0.0,55.8,5.7,6166.04,6612.45,0,0.0,0.0,0.0,0.312257,0.490235
2043-08-31,32.0,0.0,48.2,5.4,6243.7,7055.84,0,0.0,0.0,0.0,0.295033,0.417453
2043-09-01,33.3,29.9,61.5,6.2,5483.61,5712.34,0,0.0,0.0,0.0,0.371194,0.58124
2043-09-02,33.2,3.4,53.9,6.9,5402.68,5227.3,1,2.055,0.033549,0.3726,0.329353,0.62531
2043-09-03,31.0,11.0,57.2,5.8,5146.15,5108.86,0,0.0,0.007298,0.0,0.321825,0.587136
2043-09-04,30.2,0.0,43.6,5.2,5194.15,5179.12,0,0.0,0.002902,0.0,0.273001,0.533179
2043-09-05,33.7,0.0,48.6,6.1,5677.15,5797.13,0,0.0,0.0,0.0,0.31239,0.545019
2043-09-06,33.1,36.1,59.3,6.2,5375.33,5391.39,0,0.0,0.0,0.0,0.373315,0.626627
2043-09-07,33.7,9.5,57.3,11.5,5498.39,6129.79,0,0.0,0.0,0.0,0.38196,0.518502
2043-09-08,33.5,1.0,42.7,7.2,5437.46,5614.51,0,0.0,0.0,0.0,0.309717,0.529694
2043-09-09,32.8,0.0,58.7,5.1,5367.02,6061.77,0,0.0,0.0,0.0,0.317679,0.440671
2043-09-10,31.8,10.6,60.3,6.5,5301.39,5188.96,0,0.0,0.021668,0.0,0.337823,0.619907
2043-09-11,32.5,7.4,47.9,8.5,5454.6,5605.91,0,0.0,0.0,0.0,0.330715,0.555995
2043-09-12,32.7,0.0,63.1,7.2,5434.12,5741.53,0,0.0,0.0,0.0,0.341474,0.53576
2043-09-13,31.8,0.0,51.6,6.7,5325.99,5864.3,0,0.0,0.0,0.0,0.310121,0.45975
2043-09-14,29.2,0.0,49.5,5.8,5074.38,5693.7,0,0.0,0.0,0.0,0.282102,0.41191
2043-09-15,29.1,0.0,52.7,7.4,5238.22,5322.48,0,0.0,0.0,0.0,0.299788,0.538097
2043-09-16,28.1,0.1,51.5,6.2,5128.79,5706.22,0,0.0,0.0,0.0,0.28181,0.420467
2043-09-17,26.8,45.0,60.9,7.7,6049.33,5710.81,0,0.0,0.059276,0.0,0.357223,0.683213
2043-09-18,31.6,43.3,54.1,8.5,5700.34,6298.27,0,0.0,0.0,0.0,0.38021,0.526172
2043-09-19,27.0,0.0,46.2,9.3,4860.71,4693.08,0,0.0,0.035719,0.0,0.288419,0.586907
2043-09-20,28.3,0.0,49.9,8.6,5294.96,5708.7,1,2.108,0.0,0.1116,0.298524,0.470706
2043-09-21,25.5,44.1,63.0,7.4,4906.84,5501.24,0,0.0,0.0,0.0,0.349179,0.479833
2043-09-22,25.3,0.0,54.6,5.9,5049.15,5583.84,0,0.0,0.0,0.0,0.266729,0.411732
2043-09-23,29.9,0.0,44.8,6.2,5611.13,5312.23,0,0.0,0.056265,0.0,0.280989,0.603464
2043-09-24,26.5,0.0,47.2,7.0,4929.84,5037.43,0,0.0,0.0,0.0,0.269252,0.501108
2043-09-25,24.1,0.0,43.2,8.5,4874.12,5337.98,1,0.567,0.0,0.0276,0.257507,0.412852
2043-09-26,23.6,0.6,51.8,7.4,4960.11,5423.2,0,0.0,0.0,0.0,0.26258,0.419685
2043-09-27,21.5,0.0,44.3,8.0,4775.46,5097.25,0,0.0,0.0,0.0,0.238574,0.421666
2043-09-28,23.2,0.0,42.6,9.5,5078.24,4627.8,0,0.0,0.097335,0.0,0.258165,0.628582
2043-09-29,21.7,0.0,45.6,8.3,4821.42,5426.4,0,0.0,0.0,0.0,0.244644,0.371282
2043-09-30,22.7,0.0,36.6,7.1,5024.12,5710.94,0,0.0,0.0,0.0,0.225101,0.341495
2043-10-01,19.6,0.0,47.4,11.9,4704.61,4988.37,0,0.0,0.0,0.0,0.261955,0.452338
2043-10-02,16.0,0.0,42.8,8.9,4634.4,4932.85,0,0.0,0.0,0.0,0.206453,0.392612
2043-10-03,16.3,0.0,57.9,9.2,4866.34,5263.88,0,0.0,0.0,0.0,0.239058,0.407683
2043-10-04,13.8,0.0,40.7,8.3,4697.45,5364.52,0,0.0,0.0,0.0,0.183385,0.29501
2043-10-05,17.9,0.0,42.2,11.2,5123.19,5460.21,0,0.0,0.0,0.0,0.235599,0.420334
2043-10-06,15.0,0.0,48.3,12.2,4675.12,4852.57,0,0.0,0.0,0.0,0.235637,0.449737
2043-10-07,13.6,3.5,47.7,9.2,4780.69,5134.63,0,0.0,0.0,0.0,0.206407,0.382726
2043-10-08,15.4,0.0,47.9,10.6,4960.8,5205.37,0,0.0,0.0,0.0,0.225178,0.427119
2043-10-09,14.7,0.0,41.0,7.9,4821.03,5062.15,0,0.0,0.0,0.0,0.186793,0.387977
2043-10-10,12.2,0.0,36.4,10.5,4742.27,4451.81,0,0.0,0.065245,0.0,0.181752,0.51471
2043-10-11,17.3,0.0,55.2,10.0,5199.87,5631.14,0,0.0,0.0,0.0,0.24676,0.414143
2043-10-12,15.3,3.7,45.2,7.2,5703.31,6409.39,0,0.0,0.0,0.0,0.197736,0.325921
2043-10-13,15.2,0.0,42.5,9.9,4871.15,5427.84,0,0.0,0.0,0.0,0.208334,0.345393
2043-10-14,15.0,0.0,45.2,7.0,4869.25,5404.44,0,0.0,0.0,0.0,0.189701,0.330886
2043-10-15,16.7,0.0,34.4,7.4,5004.42,5237.93,0,0.0,0.0,0.0,0.183743,0.38849
2043-10-16,17.5,0.0,38.4,10.6,4967.97,5261.96,0,0.0,0.0,0.0,0.221207,0.412773
2043-10-17,15.5,0.0,35.2,7.3,4778.46,5376.05,0,0.0,0.0,0.0,0.176562,0.303586
2043-10-18,14.8,0.0,41.0,7.7,4856.96,5365.2,0,0.0,0.0,0.0,0.185909,0.332112
2043-10-19,14.4,0.0,33.1,10.5,4881.24,5582.39,0,0.0,0.0,0.0,0.190065,0.300229
2043-10-20,16.0,0.0,43.1,9.1,5010.1,5048.27,0,0.0,0.0,0.0,0.208559,0.456522
2043-10-21,13.4,0.0,45.4,8.0,4766.08,4800.52,0,0.0,0.0,0.0,0.187246,0.435661
2043-10-22,17.6,3.3,45.8,8.7,5196.66,5347.62,0,0.0,0.0,0.0,0.225107,0.448942
2043-10-23,15.4,0.0,41.3,9.7,4788.4,4743.34,0,0.0,0.0095,0.0,0.205859,0.473739
2043-10-24,15.1,0.0,39.8,8.8,4898.71,4735.82,0,0.0,0.034395,0.0,0.194124,0.491067
2043-10-25,12.5,0.0,36.6,15.7,4788.6,5169.41,0,0.0,0.0,0.0,0.224228,0.39502
2043-10-26,10.1,0.0,40.7,12.4,4824.55,5187.52,0,0.0,0.0,0.0,0.190633,0.36574
2043-10-27,8.9,0.0,37.7,8.2,4916.99,5239.11,0,0.0,0.0,0.0,0.144691,0.329705
2043-10-28,7.8,0.0,28.7,11.7,4928.6,5284.87,1,1.174,0.0,0.0579,0.147572,0.325664
2043-10-29,8.0,0.0,34.8,9.7,5008.47,4797.05,0,0.0,0.044074,0.0,0.144895,0.453136
2043-10-30,6.9,0.0,41.7,12.3,4948.71,5046.48,0,0.0,0.0,0.0,0.170644,0.404817
2043-10-31,9.4,0.0,31.9,11.5,5142.31,5304.35,0,0.0,0.0,0.0,0.162575,0.383703
2043-11-01,8.3,0.1,31.7,8.6,4945.2,5207.57,0,0.0,0.0,0.0,0.132695,0.330668
2043-11-02,7.2,4.8,37.4,9.9,4954.58,4746.67,0,0.0,0.043803,0.0,0.151897,0.459821
2043-11-03,7.3,0.0,26.2,9.2,5028.66,4986.16,0,0.0,0.008523,0.0,0.120298,0.387038
2043-11-04,10.1,0.0,40.6,10.0,5169.57,5285.9,0,0.0,0.0,0.0,0.171927,0.403025
2043-11-05,10.8,0.0,40.0,9.6,5035.15,5622.61,0,0.0,0.0,0.0,0.172329,0.307147
2043-11-06,10.6,0.0,41.4,12.2,4992.82,5324.84,0,0.0,0.0,0.0,0.193698,0.377697
2043-11-07,7.8,0.0,37.6,9.8,4858.16,5413.73,0,0.0,0.0,0.0,0.149599,0.286587
2043-11-08,6.1,0.0,32.1,14.0,4942.6,5151.6,0,0.0,0.0,0.0,0.160488,0.369917
2043-11-09,4.4,0.0,30.1,10.8,4961.81,5210.21,0,0.0,0.0,0.0,0.120842,0.321975
2043-11-10,8.2,0.0,38.9,9.3,5265.24,5694.05,0,0.0,0.0,0.0,0.150815,0.31969
2043-11-11,9.6,0.0,39.6,11.0,5112.4,5310.94,0,0.0,0.0,0.0,0.174472,0.387621
2043-11-12,8.0,0.0,30.3,8.9,4940.41,4992.99,0,0.0,0.0,0.0,0.130285,0.374781
2043-11-13,7.2,0.0,29.6,9.1,5004.9,4785.4,0,0.0,0.045868,0.0,0.125243,0.43558
2043-11-14,6.0,0.0,35.6,10.2,4993.72,5055.3,0,0.0,0.0,0.0,0.137071,0.379641
2043-11-15,4.9,0.0,36.3,10.1,5010.65,5525.14,0,0.0,0.0,0.0,0.130361,0.278445
2043-11-16,6.7,0.0,40.2,10.1,5173.82,5843.43,0,0.0,0.0,0.0,0.149538,0.272553
2043-11-17,6.6,0.6,38.9,9.5,5061.76,5068.29,0,0.0,0.0,0.0,0.142544,0.39783
2043-11-18,11.3,0.0,35.0,9.7,5302.24,4988.21,0,0.0,0.062954,0.0,0.167022,0.497305
2043-11-19,13.3,0.0,40.5,11.4,5127.02,5682.66,0,0.0,0.0,0.0,0.203634,0.346278
2043-11-20,15.0,4.7,34.7,10.9,5092.49,5369.35,0,0.0,0.0,0.0,0.205841,0.402436
2043-11-21,15.0,0.0,33.7,17.0,4998.69,4824.42,0,0.0,0.036123,0.0,0.245299,0.544258
2043-11-22,12.9,0.0,39.4,12.1,4888.67,4175.02,0,0.0,0.170932,0.0,0.204336,0.660674
2043-11-23,13.2,0.0,39.9,9.6,5032.77,4978.94,0,0.0,0.01081,0.0,0.187961,0.457372
2043-11-24,11.5,0.0,40.0,9.8,4933.57,5036.36,0,0.0,0.0,0.0,0.178487,0.411451
2043-11-25,14.0,0.0,34.2,11.9,5165.35,5048.85,0,0.0,0.023074,0.0,0.200294,0.484021
2043-11-26,13.6,0.0,35.4,11.3,4994.15,5461.55,0,0.0,0.0,0.0,0.195277,0.352161
2043-11-27,13.0,0.0,30.7,10.6,4987.95,4982.01,0,0.0,0.001193,0.0,0.177109,0.435291
2043-11-28,12.2,0.0,39.5,17.1,4987.54,5240.82,0,0.0,0.0,0.0,0.23849,0.438861
2043-11-29,14.8,4.4,33.1,12.3,5160.97,6190.74,0,0.0,0.0,0.0,0.211959,0.274563
2043-11-30,10.5,7.0,26.8,13.0,4794.75,5069.97,0,0.0,0.0,0.0,0.180377,0.373795
2043-12-01,13.6,0.0,32.8,10.7,5843.94,6093.61,0,0.0,0.0,0.0,0.185773,0.394732
2043-12-02,12.0,0.0,30.7,16.1,5551.32,5796.39,0,0.0,0.0,0.0,0.212956,0.420389
2043-12-03,8.2,0.0,21.5,12.3,5447.1,5949.04,0,0.0,0.0,0.0,0.141338,0.29963
2043-12-04,6.6,0.0,32.2,10.5,5601.67,6074.12,0,0.0,0.0,0.0,0.136965,0.302954
2043-12-05,3.4,0.7,39.2,11.6,5530.82,5457.68,0,0.0,0.013401,0.0,0.13834,0.410775
2043-12-06,5.5,0.0,37.2,11.6,5874.23,6015.78,1,1.832,0.0,0.1076,0.147577,0.376898
2043-12-07,3.7,0.0,37.2,14.2,5629.75,5674.56,0,0.0,0.0,0.0,0.155775,0.403346
2043-12-08,4.7,0.0,42.3,11.4,5812.51,5999.64,0,0.0,0.0,0.0,0.150324,0.370702
2043-12-09,7.5,0.0,32.4,10.9,5900.41,6874.44,0,0.0,0.0,0.0,0.146359,0.237741
2043-12-10,6.0,0.0,29.6,12.9,5631.63,6132.27,0,0.0,0.0,0.0,0.146654,0.308137
2043-12-11,5.7,0.0,37.8,12.6,5709.46,5966.24,0,0.0,0.0,0.0,0.157737,0.364283
2043-12-12,3.3,0.0,37.2,13.7,5594.11,6312.43,0,0.0,0.0,0.0,0.14928,0.273226
2043-12-13,3.3,1.0,29.4,15.4,5753.92,6109.94,0,0.0,0.0,0.0,0.148993,0.33776
2043-12-14,9.2,0.0,34.7,15.1,6096.53,5772.21,0,0.0,0.056186,0.0,0.194284,0.516666
2043-12-15,10.3,0.0,38.4,19.0,5760.63,6652.54,0,0.0,0.0,0.0,0.238565,0.338841
2043-12-16,9.1,5.9,38.6,16.8,5617.28,5842.8,0,0.0,0.0,0.0,0.221253,0.432984
2043-12-17,7.4,0.0,39.5,13.7,5604.24,5087.92,0,0.0,0.101479,0.0,0.180617,0.555874
2043-12-18,7.3,0.0,32.6,12.7,5704.44,5414.79,0,0.0,0.053493,0.0,0.159305,0.478542
2043-12-19,7.5,0.0,29.0,13.0,5728.51,6421.92,0,0.0,0.0,0.0,0.156188,0.286927
2043-12-20,6.5,0.0,31.6,14.7,5661.66,5379.97,0,0.0,0.052359,0.0,0.167589,0.485503
2043-12-21,7.7,0.0,40.6,12.1,5791.4,6573.25,0,0.0,0.0,0.0,0.172311,0.290245
2043-12-22,5.7,0.0,41.6,12.4,5591.12,5899.22,0,0.0,0.0,0.0,0.163319,0.359139
2043-12-23,4.0,0.0,35.7,14.0,5635.67,6170.92,0,0.0,0.0,0.0,0.153396,0.308929
2043-12-24,5.4,0.0,44.3,11.6,5828.01,6025.12,0,0.0,0.0,0.0,0.160231,0.37883
2043-12-25,3.4,0.0,36.0,12.2,5614.99,6080.88,0,0.0,0.0,0.0,0.136115,0.303464
2043-12-26,5.6,0.0,34.4,12.0,5884.44,6296.02,0,0.0,0.0,0.0,0.146073,0.326548
2043-12-27,5.9,0.0,30.1,16.1,5747.79,6021.22,0,0.0,0.0,0.0,0.171624,0.375401
2043-12-28,2.6,0.0,36.9,11.9,5520.7,5426.17,0,0.0,0.017421,0.0,0.130215,0.407342
2043-12-29,3.7,0.0,42.8,12.6,5829.84,6253.01,0,0.0,0.0,0.0,0.153929,0.331716
2043-12-30,1.1,14.5,47.6,12.4,5584.88,5224.81,0,0.0,0.068916,0.0,0.16194,0.499182
2043-12-31,3.8,0.0,43.2,12.8,5928.81,6573.18,0,0.0,0.0,0.0,0.156881,0.29923
2044-01-01,4.1,0.0,40.5,14.1,5756.48,6115.74,0,0.0,0.0,0.0,0.163827,0.35204
2044-01-02,8.5,0.0,46.2,13.9,5994.11,6469.1,0,0.0,0.0,0.0,0.201973,0.373047
2044-01-03,10.5,0.0,33.5,13.6,5804.49,5137.76,0,0.0,0.129771,0.0,0.189029,0.597313
2044-01-04,7.9,0.0,44.5,14.4,5514.02,5398.66,0,0.0,0.021368,0.0,0.198689,0.480424
2044-01-05,3.9,0.0,40.2,13.9,5453.32,5552.23,0,0.0,0.0,0.0,0.160403,0.396396
2044-01-06,3.2,0.0,40.0,11.7,5692.56,6218.79,0,0.0,0.0,0.0,0.138439,0.296444
2044-01-07,1.8,0.0,32.1,14.6,5648.19,5595.12,0,0.0,0.009486,0.0,0.136775,0.404638
2044-01-08,6.7,0.0,41.1,13.8,6042.0,7313.99,0,0.0,0.0,0.0,0.179775,0.23354
2044-01-09,7.1,0.0,45.4,16.8,5715.48,5906.44,0,0.0,0.0,0.0,0.213622,0.432669
2044-01-10,9.3,0.0,29.2,12.4,5815.15,5733.7,0,0.0,0.014207,0.0,0.163797,0.43717
2044-01-11,8.6,0.0,44.0,13.5,5627.46,5842.59,0,0.0,0.0,0.0,0.195421,0.409226
2044-01-12,8.3,0.0,28.9,14.1,5653.61,5597.59,0,0.0,0.010009,0.0,0.169761,0.438234
2044-01-13,8.4,0.7,33.6,17.9,5675.94,5536.23,0,0.0,0.025235,0.0,0.209408,0.495658
2044-01-14,10.7,0.0,40.3,12.3,5804.75,6464.71,0,0.0,0.0,0.0,0.193066,0.33068
2044-01-15,11.1,0.0,48.9,13.8,5659.67,6125.65,0,0.0,0.0,0.0,0.223402,0.391387
2044-01-16,8.7,0.0,40.6,14.0,5493.29,5946.59,0,0.0,0.0,0.0,0.193563,0.361364
2044-01-17,12.1,0.0,43.9,12.6,5851.35,6614.57,0,0.0,0.0,0.0,0.211359,0.333449
2044-01-18,11.1,0.0,37.2,13.2,5557.99,6006.3,0,0.0,0.0,0.0,0.196835,0.36649
2044-01-19,9.9,0.0,41.1,13.3,5563.17,5467.23,0,0.0,0.017549,0.0,0.197009,0.474285
2044-01-20,4.3,0.0,42.0,12.7,5302.4,5804.25,0,0.0,0.0,0.0,0.157156,0.31301
2044-01-21,6.8,5.6,52.1,14.1,5834.47,5712.08,0,0.0,0.021426,0.0,0.210206,0.492009
2044-01-22,7.7,0.0,39.1,14.3,5718.03,5831.72,0,0.0,0.0,0.0,0.186474,0.420505
2044-01-23,8.5,0.0,39.8,14.1,5695.77,5964.16,0,0.0,0.0,0.0,0.191517,0.395773
2044-01-24,8.2,0.0,48.8,12.3,5618.27,5847.09,0,0.0,0.0,0.0,0.192525,0.40363
2044-01-25,7.6,0.0,42.4,13.0,5605.08,5252.83,0,0.0,0.067059,0.0,0.181972,0.517047
2044-01-26,7.6,0.0,44.5,18.6,5640.26,5578.45,0,0.0,0.011081,0.0,0.229119,0.498844
2044-01-27,9.3,5.3,47.7,12.9,5735.35,6013.98,0,0.0,0.0,0.0,0.208809,0.411513
2044-01-28,11.1,0.0,41.3,12.4,5714.76,5780.63,0,0.0,0.0,0.0,0.198349,0.441836
2044-01-29,10.8,0.0,34.6,13.3,5576.58,6251.09,0,0.0,0.0,0.0,0.190754,0.321578
2044-01-30,13.0,0.0,50.5,12.1,5713.14,6465.8,0,0.0,0.0,0.0,0.225808,0.346705
2044-01-31,12.7,0.0,46.0,21.5,5550.07,5435.83,0,0.0,0.021017,0.0,0.287924,0.569248
2044-02-01,11.7,0.0,39.3,12.3,5506.18,5802.22,0,0.0,0.0,0.0,0.197782,0.395009
2044-02-02,12.3,0.0,49.9,12.7,5607.43,6446.93,0,0.0,0.0,0.0,0.224699,0.329473
2044-02-03,9.7,0.0,56.4,12.8,5415.51,5640.49,0,0.0,0.0,0.0,0.22052,0.430746
2044-02-04,10.9,0.0,52.6,14.3,5651.94,5789.62,0,0.0,0.0,0.0,0.232879,0.461908
2044-02-05,8.3,0.0,57.4,12.2,5421.27,5986.13,0,0.0,0.0,0.0,0.208538,0.35517
2044-02-06,7.4,0.0,41.1,23.7,5532.98,5714.05,0,0.0,0.0,0.0,0.260778,0.480575
2044-02-07,4.7,0.0,48.9,13.7,5433.01,6139.66,0,0.0,0.0,0.0,0.180446,0.302873
2044-02-08,6.2,0.0,49.7,12.1,5711.83,5783.41,0,0.0,0.0,0.0,0.179487,0.421828
2044-02-09,11.1,1.7,48.1,18.7,5878.02,5996.17,0,0.0,0.0,0.0,0.261785,0.495572
2044-02-10,11.6,0.0,46.9,14.2,5573.85,6130.01,0,0.0,0.0,0.0,0.226034,0.376909
2044-02-11,13.6,11.1,36.9,13.2,5645.43,5963.47,0,0.0,0.0,0.0,0.226294,0.420825
2044-02-12,18.6,0.0,57.7,12.1,5888.13,6222.75,0,0.0,0.0,0.0,0.27622,0.470235
2044-02-13,18.8,0.0,41.5,13.7,5566.67,5175.4,0,0.0,0.075602,0.0,0.259508,0.604556
2044-02-14,16.7,6.9,56.1,13.1,5373.74,5522.78,0,0.0,0.0,0.0,0.276831,0.502117
2044-02-15,15.3,0.0,50.3,12.1,5396.45,5960.03,0,0.0,0.0,0.0,0.240593,0.386994
2044-02-16,15.5,0.0,50.4,13.7,5500.11,5503.55,0,0.0,0.0,0.0,0.254445,0.510505
2044-02-17,14.5,0.0,49.9,12.9,5409.06,5918.28,0,0.0,0.0,0.0,0.240743,0.397088
2044-02-18,13.8,11.9,55.2,12.9,5440.36,5804.23,0,0.0,0.0,0.0,0.260586,0.444191
2044-02-19,16.5,0.0,54.8,15.8,5662.57,5874.45,0,0.0,0.0,0.0,0.28549,0.500174
2044-02-20,18.7,0.0,56.7,16.7,5669.32,6437.73,0,0.0,0.0,0.0,0.310497,0.427945
2044-02-21,15.2,0.0,51.6,15.0,5228.26,5377.74,0,0.0,0.0,0.0,0.264748,0.489089
2044-02-22,14.2,0.0,46.6,14.5,5386.46,5564.11,0,0.0,0.0,0.0,0.244924,0.464441
2044-02-23,14.1,0.0,46.7,14.8,5447.84,5647.77,0,0.0,0.0,0.0,0.246767,0.462231
2044-02-24,16.2,1.1,58.8,12.3,5598.85,5907.2,0,0.0,0.0,0.0,0.265348,0.461201
2044-02-25,19.0,0.0,52.3,12.9,5688.61,6247.9,0,0.0,0.0,0.0,0.274904,0.427192
2044-02-26,24.4,0.0,48.8,14.7,6059.98,5800.79,0,0.0,0.044682,0.0,0.317823,0.626775
2044-02-27,22.5,0.0,50.6,14.2,5444.86,6014.86,1,0.766,0.0,0.0417,0.304817,0.450978
2044-02-28,21.1,0.0,54.2,12.1,5431.4,5726.28,0,0.0,0.0,0.0,0.286135,0.482809
2044-02-29,22.1,0.0,48.6,13.5,5601.59,6077.19,0,0.0,0.0,0.0,0.293029,0.458458
2044-03-01,20.4,6.5,56.8,12.0,4652.78,5586.54,0,0.0,0.0,0.0,0.293556,0.355221
2044-03-02,20.2,0.0,62.0,12.1,4729.91,4813.94,0,0.0,0.0,0.0,0.294828,0.53124
2044-03-03,19.5,0.0,55.4,14.6,4690.86,4563.48,0,0.0,0.027912,0.0,0.297129,0.586505
2044-03-04,14.6,2.3,48.1,13.7,4385.17,4657.97,0,0.0,0.0,0.0,0.247006,0.435426
2044-03-05,16.3,0.0,61.1,13.5,4767.56,5111.71,0,0.0,0.0,0.0,0.278237,0.456431
2044-03-06,17.0,0.0,62.6,12.7,4724.01,5219.62,0,0.0,0.0,0.0,0.279491,0.425435
2044-03-07,20.6,0.0,63.2,13.5,4931.15,5010.45,0,0.0,0.0,0.0,0.310517,0.548831
2044-03-08,21.0,0.0,58.0,12.8,4750.78,4739.87,0,0.0,0.002302,0.0,0.298002,0.557479
2044-03-09,18.9,0.0,69.7,12.0,4571.2,4358.29,0,0.0,0.048853,0.0,0.299925,0.613745
2044-03-10,19.2,0.0,62.1,14.2,4713.22,4542.83,0,0.0,0.037508,0.0,0.304628,0.605204
2044-03-11,15.9,0.0,73.7,11.2,4452.02,4557.95,0,0.0,0.0,0.0,0.281478,0.511137
2044-03-12,15.0,0.0,65.9,12.2,4577.44,4772.7,0,0.0,0.0,0.0,0.268637,0.477666
2044-03-13,18.1,0.0,65.4,15.8,4840.56,5712.36,0,0.0,0.0,0.0,0.315911,0.394536
2044-03-14,18.9,0.0,56.7,12.0,4714.75,4447.74,0,0.0,0.060033,0.0,0.27555,0.602422
2044-03-15,21.9,1.2,55.7,11.8,4881.46,5228.68,0,0.0,0.0,0.0,0.29337,0.472637
2044-03-16,18.6,0.0,61.0,11.0,4469.72,4488.79,0,0.0,0.0,0.0,0.273919,0.525749
2044-03-17,19.4,0.0,59.8,11.8,4715.45,5017.43,0,0.0,0.0,0.0,0.283115,0.469644
2044-03-18,19.7,0.0,58.4,14.3,4682.24,4753.16,0,0.0,0.0,0.0,0.301758,0.54113
2044-03-19,22.9,0.2,60.8,16.3,4921.39,5488.48,0,0.0,0.0,0.0,0.343026,0.479196
2044-03-20,24.9,0.0,60.8,12.9,4958.29,5527.7,0,0.0,0.0,0.0,0.32973,0.466266
2044-03-21,26.5,0.0,58.9,11.5,5015.82,5230.87,0,0.0,0.0,0.0,0.325911,0.534707
2044-03-22,29.7,0.0,65.7,15.3,5275.78,6017.89,0,0.0,0.0,0.0,0.389075,0.501904
2044-03-23,28.4,0.0,59.0,15.1,4938.06,5421.43,0,0.0,0.0,0.0,0.3664,0.519105
2044-03-24,30.9,2.4,63.4,12.9,5291.99,6020.87,0,0.0,0.0,0.0,0.377082,0.492548
2044-03-25,28.2,0.0,57.3,10.8,4829.42,5057.77,0,0.0,0.0,0.0,0.328715,0.532799
2044-03-26,26.0,0.0,64.2,11.3,4743.05,5264.61,1,1.435,0.0,0.0681,0.33101,0.472147
2044-03-27,28.0,0.0,65.0,11.5,5090.42,5098.56,0,0.0,0.0,0.0,0.347236,0.602162
2044-03-28,25.1,0.0,59.5,10.9,4648.06,4625.8,0,0.0,0.004812,0.0,0.313179,0.575587
2044-03-29,27.0,0.0,64.9,12.9,5024.88,5966.19,0,0.0,0.0,0.0,0.35126,0.423864
2044-03-30,27.7,0.0,64.4,11.6,4981.7,4889.98,0,0.0,0.018755,0.0,0.344905,0.623592
2044-03-31,30.2,0.0,62.9,11.1,5224.36,5342.04,0,0.0,0.0,0.0,0.354713,0.585786
2044-04-01,30.0,0.0,63.2,11.5,5044.99,4693.99,0,0.0,0.074777,0.0,0.357044,0.701128
2044-04-02,30.2,2.9,68.7,10.3,5070.11,5053.43,0,0.0,0.0033,0.0,0.362953,0.623596
2044-04-03,31.3,0.0,66.2,11.2,5181.37,5115.89,0,0.0,0.012799,0.0,0.368923,0.640655
2044-04-04,29.8,0.0,71.1,14.7,4946.08,4984.52,0,0.0,0.0,0.0,0.395229,0.643016
2044-04-05,28.7,0.0,61.4,11.4,4898.57,5236.05,0,0.0,0.0,0.0,0.344328,0.525875
2044-04-06,30.2,0.0,66.0,10.5,5133.64,5565.3,0,0.0,0.0,0.0,0.355896,0.522139
2044-04-07,30.4,0.0,64.1,10.5,5064.75,4996.73,0,0.0,0.013612,0.0,0.353652,0.626334
2044-04-08,29.9,0.0,67.7,10.0,4988.49,4989.74,0,0.0,0.0,0.0,0.353248,0.609746
2044-04-09,30.2,0.0,69.1,11.8,5049.03,5646.13,0,0.0,0.0,0.0,0.371739,0.505072
2044-04-10,33.9,0.0,62.1,10.4,5451.06,6309.24,0,0.0,0.0,0.0,0.3722,0.470201
2044-04-11,32.8,0.0,71.2,14.6,5091.82,5749.28,0,0.0,0.0,0.0,0.414419,0.537711
2044-04-12,31.9,0.0,79.3,16.3,5053.61,4782.14,0,0.0,0.056768,0.0,0.436792,0.759852
2044-04-13,28.8,0.0,69.6,11.7,4751.85,5345.51,0,0.0,0.0,0.0,0.362677,0.489818
2044-04-14,29.7,0.0,64.7,10.4,5036.19,5876.14,0,0.0,0.0,0.0,0.349391,0.43931
2044-04-15,31.8,0.0,67.8,10.2,5223.34,4926.42,0,0.0,0.060271,0.0,0.367502,0.694652
2044-04-16,34.0,0.0,67.9,12.7,5336.6,5967.44,0,0.0,0.0,0.0,0.401481,0.534861
2044-04-17,34.3,0.0,66.4,12.1,5234.34,5570.32,0,0.0,0.0,0.0,0.396016,0.582393
2044-04-18,36.3,0.0,73.6,15.5,5445.19,5605.22,0,0.0,0.0,0.0,0.448933,0.672393
2044-04-19,37.5,0.0,61.1,10.2,5456.12,5765.43,0,0.0,0.0,0.0,0.39251,0.58667
2044-04-20,39.3,0.0,71.8,16.7,5587.95,6023.39,0,0.0,0.0,0.0,0.474592,0.646989
2044-04-21,40.5,0.0,77.1,10.1,5614.02,6304.14,0,0.0,0.0,0.0,0.441513,0.570506
2044-04-22,42.7,0.0,76.9,11.2,5797.37,6491.19,0,0.0,0.0,0.0,0.464126,0.596137
2044-04-23,41.0,0.0,76.1,9.1,5444.14,5199.5,0,0.0,0.047051,0.0,0.435217,0.746934
2044-04-24,37.4,0.0,67.9,9.1,5122.8,5169.59,0,0.0,0.0,0.0,0.396114,0.642338
2044-04-25,38.5,0.0,78.7,9.3,5484.06,5790.59,0,0.0,0.0,0.0,0.425157,0.62015
2044-04-26,39.7,0.0,73.5,9.8,5549.58,6376.74,0,0.0,0.0,0.0,0.427175,0.532535
2044-04-27,42.3,0.0,78.9,8.8,5781.46,5077.09,0,0.0,0.138734,0.0,0.446721,0.86547
2044-04-28,43.8,0.0,77.4,12.8,5792.83,5859.54,0,0.0,0.0,0.0,0.48466,0.728159
2044-04-29,46.4,0.0,73.7,11.3,6008.55,5730.61,0,0.0,0.048501,0.0,0.483286,0.796696
2044-04-30,45.9,0.0,71.1,9.0,5763.42,5554.37,0,0.0,0.037636,0.0,0.457368,0.758096
2044-05-01,44.8,0.0,84.3,8.3,5654.95,6288.88,0,0.0,0.0,0.0,0.469467,0.608581
2044-05-02,40.7,0.0,63.8,16.5,5233.71,5320.03,1,1.163,0.0,0.0609,0.467276,0.705124
2044-05-03,40.8,0.0,72.0,13.4,5514.91,4979.83,0,0.0,0.107448,0.0,0.459391,0.841618
2044-05-04,39.2,0.0,66.0,8.4,5314.03,5526.69,0,0.0,0.0,0.0,0.399014,0.610884
2044-05-05,39.5,0.0,73.7,8.9,5449.36,6420.76,0,0.0,0.0,0.0,0.419287,0.49946
2044-05-06,39.5,0.0,75.1,10.2,5423.86,5077.7,0,0.0,0.068172,0.0,0.431943,0.768318
2044-05-07,40.4,0.0,70.2,9.6,5526.32,5988.18,0,0.0,0.0,0.0,0.424058,0.590808
2044-05-08,40.0,0.0,70.7,8.4,5418.13,6224.16,0,0.0,0.0,0.0,0.4131,0.518711
2044-05-09,41.7,0.0,67.1,10.5,5652.84,5917.88,0,0.0,0.0,0.0,0.433759,0.638265
2044-05-10,35.9,0.1,76.1,10.1,4847.0,5678.09,0,0.0,0.0,0.0,0.40944,0.49536
2044-05-11,37.0,0.0,71.6,9.6,5350.32,5395.44,0,0.0,0.0,0.0,0.404272,0.651299
2044-05-12,40.0,0.0,76.1,11.2,5630.03,6424.39,0,0.0,0.0,0.0,0.44483,0.557274
2044-05-13,43.8,0.0,71.5,8.1,5891.36,6635.0,0,0.0,0.0,0.0,0.437332,0.563282
2044-05-14,44.6,0.0,75.5,9.5,5731.96,6006.81,0,0.0,0.0,0.0,0.460908,0.664282
2044-05-15,47.1,0.0,78.0,7.6,5992.11,5730.29,0,0.0,0.04569,0.0,0.467413,0.777542
2044-05-16,46.2,0.0,76.8,9.3,5698.33,5623.63,0,0.0,0.013283,0.0,0.472348,0.744645
2044-05-17,45.1,0.0,75.5,10.1,5628.28,5078.49,0,0.0,0.108259,0.0,0.468833,0.852004
2044-05-18,45.3,0.0,74.0,6.9,5724.9,6225.44,0,0.0,0.0,0.0,0.442647,0.605575
2044-05-19,44.5,0.0,77.0,10.6,5604.46,6052.15,0,0.0,0.0,0.0,0.471549,0.641984
2044-05-20,42.3,0.0,71.7,16.0,5391.81,5688.31,0,0.0,0.0,0.0,0.488777,0.684717
2044-05-21,41.1,0.0,73.8,15.1,5391.16,5619.04,1,1.631,0.0,0.088,0.47786,0.687306
2044-05-22,38.9,0.0,76.5,7.0,5212.29,5918.7,0,0.0,0.0,0.0,0.405922,0.52338
2044-05-23,40.5,0.0,82.5,6.9,5539.44,5920.34,0,0.0,0.0,0.0,0.426946,0.608628
2044-05-24,40.8,55.8,85.8,12.2,5466.27,5604.06,0,0.0,0.0,0.0,0.544088,0.772174
2044-05-25,40.3,0.0,70.5,6.6,5386.54,5705.83,0,0.0,0.0,0.0,0.400813,0.592277
2044-05-26,39.5,0.0,76.4,11.2,5322.94,6275.71,0,0.0,0.0,0.0,0.442097,0.521654
2044-05-27,41.0,0.0,81.0,6.6,5554.91,6050.39,0,0.0,0.0,0.0,0.425115,0.586304
2044-05-28,42.8,0.2,79.1,6.6,5670.12,5814.34,0,0.0,0.0,0.0,0.433661,0.661495
2044-05-29,40.4,0.0,75.1,11.4,5264.39,5512.86,0,0.0,0.0,0.0,0.447134,0.651308
2044-05-30,38.2,0.8,81.3,8.6,5158.32,5566.83,0,0.0,0.0,0.0,0.42363,0.594753
2044-05-31,41.0,0.0,65.9,6.7,5628.69,5760.81,1,0.5,0.0,0.0281,0.397574,0.62759
2044-06-01,38.5,8.6,82.2,9.8,6240.48,6352.17,0,0.0,0.0,0.0,0.446071,0.682335
2044-06-02,40.4,0.0,73.4,8.0,6704.74,7035.2,0,0.0,0.0,0.0,0.417712,0.619666
2044-06-03,44.1,43.6,89.0,7.4,7094.83,8128.56,0,0.0,0.0,0.0,0.519917,0.628245
2044-06-04,47.1,23.1,85.8,6.2,7240.01,7962.79,0,0.0,0.0,0.0,0.49942,0.650245
2044-06-05,47.7,48.8,88.1,6.3,7085.65,7257.12,0,0.0,0.0,0.0,0.539816,0.769023
2044-06-06,48.1,0.0,75.2,8.6,7098.4,7841.94,0,0.0,0.0,0.0,0.47647,0.622572
2044-06-07,50.0,17.3,77.2,6.1,7513.47,7893.2,1,1.899,0.0,0.1426,0.494562,0.69519
2044-06-08,45.2,10.6,85.9,6.6,6339.78,6794.4,0,0.0,0.0,0.0,0.474919,0.653597
2044-06-09,43.8,0.0,76.4,6.3,6658.73,7098.06,0,0.0,0.0,0.0,0.432631,0.617165
2044-06-10,45.3,0.0,75.8,11.0,6995.45,6415.2,0,0.0,0.090449,0.0,0.477658,0.840039
2044-06-11,44.2,0.0,82.1,6.6,6702.68,5750.98,0,0.0,0.165486,0.0,0.448269,0.898246
2044-06-12,46.4,0.0,72.0,7.0,7128.01,7586.18,0,0.0,0.0,0.0,0.446919,0.633203
2044-06-13,45.7,0.0,73.2,5.5,6832.12,6806.64,0,0.0,0.003744,0.0,0.432981,0.694141
2044-06-14,45.4,0.0,79.0,6.5,6853.38,6488.28,0,0.0,0.056271,0.0,0.449595,0.772075
2044-06-15,44.4,0.0,83.1,5.8,6724.53,6712.51,0,0.0,0.00179,0.0,0.44529,0.70417
2044-06-16,43.1,0.0,74.4,6.6,6615.25,7331.37,0,0.0,0.0,0.0,0.426582,0.569341
2044-06-17,42.0,19.4,80.9,6.1,6560.52,7036.44,0,0.0,0.0,0.0,0.451331,0.629162
2044-06-18,42.7,4.8,67.2,5.4,6756.72,7423.08,0,0.0,0.0,0.0,0.407042,0.559036
2044-06-19,41.2,45.2,91.6,6.1,6479.06,6987.96,0,0.0,0.0,0.0,0.497599,0.669373
2044-06-20,43.5,53.8,81.8,5.0,6931.71,6945.81,0,0.0,0.0,0.0,0.496389,0.750809
2044-06-21,44.7,0.0,70.9,5.8,6927.34,7612.61,0,0.0,0.0,0.0,0.424392,0.576095
2044-06-22,46.5,15.3,78.3,17.8,7103.82,7721.15,0,0.0,0.0,0.0,0.561392,0.724845
2044-06-23,43.6,0.0,70.1,7.4,6515.21,6792.75,0,0.0,0.0,0.0,0.427988,0.63708
2044-06-24,40.0,0.0,63.5,6.8,6242.63,6577.9,0,0.0,0.0,0.0,0.387254,0.584543
2044-06-25,40.6,0.0,66.9,5.4,6604.77,7264.75,0,0.0,0.0,0.0,0.386781,0.537516
2044-06-26,46.8,16.4,77.5,7.3,7490.05,7510.91,0,0.0,0.0,0.0,0.482193,0.735741
2044-06-27,48.5,0.0,80.2,5.3,7233.73,8091.19,0,0.0,0.0,0.0,0.463019,0.596094
2044-06-28,46.2,0.8,79.9,10.2,6749.04,7326.77,0,0.0,0.0,0.0,0.486081,0.650819
2044-06-29,46.3,3.3,75.2,8.7,6955.26,7304.02,0,0.0,0.0,0.0,0.469404,0.670452
2044-06-30,47.0,35.0,81.8,5.2,7050.61,8083.3,0,0.0,0.0,0.0,0.498064,0.605711
2044-07-01,43.4,15.1,79.9,5.6,6457.94,6254.24,0,0.0,0.03257,0.0,0.449579,0.744391
2044-07-02,45.9,0.0,78.5,7.2,7130.83,7280.64,0,0.0,0.0,0.0,0.457354,0.690123
2044-07-03,44.8,30.6,80.0,5.6,6764.65,6812.13,1,0.977,0.0,0.0661,0.477906,0.726559
2044-07-04,44.1,0.0,72.3,6.6,6748.19,7237.84,0,0.0,0.0,0.0,0.429235,0.607049
2044-07-05,43.7,5.4,73.7,9.5,6753.02,7593.71,1,0.5,0.0,0.0338,0.458189,0.585737
2044-07-06,45.7,0.0,76.2,8.6,7075.07,6990.66,0,0.0,0.012074,0.0,0.462526,0.733412
2044-07-07,43.4,0.9,64.3,5.3,6581.83,8281.56,0,0.0,0.0,0.0,0.400689,0.417878
2044-07-08,39.6,0.0,70.8,6.6,6223.69,6275.01,0,0.0,0.0,0.0,0.396762,0.644004
2044-07-09,40.7,15.5,76.4,4.4,6674.24,7159.62,0,0.0,0.0,0.0,0.416449,0.594096
2044-07-10,36.7,0.0,60.8,4.9,6032.21,6334.84,0,0.0,0.0,0.0,0.34578,0.5468
2044-07-11,37.0,0.0,74.6,6.8,6381.83,6719.48,0,0.0,0.0,0.0,0.388293,0.586422
2044-07-12,40.2,0.0,75.2,6.0,6821.75,6822.28,0,0.0,0.0,0.0,0.404337,0.661036
2044-07-13,41.6,19.7,64.8,5.2,6767.16,7560.64,0,0.0,0.0,0.0,0.411928,0.546201
2044-07-14,43.5,0.0,67.3,4.8,6949.73,6923.34,0,0.0,0.003812,0.0,0.402017,0.663257
2044-07-15,44.2,0.0,67.2,5.4,6897.22,6473.43,0,0.0,0.065465,0.0,0.411073,0.744288
2044-07-16,48.3,0.0,64.4,11.4,7463.06,7308.68,0,0.0,0.021123,0.0,0.479143,0.760592
2044-07-17,45.5,0.0,64.9,6.1,6710.45,7656.99,1,1.875,0.0,0.1258,0.42073,0.533208
2044-07-18,45.3,0.0,65.7,5.0,6903.28,7792.28,0,0.0,0.0,0.0,0.412424,0.536028
2044-07-19,43.4,0.0,71.2,4.5,6645.89,6137.77,0,0.0,0.082785,0.0,0.406355,0.759789
2044-07-20,44.6,0.0,74.1,4.9,6984.49,7691.77,0,0.0,0.0,0.0,0.422789,0.572233
2044-07-21,43.5,14.2,73.9,4.8,6726.55,6222.99,0,0.0,0.08092,0.0,0.431717,0.782972
2044-07-22,46.1,21.6,68.1,4.4,7212.27,7560.51,1,1.026,0.0,0.074,0.443922,0.646941
2044-07-23,43.7,0.0,71.0,5.1,6640.74,6467.49,0,0.0,0.026787,0.0,0.412587,0.700649
2044-07-24,45.6,0.0,69.8,5.7,7124.16,7880.17,0,0.0,0.0,0.0,0.42749,0.572281
2044-07-25,45.5,20.8,57.0,4.3,6952.55,7543.13,0,0.0,0.0,0.0,0.417407,0.582797
2044-07-26,44.1,11.1,75.2,8.2,6760.01,7515.19,0,0.0,0.0,0.0,0.460562,0.600043
2044-07-27,44.1,23.0,72.3,4.9,6876.71,7092.64,0,0.0,0.0,0.0,0.444181,0.66543
2044-07-28,43.5,22.8,72.2,5.3,6791.82,7049.54,0,0.0,0.0,0.0,0.442881,0.656993
2044-07-29,43.1,0.0,56.6,6.5,6792.37,6490.43,0,0.0,0.04652,0.0,0.392435,0.703533
2044-07-30,41.7,0.0,73.1,5.6,6614.89,6516.19,0,0.0,0.015147,0.0,0.4072,0.681672
2044-07-31,39.5,11.0,69.2,5.1,6417.03,7121.35,0,0.0,0.0,0.0,0.39495,0.536281
2044-08-01,38.4,48.6,80.5,4.2,6439.02,6909.95,0,0.0,0.0,0.0,0.447818,0.625047
2044-08-02,34.8,17.0,61.7,8.1,6018.73,6359.22,0,0.0,0.0,0.0,0.380377,0.574661
2044-08-03,37.0,0.0,66.4,4.7,6602.66,7457.8,0,0.0,0.0,0.0,0.356714,0.479645
2044-08-04,34.5,0.0,66.2,4.9,6090.63,5896.28,0,0.0,0.032961,0.0,0.341404,0.636673
2044-08-05,34.5,1.4,62.8,4.9,6283.7,6882.97,0,0.0,0.0,0.0,0.336737,0.491886
2044-08-06,36.1,4.7,57.6,7.0,6523.0,6364.57,0,0.0,0.024891,0.0,0.357763,0.643613
2044-08-07,37.8,0.0,62.2,4.4,6639.9,7590.11,0,0.0,0.0,0.0,0.351797,0.462439
2044-08-08,33.9,0.0,57.5,4.6,5962.13,6464.75,1,1.15,0.0,0.0685,0.318822,0.484849
2044-08-09,34.0,0.0,58.4,5.8,6284.64,6980.74,0,0.0,0.0,0.0,0.330427,0.470807
2044-08-10,35.2,0.0,67.4,7.7,6444.88,6482.24,0,0.0,0.0,0.0,0.369873,0.619935
2044-08-11,35.3,0.0,61.7,5.8,6371.73,7566.25,0,0.0,0.0,0.0,0.345184,0.417671
2044-08-12,37.9,0.0,60.5,6.4,6742.74,7928.86,0,0.0,0.0,0.0,0.364701,0.446853
2044-08-13,35.6,0.0,54.7,5.8,6218.41,6697.94,0,0.0,0.0,0.0,0.334036,0.507247
2044-08-14,31.2,5.6,61.4,5.6,5793.73,6512.39,1,0.856,0.0,0.0496,0.322886,0.45085
2044-08-15,33.4,5.0,60.4,7.2,6426.93,6626.04,0,0.0,0.0,0.0,0.347126,0.568836
2044-08-16,32.4,17.3,59.0,6.0,6128.04,5944.73,0,0.0,0.030837,0.0,0.343657,0.636445
2044-08-17,29.1,0.0,64.7,9.9,5756.02,6332.4,0,0.0,0.0,0.0,0.341578,0.49211
2044-08-18,29.6,0.0,64.1,5.1,6070.59,6022.54,0,0.0,0.00798,0.0,0.306712,0.572816
2044-08-19,32.8,16.7,58.9,9.3,6477.41,7335.95,0,0.0,0.0,0.0,0.370837,0.491004
2044-08-20,30.2,0.0,60.2,4.9,5894.99,6578.9,0,0.0,0.0,0.0,0.301811,0.437244
2044-08-21,35.3,0.0,48.7,5.7,6807.63,7248.9,0,0.0,0.0,0.0,0.320037,0.505762
2044-08-22,33.0,7.1,60.9,4.9,6098.75,6472.57,0,0.0,0.0,0.0,0.330242,0.519609
2044-08-23,32.9,0.0,61.1,5.5,6267.72,6971.74,0,0.0,0.0,0.0,0.325925,0.464828
2044-08-24,30.2,0.0,51.3,5.1,5903.1,6300.37,0,0.0,0.0,0.0,0.286667,0.469846
2044-08-25,30.5,1.0,56.9,5.1,7378.4,7559.31,0,0.0,0.0,0.0,0.300364,0.529216
2044-08-26,30.3,0.0,56.8,4.8,6107.2,5829.84,0,0.0,0.047575,0.0,0.295323,0.607653
2044-08-27,27.4,30.2,77.9,5.8,5730.36,6363.06,0,0.0,0.0,0.0,0.360334,0.501045
2044-08-28,33.7,0.0,68.4,6.6,6821.28,7319.82,0,0.0,0.0,0.0,0.353373,0.530653
2044-08-29,31.9,0.0,56.8,14.8,6113.19,7480.14,0,0.0,0.0,0.0,0.38303,0.426484
2044-08-30,30.5,0.0,51.5,6.8,6049.91,6315.84,0,0.0,0.0,0.0,0.302136,0.509772
2044-08-31,32.2,0.0,55.7,6.4,6400.0,6841.78,0,0.0,0.0,0.0,0.31813,0.49954
2044-09-01,35.3,16.1,63.8,5.5,5716.43,6119.48,0,0.0,0.0,0.0,0.36645,0.546351
2044-09-02,36.2,43.5,56.3,6.1,5641.04,6154.36,0,0.0,0.0,0.0,0.39638,0.5558
2044-09-03,32.3,0.0,43.0,5.0,5112.64,5056.84,0,0.0,0.011034,0.0,0.284174,0.553846
2044-09-04,31.9,10.5,50.0,6.1,5322.02,5562.23,0,0.0,0.0,0.0,0.315962,0.522337
2044-09-05,27.4,0.0,56.6,4.9,4823.17,5315.82,0,0.0,0.0,0.0,0.276605,0.425205
2044-09-06,29.2,8.9,58.7,6.1,5322.43,5476.97,0,0.0,0.0,0.0,0.312525,0.536375
2044-09-07,25.6,19.5,59.2,14.7,4793.82,5272.16,0,0.0,0.0,0.0,0.369025,0.519897
2044-09-08,24.3,0.0,57.3,6.6,4869.92,5143.09,0,0.0,0.0,0.0,0.270602,0.465387
2044-09-09,24.7,0.0,50.5,10.8,5005.36,5382.35,0,0.0,0.0,0.0,0.292896,0.467919
2044-09-10,26.0,0.0,49.7,14.4,5124.31,5752.15,0,0.0,0.0,0.0,0.327742,0.457112
2044-09-11,25.5,0.0,52.7,5.4,4997.77,5176.07,0,0.0,0.0,0.0,0.260627,0.477204
2044-09-12,28.6,2.4,59.5,7.2,5393.82,5170.15,0,0.0,0.04326,0.0,0.310628,0.617922
2044-09-13,29.4,0.0,52.1,5.5,5302.69,5478.85,0,0.0,0.0,0.0,0.28598,0.505235
2044-09-14,29.8,0.0,49.2,5.7,5306.45,5295.78,0,0.0,0.002014,0.0,0.284722,0.543864
2044-09-15,26.4,0.0,51.4,6.2,4885.4,4475.41,0,0.0,0.091609,0.0,0.270295,0.63403
2044-09-16,29.4,6.4,57.8,7.1,5454.68,5690.75,0,0.0,0.0,0.0,0.316822,0.525185
2044-09-17,26.8,0.0,46.9,6.0,4965.58,5276.12,0,0.0,0.0,0.0,0.262951,0.45103
2044-09-18,29.7,15.6,50.1,7.4,5472.99,6098.6,0,0.0,0.0,0.0,0.317902,0.454937
2044-09-19,32.5,0.0,45.7,12.2,5633.83,5511.15,0,0.0,0.022261,0.0,0.346111,0.628888
2044-09-20,31.7,3.0,52.6,8.0,5361.45,5659.42,0,0.0,0.0,0.0,0.325028,0.520354
2044-09-21,32.0,0.0,43.5,12.6,5455.84,6116.38,0,0.0,0.0,0.0,0.341776,0.472492
2044-09-22,24.0,0.0,50.3,6.6,4517.96,4580.3,0,0.0,0.0,0.0,0.255499,0.4964
2044-09-23,23.3,0.0,39.5,6.6,4922.0,5334.37,0,0.0,0.0,0.0,0.230636,0.397181
2044-09-24,25.2,0.0,45.2,6.4,5191.61,5973.75,0,0.0,0.0,0.0,0.252303,0.356246
2044-09-25,26.4,0.0,45.9,8.4,5213.17,4862.15,0,0.0,0.072193,0.0,0.276958,0.618028
2044-09-26,23.0,6.9,56.5,6.4,4758.47,5078.13,0,0.0,0.0,0.0,0.267409,0.450713
2044-09-27,22.0,0.0,50.4,12.3,4856.82,5455.48,0,0.0,0.0,0.0,0.286486,0.415171
2044-09-28,16.7,0.0,43.5,6.3,4527.15,4653.48,0,0.0,0.0,0.0,0.192318,0.417416
2044-09-29,18.3,36.3,51.5,6.7,4960.71,5642.14,0,0.0,0.0,0.0,0.26524,0.381037
2044-09-30,14.9,50.3,53.9,7.1,4625.46,5091.97,0,0.0,0.0,0.0,0.267498,0.417334
2044-10-01,18.2,0.0,38.8,6.6,5066.18,5884.21,0,0.0,0.0,0.0,0.195707,0.290203
2044-10-02,20.8,0.0,52.2,7.1,5073.86,5513.74,0,0.0,0.0,0.0,0.241828,0.405484
2044-10-03,19.6,0.0,40.0,9.8,4830.27,5635.52,1,0.5,0.0,0.0242,0.231876,0.321858
2044-10-04,20.5,0.0,52.1,7.9,4976.63,5319.52,0,0.0,0.0,0.0,0.245836,0.427377
2044-10-05,19.7,0.0,43.7,9.8,4868.09,4692.0,0,0.0,0.037529,0.0,0.239473,0.540075
2044-10-06,20.0,6.8,44.3,10.9,4935.56,4986.14,0,0.0,0.0,0.0,0.25936,0.504308
2044-10-07,17.3,0.0,43.2,7.4,4731.35,5271.47,0,0.0,0.0,0.0,0.204198,0.341375
2044-10-08,18.7,0.0,48.5,9.0,4991.51,5555.13,0,0.0,0.0,0.0,0.235709,0.374055
2044-10-09,15.2,0.0,37.9,7.8,4658.75,4800.52,0,0.0,0.0,0.0,0.183505,0.405819
2044-10-10,12.0,0.0,44.4,7.5,4700.47,5469.79,0,0.0,0.0,0.0,0.172285,0.264881
2044-10-11,12.7,16.8,45.7,7.9,4938.22,5075.01,0,0.0,0.0,0.0,0.202921,0.428245
2044-10-12,13.1,0.0,43.4,12.4,4915.2,5304.02,0,0.0,0.0,0.0,0.215469,0.386681
2044-10-13,14.3,0.0,40.1,10.2,4957.32,5340.82,0,0.0,0.0,0.0,0.200216,0.37318
2044-10-14,13.4,0.0,39.1,11.3,4842.96,4679.17,0,0.0,0.035003,0.0,0.200897,0.498551
2044-10-15,17.7,0.0,43.3,8.0,5177.2,5400.02,0,0.0,0.0,0.0,0.211652,0.420272
2044-10-16,17.6,0.0,33.5,7.5,4923.61,5908.14,0,0.0,0.0,0.0,0.188759,0.251014
2044-10-17,17.6,0.0,47.1,9.4,4934.23,4894.25,0,0.0,0.008169,0.0,0.22892,0.495246
2044-10-18,17.5,0.0,40.5,13.0,4928.99,5369.57,0,0.0,0.0,0.0,0.243663,0.404666
2044-10-19,19.0,0.0,37.0,8.5,5047.43,4932.72,0,0.0,0.023255,0.0,0.212266,0.496204
2044-10-20,19.3,2.6,42.0,12.0,4984.67,4941.01,0,0.0,0.008837,0.0,0.253797,0.520902
2044-10-21,19.2,0.0,35.8,12.2,4964.98,4770.85,0,0.0,0.040691,0.0,0.239883,0.544176
2044-10-22,19.7,0.0,39.5,12.5,5008.19,5555.52,0,0.0,0.0,0.0,0.252431,0.394209
2044-10-23,14.9,0.0,39.3,9.9,4634.1,4611.4,0,0.0,0.004922,0.0,0.200356,0.462893
2044-10-24,11.0,0.0,45.0,9.5,4730.08,5344.29,0,0.0,0.0,0.0,0.182251,0.304874
2044-10-25,11.4,0.0,39.9,10.7,4976.82,5059.07,0,0.0,0.0,0.0,0.184584,0.422394
2044-10-26,11.3,0.0,32.7,12.4,4961.05,5249.11,0,0.0,0.0,0.0,0.183543,0.376268
2044-10-27,12.8,0.0,41.0,10.7,5040.07,5422.7,0,0.0,0.0,0.0,0.195875,0.370292
2044-10-28,12.8,0.0,41.5,10.6,4956.87,4699.8,0,0.0,0.0547,0.0,0.196041,0.516686
2044-10-29,13.9,0.0,29.7,8.9,5012.95,5327.92,0,0.0,0.0,0.0,0.168049,0.355826
2044-10-30,11.1,0.0,31.6,10.6,4808.88,5155.33,0,0.0,0.0,0.0,0.166273,0.344611
2044-10-31,11.3,0.0,47.4,10.3,4989.04,5596.81,0,0.0,0.0,0.0,0.194901,0.32492
2044-11-01,8.7,0.0,35.6,15.9,4851.0,4800.32,0,0.0,0.010559,0.0,0.198849,0.467964
2044-11-02,10.1,0.0,35.5,11.5,5078.31,5070.83,0,0.0,0.001475,0.0,0.173939,0.432451
2044-11-03,6.6,0.0,36.8,10.7,4818.1,5259.2,0,0.0,0.0,0.0,0.147134,0.306012
2044-11-04,8.2,2.6,34.2,9.3,5119.54,5831.06,1,0.5,0.0,0.0256,0.145174,0.259515
2044-11-05,5.8,0.0,27.8,8.8,4899.52,4961.61,0,0.0,0.0,0.0,0.110325,0.352506
2044-11-06,6.1,0.0,30.9,9.2,5059.16,4918.43,0,0.0,0.028614,0.0,0.121201,0.411394
2044-11-07,8.8,8.8,35.4,16.3,5187.53,5343.4,0,0.0,0.0,0.0,0.212956,0.435692
2044-11-08,9.6,0.0,33.7,10.0,5066.63,4996.51,0,0.0,0.014034,0.0,0.155694,0.428867
2044-11-09,6.4,1.0,32.5,11.2,4858.39,5223.06,0,0.0,0.0,0.0,0.142831,0.318114
2044-11-10,5.8,0.0,28.6,9.6,5022.01,4931.47,0,0.0,0.018361,0.0,0.117998,0.396221
2044-11-11,3.6,0.0,33.2,9.1,4946.02,5496.47,0,0.0,0.0,0.0,0.108264,0.248143
2044-11-12,1.4,0.0,41.4,10.3,4967.13,5282.02,0,0.0,0.0,0.0,0.118397,0.305592
2044-11-13,3.3,8.0,34.4,13.3,5204.96,5794.46,0,0.0,0.0,0.0,0.150705,0.288729
2044-11-14,5.7,14.3,38.3,9.5,5214.04,4678.73,0,0.0,0.114415,0.0,0.152202,0.542559
2044-11-15,7.3,0.0,42.8,9.4,5155.91,4842.62,0,0.0,0.064695,0.0,0.152967,0.485281
2044-11-16,8.8,0.0,32.0,9.5,5143.23,5819.25,0,0.0,0.0,0.0,0.143375,0.264548
2044-11-17,8.8,0.0,50.7,9.9,5050.09,5073.68,0,0.0,0.0,0.0,0.181524,0.432886
2044-11-18,8.3,0.0,39.8,11.1,5022.62,4809.75,0,0.0,0.044258,0.0,0.16705,0.475507
2044-11-19,6.2,0.9,35.9,10.1,4950.92,5135.24,0,0.0,0.0,0.0,0.139278,0.354166
2044-11-20,5.8,0.0,34.0,11.8,5057.73,5387.84,1,0.5,0.0,0.0253,0.145098,0.330362
2044-11-21,3.7,10.4,44.5,11.0,4971.64,5170.73,0,0.0,0.0,0.0,0.15746,0.369301
2044-11-22,2.9,0.0,31.7,10.2,5064.69,5467.26,0,0.0,0.0,0.0,0.109325,0.280156
2044-11-23,4.2,0.0,32.9,18.3,5178.38,5545.77,0,0.0,0.0,0.0,0.182644,0.362097
2044-11-24,4.7,0.0,43.1,10.8,5134.14,5481.46,0,0.0,0.0,0.0,0.147194,0.330014
2044-11-25,11.5,0.0,33.2,10.8,5444.15,6178.82,0,0.0,0.0,0.0,0.173453,0.291437
2044-11-26,8.1,0.0,32.7,11.4,4864.39,5103.27,0,0.0,0.0,0.0,0.154734,0.356879
2044-11-27,7.8,8.2,33.7,11.5,5057.35,5296.33,0,0.0,0.0,0.0,0.165408,0.369523
2044-11-28,4.9,10.5,28.0,11.6,5913.11,6507.83,0,0.0,0.0,0.0,0.139184,0.289291
2044-11-29,4.7,1.5,40.5,11.9,5092.41,5524.34,0,0.0,0.0,0.0,0.152637,0.318152
2044-11-30,4.5,0.0,34.8,15.2,5103.55,5068.44,0,0.0,0.006928,0.0,0.164264,0.429141
2044-12-01,6.8,0.0,40.4,13.3,5870.62,6130.08,0,0.0,0.0,0.0,0.175263,0.382642
2044-12-02,6.0,0.0,34.2,11.5,5669.97,6110.0,0,0.0,0.0,0.0,0.144477,0.317193
2044-12-03,5.9,0.0,32.9,15.2,5717.25,5791.74,0,0.0,0.0,0.0,0.169929,0.411705
2044-12-04,5.3,0.0,31.8,11.0,5692.3,5783.56,0,0.0,0.0,0.0,0.131505,0.369874
2044-12-05,2.9,5.0,39.8,11.2,5587.59,5377.15,0,0.0,0.039136,0.0,0.138329,0.440806
2044-12-06,2.4,0.0,31.1,15.8,5732.12,4977.69,0,0.0,0.151563,0.0,0.148114,0.581838
2044-12-07,2.6,0.0,37.1,18.3,5774.07,5926.7,0,0.0,0.0,0.0,0.179973,0.406699
2044-12-08,3.6,0.0,35.4,11.6,5826.38,6164.42,0,0.0,0.0,0.0,0.131679,0.324452
2044-12-09,5.4,0.0,30.1,12.6,5860.65,5749.24,0,0.0,0.01938,0.0,0.141322,0.420734
2044-12-10,5.3,0.0,33.1,11.1,5726.16,6509.54,0,0.0,0.0,0.0,0.134714,0.251015
2044-12-11,5.1,0.0,35.5,10.9,5728.58,5637.26,0,0.0,0.0162,0.0,0.136352,0.412053
2044-12-12,2.0,0.0,34.0,12.7,5555.11,6152.23,0,0.0,0.0,0.0,0.126995,0.27048
2044-12-13,4.1,0.0,45.1,11.6,5893.66,6343.8,0,0.0,0.0,0.0,0.153162,0.327116
2044-12-14,3.3,8.3,38.9,11.1,5700.21,6766.77,0,0.0,0.0,0.0,0.142533,0.21532
2044-12-15,5.5,7.8,36.7,14.2,5890.38,6385.23,0,0.0,0.0,0.0,0.176219,0.342536
2044-12-16,8.4,0.0,34.1,14.3,5905.88,5663.06,0,0.0,0.042878,0.0,0.181713,0.488559
2044-12-17,7.8,0.0,34.8,15.4,5665.88,6325.53,0,0.0,0.0,0.0,0.187559,0.322608
2044-12-18,5.6,0.0,33.0,11.4,5581.72,6457.76,1,0.518,0.0,0.0289,0.138818,0.237242
2044-12-19,5.8,0.0,32.1,12.8,5750.12,5395.63,0,0.0,0.0657,0.0,0.149252,0.48274
2044-12-20,6.8,0.0,39.3,11.9,5785.39,6307.61,0,0.0,0.0,0.0,0.162399,0.322537
2044-12-21,6.2,0.0,44.1,11.7,5687.65,6280.3,0,0.0,0.0,0.0,0.165901,0.312527
2044-12-22,5.2,0.0,34.3,14.7,5671.87,5879.42,0,0.0,0.0,0.0,0.164082,0.379661
2044-12-23,6.7,0.0,38.9,13.1,5825.09,5227.54,0,0.0,0.114309,0.0,0.170249,0.560482
2044-12-24,7.8,0.0,33.5,12.8,5783.06,5964.38,0,0.0,0.0,0.0,0.165059,0.386359
2044-12-25,7.0,0.0,37.5,15.1,5660.58,5736.39,0,0.0,0.0,0.0,0.185033,0.426395
2044-12-26,3.8,0.0,30.6,12.9,5519.8,6327.76,0,0.0,0.0,0.0,0.134028,0.241758
2044-12-27,5.4,0.0,33.1,11.9,5842.92,6102.45,0,0.0,0.0,0.0,0.141546,0.348688
2044-12-28,4.3,0.0,33.0,11.6,5660.87,5796.87,0,0.0,0.0,0.0,0.131793,0.361195
2044-12-29,5.3,5.5,38.3,13.4,5803.83,5879.57,0,0.0,0.0,0.0,0.168921,0.410673
2044-12-30,6.1,0.0,32.0,11.9,5770.8,6177.77,0,0.0,0.0,0.0,0.144097,0.323983
2044-12-31,2.6,10.1,29.3,12.8,5510.0,5805.24,0,0.0,0.0,0.0,0.135232,0.332651
2045-01-01,3.7,0.0,31.2,13.0,5824.88,5826.24,0,0.0,0.0,0.0,0.135266,0.391783
2045-01-02,5.6,0.0,37.3,15.7,5847.39,6237.02,0,0.0,0.0,0.0,0.18006,0.363922
2045-01-03,7.3,1.8,34.9,12.0,5820.93,5907.62,0,0.0,0.0,0.0,0.160412,0.400071
2045-01-04,7.7,0.0,35.7,14.1,5720.82,5072.58,0,0.0,0.127793,0.0,0.178556,0.584532
2045-01-05,3.8,2.1,40.6,13.8,5463.5,5966.6,0,0.0,0.0,0.0,0.162285,0.32064
2045-01-06,7.2,0.0,34.9,13.8,5933.44,6444.37,0,0.0,0.0,0.0,0.171446,0.335681
2045-01-07,8.2,0.0,38.8,14.1,5757.12,6117.43,0,0.0,0.0,0.0,0.187664,0.375695
2045-01-08,5.9,0.0,50.1,13.2,5542.67,5665.3,0,0.0,0.0,0.0,0.186747,0.418268
2045-01-09,4.8,0.0,37.7,14.6,5643.89,5900.46,0,0.0,0.0,0.0,0.167049,0.373077
2045-01-10,6.0,0.0,38.8,11.8,5787.37,6375.45,0,0.0,0.0,0.0,0.155416,0.304523
2045-01-11,7.9,0.0,42.0,14.6,5811.4,5870.65,0,0.0,0.0,0.0,0.195545,0.440553
2045-01-12,7.2,0.0,36.2,16.3,5630.85,6217.34,0,0.0,0.0,0.0,0.193173,0.33984
2045-01-13,9.2,0.0,37.6,22.4,5799.66,5550.77,0,0.0,0.04484,0.0,0.256049,0.565184
2045-01-14,5.6,4.3,41.4,19.6,5448.79,5778.96,0,0.0,0.0,0.0,0.223086,0.413179
2045-01-15,4.3,0.0,42.0,12.5,5613.04,5902.8,0,0.0,0.0,0.0,0.155612,0.355096
2045-01-16,1.2,0.0,36.6,13.3,5515.38,6139.55,0,0.0,0.0,0.0,0.131227,0.269334
2045-01-17,1.1,0.0,44.3,13.3,5723.89,5678.71,0,0.0,0.007955,0.0,0.145005,0.411083
2045-01-18,5.8,0.0,49.5,19.0,6013.28,6007.16,0,0.0,0.001019,0.0,0.229716,0.487695
2045-01-19,10.8,0.0,32.5,19.2,5962.17,5736.48,0,0.0,0.039342,0.0,0.232341,0.53506
2045-01-20,11.1,0.0,44.2,16.0,5646.71,5727.44,0,0.0,0.0,0.0,0.231565,0.4719
2045-01-21,9.7,0.0,42.1,13.6,5537.62,5903.61,0,0.0,0.0,0.0,0.199881,0.384299
2045-01-22,9.4,0.6,41.5,13.6,5616.41,5261.09,0,0.0,0.067537,0.0,0.19751,0.533143
2045-01-23,10.6,0.0,44.7,16.8,5700.82,5826.79,0,0.0,0.0,0.0,0.235379,0.466931
2045-01-24,7.6,5.5,51.7,12.8,5436.07,5917.05,0,0.0,0.0,0.0,0.204577,0.366472
2045-01-25,7.1,0.0,45.0,15.9,5619.06,5863.59,0,0.0,0.0,0.0,0.205928,0.414034
2045-01-26,10.8,0.0,48.7,12.4,5857.23,6177.84,0,0.0,0.0,0.0,0.210247,0.406453
2045-01-27,8.9,0.0,44.0,12.7,5489.95,5243.53,0,0.0,0.046994,0.0,0.191226,0.502878
2045-01-28,7.9,0.0,46.4,18.3,5567.27,5810.55,0,0.0,0.0,0.0,0.232344,0.440256
2045-01-29,8.8,0.0,42.1,15.0,5672.74,5966.63,0,0.0,0.0,0.0,0.204751,0.40404
2045-01-30,10.0,0.0,45.3,13.6,5685.39,5911.01,0,0.0,0.0,0.0,0.207858,0.420089
2045-01-31,9.2,0.0,44.1,13.5,5553.38,5884.51,0,0.0,0.0,0.0,0.199563,0.390662
2045-02-01,10.1,0.0,46.3,12.4,5647.76,5820.16,0,0.0,0.0,0.0,0.201133,0.423343
2045-02-02,11.8,5.2,39.1,13.8,5689.91,5810.94,0,0.0,0.0,0.0,0.215985,0.44846
2045-02-03,16.0,16.1,44.8,19.0,5823.64,5733.34,0,0.0,0.01575,0.0,0.307779,0.582956
2045-02-04,15.2,0.0,52.6,13.6,5479.17,6089.5,0,0.0,0.0,0.0,0.255821,0.395606
2045-02-05,14.8,0.0,53.9,12.4,5498.68,5348.68,0,0.0,0.028045,0.0,0.246362,0.535891
2045-02-06,17.6,0.0,38.6,12.1,5752.03,6096.87,0,0.0,0.0,0.0,0.233816,0.424578
2045-02-07,15.8,0.0,44.8,12.7,5409.39,6297.78,0,0.0,0.0,0.0,0.238206,0.330318
2045-02-08,12.9,0.0,44.2,14.5,5336.94,5974.12,0,0.0,0.0,0.0,0.231855,0.364134
2045-02-09,13.7,0.0,49.5,12.7,5577.31,6035.15,0,0.0,0.0,0.0,0.233177,0.401405
2045-02-10,16.1,12.3,51.2,13.3,5677.57,6050.78,0,0.0,0.0,0.0,0.27182,0.456605
2045-02-11,16.6,12.8,55.5,16.3,5559.57,5792.8,0,0.0,0.0,0.0,0.306937,0.516725
2045-02-12,16.1,0.0,42.5,13.0,5483.99,5446.78,0,0.0,0.006831,0.0,0.238186,0.502951
2045-02-13,13.1,0.0,51.3,17.0,5310.99,5491.61,0,0.0,0.0,0.0,0.265776,0.48417
2045-02-14,13.5,0.0,48.2,12.6,5531.55,6008.46,0,0.0,0.0,0.0,0.228649,0.392779
2045-02-15,16.5,9.8,49.0,14.0,5703.47,6128.68,0,0.0,0.0,0.0,0.272683,0.448478
2045-02-16,14.0,0.0,52.8,13.6,5322.85,5853.49,0,0.0,0.0,0.0,0.248286,0.399247
2045-02-17,14.0,0.0,49.7,12.7,5486.91,6182.87,0,0.0,0.0,0.0,0.235529,0.360913
2045-02-18,13.8,2.0,51.2,13.7,5468.68,5687.52,0,0.0,0.0,0.0,0.247179,0.459051
2045-02-19,13.1,0.0,58.3,17.9,5436.04,5773.54,0,0.0,0.0,0.0,0.285845,0.474393
2045-02-20,14.5,0.0,52.3,13.6,5554.76,5167.92,0,0.0,0.074854,0.0,0.250644,0.594819
2045-02-21,16.0,0.0,62.0,15.6,5573.15,6643.97,0,0.0,0.0,0.0,0.294151,0.362789
2045-02-22,17.3,5.2,42.2,13.7,5571.42,5704.73,0,0.0,0.0,0.0,0.257279,0.486789
2045-02-23,15.5,0.0,52.9,11.8,5338.83,5824.96,0,0.0,0.0,0.0,0.244472,0.403835
2045-02-24,12.9,0.0,47.7,12.5,5283.31,5409.5,0,0.0,0.0,0.0,0.222985,0.452542
2045-02-25,14.6,0.0,49.0,12.3,5554.38,5678.92,0,0.0,0.0,0.0,0.235085,0.466274
2045-02-26,14.5,0.0,50.7,11.7,5430.06,5620.49,0,0.0,0.0,0.0,0.232984,0.450221
2045-02-27,19.2,0.0,58.9,14.2,5803.32,5638.26,0,0.0,0.029275,0.0,0.298628,0.589594
2045-02-28,23.1,0.0,52.6,12.7,5862.08,5239.21,0,0.0,0.118885,0.0,0.300948,0.696526
2045-03-01,26.5,0.0,49.3,11.6,5214.89,5856.63,0,0.0,0.0,0.0,0.308683,0.437555
2045-03-02,23.4,4.4,59.7,11.7,4667.73,5061.59,0,0.0,0.0,0.0,0.31389,0.47984
2045-03-03,24.0,0.0,49.8,14.8,4908.43,4870.64,0,0.0,0.007759,0.0,0.317834,0.583682
2045-03-04,25.1,0.0,64.4,12.0,4994.99,5386.95,0,0.0,0.0,0.0,0.330854,0.502703
2045-03-05,25.9,0.0,49.9,12.5,5009.64,5520.16,0,0.0,0.0,0.0,0.312798,0.461623
2045-03-06,24.3,0.0,55.3,13.2,4785.97,4816.31,0,0.0,0.0,0.0,0.317778,0.567214
2045-03-07,26.4,2.1,67.2,17.8,5105.9,5493.67,0,0.0,0.0,0.0,0.391988,0.566377
2045-03-08,25.5,0.0,55.8,18.2,4883.07,5436.95,0,0.0,0.0,0.0,0.365205,0.503068
2045-03-09,25.2,0.0,59.9,13.4,4890.32,4691.7,0,0.0,0.042336,0.0,0.333878,0.640089
2045-03-10,21.6,0.0,57.5,13.5,4530.86,4909.66,0,0.0,0.0,0.0,0.306421,0.473141
2045-03-11,23.2,0.0,58.4,12.5,4888.36,5245.0,1,1.152,0.0,0.0563,0.310939,0.48835
2045-03-12,22.8,3.1,55.5,14.6,4743.05,5542.11,0,0.0,0.0,0.0,0.322851,0.411325
2045-03-13,23.9,0.0,61.4,11.2,4889.44,5305.5,0,0.0,0.0,0.0,0.311147,0.476389
2045-03-14,24.4,0.0,66.1,12.3,4875.35,4992.91,0,0.0,0.0,0.0,0.331742,0.561045
2045-03-15,24.8,0.0,50.1,12.9,4882.76,5036.09,0,0.0,0.0,0.0,0.309009,0.530256
2045-03-16,24.6,0.0,55.5,13.5,4842.15,5701.51,0,0.0,0.0,0.0,0.322445,0.403278
2045-03-17,26.3,0.0,57.7,12.1,5029.35,5168.38,0,0.0,0.0,0.0,0.326973,0.55236
2045-03-18,25.7,0.0,56.3,17.2,4861.42,5284.01,0,0.0,0.0,0.0,0.359745,0.523172
2045-03-19,22.8,0.0,64.3,13.8,4571.71,4731.63,0,0.0,0.0,0.0,0.329395,0.546729
2045-03-20,24.5,0.0,58.4,13.2,4927.7,5509.75,0,0.0,0.0,0.0,0.324909,0.458375
2045-03-21,23.3,0.0,62.2,11.8,4682.92,5250.64,0,0.0,0.0,0.0,0.313321,0.443887
2045-03-22,21.3,0.0,69.5,11.4,4561.29,4782.84,0,0.0,0.0,0.0,0.31074,0.513454
2045-03-23,20.3,0.0,53.4,16.1,4604.33,4716.56,0,0.0,0.0,0.0,0.310226,0.539238
2045-03-24,22.3,0.0,64.3,10.9,4801.87,4911.7,0,0.0,0.0,0.0,0.303723,0.534409
2045-03-25,23.1,0.0,62.4,12.3,4777.93,4496.9,0,0.0,0.062493,0.0,0.316236,0.645982
2045-03-26,19.8,24.9,69.0,10.6,4446.09,4696.56,0,0.0,0.0,0.0,0.324123,0.518655
2045-03-27,20.7,0.0,59.1,12.2,4695.33,4953.88,0,0.0,0.0,0.0,0.293458,0.48932
2045-03-28,24.6,0.0,62.1,13.2,5018.88,5011.77,0,0.0,0.001418,0.0,0.332505,0.590951
2045-03-29,24.5,0.0,64.2,14.0,4779.4,4465.91,0,0.0,0.070198,0.0,0.341956,0.680693
2045-03-30,25.1,18.1,68.2,18.5,4843.63,5148.76,0,0.0,0.0,0.0,0.410217,0.597823
2045-03-31,28.0,0.0,68.4,10.9,5133.76,5498.03,0,0.0,0.0,0.0,0.348981,0.528425
2045-04-01,29.9,1.6,60.1,13.7,5170.72,5557.82,0,0.0,0.0,0.0,0.369499,0.54498
2045-04-02,32.0,0.0,58.5,11.7,5287.25,5221.86,0,0.0,0.012521,0.0,0.362957,0.634366
2045-04-03,26.1,0.0,55.7,14.8,4497.75,4835.07,0,0.0,0.0,0.0,0.342738,0.518084
2045-04-04,30.4,0.0,66.8,11.3,5332.83,5539.47,0,0.0,0.0,0.0,0.364887,0.578129
2045-04-05,31.8,0.0,70.1,10.7,5220.2,5765.51,0,0.0,0.0,0.0,0.375673,0.522049
2045-04-06,36.6,0.0,60.7,16.6,5696.53,5631.51,1,3.562,0.011545,0.2343,0.435211,0.705479
2045-04-07,34.0,0.0,60.6,14.2,5083.82,5706.39,0,0.0,0.0,0.0,0.399367,0.528793
2045-04-08,30.0,0.0,76.6,11.1,4786.63,5481.3,0,0.0,0.0,0.0,0.379082,0.487922
2045-04-09,30.4,0.0,73.8,10.5,5070.3,5360.89,0,0.0,0.0,0.0,0.371839,0.565349
2045-04-10,30.2,0.0,74.4,10.2,5019.79,5398.44,0,0.0,0.0,0.0,0.369331,0.544239
2045-04-11,32.0,0.0,69.7,12.7,5230.6,5750.44,0,0.0,0.0,0.0,0.391673,0.54293
2045-04-12,34.3,1.2,72.1,14.4,5385.65,5306.92,0,0.0,0.014836,0.0,0.425915,0.700024
2045-04-13,33.9,0.0,67.1,12.3,5188.58,5289.05,0,0.0,0.0,0.0,0.396235,0.630849
2045-04-14,33.3,0.0,61.6,11.7,5142.0,5458.78,0,0.0,0.0,0.0,0.377338,0.566382
2045-04-15,34.4,0.0,62.1,9.8,5303.08,6245.4,0,0.0,0.0,0.0,0.370866,0.451516
2045-04-16,33.8,3.4,70.1,9.4,5158.43,5027.63,0,0.0,0.026014,0.0,0.382973,0.670134
2045-04-17,33.2,0.0,74.1,9.6,5122.81,5907.51,0,0.0,0.0,0.0,0.383913,0.485636
2045-04-18,35.5,0.0,68.9,12.0,5426.75,5632.03,0,0.0,0.0,0.0,0.407842,0.622082
2045-04-19,37.9,0.0,73.0,9.9,5556.55,5822.33,0,0.0,0.0,0.0,0.415145,0.618645
2045-04-20,39.5,0.0,69.7,9.6,5591.09,6299.69,0,0.0,0.0,0.0,0.417188,0.542667
2045-04-21,38.3,0.0,71.9,10.4,5342.3,6289.77,0,0.0,0.0,0.0,0.419577,0.500513
2045-04-22,33.4,0.0,74.5,14.2,4850.47,5222.21,0,0.0,0.0,0.0,0.421475,0.595164
2045-04-23,33.6,0.0,77.5,8.9,5167.72,5805.31,0,0.0,0.0,0.0,0.387523,0.516099
2045-04-24,32.6,0.0,72.5,9.9,5035.63,4995.45,0,0.0,0.008044,0.0,0.379273,0.645453
2045-04-25,33.0,0.0,80.9,11.0,5147.89,5233.57,0,0.0,0.0,0.0,0.406147,0.643825
2045-04-26,32.4,0.0,70.3,8.5,5041.61,4864.13,0,0.0,0.036489,0.0,0.363027,0.662413
2045-04-27,33.2,3.7,79.2,12.1,5172.38,5262.99,1,1.062,0.0,0.0549,0.41728,0.653971
2045-04-28,31.9,0.0,74.7,11.8,4966.37,5391.54,0,0.0,0.0,0.0,0.393444,0.558174
2045-04-29,30.4,0.0,62.8,10.0,4874.43,5183.3,1,1.267,0.0,0.0618,0.347356,0.534581
2045-04-30,34.2,0.0,79.2,8.9,5404.84,6263.17,0,0.0,0.0,0.0,0.394666,0.491471
2045-05-01,33.0,0.0,67.8,19.0,5017.66,5918.07,0,0.0,0.0,0.0,0.443313,0.522488
2045-05-02,33.9,0.0,71.3,9.9,5202.25,5417.63,0,0.0,0.0,0.0,0.385592,0.595971
2045-05-03,36.7,0.0,77.0,8.1,5460.61,5499.82,0,0.0,0.0,0.0,0.400846,0.649313
2045-05-04,38.8,0.0,69.1,8.7,5536.2,6217.61,0,0.0,0.0,0.0,0.404505,0.533355
2045-05-05,40.3,1.0,72.9,9.5,5575.25,6298.06,0,0.0,0.0,0.0,0.42891,0.551721
2045-05-06,40.6,0.0,76.4,7.8,5506.38,5934.77,0,0.0,0.0,0.0,0.423112,0.595635
2045-05-07,41.7,0.0,69.2,8.2,5618.03,6148.66,0,0.0,0.0,0.0,0.419949,0.575992
2045-05-08,43.9,0.0,72.2,8.2,5812.15,6303.83,0,0.0,0.0,0.0,0.440075,0.605811
2045-05-09,43.9,0.0,71.8,9.0,5653.38,5583.89,0,0.0,0.012445,0.0,0.445498,0.716816
2045-05-10,39.3,0.0,78.5,7.9,5109.37,4972.59,0,0.0,0.027506,0.0,0.419253,0.708154
2045-05-11,38.3,0.0,81.6,8.9,5284.26,5531.53,0,0.0,0.0,0.0,0.42619,0.630795
2045-05-12,40.0,0.0,68.4,10.7,5547.52,5754.68,0,0.0,0.0,0.0,0.426534,0.641299
2045-05-13,38.8,0.0,74.4,16.1,5287.03,5643.63,0,0.0,0.0,0.0,0.471541,0.654567
2045-05-14,42.3,0.0,71.5,7.8,5789.76,6031.38,0,0.0,0.0,0.0,0.42513,0.635153
2045-05-15,41.8,14.0,77.9,8.9,5491.97,5177.25,0,0.0,0.060789,0.0,0.459404,0.787159
2045-05-16,41.7,0.0,83.1,8.3,5512.66,5054.74,0,0.0,0.090594,0.0,0.446783,0.80933
2045-05-17,43.7,0.0,76.3,9.2,5762.7,6318.56,0,0.0,0.0,0.0,0.454161,0.608252
2045-05-18,42.8,0.0,71.7,7.3,5510.01,5555.43,0,0.0,0.0,0.0,0.424943,0.672189
