date,temperature,rainfall,humidity,wind_speed
2018-01-01,8.3,0.0,39.0,11.8
2018-01-02,6.1,0.0,27.2,12.7
2018-01-03,8.0,0.0,44.4,13.9
2018-01-04,9.8,0.0,42.3,12.8
2018-01-05,5.6,0.0,40.5,16.7
2018-01-06,3.5,0.0,36.0,15.5
2018-01-07,4.7,0.0,39.5,12.4
2018-01-08,4.8,4.8,47.9,12.0
2018-01-09,5.5,0.0,41.4,12.6
2018-01-10,4.4,0.0,53.0,13.6
2018-01-11,7.0,0.0,44.1,12.8
2018-01-12,9.0,0.0,35.7,12.1
2018-01-13,9.1,10.3,41.0,13.8
2018-01-14,11.4,0.0,37.2,17.1
2018-01-15,11.9,4.5,46.4,12.4
2018-01-16,9.7,0.0,47.0,13.4
2018-01-17,10.4,0.0,50.1,13.9
2018-01-18,8.4,0.0,40.1,17.3
2018-01-19,10.5,0.0,44.4,14.7
2018-01-20,10.3,0.0,48.7,13.0
2018-01-21,9.9,0.0,50.3,15.0
2018-01-22,8.7,0.0,36.7,12.7
2018-01-23,11.6,0.0,46.2,12.2
2018-01-24,11.1,0.0,37.4,12.3
2018-01-25,10.3,0.0,40.7,18.7
2018-01-26,9.8,0.0,37.4,12.1
2018-01-27,11.2,0.0,41.1,12.9
2018-01-28,12.0,0.0,37.3,14.4
2018-01-29,12.8,1.6,39.3,14.9
2018-01-30,13.6,0.0,40.6,14.6
2018-01-31,17.6,0.0,46.9,13.3
2018-02-01,15.8,0.0,45.9,14.9
2018-02-02,14.2,0.0,37.8,14.1
2018-02-03,12.3,0.0,60.1,12.8
2018-02-04,13.7,0.0,44.2,14.4
2018-02-05,16.0,0.0,40.3,12.6
2018-02-06,15.3,0.0,50.2,14.9
2018-02-07,13.4,0.0,47.6,22.0
2018-02-08,11.9,0.0,43.9,12.8
2018-02-09,13.7,0.0,50.2,12.6
2018-02-10,15.4,0.0,45.2,13.8
2018-02-11,16.4,4.6,48.6,16.8
2018-02-12,14.9,0.0,56.6,15.5
2018-02-13,15.5,0.0,50.2,15.6
2018-02-14,15.8,9.2,55.3,17.7
2018-02-15,16.3,0.0,47.6,13.6
2018-02-16,18.0,0.0,51.3,22.3
2018-02-17,18.2,0.0,47.0,16.5
2018-02-18,19.3,0.0,47.2,15.4
2018-02-19,19.0,0.0,49.5,15.5
2018-02-20,19.3,0.0,48.4,18.0
2018-02-21,20.2,0.0,57.4,12.5
2018-02-22,16.9,0.0,55.5,13.5
2018-02-23,16.5,0.0,41.5,14.1
2018-02-24,16.0,0.0,61.9,13.0
2018-02-25,15.3,2.8,57.5,11.7
2018-02-26,15.5,0.0,59.7,15.3
2018-02-27,19.3,0.0,53.5,11.7
2018-02-28,17.7,0.0,47.2,14.2
2018-03-01,20.1,0.0,48.4,12.8
2018-03-02,16.8,1.8,64.3,14.4
2018-03-03,16.9,0.0,47.6,14.2
2018-03-04,18.0,0.0,48.8,16.0
2018-03-05,19.9,0.0,54.2,11.8
2018-03-06,21.6,0.0,49.8,14.0
2018-03-07,23.3,0.0,59.7,14.8
2018-03-08,22.4,0.0,60.5,12.0
2018-03-09,21.5,0.0,59.8,13.7
2018-03-10,23.5,0.0,55.0,11.3
2018-03-11,23.0,0.0,59.9,11.7
2018-03-12,20.5,0.0,67.7,13.3
2018-03-13,18.9,0.0,51.9,12.0
2018-03-14,18.1,0.0,65.0,12.1
2018-03-15,20.4,8.5,65.9,15.4
2018-03-16,21.5,0.0,59.6,11.9
2018-03-17,23.6,6.4,62.9,12.4
2018-03-18,23.1,7.8,64.5,13.8
2018-03-19,23.9,0.0,56.2,12.4
2018-03-20,25.6,0.0,53.3,12.5
2018-03-21,25.1,0.0,66.3,11.2
2018-03-22,26.3,0.0,55.8,11.7
2018-03-23,25.1,0.0,56.9,13.5
2018-03-24,24.8,0.0,60.1,12.4
2018-03-25,24.5,0.0,64.5,15.0
2018-03-26,22.8,0.0,60.8,11.6
2018-03-27,24.8,0.0,60.0,12.3
2018-03-28,24.6,0.0,68.7,10.8
2018-03-29,25.5,0.0,62.6,10.2
2018-03-30,27.1,0.0,60.6,11.4
2018-03-31,28.5,0.0,66.8,10.9
2018-04-01,30.0,0.0,65.5,11.4
2018-04-02,29.8,0.9,65.8,15.0
2018-04-03,29.0,0.0,68.0,15.3
2018-04-04,29.2,0.0,65.4,10.5
2018-04-05,26.1,0.0,70.6,15.6
2018-04-06,24.2,0.0,59.5,10.9
2018-04-07,23.0,0.0,73.1,12.3
2018-04-08,22.7,0.0,62.6,14.0
2018-04-09,25.4,0.0,59.3,14.3
2018-04-10,24.9,2.3,64.4,12.7
2018-04-11,25.7,0.0,66.2,12.3
2018-04-12,29.7,0.0,64.6,9.5
2018-04-13,29.7,0.0,63.7,12.7
2018-04-14,31.9,0.0,73.8,9.8
2018-04-15,30.4,0.0,64.6,9.7
2018-04-16,30.7,0.0,57.9,9.4
2018-04-17,29.5,0.0,67.7,12.0
2018-04-18,29.8,0.0,79.9,10.1
2018-04-19,32.5,6.2,66.2,11.0
2018-04-20,29.5,0.0,65.7,9.6
2018-04-21,31.5,0.0,68.4,10.7
2018-04-22,32.8,0.0,78.3,10.3
2018-04-23,32.2,0.0,69.0,10.6
2018-04-24,30.1,0.0,65.9,11.4
2018-04-25,31.4,0.0,73.0,11.5
2018-04-26,31.4,0.0,72.9,8.7
2018-04-27,32.9,0.0,74.1,10.1
2018-04-28,33.8,0.0,66.5,9.1
2018-04-29,37.6,0.0,69.2,12.6
2018-04-30,37.1,0.0,77.8,9.4
2018-05-01,35.2,0.0,74.4,8.6
2018-05-02,36.1,0.0,76.6,8.1
2018-05-03,36.9,0.0,72.4,8.7
2018-05-04,39.9,0.0,78.1,12.0
2018-05-05,41.3,0.0,74.5,8.2
2018-05-06,41.5,0.0,70.5,9.0
2018-05-07,43.9,0.0,77.0,8.4
2018-05-08,40.6,0.0,69.0,9.7
2018-05-09,39.0,0.0,81.3,9.1
2018-05-10,37.3,0.0,78.7,9.7
2018-05-11,37.0,1.9,72.8,9.4
2018-05-12,34.8,0.0,73.0,8.9
2018-05-13,37.1,0.0,74.7,12.5
2018-05-14,37.3,0.0,73.3,7.9
2018-05-15,34.9,0.0,80.8,7.8
2018-05-16,34.0,0.0,71.6,13.7
2018-05-17,36.0,0.0,66.9,7.6
2018-05-18,38.6,14.1,76.7,7.3
2018-05-19,43.1,1.1,78.6,13.4
2018-05-20,48.5,0.0,79.7,10.0
2018-05-21,47.9,0.0,75.3,8.2
2018-05-22,44.6,0.0,71.6,15.7
2018-05-23,39.7,0.0,74.6,7.5
2018-05-24,40.6,0.0,71.6,9.2
2018-05-25,39.2,0.0,63.4,8.9
2018-05-26,38.9,1.4,71.0,11.7
2018-05-27,38.3,0.0,77.5,7.0
2018-05-28,38.8,0.0,73.6,12.8
2018-05-29,41.6,0.2,73.5,14.6
2018-05-30,42.0,0.0,80.5,10.8
2018-05-31,41.8,0.0,70.2,6.9
2018-06-01,39.8,40.8,80.9,8.0
2018-06-02,37.0,0.0,76.6,8.4
2018-06-03,37.2,0.0,71.4,8.2
2018-06-04,38.2,20.3,76.5,6.1
2018-06-05,42.6,17.2,87.0,8.8
2018-06-06,42.9,0.0,69.5,7.9
2018-06-07,44.8,0.0,71.2,7.1
2018-06-08,43.5,0.0,77.0,7.2
2018-06-09,41.0,0.0,74.5,14.9
2018-06-10,39.4,0.0,67.9,10.2
2018-06-11,38.7,1.8,84.0,5.6
2018-06-12,43.8,34.1,79.1,6.8
2018-06-13,42.0,15.4,77.1,9.4
2018-06-14,43.9,0.0,76.6,10.1
2018-06-15,41.9,0.0,85.2,7.5
2018-06-16,44.0,0.0,72.2,5.7
2018-06-17,44.6,0.1,69.6,5.6
2018-06-18,44.0,0.0,76.6,8.1
2018-06-19,43.7,0.0,84.4,6.2
2018-06-20,42.3,16.3,78.6,5.6
2018-06-21,43.3,12.3,75.4,5.0
2018-06-22,42.3,0.0,75.6,5.2
2018-06-23,40.0,0.0,63.1,7.0
2018-06-24,38.0,0.0,70.3,6.2
2018-06-25,39.3,10.7,66.8,10.0
2018-06-26,43.2,0.0,71.3,5.1
2018-06-27,43.4,13.1,73.6,5.5
2018-06-28,43.0,22.1,65.1,5.7
2018-06-29,43.5,0.0,73.5,6.6
2018-06-30,45.9,13.1,78.8,5.6
2018-07-01,45.7,0.0,71.3,5.3
2018-07-02,44.2,0.0,64.4,6.9
2018-07-03,46.0,12.0,81.2,6.3
2018-07-04,46.1,32.3,89.3,7.8
2018-07-05,48.4,0.0,73.5,5.7
2018-07-06,47.5,1.4,69.9,8.8
2018-07-07,43.9,5.8,70.9,5.0
2018-07-08,40.8,42.5,83.7,7.3
2018-07-09,44.3,6.2,72.7,7.9
2018-07-10,47.2,0.0,72.7,7.3
2018-07-11,45.7,0.0,72.5,5.8
2018-07-12,44.0,20.2,71.4,6.2
2018-07-13,46.4,0.0,65.7,9.3
2018-07-14,43.1,17.5,72.6,5.8
2018-07-15,40.9,0.0,71.7,4.8
2018-07-16,42.1,0.5,61.4,7.0
2018-07-17,41.0,0.0,67.7,5.5
2018-07-18,40.9,10.1,71.0,5.8
2018-07-19,40.4,0.0,65.9,5.6
2018-07-20,41.0,18.2,79.7,7.3
2018-07-21,43.6,0.0,74.0,6.4
2018-07-22,43.0,3.1,70.4,5.8
2018-07-23,43.6,0.0,76.2,6.3
2018-07-24,38.7,0.0,71.4,4.7
2018-07-25,38.7,14.0,70.9,7.1
2018-07-26,37.1,13.3,67.4,6.4
2018-07-27,35.0,14.1,67.7,9.6
2018-07-28,33.9,0.0,67.8,5.0
2018-07-29,34.2,0.0,63.8,5.0
2018-07-30,36.8,0.0,57.7,6.1
2018-07-31,34.4,1.0,63.4,5.7
2018-08-01,35.1,0.0,69.9,4.6
2018-08-02,34.6,29.3,58.9,4.5
2018-08-03,34.5,26.6,77.8,8.3
2018-08-04,37.0,23.1,72.4,4.9
2018-08-05,38.1,0.0,62.3,5.4
2018-08-06,40.4,0.0,64.6,4.5
2018-08-07,39.3,0.0,67.7,12.5
2018-08-08,37.3,65.0,79.0,11.1
2018-08-09,36.5,10.5,69.6,5.5
2018-08-10,36.8,0.0,66.2,4.3
2018-08-11,36.9,0.0,62.5,6.0
2018-08-12,34.4,4.0,56.7,10.9
2018-08-13,34.6,1.8,60.9,4.6
2018-08-14,35.1,0.0,50.4,6.2
2018-08-15,40.0,0.0,62.5,5.2
2018-08-16,42.5,0.0,57.8,5.9
2018-08-17,39.1,84.3,77.6,18.7
2018-08-18,37.4,0.0,62.5,4.6
2018-08-19,33.6,22.8,58.3,6.4
2018-08-20,32.3,0.0,59.2,7.7
2018-08-21,33.0,8.9,58.8,5.4
2018-08-22,35.3,5.0,58.3,8.5
2018-08-23,33.2,0.0,59.0,8.6
2018-08-24,31.6,36.5,75.5,7.8
2018-08-25,27.3,15.4,62.7,4.9
2018-08-26,27.8,0.0,63.3,7.2
2018-08-27,26.3,0.0,63.2,7.0
2018-08-28,26.1,0.0,59.7,5.1
2018-08-29,25.2,4.2,47.3,5.5
2018-08-30,26.0,70.5,71.6,18.8
2018-08-31,23.2,0.0,49.4,5.6
2018-09-01,21.5,2.1,69.3,6.1
2018-09-02,27.3,43.9,60.1,10.4
2018-09-03,25.1,0.0,46.3,5.4
2018-09-04,23.6,0.0,39.6,5.4
2018-09-05,28.2,4.6,49.1,8.7
2018-09-06,33.9,0.0,53.4,6.6
2018-09-07,30.3,0.0,57.9,6.8
2018-09-08,29.0,3.4,47.6,6.2
2018-09-09,29.3,0.0,57.6,6.3
2018-09-10,32.2,70.0,68.6,12.8
2018-09-11,29.1,3.6,49.5,7.0
2018-09-12,28.0,0.0,51.6,8.4
2018-09-13,29.1,0.0,57.5,5.7
2018-09-14,29.2,41.2,60.6,5.9
2018-09-15,27.7,0.0,44.2,9.2
2018-09-16,26.8,0.0,51.5,7.1
2018-09-17,23.6,41.9,61.6,6.5
2018-09-18,23.3,0.0,47.8,7.6
2018-09-19,22.9,0.0,53.5,6.4
2018-09-20,23.5,1.2,36.9,9.3
2018-09-21,22.3,0.0,49.6,6.4
2018-09-22,23.4,0.0,51.4,6.5
2018-09-23,25.3,0.0,39.9,6.8
2018-09-24,25.0,1.2,39.7,8.2
2018-09-25,25.1,0.2,51.5,9.9
2018-09-26,24.6,32.4,60.2,8.5
2018-09-27,23.9,0.0,52.7,9.2
2018-09-28,21.9,0.0,42.1,6.2
2018-09-29,22.4,0.0,46.3,6.2
2018-09-30,21.8,0.0,46.6,6.4
2018-10-01,25.7,2.3,36.7,7.7
2018-10-02,27.7,0.0,45.2,7.2
2018-10-03,26.8,0.0,44.8,6.6
2018-10-04,23.8,0.0,47.5,6.2
2018-10-05,20.6,0.0,40.7,9.0
2018-10-06,22.6,0.0,49.5,11.2
2018-10-07,22.3,0.0,43.4,9.9
2018-10-08,22.5,0.0,51.2,8.0
2018-10-09,18.1,0.0,46.2,8.6
2018-10-10,19.8,4.8,44.8,7.5
2018-10-11,20.2,0.0,36.0,8.4
2018-10-12,17.4,0.0,35.0,8.3
2018-10-13,16.3,0.0,49.4,9.2
2018-10-14,16.9,0.0,45.5,7.7
2018-10-15,16.9,0.0,39.5,15.2
2018-10-16,16.1,2.4,39.2,7.5
2018-10-17,15.8,0.0,41.5,9.1
2018-10-18,15.2,0.0,33.4,10.2
2018-10-19,15.5,0.0,37.6,7.7
2018-10-20,18.3,0.0,42.8,7.5
2018-10-21,12.5,0.0,43.2,10.4
2018-10-22,12.4,8.3,39.5,15.8
2018-10-23,13.1,0.0,47.1,7.6
2018-10-24,13.8,0.0,44.1,15.9
2018-10-25,13.1,3.0,35.6,10.8
2018-10-26,9.6,0.0,32.1,9.3
2018-10-27,11.0,0.0,41.3,11.3
2018-10-28,14.8,0.0,35.8,12.2
2018-10-29,11.3,0.0,34.7,9.3
2018-10-30,13.3,0.0,38.9,18.2
2018-10-31,12.4,0.0,41.2,16.2
2018-11-01,12.2,0.0,41.4,9.0
2018-11-02,10.0,0.0,37.5,10.4
2018-11-03,9.7,0.0,25.6,8.7
2018-11-04,12.6,0.0,41.7,8.6
2018-11-05,13.5,0.0,32.8,9.6
2018-11-06,16.5,0.0,38.2,10.6
2018-11-07,17.7,0.0,35.9,9.2
2018-11-08,17.2,0.0,47.6,12.0
2018-11-09,19.3,0.0,46.6,11.0
2018-11-10,18.4,0.0,33.8,10.5
2018-11-11,18.4,0.0,29.3,9.6
2018-11-12,16.1,0.0,29.6,9.7
2018-11-13,15.0,0.0,37.2,10.3
2018-11-14,12.5,0.0,33.0,9.9
2018-11-15,13.8,0.0,30.1,10.2
2018-11-16,10.6,0.0,32.9,9.9
2018-11-17,11.8,0.0,37.7,11.7
2018-11-18,10.9,0.0,35.0,9.7
2018-11-19,12.8,0.0,32.9,13.1
2018-11-20,13.5,7.3,35.3,10.4
2018-11-21,16.2,0.0,34.4,12.1
2018-11-22,16.1,0.0,36.3,11.3
2018-11-23,11.4,0.0,36.5,9.9
2018-11-24,10.6,0.0,26.9,13.3
2018-11-25,7.8,0.0,35.9,15.9
2018-11-26,6.8,0.0,33.2,11.2
2018-11-27,10.0,0.0,30.0,12.2
2018-11-28,10.8,0.0,33.1,11.7
2018-11-29,8.8,0.0,40.8,10.7
2018-11-30,6.5,0.0,39.0,11.9
2018-12-01,6.8,0.0,35.5,15.0
2018-12-02,4.5,0.0,30.5,14.3
2018-12-03,3.7,0.0,28.2,11.4
2018-12-04,5.1,0.0,30.3,11.5
2018-12-05,7.8,0.0,35.1,10.9
2018-12-06,8.9,0.0,35.3,11.6
2018-12-07,4.0,0.0,31.9,12.5
2018-12-08,5.2,0.0,39.6,12.5
2018-12-09,5.7,0.0,37.2,12.8
2018-12-10,6.8,0.0,22.1,12.8
2018-12-11,10.1,0.0,35.9,11.4
2018-12-12,5.3,16.3,43.3,14.3
2018-12-13,4.5,0.0,36.5,14.8
2018-12-14,6.2,0.0,38.5,12.6
2018-12-15,3.2,0.0,34.4,21.3
2018-12-16,6.9,0.0,35.5,13.4
2018-12-17,7.6,0.0,35.7,11.4
2018-12-18,9.2,0.0,36.9,12.3
2018-12-19,7.6,0.0,33.2,12.3
2018-12-20,9.1,0.0,41.7,11.2
2018-12-21,10.8,1.2,43.7,12.5
2018-12-22,10.5,0.0,33.8,14.6
2018-12-23,10.3,5.1,32.0,15.2
2018-12-24,10.2,0.0,30.0,17.8
2018-12-25,7.9,0.0,38.9,13.9
2018-12-26,7.5,0.0,39.9,14.5
2018-12-27,7.1,0.0,39.2,12.3
2018-12-28,7.9,0.0,39.8,14.3
2018-12-29,9.8,0.0,34.6,13.9
2018-12-30,7.2,0.0,27.7,12.7
2018-12-31,7.1,6.8,37.0,18.3
2019-01-01,10.1,0.0,46.3,12.0
2019-01-02,8.2,0.0,39.5,13.4
2019-01-03,6.5,0.0,40.5,16.5
2019-01-04,7.2,0.0,43.1,12.3
2019-01-05,9.0,0.0,34.6,12.7
2019-01-06,8.9,0.0,40.1,15.0
2019-01-07,11.4,0.1,41.8,15.1
2019-01-08,12.5,0.0,34.7,13.3
2019-01-09,13.4,0.0,41.4,14.0
2019-01-10,13.5,0.0,46.3,13.6
2019-01-11,17.2,0.0,38.1,15.5
2019-01-12,15.2,0.0,31.7,15.6
2019-01-13,9.9,0.0,41.4,17.1
2019-01-14,13.0,0.0,37.5,17.1
2019-01-15,11.3,4.1,42.9,14.2
2019-01-16,11.2,0.0,37.0,12.5
2019-01-17,13.5,0.0,41.8,12.8
2019-01-18,9.6,0.0,47.9,12.9
2019-01-19,7.1,0.0,41.9,13.6
2019-01-20,4.5,0.0,34.0,13.9
2019-01-21,4.1,0.0,44.4,12.6
2019-01-22,6.3,0.0,42.9,12.1
2019-01-23,8.2,0.0,44.2,14.7
2019-01-24,9.3,0.0,48.2,13.7
2019-01-25,6.8,0.0,41.0,19.1
2019-01-26,3.1,0.0,42.5,13.0
2019-01-27,4.9,0.0,39.1,18.2
2019-01-28,5.3,0.0,45.5,12.7
2019-01-29,7.6,1.4,46.0,13.7
2019-01-30,9.9,0.0,43.8,13.9
2019-01-31,10.7,0.0,49.2,12.3
2019-02-01,12.6,0.0,40.5,14.2
2019-02-02,13.1,0.0,46.7,12.9
2019-02-03,14.1,0.0,49.4,16.4
2019-02-04,12.6,0.0,43.9,15.3
2019-02-05,12.4,0.0,40.1,14.5
2019-02-06,13.1,0.7,39.0,13.1
2019-02-07,14.9,0.0,48.4,12.5
2019-02-08,14.0,0.0,56.4,18.0
2019-02-09,15.1,0.0,45.2,17.6
2019-02-10,14.5,0.0,50.8,13.0
2019-02-11,14.4,0.0,36.8,15.7
2019-02-12,16.2,0.0,51.1,12.6
2019-02-13,12.1,0.0,44.1,12.8
2019-02-14,10.3,0.0,47.9,13.6
2019-02-15,8.5,0.0,50.6,14.5
2019-02-16,5.4,0.0,42.3,12.3
2019-02-17,6.3,0.0,66.6,12.0
2019-02-18,9.9,0.0,48.2,12.6
2019-02-19,10.8,0.0,54.6,13.4
2019-02-20,12.5,0.0,59.4,12.2
2019-02-21,15.7,0.0,53.7,12.9
2019-02-22,18.9,0.0,46.5,12.9
2019-02-23,18.6,0.0,53.5,19.8
2019-02-24,21.3,7.8,46.0,14.3
2019-02-25,21.0,0.0,52.0,13.7
2019-02-26,19.0,0.0,62.4,12.9
2019-02-27,17.9,0.0,47.3,16.8
2019-02-28,15.3,0.0,50.5,12.0
2019-03-01,14.5,0.0,64.3,14.5
2019-03-02,15.0,0.0,54.5,17.0
2019-03-03,17.7,1.3,51.5,15.0
2019-03-04,21.8,0.0,58.0,12.3
2019-03-05,18.9,0.0,54.0,11.8
2019-03-06,20.3,0.0,43.1,15.0
2019-03-07,18.5,0.0,50.3,14.4
2019-03-08,20.2,0.0,67.7,15.5
2019-03-09,20.4,0.0,59.4,14.5
2019-03-10,17.2,5.7,66.8,15.7
2019-03-11,20.3,0.0,53.3,12.4
2019-03-12,19.7,8.0,60.5,13.0
2019-03-13,19.4,0.0,58.3,11.6
2019-03-14,18.2,0.0,56.7,11.4
2019-03-15,18.1,0.0,60.8,13.4
2019-03-16,20.3,0.0,54.5,11.9
2019-03-17,20.9,0.0,66.5,16.5
2019-03-18,22.4,0.0,63.1,13.8
2019-03-19,23.8,0.0,60.2,12.8
2019-03-20,26.8,0.0,62.1,11.0
2019-03-21,26.0,1.3,60.6,11.3
2019-03-22,23.2,0.0,53.5,11.4
2019-03-23,26.1,0.0,57.4,11.8
2019-03-24,25.6,0.0,61.8,14.3
2019-03-25,28.2,0.0,61.3,10.8
2019-03-26,28.9,0.0,66.6,18.4
2019-03-27,28.5,0.0,66.5,13.7
2019-03-28,29.2,0.0,61.2,10.8
2019-03-29,33.0,0.0,59.5,15.5
2019-03-30,36.3,0.0,68.3,13.2
2019-03-31,35.1,0.0,65.8,11.0
2019-04-01,34.3,0.0,62.1,13.5
2019-04-02,35.6,0.0,59.8,10.5
2019-04-03,32.8,0.0,62.4,11.8
2019-04-04,33.0,0.2,68.0,12.6
2019-04-05,32.5,0.0,74.8,10.4
2019-04-06,32.9,0.0,65.6,11.8
2019-04-07,30.9,21.6,68.1,12.2
2019-04-08,27.9,0.0,78.0,10.8
2019-04-09,24.5,0.0,65.6,10.4
2019-04-10,23.8,0.0,63.7,11.4
2019-04-11,24.7,0.0,65.9,10.8
2019-04-12,25.7,0.0,65.9,15.3
2019-04-13,31.1,0.0,74.8,12.1
2019-04-14,33.7,2.4,61.0,10.7
2019-04-15,31.8,0.0,72.0,10.9
2019-04-16,32.9,0.0,69.2,10.0
2019-04-17,32.4,0.0,66.7,13.4
2019-04-18,32.2,0.0,68.0,12.0
2019-04-19,33.1,0.0,68.7,15.2
2019-04-20,34.7,0.0,70.6,10.9
2019-04-21,34.1,0.0,68.1,10.2
2019-04-22,36.5,0.0,70.3,10.8
2019-04-23,34.1,0.0,66.9,14.7
2019-04-24,34.5,0.0,81.9,9.7
2019-04-25,40.0,0.0,76.3,9.5
2019-04-26,39.8,0.0,73.9,9.7
2019-04-27,42.0,0.0,69.4,9.2
2019-04-28,41.2,0.0,75.9,10.6
2019-04-29,41.5,0.0,73.5,9.4
2019-04-30,40.6,21.3,78.1,13.2
2019-05-01,39.7,0.0,69.7,8.6
2019-05-02,37.7,0.0,73.9,11.1
2019-05-03,38.7,0.0,81.1,12.5
2019-05-04,36.9,8.0,75.2,8.4
2019-05-05,38.5,0.0,71.7,10.5
2019-05-06,40.7,0.0,73.6,11.7
2019-05-07,41.1,0.0,73.5,7.9
2019-05-08,40.1,0.0,70.7,8.3
2019-05-09,40.9,0.0,69.8,11.9
2019-05-10,40.0,0.0,77.6,11.8
2019-05-11,41.8,0.0,79.8,9.1
2019-05-12,37.7,0.0,85.2,9.5
2019-05-13,37.5,14.4,79.9,10.2
2019-05-14,34.1,0.0,74.7,11.0
2019-05-15,32.3,0.0,78.7,9.1
2019-05-16,36.7,0.0,69.8,10.9
2019-05-17,39.3,0.0,77.6,8.5
2019-05-18,38.1,0.0,79.7,9.8
2019-05-19,35.7,0.0,79.7,9.3
2019-05-20,30.9,0.0,83.0,12.2
2019-05-21,31.8,0.0,71.7,7.4
2019-05-22,38.6,0.0,72.3,7.3
2019-05-23,40.0,0.0,73.7,12.5
2019-05-24,39.2,1.1,69.5,6.8
2019-05-25,40.7,0.0,77.6,9.8
2019-05-26,37.8,0.0,78.3,9.5
2019-05-27,38.0,0.0,77.8,7.4
2019-05-28,39.0,0.0,75.7,12.1
2019-05-29,39.5,0.0,80.0,8.0
2019-05-30,41.6,0.0,77.9,8.1
2019-05-31,42.5,0.0,72.0,6.8
2019-06-01,43.8,55.8,74.2,6.9
2019-06-02,42.2,14.3,76.9,6.6
2019-06-03,44.0,0.0,75.2,8.7
2019-06-04,47.0,10.6,77.8,8.5
2019-06-05,44.2,0.0,74.0,5.9
2019-06-06,42.2,0.0,72.2,9.9
2019-06-07,45.0,0.0,70.6,7.3
2019-06-08,44.2,0.0,69.7,5.9
2019-06-09,46.7,0.0,76.9,11.1
2019-06-10,45.1,0.0,80.2,6.8
2019-06-11,47.6,15.4,72.3,6.8
2019-06-12,46.9,0.0,74.3,7.1
2019-06-13,46.7,57.9,92.9,9.3
2019-06-14,49.1,0.0,73.5,6.4
2019-06-15,47.1,0.0,77.9,10.1
2019-06-16,44.4,31.2,87.5,5.8
2019-06-17,43.3,1.0,76.4,6.4
2019-06-18,44.1,3.2,72.4,5.2
2019-06-19,40.8,0.0,80.5,6.4
2019-06-20,42.5,0.0,72.5,5.4
2019-06-21,41.5,15.1,76.2,5.5
2019-06-22,44.1,20.6,81.3,5.3
2019-06-23,39.1,1.7,72.4,6.6
2019-06-24,38.3,0.0,72.2,6.6
2019-06-25,35.8,4.6,72.5,8.1
2019-06-26,35.6,22.3,77.7,6.0
2019-06-27,37.5,0.0,73.9,7.5
2019-06-28,38.2,0.0,62.9,6.6
2019-06-29,38.6,0.0,72.1,5.6
2019-06-30,39.0,0.0,63.6,8.6
2019-07-01,40.1,0.0,70.2,5.4
2019-07-02,38.6,0.0,73.8,4.8
2019-07-03,40.7,2.2,70.8,4.6
2019-07-04,42.4,7.5,77.1,5.5
2019-07-05,43.1,0.0,73.3,5.9
2019-07-06,44.0,0.0,60.6,5.9
2019-07-07,44.2,0.0,77.1,4.4
2019-07-08,47.8,24.1,78.2,6.8
2019-07-09,46.4,30.9,75.6,5.6
2019-07-10,44.8,5.7,69.6,7.5
2019-07-11,42.6,0.0,59.9,6.0
2019-07-12,40.3,0.0,71.1,7.0
2019-07-13,38.0,0.0,73.1,4.6
2019-07-14,36.8,0.0,66.2,7.4
2019-07-15,37.5,22.2,70.4,6.4
2019-07-16,38.8,0.0,69.8,5.0
2019-07-17,39.3,8.1,76.9,9.6
2019-07-18,38.0,7.9,76.0,12.6
2019-07-19,40.2,0.0,72.5,5.0
2019-07-20,41.7,0.0,78.2,7.5
2019-07-21,41.0,8.2,74.5,5.7
2019-07-22,39.4,3.0,74.1,6.7
2019-07-23,40.6,0.0,67.7,6.2
2019-07-24,40.7,2.8,66.0,7.3
2019-07-25,37.5,0.0,72.4,4.2
2019-07-26,37.7,0.0,61.6,6.6
2019-07-27,38.4,15.6,72.2,6.2
2019-07-28,36.7,43.0,73.6,5.9
2019-07-29,37.4,13.6,70.7,8.5
2019-07-30,34.6,0.0,66.7,4.5
2019-07-31,38.0,6.7,67.5,7.2
2019-08-01,40.4,0.0,64.6,4.8
2019-08-02,39.3,10.5,69.7,5.1
2019-08-03,39.7,0.0,67.6,4.9
2019-08-04,34.3,11.9,59.8,5.8
2019-08-05,32.5,20.9,68.5,7.2
2019-08-06,32.7,0.0,61.1,5.7
2019-08-07,31.3,0.0,63.8,7.7
2019-08-08,33.7,44.1,71.5,5.3
2019-08-09,38.1,54.2,82.1,4.3
2019-08-10,35.3,0.0,61.6,6.2
2019-08-11,33.6,31.2,74.3,5.5
2019-08-12,34.4,18.2,61.0,9.5
2019-08-13,37.7,24.4,65.6,4.7
2019-08-14,34.6,0.3,57.6,6.5
2019-08-15,35.1,0.0,62.2,5.8
2019-08-16,38.5,0.0,54.0,4.5
2019-08-17,34.3,0.0,51.1,4.4
2019-08-18,31.5,0.0,56.1,4.4
2019-08-19,31.0,27.2,68.5,7.4
2019-08-20,30.4,0.0,54.5,5.9
2019-08-21,32.5,4.6,60.7,7.0
2019-08-22,32.9,6.4,56.3,7.1
2019-08-23,29.2,0.0,48.8,10.3
2019-08-24,30.8,1.4,61.8,8.2
2019-08-25,29.8,0.4,60.2,6.0
2019-08-26,32.6,12.2,59.4,6.9
2019-08-27,31.0,0.0,56.4,4.9
2019-08-28,29.7,5.2,56.1,4.8
2019-08-29,30.9,0.0,50.4,5.9
2019-08-30,32.3,0.0,61.7,5.4
2019-08-31,32.7,0.0,54.3,6.3
2019-09-01,28.6,12.2,59.3,5.7
2019-09-02,29.8,0.0,51.6,8.2
2019-09-03,27.6,28.7,63.2,7.2
2019-09-04,28.2,0.0,59.2,5.6
2019-09-05,25.4,0.0,53.9,7.6
2019-09-06,26.8,9.7,57.0,5.3
2019-09-07,25.3,0.0,56.8,6.4
2019-09-08,23.2,0.0,55.6,8.5
2019-09-09,25.4,0.0,57.0,5.0
2019-09-10,26.1,7.9,55.0,9.6
2019-09-11,25.0,0.0,52.7,6.1
2019-09-12,28.1,0.0,51.9,8.8
2019-09-13,26.7,0.0,54.7,6.2
2019-09-14,26.5,5.8,49.4,5.4
2019-09-15,26.8,0.0,52.4,6.1
2019-09-16,25.2,0.0,60.9,9.5
2019-09-17,26.0,0.0,50.9,7.2
2019-09-18,24.6,0.0,42.8,9.1
2019-09-19,23.6,48.3,59.0,6.5
2019-09-20,26.3,0.0,51.2,6.2
2019-09-21,23.7,12.5,47.5,9.1
2019-09-22,18.7,24.8,48.8,7.2
2019-09-23,22.7,0.0,40.2,7.8
2019-09-24,27.7,6.9,47.5,8.0
2019-09-25,25.8,0.3,54.6,5.8
2019-09-26,21.1,5.7,45.0,8.7
2019-09-27,20.6,0.0,50.3,6.3
2019-09-28,20.1,0.0,44.2,6.1
2019-09-29,19.9,0.0,43.3,6.9
2019-09-30,17.8,11.9,50.5,7.4
2019-10-01,19.4,0.0,37.0,11.1
2019-10-02,20.6,0.0,52.7,9.2
2019-10-03,17.4,0.0,46.8,6.3
2019-10-04,19.2,0.0,49.1,8.4
2019-10-05,23.3,0.0,42.2,7.9
2019-10-06,22.7,0.0,45.7,7.0
2019-10-07,21.2,0.0,47.6,9.2
2019-10-08,20.3,0.0,42.2,11.5
2019-10-09,21.1,4.9,39.3,8.3
2019-10-10,16.9,0.0,37.4,7.8
2019-10-11,17.3,0.0,39.8,8.5
2019-10-12,16.5,0.0,42.8,9.0
2019-10-13,20.2,0.0,40.6,14.0
2019-10-14,19.1,0.0,38.7,7.7
2019-10-15,21.9,0.0,44.3,7.8
2019-10-16,18.5,0.0,38.3,10.5
2019-10-17,19.1,0.0,37.4,8.1
2019-10-18,19.0,1.7,45.3,7.2
2019-10-19,16.5,0.0,42.7,12.2
2019-10-20,16.5,0.0,33.6,12.1
2019-10-21,18.6,0.0,32.8,7.7
2019-10-22,17.1,0.0,33.7,9.2
2019-10-23,13.1,0.0,38.9,7.7
2019-10-24,13.2,0.0,44.8,10.8
2019-10-25,11.5,0.0,45.9,10.8
2019-10-26,11.2,0.0,42.2,9.3
2019-10-27,11.4,1.7,48.3,11.7
2019-10-28,8.3,10.0,41.6,8.0
2019-10-29,6.0,0.0,43.5,9.9
2019-10-30,8.2,0.0,34.9,8.1
2019-10-31,8.0,0.0,29.8,8.6
2019-11-01,3.7,0.0,35.9,8.3
2019-11-02,6.9,0.0,36.6,13.8
2019-11-03,8.4,6.1,51.5,12.1
2019-11-04,7.6,0.0,36.9,8.4
2019-11-05,5.7,2.9,32.4,10.5
2019-11-06,8.4,0.0,41.5,8.6
2019-11-07,9.6,0.0,32.7,11.5
2019-11-08,14.6,0.0,37.1,12.1
2019-11-09,14.6,0.0,40.6,11.6
2019-11-10,14.5,0.0,31.5,10.9
2019-11-11,13.3,0.0,43.6,10.2
2019-11-12,14.2,0.0,41.6,10.9
2019-11-13,14.6,0.0,37.6,9.5
2019-11-14,16.1,0.0,44.5,11.1
2019-11-15,13.7,0.0,33.7,10.2
2019-11-16,12.0,0.0,39.5,9.3
2019-11-17,10.4,17.8,41.3,9.7
2019-11-18,11.7,0.0,32.2,12.7
2019-11-19,14.1,0.0,32.3,9.5
2019-11-20,12.1,0.0,45.4,11.3
2019-11-21,10.6,0.0,40.5,10.6
2019-11-22,10.8,0.0,39.6,13.5
2019-11-23,9.8,0.0,32.0,9.8
2019-11-24,11.4,0.0,38.6,11.6
2019-11-25,6.2,0.0,33.2,11.0
2019-11-26,4.9,0.0,43.5,11.6
2019-11-27,3.9,0.0,41.1,20.3
2019-11-28,0.1,0.0,39.6,11.0
2019-11-29,-0.3,0.0,39.1,10.7
2019-11-30,-0.6,0.0,34.6,11.5
2019-12-01,0.6,0.0,37.4,12.4
2019-12-02,4.2,0.0,42.7,11.2
2019-12-03,4.4,1.3,37.7,20.0
2019-12-04,2.9,0.0,30.8,10.9
2019-12-05,3.7,0.0,41.4,13.3
2019-12-06,6.5,0.0,31.7,15.7
2019-12-07,4.6,0.0,35.0,10.4
2019-12-08,3.3,0.0,32.8,12.9
2019-12-09,5.2,0.0,22.2,11.2
2019-12-10,5.1,0.0,36.2,11.1
2019-12-11,6.8,0.0,46.2,12.0
2019-12-12,6.8,0.0,37.0,15.7
2019-12-13,8.2,0.0,50.3,14.3
2019-12-14,5.9,0.0,34.8,10.9
2019-12-15,6.1,0.0,36.8,14.4
2019-12-16,5.8,0.0,35.3,11.5
2019-12-17,3.6,0.0,36.2,15.3
2019-12-18,1.2,0.0,37.8,11.0
2019-12-19,3.7,0.0,43.6,13.7
2019-12-20,3.7,0.0,32.0,11.6
2019-12-21,2.3,0.0,36.4,14.7
2019-12-22,3.0,0.0,39.5,17.2
2019-12-23,6.1,0.0,43.0,12.6
2019-12-24,1.8,0.0,25.9,12.1
2019-12-25,-0.2,0.0,29.9,12.5
2019-12-26,-0.5,0.0,37.2,12.8
2019-12-27,4.0,0.0,42.8,13.9
2019-12-28,5.2,0.0,34.9,11.6
2019-12-29,7.2,0.0,40.8,11.8
2019-12-30,5.0,0.0,47.5,13.3
2019-12-31,3.2,0.0,37.9,13.1
2020-01-01,5.0,0.0,36.9,11.9
2020-01-02,5.7,11.7,43.5,15.8
2020-01-03,7.2,0.0,39.3,12.4
2020-01-04,7.0,0.0,39.8,18.7
2020-01-05,7.7,0.0,37.9,14.1
2020-01-06,8.1,0.0,37.7,15.0
2020-01-07,9.7,0.0,34.2,13.7
2020-01-08,11.1,0.0,42.5,12.6
2020-01-09,7.3,0.0,34.4,13.7
2020-01-10,3.1,0.0,35.7,13.1
2020-01-11,6.2,0.0,34.1,12.1
2020-01-12,9.1,0.0,38.7,13.0
2020-01-13,7.1,0.0,40.7,14.5
2020-01-14,3.8,0.0,35.3,13.0
2020-01-15,5.1,0.0,39.7,13.1
2020-01-16,7.8,0.0,42.1,14.6
2020-01-17,11.8,0.0,33.7,13.0
2020-01-18,12.4,0.0,38.0,21.1
2020-01-19,11.2,0.0,51.1,12.7
2020-01-20,9.2,13.7,42.2,15.5
2020-01-21,9.5,0.0,46.1,13.8
2020-01-22,9.1,0.0,40.3,25.7
2020-01-23,7.4,18.3,48.7,13.0
2020-01-24,12.2,0.0,39.4,15.1
2020-01-25,15.5,0.0,34.2,13.6
2020-01-26,17.0,0.0,41.7,12.1
2020-01-27,14.0,0.0,46.4,13.7
2020-01-28,15.3,0.0,47.9,13.0
2020-01-29,15.9,0.0,45.5,14.1
2020-01-30,16.0,0.0,41.2,12.7
2020-01-31,17.8,0.0,50.0,17.8
2020-02-01,18.0,0.0,42.1,12.9
2020-02-02,18.5,0.0,42.7,15.4
2020-02-03,18.7,0.0,41.4,13.5
2020-02-04,18.3,0.0,44.5,14.1
2020-02-05,13.7,0.0,45.5,13.9
2020-02-06,13.9,0.0,48.8,13.1
2020-02-07,12.8,0.5,41.0,13.7
2020-02-08,10.6,0.0,45.6,15.2
2020-02-09,14.7,0.0,44.2,13.7
2020-02-10,18.2,0.0,50.7,15.8
2020-02-11,20.3,1.3,50.7,12.9
2020-02-12,19.8,0.0,44.1,13.5
2020-02-13,21.6,0.0,52.0,12.3
2020-02-14,20.5,0.0,49.6,14.2
2020-02-15,20.0,0.0,54.2,13.3
2020-02-16,17.1,0.0,47.3,13.7
2020-02-17,17.8,0.0,53.9,17.3
2020-02-18,17.7,0.0,55.6,13.3
2020-02-19,15.0,0.0,51.9,16.8
2020-02-20,15.4,0.0,62.4,12.4
2020-02-21,15.7,0.0,54.7,12.5
2020-02-22,19.8,0.0,61.4,12.4
2020-02-23,21.3,0.0,65.5,12.0
2020-02-24,20.8,15.0,48.7,13.5
2020-02-25,20.9,0.0,59.4,14.2
2020-02-26,20.6,0.0,56.5,13.0
2020-02-27,20.0,0.0,55.5,16.9
2020-02-28,17.8,0.0,51.4,12.0
2020-02-29,18.0,0.0,50.5,12.3
2020-03-01,16.9,0.0,50.1,12.8
2020-03-02,15.2,0.0,66.8,11.9
2020-03-03,17.4,3.0,59.2,13.4
2020-03-04,18.9,0.0,49.6,11.7
2020-03-05,15.9,0.0,51.5,13.0
2020-03-06,16.9,0.0,46.9,12.8
2020-03-07,19.9,0.0,63.4,13.5
2020-03-08,22.6,0.0,58.0,16.1
2020-03-09,24.7,0.0,60.6,11.9
2020-03-10,24.4,0.0,58.4,17.6
2020-03-11,22.5,0.0,63.5,14.9
2020-03-12,20.6,0.0,57.1,13.3
2020-03-13,22.0,0.0,60.9,11.3
2020-03-14,23.2,0.0,61.1,12.9
2020-03-15,26.1,0.0,54.3,11.3
2020-03-16,28.1,0.0,56.8,13.6
2020-03-17,27.3,0.0,59.3,11.8
2020-03-18,24.4,0.0,62.7,15.2
2020-03-19,24.1,0.0,68.4,15.3
2020-03-20,25.0,0.0,62.3,13.6
2020-03-21,24.9,0.0,61.6,11.1
2020-03-22,24.1,0.0,63.9,11.7
2020-03-23,25.2,0.0,61.9,15.1
2020-03-24,24.7,0.0,62.9,20.1
2020-03-25,24.0,0.0,70.9,11.3
2020-03-26,25.5,0.0,62.5,12.3
2020-03-27,25.3,4.3,66.3,11.2
2020-03-28,26.4,0.0,61.0,10.7
2020-03-29,27.5,0.0,70.9,10.8
2020-03-30,25.6,0.0,60.3,11.7
2020-03-31,25.4,0.0,64.8,10.2
2020-04-01,29.2,0.0,70.4,13.9
2020-04-02,27.1,0.0,61.4,11.2
2020-04-03,23.5,0.0,70.4,11.9
2020-04-04,21.3,0.0,56.1,11.8
2020-04-05,23.3,3.8,62.1,11.0
2020-04-06,25.0,0.0,66.4,10.6
2020-04-07,26.1,0.0,79.2,10.4
2020-04-08,29.7,0.0,68.2,13.3
2020-04-09,24.8,0.0,68.5,9.8
2020-04-10,27.2,0.0,73.7,12.4
2020-04-11,31.4,0.0,62.8,12.5
2020-04-12,29.5,0.0,53.3,10.1
2020-04-13,29.5,0.0,77.4,10.3
2020-04-14,28.8,0.0,72.0,11.3
2020-04-15,28.1,0.0,67.0,11.1
2020-04-16,28.6,0.0,69.8,12.8
2020-04-17,32.7,6.9,76.7,12.1
2020-04-18,36.7,0.0,69.3,9.6
2020-04-19,35.7,0.0,70.9,9.8
2020-04-20,39.4,0.0,80.6,9.0
2020-04-21,38.7,0.0,64.4,11.6
2020-04-22,41.6,3.5,74.3,16.6
2020-04-23,40.3,0.0,64.9,9.2
2020-04-24,39.8,0.0,79.0,8.6
2020-04-25,39.8,0.0,72.9,11.1
2020-04-26,45.6,0.0,68.2,8.8
2020-04-27,45.5,0.0,64.3,11.7
2020-04-28,42.5,0.0,70.2,9.5
2020-04-29,43.4,0.0,73.1,8.8
2020-04-30,41.5,0.0,78.1,9.4
2020-05-01,39.8,0.0,67.0,13.3
2020-05-02,41.3,0.0,68.6,8.0
2020-05-03,40.7,0.0,70.4,11.4
2020-05-04,40.8,0.0,69.1,11.6
2020-05-05,40.4,0.0,70.6,8.7
2020-05-06,40.8,0.0,68.6,10.4
2020-05-07,41.3,0.0,75.5,9.8
2020-05-08,37.0,0.0,71.1,11.3
2020-05-09,38.8,0.0,73.7,8.8
2020-05-10,37.0,5.8,76.8,7.6
2020-05-11,34.7,0.0,67.0,12.0
2020-05-12,35.7,0.4,77.1,8.0
2020-05-13,36.7,0.0,75.2,8.2
2020-05-14,36.1,0.0,75.3,8.4
2020-05-15,38.6,0.0,73.6,11.3
2020-05-16,36.3,0.0,73.1,14.0
2020-05-17,36.4,8.8,76.9,8.0
2020-05-18,36.2,0.0,75.0,8.0
2020-05-19,37.1,0.0,68.7,8.9
2020-05-20,38.4,0.0,82.6,7.2
2020-05-21,37.0,0.0,71.3,9.3
2020-05-22,39.4,0.0,75.1,9.3
2020-05-23,39.9,0.0,80.7,8.7
2020-05-24,36.5,0.0,73.2,6.8
2020-05-25,33.7,0.0,76.1,13.3
2020-05-26,35.3,0.0,64.0,9.2
2020-05-27,36.2,0.0,65.1,12.4
2020-05-28,37.2,17.1,79.1,6.6
2020-05-29,38.2,0.0,75.9,6.8
2020-05-30,39.4,0.0,80.5,6.9
2020-05-31,41.9,0.0,79.0,13.2
2020-06-01,39.8,8.4,69.1,8.0
2020-06-02,38.0,8.8,83.5,7.5
2020-06-03,36.8,2.0,69.5,5.9
2020-06-04,38.5,0.0,79.2,7.0
2020-06-05,41.9,0.0,72.6,7.1
2020-06-06,41.2,0.0,88.4,7.9
2020-06-07,36.5,0.0,71.9,12.8
2020-06-08,34.4,45.8,85.9,10.8
2020-06-09,34.4,0.0,75.5,6.8
2020-06-10,35.0,8.5,75.6,6.1
2020-06-11,35.8,9.7,72.0,6.7
2020-06-12,37.3,0.6,85.7,7.2
2020-06-13,37.9,19.2,76.2,8.1
2020-06-14,41.0,0.0,71.1,5.2
2020-06-15,40.0,72.2,91.8,16.3
2020-06-16,38.9,0.5,75.3,6.6
2020-06-17,40.7,27.6,77.5,6.4
2020-06-18,38.1,0.0,78.7,12.2
2020-06-19,39.9,0.0,74.6,6.5
2020-06-20,40.7,0.0,73.8,6.7
2020-06-21,40.9,0.0,76.4,11.5
2020-06-22,44.4,0.0,69.2,10.1
2020-06-23,42.9,0.0,70.4,9.4
2020-06-24,47.0,5.1,74.4,7.0
2020-06-25,45.7,37.0,87.0,5.9
2020-06-26,42.6,3.1,72.5,5.3
2020-06-27,42.7,0.0,71.2,8.5
2020-06-28,40.6,13.4,65.4,10.8
2020-06-29,39.5,42.0,79.5,7.4
2020-06-30,40.8,0.0,64.0,5.0
2020-07-01,42.3,32.7,73.3,6.5
2020-07-02,41.0,3.6,74.6,9.0
2020-07-03,43.2,4.0,89.3,5.1
2020-07-04,45.3,0.0,72.5,5.1
2020-07-05,47.5,111.8,100.0,24.1
2020-07-06,47.5,7.2,69.1,7.2
2020-07-07,49.1,20.1,70.7,6.9
2020-07-08,43.8,0.0,81.0,9.3
2020-07-09,42.7,0.1,66.5,6.0
2020-07-10,40.7,51.3,73.1,5.3
2020-07-11,41.1,0.0,71.3,7.9
2020-07-12,40.0,0.0,67.7,12.6
2020-07-13,39.9,26.4,79.2,5.3
2020-07-14,43.8,9.2,79.5,7.4
2020-07-15,42.9,46.4,82.6,9.6
2020-07-16,43.2,0.0,70.0,6.5
2020-07-17,42.2,0.7,72.1,4.6
2020-07-18,42.0,0.0,81.9,6.5
2020-07-19,41.6,0.0,79.5,6.8
2020-07-20,42.2,0.0,66.3,5.5
2020-07-21,44.0,1.0,72.6,5.4
2020-07-22,46.4,0.0,76.2,4.4
2020-07-23,45.6,0.0,70.5,4.9
2020-07-24,45.5,0.0,66.4,5.0
2020-07-25,41.9,9.3,66.3,4.7
2020-07-26,41.1,0.0,66.7,5.6
2020-07-27,42.5,0.0,60.2,8.1
2020-07-28,43.4,0.0,70.1,5.0
2020-07-29,42.8,0.0,72.3,9.8
2020-07-30,43.6,0.0,63.0,6.6
2020-07-31,43.4,18.1,67.0,7.3
2020-08-01,44.6,0.0,59.1,4.3
2020-08-02,43.7,0.0,66.5,9.0
2020-08-03,41.7,0.0,63.8,4.1
2020-08-04,41.4,15.9,60.3,4.2
2020-08-05,34.6,1.8,78.2,8.1
2020-08-06,35.7,0.0,54.0,11.7
2020-08-07,28.5,0.0,55.4,11.7
2020-08-08,26.5,7.5,68.8,6.4
2020-08-09,29.2,29.7,72.6,5.4
2020-08-10,31.4,0.0,58.0,5.8
2020-08-11,29.8,0.0,57.4,5.8
2020-08-12,29.4,1.8,63.7,6.1
2020-08-13,33.2,4.2,63.5,4.9
2020-08-14,32.4,23.6,62.6,6.0
2020-08-15,37.2,7.2,66.7,5.3
2020-08-16,36.6,0.0,62.5,4.9
2020-08-17,36.8,0.0,66.0,10.1
2020-08-18,39.3,0.0,58.7,7.1
2020-08-19,38.3,0.0,62.6,7.0
2020-08-20,35.2,8.5,59.2,6.3
2020-08-21,34.4,18.6,65.3,5.1
2020-08-22,33.9,10.8,62.1,6.2
2020-08-23,30.7,150.8,91.5,24.7
2020-08-24,30.4,0.0,59.5,7.2
2020-08-25,29.1,24.5,53.2,6.0
2020-08-26,31.3,0.0,53.1,6.9
2020-08-27,31.2,23.3,62.1,5.8
2020-08-28,30.5,22.2,63.4,5.7
2020-08-29,30.2,25.7,65.7,8.8
2020-08-30,30.6,0.0,57.6,6.6
2020-08-31,31.6,0.0,51.0,7.5
2020-09-01,29.1,0.0,58.7,6.6
2020-09-02,27.0,46.6,61.4,8.2
2020-09-03,29.5,0.0,59.8,5.9
2020-09-04,28.4,0.0,59.8,6.2
2020-09-05,25.5,2.5,53.3,11.7
2020-09-06,26.8,7.7,51.1,5.0
2020-09-07,27.8,2.1,49.1,8.3
2020-09-08,24.6,2.9,47.0,7.1
2020-09-09,25.5,0.0,46.8,6.5
2020-09-10,27.1,5.0,51.4,5.8
2020-09-11,27.7,0.0,47.9,9.9
2020-09-12,28.6,0.0,42.3,12.7
2020-09-13,25.1,19.7,52.6,6.5
2020-09-14,25.8,0.0,50.2,8.3
2020-09-15,25.0,4.2,48.7,8.3
2020-09-16,23.9,0.0,44.6,8.5
2020-09-17,25.7,35.4,45.6,5.8
2020-09-18,28.3,25.1,60.4,9.8
2020-09-19,31.0,9.3,50.2,5.7
2020-09-20,32.1,0.0,49.4,8.5
2020-09-21,30.0,0.0,48.3,10.8
2020-09-22,29.3,0.0,49.6,6.7
2020-09-23,29.4,12.8,51.2,7.8
2020-09-24,28.2,0.0,47.0,9.3
2020-09-25,27.2,4.9,51.2,7.2
2020-09-26,27.7,0.0,50.8,6.6
2020-09-27,26.2,0.0,52.5,9.1
2020-09-28,23.7,0.0,41.1,6.5
2020-09-29,22.2,11.7,49.1,6.1
2020-09-30,23.1,0.0,36.7,8.1
2020-10-01,22.5,0.0,42.0,7.6
2020-10-02,22.6,0.4,43.2,9.4
2020-10-03,23.3,0.0,47.5,8.4
2020-10-04,21.7,0.5,43.1,14.8
2020-10-05,22.6,0.0,46.6,11.3
2020-10-06,22.5,0.0,41.2,8.9
2020-10-07,19.2,0.0,39.8,11.0
2020-10-08,21.8,0.0,38.4,12.1
2020-10-09,20.0,0.0,45.6,12.2
2020-10-10,16.1,0.0,40.0,7.3
2020-10-11,14.2,0.0,29.5,7.6
2020-10-12,12.7,0.0,44.6,13.2
2020-10-13,13.6,0.0,36.5,9.0
2020-10-14,13.5,0.0,41.9,9.2
2020-10-15,13.4,0.0,35.0,9.9
2020-10-16,15.1,0.0,40.5,8.8
2020-10-17,15.8,0.0,25.8,14.0
2020-10-18,16.3,2.2,40.3,9.8
2020-10-19,16.9,0.0,35.3,11.4
2020-10-20,17.6,0.0,33.2,8.7
2020-10-21,12.8,0.0,43.1,9.0
2020-10-22,12.3,0.0,38.5,8.3
2020-10-23,8.3,0.0,37.6,11.3
2020-10-24,9.4,0.0,35.0,9.4
2020-10-25,10.2,0.0,42.9,11.4
2020-10-26,12.9,0.0,36.1,11.2
2020-10-27,15.3,23.3,51.3,8.6
2020-10-28,15.2,0.4,44.2,9.5
2020-10-29,13.6,0.0,44.9,8.6
2020-10-30,14.3,0.0,42.4,8.8
2020-10-31,12.8,6.8,36.1,8.7
2020-11-01,12.6,0.0,37.5,9.1
2020-11-02,14.4,0.0,36.1,9.3
2020-11-03,12.7,0.0,41.1,18.2
2020-11-04,14.0,0.0,36.7,9.8
2020-11-05,14.8,0.0,35.4,12.4
2020-11-06,12.1,5.9,46.3,11.6
2020-11-07,13.7,0.0,34.7,11.2
2020-11-08,14.5,5.3,34.5,13.0
2020-11-09,13.8,0.1,34.2,11.2
2020-11-10,11.6,0.0,41.4,9.6
2020-11-11,9.5,0.0,36.9,11.7
2020-11-12,8.5,0.1,38.1,12.4
2020-11-13,9.8,0.0,36.9,9.6
2020-11-14,7.8,0.0,24.7,11.5
2020-11-15,9.0,8.2,32.3,13.3
2020-11-16,6.5,0.0,34.1,11.2
2020-11-17,6.6,0.0,37.0,17.0
2020-11-18,7.3,0.0,30.4,10.4
2020-11-19,12.4,0.0,30.2,10.9
2020-11-20,8.9,0.0,33.7,12.4
2020-11-21,11.8,0.0,41.8,10.7
2020-11-22,11.4,0.0,24.4,10.8
2020-11-23,11.6,0.0,21.8,14.9
2020-11-24,11.1,0.0,43.7,11.2
2020-11-25,11.4,0.0,27.4,14.0
2020-11-26,10.4,0.0,33.0,10.5
2020-11-27,12.8,0.0,27.5,11.4
2020-11-28,10.8,0.0,33.5,11.4
2020-11-29,12.4,0.0,34.3,11.5
2020-11-30,10.2,0.0,43.1,10.8
2020-12-01,9.5,0.0,38.6,11.5
2020-12-02,6.9,0.0,28.6,12.1
2020-12-03,7.9,0.0,25.5,10.5
2020-12-04,10.7,0.0,37.6,11.4
2020-12-05,9.8,0.0,32.5,13.3
2020-12-06,8.9,0.0,31.5,11.4
2020-12-07,6.3,0.0,41.1,12.8
2020-12-08,6.0,0.0,26.5,11.4
2020-12-09,3.0,0.0,33.5,12.4
2020-12-10,2.0,1.4,38.9,10.8
2020-12-11,3.4,0.0,29.5,13.5
2020-12-12,6.8,0.0,42.0,11.9
2020-12-13,12.4,0.0,30.5,14.6
2020-12-14,10.2,0.0,35.3,12.5
2020-12-15,12.4,0.0,32.3,12.2
2020-12-16,11.8,5.0,23.4,11.9
2020-12-17,10.5,0.0,33.9,12.1
2020-12-18,10.7,0.0,40.0,12.1
2020-12-19,10.1,8.4,33.1,11.9
2020-12-20,9.7,0.0,33.2,12.1
2020-12-21,8.3,0.0,33.9,18.5
2020-12-22,5.3,0.0,39.3,12.9
2020-12-23,2.6,0.0,34.9,11.5
2020-12-24,4.8,0.0,37.0,11.5
2020-12-25,4.7,0.0,37.2,18.9
2020-12-26,4.0,8.9,36.8,13.0
2020-12-27,4.7,0.0,45.8,11.9
2020-12-28,6.9,0.0,32.4,15.6
2020-12-29,7.3,1.3,41.5,12.4
2020-12-30,6.1,0.0,44.2,13.4
2020-12-31,8.8,0.0,37.3,13.7
2021-01-01,11.7,0.0,38.3,12.1
2021-01-02,11.9,0.0,40.8,12.6
2021-01-03,13.0,0.0,36.5,14.8
2021-01-04,14.5,0.0,29.1,16.9
2021-01-05,15.5,0.9,37.7,15.2
2021-01-06,15.2,0.0,47.2,14.1
2021-01-07,15.0,0.0,42.0,13.0
2021-01-08,14.7,0.0,39.8,14.5
2021-01-09,11.3,0.0,43.4,14.9
2021-01-10,12.2,0.0,39.1,16.9
2021-01-11,8.8,0.0,40.2,13.6
2021-01-12,7.2,0.0,38.1,21.3
2021-01-13,10.2,0.0,42.9,15.8
2021-01-14,11.7,0.0,38.1,13.5
2021-01-15,14.2,0.0,39.4,16.4
2021-01-16,12.7,0.0,45.7,13.2
2021-01-17,9.8,0.0,40.5,12.9
2021-01-18,9.3,0.0,44.6,12.2
2021-01-19,9.6,0.0,45.3,19.2
2021-01-20,9.9,0.0,41.9,13.2
2021-01-21,12.3,19.2,45.6,15.1
2021-01-22,11.2,0.0,36.2,16.0
2021-01-23,11.8,9.7,40.0,13.3
2021-01-24,9.6,0.0,46.4,13.5
2021-01-25,10.8,0.0,46.6,12.2
2021-01-26,10.9,0.0,39.0,12.7
2021-01-27,9.6,0.0,46.2,12.4
2021-01-28,9.5,0.0,45.6,20.7
2021-01-29,9.6,0.0,49.5,13.6
2021-01-30,9.6,0.9,56.2,13.0
2021-01-31,13.7,0.0,48.3,13.2
2021-02-01,13.3,0.0,42.3,13.9
2021-02-02,12.7,0.0,49.8,12.8
2021-02-03,8.6,0.0,41.1,15.1
2021-02-04,7.7,0.0,57.8,16.0
2021-02-05,8.4,0.0,40.8,13.6
2021-02-06,8.1,0.0,49.5,13.0
2021-02-07,12.0,0.0,47.6,13.3
2021-02-08,12.1,0.0,45.9,12.6
2021-02-09,15.2,0.0,45.9,13.4
2021-02-10,15.2,0.0,55.4,15.2
2021-02-11,15.3,0.0,51.7,18.1
2021-02-12,15.1,3.0,49.2,14.4
2021-02-13,15.2,0.0,58.2,15.1
2021-02-14,18.8,0.5,49.4,13.5
2021-02-15,13.6,6.5,55.5,16.2
2021-02-16,10.1,0.0,43.9,12.7
2021-02-17,10.3,0.0,44.5,12.3
2021-02-18,11.7,0.0,54.8,13.3
2021-02-19,14.2,0.0,53.1,14.5
2021-02-20,15.8,0.0,62.6,12.2
2021-02-21,15.4,0.0,48.7,18.7
2021-02-22,18.0,0.0,56.0,12.4
2021-02-23,20.1,0.0,51.7,12.9
2021-02-24,20.2,0.0,57.5,14.4
2021-02-25,21.8,0.0,57.5,14.0
2021-02-26,21.9,1.1,54.1,16.0
2021-02-27,20.3,0.0,50.6,14.9
2021-02-28,21.6,0.0,53.0,12.3
2021-03-01,21.5,0.0,49.4,12.7
2021-03-02,21.3,0.0,57.2,14.4
2021-03-03,24.1,0.0,41.6,13.0
2021-03-04,18.6,0.0,53.1,12.1
2021-03-05,16.3,0.0,60.9,11.5
2021-03-06,15.0,0.0,61.1,16.6
2021-03-07,15.6,0.0,49.0,12.5
2021-03-08,16.4,0.0,60.3,14.1
2021-03-09,14.6,0.0,52.0,12.0
2021-03-10,14.3,8.0,58.2,13.6
2021-03-11,14.4,0.0,62.3,11.3
2021-03-12,21.1,0.0,53.9,11.8
2021-03-13,25.2,0.0,66.2,12.4
2021-03-14,24.2,0.0,60.7,11.8
2021-03-15,23.5,0.0,62.1,11.9
2021-03-16,21.4,0.0,65.5,14.4
2021-03-17,18.3,0.0,64.9,12.0
2021-03-18,19.5,0.0,64.8,11.4
2021-03-19,18.7,0.0,57.8,11.9
2021-03-20,20.0,0.0,55.9,12.1
2021-03-21,18.0,0.0,60.3,11.9
2021-03-22,18.2,0.0,64.4,12.0
2021-03-23,20.2,0.7,56.1,10.9
2021-03-24,22.4,0.0,65.6,12.6
2021-03-25,24.2,0.0,64.9,11.9
2021-03-26,22.3,0.0,62.4,15.5
2021-03-27,25.2,0.0,64.0,14.0
2021-03-28,24.2,0.0,64.3,11.0
2021-03-29,26.4,0.0,66.5,10.9
2021-03-30,26.9,0.0,68.3,13.9
2021-03-31,24.6,0.0,79.2,10.7
2021-04-01,25.0,0.0,66.0,10.7
2021-04-02,26.7,5.7,63.7,12.3
2021-04-03,28.6,0.0,56.2,10.9
2021-04-04,28.7,0.3,59.1,12.2
2021-04-05,32.2,12.8,65.7,10.0
2021-04-06,34.0,0.0,70.1,10.9
2021-04-07,33.0,0.0,64.9,13.8
2021-04-08,34.2,0.0,69.2,10.3
2021-04-09,37.6,7.8,65.7,10.6
2021-04-10,40.5,0.0,70.0,10.8
2021-04-11,36.4,8.0,74.3,10.5
2021-04-12,33.8,3.4,67.1,9.5
2021-04-13,36.7,0.0,70.7,13.1
2021-04-14,33.9,0.0,66.5,10.7
2021-04-15,31.2,0.0,62.8,11.6
2021-04-16,30.8,0.0,72.0,13.4
2021-04-17,32.3,0.0,71.5,10.0
2021-04-18,32.5,0.0,72.7,11.1
2021-04-19,31.7,0.0,74.7,8.9
2021-04-20,31.0,0.0,68.9,8.8
2021-04-21,30.4,0.0,69.5,10.4
2021-04-22,29.7,0.0,69.2,9.0
2021-04-23,35.4,0.0,72.5,11.1
2021-04-24,36.1,3.5,71.2,11.5
2021-04-25,37.9,0.0,71.9,9.3
2021-04-26,36.7,1.2,68.1,11.2
2021-04-27,36.3,0.0,66.5,9.6
2021-04-28,35.0,0.0,67.3,13.1
2021-04-29,30.1,0.0,74.1,8.6
2021-04-30,28.8,0.0,72.0,9.6
2021-05-01,27.0,0.0,69.9,10.1
2021-05-02,24.6,0.0,75.8,11.3
2021-05-03,24.9,0.0,80.0,11.0
2021-05-04,30.3,1.1,70.6,9.0
2021-05-05,31.8,0.0,67.6,9.1
2021-05-06,35.8,9.1,80.1,8.4
2021-05-07,37.2,0.0,73.4,12.1
2021-05-08,39.2,0.9,72.7,13.6
2021-05-09,37.4,0.0,78.6,7.6
2021-05-10,38.8,0.4,72.5,11.2
2021-05-11,40.5,0.0,75.8,10.3
2021-05-12,39.2,0.0,74.7,7.3
2021-05-13,40.5,0.0,90.2,10.7
2021-05-14,41.5,0.0,73.5,12.2
2021-05-15,40.2,0.0,78.9,10.3
2021-05-16,38.0,0.0,73.1,7.7
2021-05-17,36.2,0.0,76.7,13.8
2021-05-18,37.3,0.0,73.5,10.8
2021-05-19,38.7,0.0,78.5,7.5
2021-05-20,37.6,0.0,74.1,9.4
2021-05-21,38.4,0.0,77.2,9.2
2021-05-22,40.1,0.0,71.0,7.0
2021-05-23,41.6,0.1,70.8,8.5
2021-05-24,44.7,1.4,65.8,8.9
2021-05-25,46.7,1.0,77.0,7.5
2021-05-26,43.7,3.7,72.6,11.9
2021-05-27,46.7,0.0,85.9,7.7
2021-05-28,44.7,0.0,72.6,9.0
2021-05-29,46.3,0.0,81.2,8.0
2021-05-30,45.6,0.0,80.7,7.0
2021-05-31,44.2,0.0,73.8,8.3
2021-06-01,40.2,0.0,71.3,7.6
2021-06-02,40.3,71.7,92.2,27.4
2021-06-03,37.7,0.0,80.7,9.7
2021-06-04,40.6,6.4,88.0,6.1
2021-06-05,44.0,0.0,68.8,6.6
2021-06-06,42.2,0.0,75.0,6.4
2021-06-07,42.9,0.0,71.8,5.7
2021-06-08,41.5,67.6,89.9,14.0
2021-06-09,40.5,0.0,83.3,8.1
2021-06-10,42.5,2.4,71.5,6.0
2021-06-11,42.5,2.9,67.4,6.0
2021-06-12,46.1,2.2,76.1,5.5
2021-06-13,44.5,60.1,91.4,13.0
2021-06-14,46.2,0.0,72.3,7.7
2021-06-15,45.8,41.7,81.4,12.6
2021-06-16,46.8,30.6,82.7,5.5
2021-06-17,45.2,0.0,67.4,7.4
2021-06-18,44.7,0.0,76.2,13.2
2021-06-19,44.1,4.5,73.3,6.5
2021-06-20,42.2,0.0,80.8,6.5
2021-06-21,43.7,0.0,75.3,6.7
2021-06-22,44.8,0.0,72.8,6.5
2021-06-23,45.7,0.0,72.3,8.0
2021-06-24,48.2,0.0,63.7,14.9
2021-06-25,50.0,12.1,75.6,5.6
2021-06-26,47.8,0.0,72.1,5.1
2021-06-27,47.5,2.3,73.7,5.3
2021-06-28,45.3,0.0,71.8,8.0
2021-06-29,44.8,43.3,90.6,6.7
2021-06-30,43.2,23.9,77.1,8.4
2021-07-01,46.3,0.0,68.0,4.7
2021-07-02,46.2,0.0,63.8,5.9
2021-07-03,45.0,16.5,73.8,7.5
2021-07-04,46.8,29.2,73.8,4.6
2021-07-05,41.6,8.8,67.2,6.7
2021-07-06,37.6,0.0,69.8,5.9
2021-07-07,40.1,49.2,89.1,10.4
2021-07-08,40.5,8.5,77.7,4.7
2021-07-09,41.3,0.0,64.3,8.4
2021-07-10,38.7,9.4,73.0,5.4
2021-07-11,39.2,9.2,74.7,4.4
2021-07-12,43.6,0.0,73.0,5.1
2021-07-13,44.8,21.2,83.2,7.9
2021-07-14,44.4,0.0,63.7,7.6
2021-07-15,42.8,0.0,64.9,7.0
2021-07-16,41.6,37.2,75.1,4.7
2021-07-17,37.1,0.0,70.7,10.3
2021-07-18,38.3,0.0,55.0,5.9
2021-07-19,40.4,0.0,67.2,5.5
2021-07-20,37.2,0.0,59.2,5.8
2021-07-21,36.4,26.0,74.3,4.5
2021-07-22,34.8,27.8,84.9,4.2
2021-07-23,33.8,0.0,71.8,5.6
2021-07-24,35.0,17.5,65.3,4.1
2021-07-25,31.7,0.3,64.7,7.6
2021-07-26,34.4,0.0,62.0,9.3
2021-07-27,36.8,20.2,77.7,13.6
2021-07-28,36.6,0.0,54.9,4.8
2021-07-29,32.0,0.0,63.4,7.5
2021-07-30,31.3,0.0,61.8,7.3
2021-07-31,35.1,30.1,66.7,5.5
2021-08-01,30.0,16.7,77.2,6.7
2021-08-02,30.8,0.0,56.6,8.7
2021-08-03,29.8,1.2,58.4,5.2
2021-08-04,32.8,0.0,71.8,6.9
2021-08-05,32.3,0.0,63.0,6.6
2021-08-06,34.0,7.9,64.3,6.2
2021-08-07,35.6,55.8,73.7,4.7
2021-08-08,39.3,0.0,62.5,4.6
2021-08-09,38.2,34.5,68.7,5.3
2021-08-10,38.5,0.0,58.2,7.7
2021-08-11,34.9,0.0,54.6,6.2
2021-08-12,37.3,0.4,61.6,6.9
2021-08-13,35.3,0.0,57.9,6.7
2021-08-14,34.0,55.1,72.0,13.2
2021-08-15,34.0,8.1,65.6,7.4
2021-08-16,30.9,0.0,57.4,4.8
2021-08-17,31.9,0.0,59.1,5.7
2021-08-18,34.2,0.0,67.6,8.1
2021-08-19,34.6,0.0,60.9,4.3
2021-08-20,31.1,0.0,55.9,5.9
2021-08-21,31.2,14.4,56.4,5.4
2021-08-22,32.9,14.5,60.9,4.9
2021-08-23,29.0,2.0,62.0,4.9
2021-08-24,27.4,6.8,56.0,7.5
2021-08-25,30.0,0.0,56.7,8.0
2021-08-26,30.8,0.0,53.5,5.6
2021-08-27,31.6,14.2,57.7,5.7
2021-08-28,35.2,0.0,49.5,6.0
2021-08-29,35.1,0.0,56.6,4.5
2021-08-30,35.4,0.0,55.6,11.4
2021-08-31,39.7,9.1,64.2,7.6
2021-09-01,37.2,0.0,54.7,8.5
2021-09-02,34.0,0.0,50.2,5.8
2021-09-03,33.9,24.7,66.9,7.7
2021-09-04,33.7,27.1,61.7,5.1
2021-09-05,31.5,35.0,62.5,7.6
2021-09-06,28.7,0.0,52.4,6.6
2021-09-07,33.1,0.0,52.9,5.2
2021-09-08,32.6,0.0,47.4,10.8
2021-09-09,30.0,0.0,51.0,8.0
2021-09-10,31.2,9.7,52.4,14.7
2021-09-11,30.0,32.3,60.6,5.7
2021-09-12,28.7,0.0,56.0,6.5
2021-09-13,29.3,0.0,54.9,8.3
2021-09-14,25.9,0.0,52.3,7.3
2021-09-15,26.5,3.1,41.5,8.4
2021-09-16,30.0,27.5,53.7,5.8
2021-09-17,29.8,43.4,50.4,7.1
2021-09-18,28.0,3.3,54.6,6.2
2021-09-19,26.1,22.0,53.0,7.8
2021-09-20,24.8,0.0,47.0,8.4
2021-09-21,24.0,0.0,44.0,7.3
2021-09-22,23.0,5.0,54.7,9.1
2021-09-23,24.8,6.7,49.0,6.0
2021-09-24,20.8,2.9,46.6,9.3
2021-09-25,22.8,0.0,46.8,12.6
2021-09-26,21.8,0.0,46.8,6.3
2021-09-27,22.5,3.0,45.6,6.3
2021-09-28,20.0,0.0,51.5,11.2
2021-09-29,22.8,7.0,52.9,8.1
2021-09-30,24.9,37.0,54.3,9.3
2021-10-01,25.9,0.0,40.4,6.9
2021-10-02,21.6,0.0,45.7,7.2
2021-10-03,22.9,1.1,41.0,10.7
2021-10-04,23.0,0.0,50.6,7.5
2021-10-05,19.0,0.0,51.0,7.3
2021-10-06,18.9,1.2,46.8,6.5
2021-10-07,19.5,8.2,38.9,7.5
2021-10-08,20.4,16.4,44.1,7.0
2021-10-09,20.2,0.0,41.1,7.1
2021-10-10,20.3,0.0,37.6,7.4
2021-10-11,22.7,0.0,40.0,10.5
2021-10-12,24.0,0.0,42.5,6.9
2021-10-13,16.8,8.3,45.7,8.8
2021-10-14,16.1,0.0,47.2,8.1
2021-10-15,15.8,7.8,42.4,9.2
2021-10-16,12.3,0.0,38.8,9.6
2021-10-17,13.2,0.0,33.6,7.8
2021-10-18,16.1,0.0,41.6,11.1
2021-10-19,13.8,0.0,37.3,14.3
2021-10-20,14.7,0.0,38.3,7.7
2021-10-21,12.8,0.0,36.3,10.4
2021-10-22,11.8,0.0,36.3,9.0
2021-10-23,15.2,0.0,42.3,9.3
2021-10-24,13.9,0.0,38.2,11.6
2021-10-25,14.8,0.0,46.1,10.7
2021-10-26,10.7,0.0,32.5,9.0
2021-10-27,15.0,0.0,44.2,12.2
2021-10-28,15.8,0.0,35.3,9.4
2021-10-29,14.8,0.0,37.3,8.7
2021-10-30,15.5,0.0,39.9,10.0
2021-10-31,12.0,9.1,44.6,13.0
2021-11-01,14.4,0.0,42.4,8.4
2021-11-02,13.2,0.0,42.1,11.0
2021-11-03,12.5,0.0,35.7,8.3
2021-11-04,11.3,0.0,45.7,11.6
2021-11-05,10.1,0.0,39.5,10.8
2021-11-06,11.7,0.0,21.6,14.2
2021-11-07,12.0,0.0,36.5,8.9
2021-11-08,13.0,7.9,36.3,10.8
2021-11-09,12.5,0.0,34.5,9.4
2021-11-10,13.1,0.0,39.1,9.9
2021-11-11,11.6,0.0,37.4,15.3
2021-11-12,15.8,0.0,32.3,11.2
2021-11-13,11.4,0.0,43.1,11.8
2021-11-14,13.6,0.0,29.1,10.2
2021-11-15,15.5,0.0,28.7,10.8
2021-11-16,12.5,0.0,29.9,13.3
2021-11-17,16.3,0.0,37.5,14.9
2021-11-18,16.8,0.0,37.0,11.0
2021-11-19,17.2,0.0,31.1,14.2
2021-11-20,15.5,0.0,32.1,11.1
2021-11-21,13.7,0.0,35.0,10.3
2021-11-22,12.2,0.0,29.6,11.6
2021-11-23,12.2,0.0,38.9,10.3
2021-11-24,14.2,0.0,42.7,11.9
2021-11-25,13.4,1.6,34.4,10.1
2021-11-26,10.5,0.0,36.6,12.9
2021-11-27,11.6,0.0,35.4,10.3
2021-11-28,12.7,0.0,41.6,10.7
2021-11-29,13.0,0.0,44.5,10.9
2021-11-30,13.4,0.0,33.0,10.5
2021-12-01,11.7,0.0,35.0,11.7
2021-12-02,9.0,0.0,39.1,10.1
2021-12-03,6.9,0.0,36.6,11.7
2021-12-04,3.7,0.0,30.3,12.6
2021-12-05,4.9,0.0,25.8,10.7
2021-12-06,5.2,0.0,31.9,12.9
2021-12-07,4.7,0.0,36.6,15.2
2021-12-08,-0.7,0.0,33.0,11.5
2021-12-09,-1.7,0.0,29.8,12.4
2021-12-10,2.3,0.0,32.2,10.9
2021-12-11,1.9,0.2,44.4,13.2
2021-12-12,3.7,0.0,29.6,13.7
2021-12-13,1.5,0.0,33.7,11.0
2021-12-14,5.5,0.0,32.8,13.9
2021-12-15,5.5,0.0,45.3,12.1
2021-12-16,6.4,0.0,28.2,11.9
2021-12-17,11.1,0.0,31.8,14.9
2021-12-18,13.3,0.0,36.1,11.9
2021-12-19,11.5,0.0,36.7,11.4
2021-12-20,9.4,0.0,41.6,12.6
2021-12-21,8.3,0.0,41.2,14.5
2021-12-22,9.0,0.0,32.7,12.7
2021-12-23,8.4,0.0,38.0,12.5
2021-12-24,7.4,0.0,35.7,13.9
2021-12-25,10.3,0.0,34.4,11.9
2021-12-26,9.4,0.0,41.9,13.2
2021-12-27,13.6,0.0,38.2,11.5
2021-12-28,12.5,0.0,45.1,13.9
2021-12-29,15.1,0.0,39.7,15.6
2021-12-30,14.3,0.0,42.1,17.0
2021-12-31,14.9,0.0,24.1,15.1
2022-01-01,12.0,0.0,38.3,14.5
2022-01-02,9.4,0.0,40.2,13.1
2022-01-03,10.0,0.0,40.8,14.7
2022-01-04,11.6,0.0,46.1,13.4
2022-01-05,10.9,0.0,41.7,12.1
2022-01-06,7.8,0.0,32.7,16.1
2022-01-07,5.2,0.0,41.7,11.8
2022-01-08,3.0,0.0,43.4,12.8
2022-01-09,0.5,0.0,36.4,12.5
2022-01-10,2.4,1.0,37.9,13.6
2022-01-11,5.9,0.0,43.8,15.3
2022-01-12,6.5,0.0,40.2,14.7
2022-01-13,2.5,1.9,46.3,12.0
2022-01-14,3.4,0.0,41.5,12.3
2022-01-15,4.3,0.0,30.0,14.9
2022-01-16,9.5,0.0,41.4,20.7
2022-01-17,6.6,3.7,40.3,12.9
2022-01-18,6.5,1.8,45.2,12.3
2022-01-19,10.6,0.0,44.0,13.1
2022-01-20,11.4,0.0,37.4,12.3
2022-01-21,12.3,0.0,43.4,13.4
2022-01-22,12.2,0.0,45.4,13.8
2022-01-23,12.6,0.0,45.2,16.2
2022-01-24,13.8,0.0,48.1,14.7
2022-01-25,11.6,0.0,38.4,15.4
2022-01-26,13.3,4.1,44.1,13.4
2022-01-27,10.2,0.0,33.0,18.7
2022-01-28,11.2,0.0,50.3,12.3
2022-01-29,11.7,0.0,45.3,13.5
2022-01-30,10.5,4.0,45.6,13.5
2022-01-31,10.9,5.9,46.3,12.8
2022-02-01,10.0,0.0,48.1,16.8
2022-02-02,8.4,0.0,51.2,12.0
2022-02-03,8.6,0.0,44.9,12.5
2022-02-04,7.3,0.0,48.7,13.9
2022-02-05,9.2,0.0,49.0,13.2
2022-02-06,7.8,0.0,36.3,13.5
2022-02-07,10.5,0.0,44.1,12.6
2022-02-08,8.9,0.6,50.3,12.9
2022-02-09,8.9,0.0,54.4,16.0
2022-02-10,8.8,0.0,55.4,14.8
2022-02-11,12.7,0.0,42.8,13.6
2022-02-12,13.9,0.0,54.2,15.2
2022-02-13,13.8,0.0,54.7,15.8
2022-02-14,15.2,0.0,52.0,19.4
2022-02-15,11.2,0.0,40.1,15.0
2022-02-16,12.1,0.0,47.9,15.6
2022-02-17,17.0,0.0,51.4,12.6
2022-02-18,17.3,0.0,50.1,14.3
2022-02-19,17.4,0.0,40.7,13.5
2022-02-20,18.5,0.0,50.6,15.6
2022-02-21,20.1,0.0,47.6,15.4
2022-02-22,15.7,0.0,55.5,15.3
2022-02-23,12.9,0.0,55.3,16.3
2022-02-24,14.4,0.0,55.9,14.4
2022-02-25,13.9,0.0,51.8,12.4
2022-02-26,17.6,1.8,54.5,14.5
2022-02-27,17.3,0.0,53.9,15.3
2022-02-28,14.0,0.0,59.2,15.4
2022-03-01,12.6,0.0,52.3,12.6
2022-03-02,8.7,0.0,51.6,11.6
2022-03-03,10.6,0.0,60.5,16.7
2022-03-04,12.3,0.0,60.1,12.4
2022-03-05,13.3,0.0,58.7,12.8
2022-03-06,17.1,0.0,64.6,12.5
2022-03-07,20.5,0.0,67.5,13.3
2022-03-08,20.5,0.0,63.6,12.5
2022-03-09,16.6,8.8,56.2,13.1
2022-03-10,19.1,6.6,63.9,11.9
2022-03-11,21.0,0.0,59.0,15.9
2022-03-12,22.1,5.0,57.2,13.9
2022-03-13,24.4,0.0,55.4,12.9
2022-03-14,22.0,0.0,60.8,11.0
2022-03-15,26.5,3.7,64.8,11.5
2022-03-16,24.2,0.0,67.0,14.1
2022-03-17,25.9,0.0,63.8,11.5
2022-03-18,22.4,0.0,63.6,13.4
2022-03-19,21.2,0.0,60.1,12.0
2022-03-20,25.2,0.0,62.5,12.6
2022-03-21,24.8,0.0,54.3,12.0
2022-03-22,26.9,4.2,65.9,12.0
2022-03-23,27.3,5.3,65.9,13.7
2022-03-24,27.1,0.0,72.3,13.7
2022-03-25,29.9,0.0,62.8,12.5
2022-03-26,29.0,0.0,69.3,13.7
2022-03-27,25.3,6.1,62.8,10.7
2022-03-28,24.3,0.0,72.4,12.0
2022-03-29,26.3,0.0,71.5,11.3
2022-03-30,27.6,0.0,70.2,11.2
2022-03-31,24.8,0.0,65.2,11.0
2022-04-01,24.3,3.7,65.0,14.4
2022-04-02,24.3,0.0,63.6,10.5
2022-04-03,24.7,0.0,60.9,10.9
2022-04-04,23.1,0.0,68.4,11.9
2022-04-05,23.4,0.0,65.1,10.8
2022-04-06,23.5,0.0,68.5,10.7
2022-04-07,26.6,0.0,67.7,10.8
2022-04-08,29.2,0.0,61.8,12.4
2022-04-09,29.5,0.0,72.7,14.1
2022-04-10,29.3,0.0,68.2,12.7
2022-04-11,30.2,0.0,72.3,16.5
2022-04-12,29.1,0.0,62.4,15.4
2022-04-13,27.6,0.0,64.7,9.4
2022-04-14,26.9,0.0,66.8,13.6
2022-04-15,27.0,0.0,70.2,15.1
2022-04-16,26.0,0.0,68.7,11.8
2022-04-17,28.0,0.0,76.3,10.5
2022-04-18,30.7,0.0,74.9,9.6
2022-04-19,28.3,0.0,66.3,11.9
2022-04-20,29.7,0.0,84.9,9.2
2022-04-21,30.4,0.0,70.0,10.7
2022-04-22,32.1,0.0,77.1,19.3
2022-04-23,32.8,0.0,69.4,8.9
2022-04-24,30.5,0.0,74.2,10.5
2022-04-25,29.1,0.0,76.0,12.3
2022-04-26,30.7,0.0,63.9,10.6
2022-04-27,33.9,0.0,80.4,11.4
2022-04-28,30.1,0.0,67.9,8.6
2022-04-29,32.2,0.0,70.3,15.1
2022-04-30,35.6,0.0,69.1,10.3
2022-05-01,35.7,0.0,69.5,8.5
2022-05-02,37.2,0.0,69.9,11.7
2022-05-03,36.0,0.0,66.7,14.7
2022-05-04,36.2,10.6,79.3,9.2
2022-05-05,33.4,0.0,73.6,9.4
2022-05-06,29.8,0.0,72.4,12.2
2022-05-07,33.5,0.0,78.4,11.2
2022-05-08,32.6,0.0,82.3,8.4
2022-05-09,33.1,0.0,65.8,7.6
2022-05-10,31.6,0.0,81.8,14.3
2022-05-11,30.4,0.0,73.7,8.6
2022-05-12,31.9,0.0,67.2,7.8
2022-05-13,32.1,0.0,76.1,8.1
2022-05-14,34.4,0.0,73.5,12.4
2022-05-15,36.5,0.3,78.6,7.1
2022-05-16,38.0,9.2,77.3,11.4
2022-05-17,39.0,0.0,76.2,9.7
2022-05-18,42.5,0.0,72.3,8.3
2022-05-19,40.1,0.0,69.4,8.8
2022-05-20,40.2,0.0,78.3,10.2
2022-05-21,42.6,0.0,72.1,8.0
2022-05-22,44.9,0.0,76.8,7.5
2022-05-23,41.4,0.0,82.2,9.8
2022-05-24,40.8,0.0,74.0,8.7
2022-05-25,43.7,7.0,80.1,12.0
2022-05-26,44.4,0.0,74.8,11.6
2022-05-27,44.3,0.0,73.1,7.7
2022-05-28,43.4,0.0,67.2,8.0
2022-05-29,42.4,0.0,74.8,11.1
2022-05-30,42.9,0.0,74.2,10.1
2022-05-31,42.3,0.0,70.6,8.9
2022-06-01,42.3,0.0,64.8,10.5
2022-06-02,42.5,0.0,66.6,6.3
2022-06-03,41.1,5.6,85.3,8.7
2022-06-04,42.5,4.7,76.3,6.6
2022-06-05,48.4,13.6,71.2,9.5
2022-06-06,43.7,2.8,72.6,8.5
2022-06-07,44.2,5.6,76.3,10.0
2022-06-08,42.4,0.0,77.1,10.9
2022-06-09,43.6,3.5,74.5,6.0
2022-06-10,43.6,3.1,85.6,8.3
2022-06-11,45.0,60.5,100.0,17.2
2022-06-12,47.0,0.0,76.5,8.8
2022-06-13,46.6,0.0,72.7,6.4
2022-06-14,48.1,0.0,76.4,6.4
2022-06-15,42.4,0.0,67.7,7.4
2022-06-16,45.7,0.0,79.3,5.6
2022-06-17,45.9,0.0,75.0,5.9
2022-06-18,47.5,0.0,68.0,8.2
2022-06-19,44.2,7.8,73.0,11.3
2022-06-20,42.3,0.0,76.7,5.2
2022-06-21,42.7,22.8,71.1,5.9
2022-06-22,42.7,0.0,69.1,7.5
2022-06-23,43.3,9.8,73.6,5.1
2022-06-24,45.4,13.9,81.7,6.3
2022-06-25,41.4,0.3,81.9,7.2
2022-06-26,43.6,0.0,75.0,6.6
2022-06-27,43.5,0.0,57.1,5.9
2022-06-28,42.9,39.7,77.1,5.0
2022-06-29,39.9,0.0,90.1,14.0
2022-06-30,41.4,3.3,74.0,5.5
2022-07-01,36.8,0.0,59.2,8.2
2022-07-02,39.2,13.4,87.3,7.6
2022-07-03,36.9,4.1,66.3,6.0
2022-07-04,38.0,0.0,74.6,5.7
2022-07-05,38.6,0.0,65.8,4.8
2022-07-06,41.6,0.0,82.3,8.5
2022-07-07,41.3,0.0,64.0,8.7
2022-07-08,40.0,0.0,68.0,5.9
2022-07-09,39.4,5.0,77.2,5.3
2022-07-10,42.3,18.3,72.3,5.0
2022-07-11,43.2,0.0,72.7,5.9
2022-07-12,42.1,2.8,74.9,5.0
2022-07-13,41.4,0.0,70.7,6.4
2022-07-14,38.2,18.2,68.6,6.6
2022-07-15,39.5,0.0,65.4,6.6
2022-07-16,36.2,17.6,71.6,4.9
2022-07-17,38.6,0.0,71.8,4.9
2022-07-18,39.2,0.0,72.7,5.7
2022-07-19,44.2,15.9,73.4,8.1
2022-07-20,41.2,55.0,85.4,6.5
2022-07-21,40.7,14.6,63.5,4.7
2022-07-22,44.1,0.8,69.3,6.6
2022-07-23,45.6,26.4,73.6,7.4
2022-07-24,43.0,0.0,69.5,8.6
2022-07-25,42.7,38.7,80.2,5.2
2022-07-26,41.9,8.9,63.4,6.0
2022-07-27,41.9,0.0,65.6,4.8
2022-07-28,39.8,2.1,73.1,4.6
2022-07-29,39.3,7.7,69.1,7.9
2022-07-30,35.9,0.0,64.8,4.8
2022-07-31,36.6,0.0,58.9,5.9
2022-08-01,37.7,0.0,67.4,6.9
2022-08-02,37.2,31.7,65.4,6.2
2022-08-03,34.0,0.0,63.2,4.4
2022-08-04,36.6,0.0,61.4,5.6
2022-08-05,37.4,0.0,65.5,7.3
2022-08-06,35.8,0.0,60.2,5.6
2022-08-07,35.3,22.4,66.8,5.7
2022-08-08,32.5,0.0,58.0,7.7
2022-08-09,31.1,0.0,61.0,7.1
2022-08-10,30.9,0.0,63.0,5.2
2022-08-11,34.3,0.0,59.9,9.4
2022-08-12,33.2,0.0,59.7,4.9
2022-08-13,34.8,9.9,64.2,5.2
2022-08-14,33.7,0.0,65.6,6.0
2022-08-15,34.3,0.0,64.0,7.0
2022-08-16,34.0,0.0,53.5,8.9
2022-08-17,35.7,0.0,63.4,5.3
2022-08-18,34.2,3.8,67.1,6.1
2022-08-19,30.8,3.6,63.4,9.6
2022-08-20,28.5,66.1,63.0,20.7
2022-08-21,28.3,0.0,59.6,6.8
2022-08-22,26.6,0.0,64.8,6.4
2022-08-23,28.5,0.0,55.3,4.6
2022-08-24,28.2,0.0,71.7,7.2
2022-08-25,33.7,0.0,46.0,5.6
2022-08-26,29.7,35.2,66.1,8.6
2022-08-27,30.4,0.0,59.8,6.5
2022-08-28,28.2,0.0,56.7,4.9
2022-08-29,27.6,0.0,56.3,5.1
2022-08-30,28.4,0.0,50.0,12.3
2022-08-31,24.0,0.0,52.0,7.6
2022-09-01,25.6,41.4,67.7,5.7
2022-09-02,30.1,0.0,43.6,6.8
2022-09-03,28.9,0.0,58.3,6.2
2022-09-04,29.4,0.0,52.9,8.9
2022-09-05,31.2,10.5,58.5,8.0
2022-09-06,30.2,22.5,62.6,15.3
2022-09-07,28.5,11.2,73.9,7.3
2022-09-08,23.8,0.0,59.1,5.4
2022-09-09,25.7,18.2,50.3,5.1
2022-09-10,25.7,12.9,65.4,8.9
2022-09-11,23.8,0.0,37.5,7.0
2022-09-12,24.5,31.4,56.4,6.6
2022-09-13,23.6,0.0,51.3,5.8
2022-09-14,22.9,1.6,48.9,6.9
2022-09-15,24.6,2.7,51.8,8.4
2022-09-16,21.9,0.0,48.6,6.8
2022-09-17,24.6,0.0,55.5,9.7
2022-09-18,21.7,0.0,46.3,11.8
2022-09-19,20.8,0.0,47.8,7.6
2022-09-20,25.2,51.6,69.8,6.9
2022-09-21,27.1,0.0,52.6,6.8
2022-09-22,26.5,9.3,48.9,7.6
2022-09-23,23.8,0.0,49.5,7.8
2022-09-24,22.5,18.4,60.8,8.1
2022-09-25,22.5,0.0,39.6,6.0
2022-09-26,22.5,62.6,56.4,17.1
2022-09-27,22.1,13.8,46.5,8.1
2022-09-28,21.8,25.8,53.1,9.0
2022-09-29,21.2,0.0,50.1,9.5
2022-09-30,18.2,15.3,45.0,10.7
2022-10-01,17.6,0.0,40.0,8.6
2022-10-02,19.9,0.0,37.8,9.7
2022-10-03,17.1,0.0,39.4,8.7
2022-10-04,17.2,0.0,40.5,10.8
2022-10-05,15.9,0.0,32.7,8.1
2022-10-06,16.7,0.0,40.4,7.5
2022-10-07,16.3,4.4,38.8,8.4
2022-10-08,19.6,0.0,41.9,11.9
2022-10-09,20.3,0.9,51.1,7.8
2022-10-10,17.1,0.0,34.2,12.0
2022-10-11,18.5,0.0,47.0,9.3
2022-10-12,16.7,0.0,50.0,10.6
2022-10-13,15.5,0.0,46.2,9.7
2022-10-14,16.4,0.0,42.8,9.0
2022-10-15,15.3,0.0,47.5,8.1
2022-10-16,17.3,0.0,43.8,16.9
2022-10-17,15.4,0.0,46.0,7.5
2022-10-18,14.2,0.0,40.8,11.5
2022-10-19,13.0,1.8,35.1,7.4
2022-10-20,12.3,0.0,45.5,13.4
2022-10-21,15.0,0.0,52.6,10.6
2022-10-22,16.1,0.0,37.6,8.2
2022-10-23,19.1,0.0,39.2,8.4
2022-10-24,22.6,0.0,39.4,9.6
2022-10-25,18.8,0.0,31.3,7.8
2022-10-26,17.8,0.0,34.2,12.2
2022-10-27,14.5,5.8,41.2,8.8
2022-10-28,12.7,0.0,37.6,8.3
2022-10-29,11.4,8.0,40.0,11.9
2022-10-30,9.5,0.0,37.9,8.1
2022-10-31,8.0,0.0,37.0,9.8
2022-11-01,8.5,0.0,33.6,8.8
2022-11-02,6.7,0.0,39.4,10.9
2022-11-03,9.4,0.0,38.7,12.9
2022-11-04,8.0,3.6,33.4,8.5
2022-11-05,14.2,0.0,38.9,13.0
2022-11-06,12.7,0.0,33.5,10.0
2022-11-07,12.5,0.0,39.8,9.1
2022-11-08,9.5,0.0,36.2,9.1
2022-11-09,13.1,0.0,38.2,10.3
2022-11-10,14.8,0.0,37.0,8.9
2022-11-11,14.4,0.0,35.8,10.3
2022-11-12,10.8,0.0,37.6,10.6
2022-11-13,11.0,12.4,43.1,11.9
2022-11-14,8.5,0.0,36.3,13.3
2022-11-15,11.6,4.1,37.2,12.2
2022-11-16,12.8,0.0,33.8,14.6
2022-11-17,12.2,8.5,28.5,9.9
2022-11-18,6.7,0.0,35.6,11.9
2022-11-19,5.2,0.0,29.0,12.1
2022-11-20,7.2,0.0,32.5,14.7
2022-11-21,9.9,0.0,30.9,12.2
2022-11-22,11.8,0.0,31.6,10.4
2022-11-23,8.0,0.0,31.9,11.4
2022-11-24,8.6,0.0,37.5,12.3
2022-11-25,10.5,7.9,38.7,10.0
2022-11-26,6.7,0.0,35.6,15.7
2022-11-27,6.9,0.0,41.1,11.7
2022-11-28,7.6,0.0,50.3,17.8
2022-11-29,7.1,0.0,37.5,10.3
2022-11-30,3.5,0.0,39.5,10.7
2022-12-01,3.6,0.0,36.4,13.0
2022-12-02,3.7,0.0,38.3,11.5
2022-12-03,4.2,0.0,26.9,14.4
2022-12-04,3.7,0.0,21.5,12.3
2022-12-05,3.5,0.0,24.5,12.2
2022-12-06,4.2,0.0,32.0,12.2
2022-12-07,5.6,0.0,42.0,10.9
2022-12-08,5.3,0.0,36.5,12.5
2022-12-09,4.9,0.0,33.3,11.2
2022-12-10,5.5,0.0,38.2,18.7
2022-12-11,1.9,0.0,37.1,10.7
2022-12-12,3.9,3.7,29.6,13.0
2022-12-13,4.5,0.0,37.9,13.3
2022-12-14,5.1,0.0,39.8,13.7
2022-12-15,7.4,1.3,46.5,14.4
2022-12-16,3.4,2.4,36.0,11.1
2022-12-17,0.2,0.0,44.3,13.6
2022-12-18,2.1,0.0,34.0,12.7
2022-12-19,3.0,0.0,47.7,12.5
2022-12-20,4.2,0.0,33.2,15.0
2022-12-21,3.8,0.0,39.5,16.1
2022-12-22,5.8,0.0,37.9,11.5
2022-12-23,7.9,5.4,45.4,13.1
2022-12-24,8.7,10.3,46.1,14.7
2022-12-25,7.9,0.0,31.6,13.3
2022-12-26,3.5,0.0,35.3,16.0
2022-12-27,5.8,0.0,47.8,12.2
2022-12-28,8.6,0.0,37.8,15.8
2022-12-29,9.6,0.0,41.6,12.8
2022-12-30,7.4,0.0,32.3,12.1
2022-12-31,8.8,0.0,36.6,13.6
2023-01-01,10.3,0.9,34.7,13.1
2023-01-02,12.9,0.0,42.8,11.9
2023-01-03,10.1,0.0,42.1,13.5
2023-01-04,9.2,0.0,44.7,15.5
2023-01-05,10.5,0.0,33.3,16.9
2023-01-06,10.1,0.0,41.7,15.1
2023-01-07,7.5,0.0,39.3,12.5
2023-01-08,8.5,0.0,27.2,14.3
2023-01-09,9.7,0.6,42.1,14.8
2023-01-10,9.6,0.0,46.3,14.6
2023-01-11,9.9,0.0,47.9,12.6
2023-01-12,9.2,0.0,40.1,13.1
2023-01-13,12.1,0.0,44.7,14.2
2023-01-14,9.7,15.3,47.3,14.7
2023-01-15,8.5,0.0,37.2,15.9
2023-01-16,8.7,0.0,36.8,12.2
2023-01-17,10.6,0.0,41.3,12.1
2023-01-18,7.5,0.0,40.6,14.3
2023-01-19,5.4,2.6,43.1,15.3
2023-01-20,2.3,0.0,40.2,13.4
2023-01-21,3.9,0.0,43.6,13.2
2023-01-22,3.0,0.0,37.5,12.6
2023-01-23,3.8,0.0,50.7,15.5
2023-01-24,6.5,0.0,34.3,14.2
2023-01-25,6.2,0.0,43.3,14.8
2023-01-26,7.7,0.0,42.9,13.5
2023-01-27,7.8,0.0,43.6,13.3
2023-01-28,10.0,0.0,40.3,13.8
2023-01-29,11.3,27.0,44.0,13.6
2023-01-30,10.1,0.0,46.3,16.9
2023-01-31,10.2,0.0,44.4,12.6
2023-02-01,12.8,0.0,47.7,15.6
2023-02-02,13.6,0.0,37.8,13.0
2023-02-03,10.7,0.0,54.9,13.3
2023-02-04,12.5,0.0,46.3,14.4
2023-02-05,10.5,0.0,31.8,15.3
2023-02-06,14.0,0.0,48.2,13.5
2023-02-07,16.1,7.9,47.2,12.5
2023-02-08,16.3,0.0,42.3,18.3
2023-02-09,16.2,0.0,54.4,12.2
2023-02-10,15.5,4.4,54.3,12.5
2023-02-11,16.8,0.0,50.6,17.3
2023-02-12,15.7,0.0,49.6,16.3
2023-02-13,16.2,0.0,52.1,17.6
2023-02-14,17.8,0.0,42.0,12.9
2023-02-15,16.4,0.0,51.2,12.6
2023-02-16,15.1,0.0,56.7,15.7
2023-02-17,13.0,8.2,58.2,12.3
2023-02-18,11.7,0.0,46.0,12.6
2023-02-19,9.1,2.7,53.2,12.1
2023-02-20,12.3,0.0,46.3,12.7
2023-02-21,17.0,0.0,53.0,12.4
2023-02-22,20.0,0.0,48.8,12.1
2023-02-23,16.4,0.0,48.6,13.6
2023-02-24,18.3,0.0,55.1,12.9
2023-02-25,21.3,0.0,50.0,14.3
2023-02-26,20.0,0.0,50.0,12.1
2023-02-27,20.1,0.0,56.1,12.5
2023-02-28,16.0,3.3,48.1,12.7
2023-03-01,17.3,0.0,53.4,15.4
2023-03-02,15.8,0.0,47.7,14.8
2023-03-03,17.2,0.0,48.9,13.0
2023-03-04,14.8,0.0,61.9,11.7
2023-03-05,17.2,0.0,54.3,15.6
2023-03-06,20.1,0.0,53.1,11.9
2023-03-07,18.9,0.0,61.3,13.0
2023-03-08,17.3,0.0,65.5,14.2
2023-03-09,14.0,0.0,59.0,12.0
2023-03-10,15.3,4.0,64.2,12.1
2023-03-11,15.7,0.0,55.7,15.4
2023-03-12,14.1,0.0,59.0,13.0
2023-03-13,17.0,0.0,59.1,11.3
2023-03-14,17.5,0.0,61.1,12.2
2023-03-15,16.7,0.0,64.6,11.8
2023-03-16,17.2,0.0,52.8,11.1
2023-03-17,20.9,0.0,56.0,11.1
2023-03-18,23.0,0.0,58.3,13.1
2023-03-19,23.3,0.0,56.2,11.4
2023-03-20,25.0,0.0,62.6,13.1
2023-03-21,22.9,0.0,62.8,14.5
2023-03-22,23.7,0.0,62.4,10.7
2023-03-23,24.7,0.0,60.4,13.0
2023-03-24,24.2,0.0,69.5,12.5
2023-03-25,25.7,0.0,64.1,13.2
2023-03-26,24.6,0.0,62.6,17.1
2023-03-27,26.3,11.9,67.0,11.9
2023-03-28,27.8,0.0,67.7,11.8
2023-03-29,22.2,0.0,65.3,12.1
2023-03-30,25.9,0.0,60.3,10.9
2023-03-31,20.5,0.0,73.7,16.0
2023-04-01,21.1,1.9,68.0,10.1
2023-04-02,24.9,0.0,59.7,11.1
2023-04-03,25.3,0.0,56.7,11.0
2023-04-04,23.4,0.0,69.5,10.6
2023-04-05,22.7,0.0,72.8,11.2
2023-04-06,26.4,5.1,70.2,10.8
2023-04-07,23.6,0.0,70.0,10.3
2023-04-08,27.5,0.0,70.4,11.3
2023-04-09,28.3,0.8,67.7,11.5
2023-04-10,26.7,0.0,59.3,18.7
2023-04-11,26.7,1.7,64.9,10.0
2023-04-12,25.9,0.0,72.2,11.8
2023-04-13,29.0,0.0,71.4,11.6
2023-04-14,31.4,0.0,67.8,12.9
2023-04-15,28.4,2.3,66.8,12.4
2023-04-16,28.7,2.2,70.7,9.2
2023-04-17,28.1,0.0,67.8,10.3
2023-04-18,31.9,0.0,69.3,9.5
2023-04-19,29.8,0.0,70.6,9.2
2023-04-20,34.0,0.0,66.3,10.1
2023-04-21,34.2,0.0,74.4,11.3
2023-04-22,32.1,0.0,69.8,14.0
2023-04-23,31.5,0.0,73.3,10.4
2023-04-24,30.8,0.0,71.3,9.2
2023-04-25,29.3,0.0,78.9,10.5
2023-04-26,30.9,0.0,74.1,11.1
2023-04-27,29.6,0.0,73.7,13.0
2023-04-28,26.7,0.0,73.7,8.8
2023-04-29,28.1,0.0,82.4,8.5
2023-04-30,26.3,0.0,72.0,10.3
2023-05-01,27.1,0.0,73.2,9.7
2023-05-02,27.4,0.0,73.0,9.2
2023-05-03,27.8,0.0,62.9,9.5
2023-05-04,33.9,0.0,73.3,8.4
2023-05-05,34.9,0.0,78.1,7.9
2023-05-06,36.2,0.0,75.7,10.9
2023-05-07,33.2,7.7,82.8,10.6
2023-05-08,33.0,0.0,77.3,7.9
2023-05-09,34.7,12.3,79.1,9.0
2023-05-10,33.6,17.0,82.4,10.3
2023-05-11,36.6,0.0,75.6,9.9
2023-05-12,34.9,3.2,73.3,8.1
2023-05-13,35.3,0.1,73.4,9.2
2023-05-14,35.1,0.0,62.2,7.6
2023-05-15,36.5,0.0,82.2,10.5
2023-05-16,36.0,2.3,73.9,8.4
2023-05-17,36.4,4.3,70.3,9.0
2023-05-18,36.8,0.0,72.7,9.3
2023-05-19,36.2,0.0,83.3,8.2
2023-05-20,38.1,0.0,75.0,9.1
2023-05-21,39.2,0.0,76.0,10.2
2023-05-22,39.5,0.0,85.2,7.2
2023-05-23,39.0,0.0,79.0,10.7
2023-05-24,41.1,0.0,73.4,7.5
2023-05-25,40.8,0.0,66.4,8.9
2023-05-26,40.4,0.0,78.1,7.7
2023-05-27,40.9,0.0,71.6,8.5
2023-05-28,44.5,0.0,78.3,10.2
2023-05-29,41.4,0.0,74.7,7.9
2023-05-30,43.1,0.6,77.2,8.5
2023-05-31,39.2,0.0,79.5,10.9
2023-06-01,40.3,22.6,72.0,7.1
2023-06-02,43.9,0.0,75.6,6.6
2023-06-03,44.6,0.0,74.9,9.6
2023-06-04,44.5,0.0,76.4,7.3
2023-06-05,43.0,9.4,79.8,7.0
2023-06-06,43.1,6.4,77.3,9.9
2023-06-07,42.5,3.2,72.4,6.5
2023-06-08,41.0,0.0,69.2,8.1
2023-06-09,40.8,0.0,66.8,11.1
2023-06-10,41.6,0.0,75.3,6.0
2023-06-11,40.4,0.0,77.3,11.1
2023-06-12,39.3,0.0,72.9,6.6
2023-06-13,37.3,0.0,78.7,6.6
2023-06-14,39.2,14.4,77.5,5.6
2023-06-15,41.1,8.3,76.0,7.4
2023-06-16,41.9,31.0,74.8,5.8
2023-06-17,44.1,0.0,72.0,7.8
2023-06-18,44.1,0.0,78.7,6.6
2023-06-19,44.6,0.0,81.0,7.1
2023-06-20,44.9,0.0,72.9,7.9
2023-06-21,44.4,0.0,78.1,11.7
2023-06-22,43.0,7.7,82.6,6.6
2023-06-23,47.4,18.5,73.4,7.5
2023-06-24,45.6,0.0,74.9,7.2
2023-06-25,43.7,0.0,74.2,6.9
2023-06-26,44.4,0.0,78.4,5.1
2023-06-27,44.6,188.9,98.7,13.1
2023-06-28,41.4,0.0,74.3,5.1
2023-06-29,43.9,0.0,71.3,9.7
2023-06-30,43.4,0.0,74.6,9.8
2023-07-01,41.0,42.3,88.9,7.5
2023-07-02,43.7,0.0,79.5,8.3
2023-07-03,44.6,0.0,78.1,4.9
2023-07-04,41.6,0.0,66.8,7.1
2023-07-05,45.3,0.0,69.2,5.4
2023-07-06,46.0,0.0,76.4,5.0
2023-07-07,45.1,0.0,74.2,8.1
2023-07-08,47.6,0.0,69.6,7.0
2023-07-09,46.8,38.0,75.6,4.8
2023-07-10,45.7,4.6,52.1,9.0
2023-07-11,43.5,8.6,64.4,5.8
2023-07-12,44.2,0.0,68.5,7.3
2023-07-13,44.6,39.7,78.3,5.3
2023-07-14,43.9,41.1,81.9,6.3
2023-07-15,41.7,0.0,72.4,7.4
2023-07-16,41.8,0.0,80.4,6.2
2023-07-17,41.4,6.1,66.5,6.8
2023-07-18,38.5,4.7,60.0,5.6
2023-07-19,35.9,0.0,63.7,7.1
2023-07-20,37.9,26.3,83.1,6.5
2023-07-21,33.1,0.0,67.9,4.1
2023-07-22,34.8,0.0,72.6,5.8
2023-07-23,34.8,7.4,66.3,7.9
2023-07-24,38.4,0.0,64.5,4.2
2023-07-25,37.5,3.4,59.0,9.2
2023-07-26,39.1,0.0,64.8,4.3
2023-07-27,38.3,10.0,68.8,6.2
2023-07-28,38.6,30.5,77.9,10.0
2023-07-29,40.0,3.0,69.2,6.5
2023-07-30,38.7,0.0,75.3,7.4
2023-07-31,40.6,7.3,66.1,7.8
2023-08-01,38.0,25.3,72.3,6.8
2023-08-02,38.5,36.9,73.6,4.7
2023-08-03,40.1,0.0,60.6,5.4
2023-08-04,40.8,15.7,69.8,4.7
2023-08-05,43.8,0.0,62.1,9.6
2023-08-06,40.9,0.0,71.5,5.4
2023-08-07,37.2,0.0,58.9,8.1
2023-08-08,35.0,0.0,60.9,7.1
2023-08-09,36.5,51.9,69.0,6.1
2023-08-10,37.3,0.0,63.6,4.8
2023-08-11,37.1,0.0,55.0,5.0
2023-08-12,34.5,34.1,69.8,5.1
2023-08-13,36.1,0.0,55.1,4.6
2023-08-14,33.3,43.1,66.5,11.3
2023-08-15,35.8,0.0,56.4,7.1
2023-08-16,41.2,0.0,63.6,6.2
2023-08-17,40.5,0.0,59.1,4.3
2023-08-18,40.2,81.3,79.0,17.3
2023-08-19,37.8,0.0,61.7,5.8
2023-08-20,33.2,0.0,55.3,6.2
2023-08-21,31.9,15.7,52.3,6.2
2023-08-22,29.8,0.0,52.4,7.1
2023-08-23,27.4,0.0,56.1,4.7
2023-08-24,31.7,0.0,57.0,5.4
2023-08-25,32.2,0.0,59.7,7.0
2023-08-26,32.8,9.0,58.1,7.1
2023-08-27,31.8,18.7,66.0,6.5
2023-08-28,31.2,10.5,60.3,8.0
2023-08-29,33.0,7.5,50.3,5.8
2023-08-30,32.3,0.0,42.4,6.2
2023-08-31,32.9,0.0,49.8,8.1
2023-09-01,31.8,20.7,60.4,5.0
2023-09-02,30.6,0.0,56.0,10.3
2023-09-03,27.4,48.0,65.3,7.9
2023-09-04,23.7,22.5,59.7,5.7
2023-09-05,24.1,0.0,59.7,8.4
2023-09-06,25.0,0.0,52.8,5.3
2023-09-07,22.9,31.8,62.1,9.9
2023-09-08,23.7,0.0,60.1,5.0
2023-09-09,24.5,0.0,42.7,5.3
2023-09-10,20.6,14.1,63.5,5.7
2023-09-11,20.0,0.0,38.3,5.9
2023-09-12,22.0,0.0,46.6,7.3
2023-09-13,23.5,16.4,51.7,8.5
2023-09-14,21.6,0.0,41.9,5.4
2023-09-15,22.6,0.0,48.9,10.5
2023-09-16,25.1,0.0,49.1,7.9
2023-09-17,26.6,0.0,52.8,12.4
2023-09-18,25.9,0.0,52.3,7.0
2023-09-19,24.6,3.4,50.1,11.1
2023-09-20,23.1,29.7,61.1,13.0
2023-09-21,24.1,33.8,59.4,6.3
2023-09-22,24.3,58.7,60.5,6.3
2023-09-23,25.2,3.2,48.5,6.9
2023-09-24,24.9,0.0,43.6,6.9
2023-09-25,26.0,26.8,47.1,7.9
2023-09-26,25.3,50.4,60.9,7.0
2023-09-27,26.1,0.0,38.4,9.5
2023-09-28,26.9,12.1,47.7,8.8
2023-09-29,24.0,0.0,33.8,6.7
2023-09-30,19.7,0.0,45.3,7.6
2023-10-01,22.9,0.0,41.0,9.9
2023-10-02,22.8,9.3,49.6,8.6
2023-10-03,18.8,0.0,43.0,9.2
2023-10-04,17.5,1.5,43.5,7.0
2023-10-05,19.3,0.0,43.8,8.1
2023-10-06,18.7,0.0,40.2,6.8
2023-10-07,17.6,0.0,40.1,8.5
2023-10-08,20.5,0.0,39.9,8.0
2023-10-09,17.9,0.0,41.8,8.7
2023-10-10,16.2,20.0,44.4,7.3
2023-10-11,16.9,0.0,44.1,9.3
2023-10-12,17.7,0.0,32.8,10.7
2023-10-13,18.5,0.0,33.9,6.9
2023-10-14,19.9,0.0,50.6,7.2
2023-10-15,19.6,0.0,38.7,7.8
2023-10-16,19.8,0.0,35.6,8.3
2023-10-17,18.5,0.0,40.3,8.1
2023-10-18,18.0,0.0,44.0,7.6
2023-10-19,17.6,0.0,43.2,9.4
2023-10-20,17.5,0.0,36.0,9.4
2023-10-21,18.5,0.0,36.9,8.4
2023-10-22,18.8,0.0,37.6,9.9
2023-10-23,17.9,0.0,40.6,9.0
2023-10-24,15.5,0.0,39.1,13.5
2023-10-25,15.3,0.0,34.1,7.9
2023-10-26,14.8,0.0,35.9,8.4
2023-10-27,14.9,0.0,37.0,9.1
2023-10-28,18.9,7.5,47.4,11.9
2023-10-29,16.6,0.0,37.0,11.1
2023-10-30,16.6,0.0,54.3,10.6
2023-10-31,17.9,0.0,36.2,8.4
2023-11-01,16.9,0.0,29.0,9.0
2023-11-02,20.6,0.0,39.0,9.7
2023-11-03,18.0,0.0,42.3,11.9
2023-11-04,17.4,0.0,39.3,9.9
2023-11-05,14.5,0.0,37.8,11.2
2023-11-06,13.1,0.0,34.7,11.0
2023-11-07,13.2,0.0,35.1,11.4
2023-11-08,14.3,0.0,24.7,9.4
2023-11-09,14.2,0.0,40.6,11.9
2023-11-10,15.9,1.6,34.6,11.4
2023-11-11,14.6,0.0,41.8,14.4
2023-11-12,13.0,0.0,33.3,10.0
2023-11-13,17.7,2.3,36.1,11.0
2023-11-14,16.9,0.0,42.0,9.4
2023-11-15,14.0,0.0,42.3,9.3
2023-11-16,11.6,0.0,39.8,15.4
2023-11-17,9.2,0.0,26.1,11.6
2023-11-18,11.1,0.0,29.0,9.5
2023-11-19,9.9,0.0,38.8,12.0
2023-11-20,9.9,0.0,31.8,10.6
2023-11-21,9.5,0.0,35.6,12.3
2023-11-22,10.8,0.0,36.2,12.9
2023-11-23,8.6,0.0,36.4,11.8
2023-11-24,6.3,0.0,29.8,11.0
2023-11-25,7.1,0.0,40.2,11.5
2023-11-26,8.5,0.0,32.4,12.7
2023-11-27,9.1,0.0,38.0,13.1
2023-11-28,7.2,0.0,34.0,10.7
2023-11-29,8.6,0.0,44.6,10.3
2023-11-30,6.9,22.7,47.9,10.5
2023-12-01,6.0,11.2,48.5,11.5
2023-12-02,4.4,0.0,43.3,13.3
2023-12-03,7.6,0.0,34.4,11.7
2023-12-04,8.8,0.0,32.4,10.7
2023-12-05,9.7,8.0,31.4,12.5
2023-12-06,11.7,0.0,36.4,12.0
2023-12-07,16.4,0.0,35.3,13.8
2023-12-08,11.1,0.0,35.0,11.1
2023-12-09,8.8,0.0,31.1,12.9
2023-12-10,7.3,0.0,37.1,12.7
2023-12-11,5.5,0.0,33.5,13.4
2023-12-12,3.6,0.0,33.0,14.4
2023-12-13,3.7,0.0,36.3,10.9
2023-12-14,1.9,0.0,35.2,11.7
2023-12-15,3.6,0.0,28.6,12.3
2023-12-16,4.4,0.0,31.8,11.8
2023-12-17,5.9,0.0,38.5,12.9
2023-12-18,7.1,0.0,35.7,12.5
2023-12-19,8.3,0.0,26.4,11.4
2023-12-20,7.3,0.0,39.7,13.9
2023-12-21,11.5,0.0,36.1,11.7
2023-12-22,11.0,0.0,31.1,13.2
2023-12-23,6.5,0.0,33.2,11.7
2023-12-24,4.6,5.7,39.0,13.2
2023-12-25,1.7,0.0,25.8,12.8
2023-12-26,2.8,0.0,39.1,13.0
2023-12-27,3.5,0.0,42.1,13.5
2023-12-28,3.3,0.0,41.8,14.9
2023-12-29,8.1,0.0,43.3,12.5
2023-12-30,9.1,0.8,34.0,11.8
2023-12-31,10.3,0.0,43.0,12.9
2024-01-01,7.9,7.4,41.2,15.1
2024-01-02,5.8,0.0,34.0,11.6
2024-01-03,6.3,0.0,40.7,12.0
2024-01-04,7.0,0.0,40.8,13.1
2024-01-05,3.5,0.0,46.5,15.5
2024-01-06,4.1,0.0,45.0,12.7
2024-01-07,4.9,0.0,35.7,13.1
2024-01-08,5.2,20.0,46.1,12.6
2024-01-09,4.2,0.0,41.3,12.9
2024-01-10,4.0,0.0,41.1,14.8
2024-01-11,4.6,0.0,38.5,15.2
2024-01-12,5.7,2.1,49.6,15.0
2024-01-13,7.5,3.2,38.2,14.6
2024-01-14,10.0,0.0,49.1,12.4
2024-01-15,9.3,0.0,33.9,17.6
2024-01-16,8.4,0.0,39.4,17.2
2024-01-17,9.5,0.0,45.3,13.4
2024-01-18,10.8,0.0,36.5,15.6
2024-01-19,9.8,0.0,38.4,12.0
2024-01-20,11.4,0.0,45.0,16.0
2024-01-21,13.2,0.0,33.9,13.9
2024-01-22,15.2,0.0,48.4,12.6
2024-01-23,17.9,0.0,50.5,16.1
2024-01-24,14.8,0.0,51.0,12.1
2024-01-25,14.1,0.0,45.3,15.1
2024-01-26,13.5,0.0,41.8,16.1
2024-01-27,12.9,0.0,42.4,16.7
2024-01-28,11.4,0.0,46.0,12.1
2024-01-29,8.5,0.0,45.5,12.3
2024-01-30,9.4,0.0,43.2,12.3
2024-01-31,8.5,0.0,53.3,14.9
2024-02-01,9.5,0.0,44.5,17.5
2024-02-02,8.6,0.0,53.2,14.4
2024-02-03,7.3,0.0,46.8,13.0
2024-02-04,8.9,2.8,47.5,17.1
2024-02-05,10.2,0.0,49.6,17.2
2024-02-06,12.0,0.0,49.8,17.9
2024-02-07,16.8,10.2,49.4,12.6
2024-02-08,16.8,16.5,54.9,12.4
2024-02-09,17.4,0.0,51.7,12.2
2024-02-10,14.7,0.0,56.8,12.3
2024-02-11,12.2,0.0,49.3,12.1
2024-02-12,16.0,4.6,46.5,15.6
2024-02-13,14.0,0.0,46.2,14.3
2024-02-14,12.3,0.0,61.7,24.6
2024-02-15,13.0,0.0,40.8,13.5
2024-02-16,13.5,0.0,44.6,13.7
2024-02-17,12.3,0.0,51.0,16.0
2024-02-18,12.6,2.5,48.8,12.9
2024-02-19,16.0,0.0,55.7,12.4
2024-02-20,14.7,0.0,55.6,14.0
2024-02-21,12.5,0.0,49.6,13.3
2024-02-22,15.5,0.0,60.1,13.9
2024-02-23,17.0,0.0,47.4,17.6
2024-02-24,16.1,0.0,49.6,12.4
2024-02-25,13.5,0.0,61.5,12.5
2024-02-26,13.2,0.0,47.4,17.7
2024-02-27,14.3,1.5,56.4,12.7
2024-02-28,17.7,0.0,62.5,12.4
2024-02-29,16.1,0.0,42.0,13.7
2024-03-01,16.8,0.0,53.7,12.4
2024-03-02,18.9,0.0,60.4,13.4
2024-03-03,14.6,0.0,54.7,12.2
2024-03-04,18.0,0.0,56.7,15.2
2024-03-05,16.4,0.0,57.7,12.4
2024-03-06,18.1,9.0,60.9,14.9
2024-03-07,19.4,0.0,53.4,14.8
2024-03-08,22.2,0.0,61.6,12.9
2024-03-09,23.4,0.0,59.4,12.0
2024-03-10,18.6,0.0,52.7,17.0
2024-03-11,18.0,0.0,56.4,12.5
2024-03-12,19.4,0.0,52.0,13.0
2024-03-13,20.0,0.0,60.5,11.6
2024-03-14,21.8,0.0,62.2,13.1
2024-03-15,24.0,0.0,61.2,12.6
2024-03-16,25.4,0.0,63.2,15.8
2024-03-17,24.9,5.8,62.9,13.2
2024-03-18,21.4,0.0,64.9,12.6
2024-03-19,21.4,0.0,60.8,11.1
2024-03-20,23.2,0.0,65.3,13.4
2024-03-21,21.7,4.4,56.7,16.6
2024-03-22,24.0,0.0,55.4,20.3
2024-03-23,26.4,0.0,63.1,11.5
2024-03-24,26.9,0.0,66.5,14.1
2024-03-25,20.9,0.0,62.0,14.2
2024-03-26,19.8,0.9,67.1,14.2
2024-03-27,25.3,0.0,65.5,13.6
2024-03-28,24.9,0.0,54.0,12.7
2024-03-29,21.7,0.0,76.2,13.3
2024-03-30,25.7,0.0,58.6,13.2
2024-03-31,26.5,0.0,60.4,13.9
2024-04-01,29.4,0.0,71.2,15.1
2024-04-02,30.1,0.0,65.9,14.1
2024-04-03,31.1,1.6,62.6,10.9
2024-04-04,31.8,0.0,64.0,10.2
2024-04-05,33.0,0.0,62.2,11.5
2024-04-06,37.3,0.0,62.9,10.5
2024-04-07,38.1,0.0,71.1,14.5
2024-04-08,33.7,0.0,65.0,11.3
2024-04-09,34.3,0.0,62.4,14.1
2024-04-10,36.2,0.0,64.2,10.4
2024-04-11,38.0,0.0,67.5,10.3
2024-04-12,36.1,11.1,67.5,12.6
2024-04-13,37.9,0.0,67.2,10.3
2024-04-14,38.9,0.0,70.7,9.5
2024-04-15,43.1,0.0,66.8,12.9
2024-04-16,39.8,0.0,65.2,11.0
2024-04-17,37.7,0.0,66.2,10.6
2024-04-18,36.5,0.0,76.9,10.3
2024-04-19,35.2,0.0,81.0,9.8
2024-04-20,33.4,0.0,70.6,10.9
2024-04-21,28.3,0.0,74.2,12.4
2024-04-22,28.9,0.0,66.1,10.2
2024-04-23,31.1,0.0,68.1,8.9
2024-04-24,31.1,0.0,73.5,10.2
2024-04-25,36.1,0.0,59.6,10.9
2024-04-26,36.2,0.0,75.5,9.7
2024-04-27,38.9,5.6,70.4,14.1
2024-04-28,39.1,0.0,66.6,10.1
2024-04-29,40.4,0.0,74.1,12.1
2024-04-30,40.4,0.0,79.6,9.0
2024-05-01,42.6,0.0,71.0,11.2
2024-05-02,41.8,0.0,74.1,8.7
2024-05-03,42.1,8.1,77.1,11.1
2024-05-04,42.1,0.0,74.2,9.2
2024-05-05,40.9,0.0,68.2,8.1
2024-05-06,41.3,0.0,74.4,8.8
2024-05-07,45.3,0.0,74.3,8.2
2024-05-08,43.6,0.0,59.9,8.8
2024-05-09,43.6,0.0,78.0,7.8
2024-05-10,45.3,0.0,66.3,7.7
2024-05-11,46.5,14.4,78.2,7.9
2024-05-12,45.2,0.0,81.6,7.4
2024-05-13,39.4,0.0,72.9,11.6
2024-05-14,40.7,0.0,69.0,8.8
2024-05-15,36.2,0.0,77.1,8.9
2024-05-16,40.0,0.0,81.4,8.3
2024-05-17,40.5,0.0,68.9,7.4
2024-05-18,42.6,0.0,62.8,9.4
2024-05-19,40.5,0.0,80.5,9.0
2024-05-20,37.5,0.0,79.0,7.2
2024-05-21,38.8,0.0,76.7,10.0
2024-05-22,39.3,0.0,65.8,7.0
2024-05-23,38.8,0.0,77.8,8.4
2024-05-24,39.5,0.0,80.1,10.2
2024-05-25,45.5,0.0,85.7,11.4
2024-05-26,46.5,0.0,73.5,7.7
2024-05-27,47.7,0.0,75.8,7.0
2024-05-28,48.3,0.0,64.2,6.4
2024-05-29,50.0,0.0,79.8,7.3
2024-05-30,48.1,0.0,79.7,7.2
2024-05-31,42.9,0.0,77.0,10.0
2024-06-01,42.4,0.0,80.9,7.8
2024-06-02,44.1,28.2,78.1,6.3
2024-06-03,41.9,0.0,73.9,9.1
2024-06-04,41.7,96.3,98.1,22.6
2024-06-05,40.5,15.4,84.2,7.8
2024-06-06,44.0,0.0,80.5,9.0
2024-06-07,45.3,0.0,76.4,7.3
2024-06-08,46.1,0.0,76.1,8.7
2024-06-09,46.7,14.5,81.1,6.5
2024-06-10,45.9,14.9,76.7,10.6
2024-06-11,45.7,0.0,81.4,5.8
2024-06-12,42.8,0.0,72.3,15.6
2024-06-13,38.5,0.0,76.6,12.3
2024-06-14,39.7,0.0,71.4,10.6
2024-06-15,41.0,0.0,79.0,5.9
2024-06-16,43.8,0.0,73.7,6.4
2024-06-17,46.8,25.1,90.7,6.1
2024-06-18,49.2,0.0,73.3,5.8
2024-06-19,46.0,0.0,78.5,6.0
2024-06-20,44.7,0.0,70.6,7.7
2024-06-21,45.3,28.1,79.1,6.2
2024-06-22,49.9,0.0,73.3,5.4
2024-06-23,50.0,6.6,76.8,5.0
2024-06-24,50.0,0.0,69.5,8.4
2024-06-25,49.4,0.0,70.2,6.8
2024-06-26,46.3,0.0,73.4,6.5
2024-06-27,47.1,5.5,76.1,4.7
2024-06-28,44.0,4.0,73.4,5.2
2024-06-29,43.3,0.0,71.5,6.4
2024-06-30,42.9,0.0,65.6,7.1
2024-07-01,46.0,0.0,74.6,4.5
2024-07-02,44.5,4.8,77.3,6.2
2024-07-03,39.2,0.0,76.5,6.7
2024-07-04,40.8,0.0,72.3,5.1
2024-07-05,39.6,1.3,68.6,8.7
2024-07-06,40.2,35.7,78.4,4.8
2024-07-07,40.3,0.0,71.7,6.6
2024-07-08,40.0,11.1,73.4,5.4
2024-07-09,41.9,0.0,66.3,7.1
2024-07-10,38.8,0.0,61.9,6.0
2024-07-11,38.2,0.0,67.3,8.2
2024-07-12,40.2,12.9,71.7,4.8
2024-07-13,39.1,0.0,71.1,5.3
2024-07-14,36.3,0.0,67.3,7.0
2024-07-15,38.5,0.0,67.9,6.1
2024-07-16,41.2,0.0,69.4,7.0
2024-07-17,40.9,0.0,76.4,7.4
2024-07-18,36.9,0.0,67.5,7.3
2024-07-19,38.9,0.0,60.4,6.3
2024-07-20,35.8,0.0,64.4,7.3
2024-07-21,37.2,41.5,87.0,5.6
2024-07-22,35.9,16.3,78.5,6.7
2024-07-23,34.3,0.0,71.7,4.5
2024-07-24,34.4,36.7,79.4,6.0
2024-07-25,34.9,0.0,70.0,6.1
2024-07-26,34.4,0.0,65.0,9.7
2024-07-27,36.4,10.5,72.9,5.4
2024-07-28,35.9,5.1,71.4,4.4
2024-07-29,38.3,0.0,69.5,4.3
2024-07-30,38.8,20.4,67.1,9.7
2024-07-31,37.2,0.0,63.1,8.8
2024-08-01,35.5,0.0,61.2,6.4
2024-08-02,32.6,0.0,69.1,4.2
2024-08-03,34.1,0.0,65.3,6.4
2024-08-04,33.9,0.0,65.5,6.6
2024-08-05,29.7,3.1,66.9,5.8
2024-08-06,30.0,77.5,75.2,25.7
2024-08-07,29.4,10.3,69.5,5.3
2024-08-08,33.8,0.0,59.5,4.3
2024-08-09,30.8,8.6,61.8,7.6
2024-08-10,28.8,52.7,70.6,6.4
2024-08-11,32.3,13.5,65.0,8.9
2024-08-12,35.5,0.0,60.6,7.2
2024-08-13,33.8,0.8,53.8,4.9
2024-08-14,32.7,0.0,51.3,4.3
2024-08-15,34.2,22.9,64.6,6.6
2024-08-16,29.4,0.0,63.7,6.0
2024-08-17,26.5,38.8,72.6,6.1
2024-08-18,27.3,0.0,63.9,6.5
2024-08-19,31.5,28.4,64.7,4.4
2024-08-20,30.9,0.0,56.5,5.8
2024-08-21,31.4,0.0,57.4,5.0
2024-08-22,33.8,16.3,65.7,6.3
2024-08-23,37.6,0.0,65.3,5.1
2024-08-24,35.3,7.1,56.4,5.6
2024-08-25,34.4,0.0,55.2,5.5
2024-08-26,37.4,0.0,56.4,5.6
2024-08-27,33.0,22.7,60.2,7.8
2024-08-28,34.5,5.5,54.0,5.6
2024-08-29,31.6,19.6,59.4,8.1
2024-08-30,31.4,0.0,50.9,4.6
2024-08-31,30.5,6.3,59.7,5.4
2024-09-01,28.4,0.0,61.5,4.7
2024-09-02,26.5,19.2,57.2,7.6
2024-09-03,27.5,0.0,61.8,6.3
2024-09-04,29.6,87.4,74.4,20.2
2024-09-05,29.0,0.0,49.3,5.7
2024-09-06,28.9,46.1,67.4,8.2
2024-09-07,29.7,11.6,50.4,7.0
2024-09-08,27.2,5.8,56.3,5.9
2024-09-09,28.6,0.0,52.7,12.3
2024-09-10,29.8,5.2,50.4,6.2
2024-09-11,34.3,0.0,48.2,5.3
2024-09-12,31.8,0.0,46.0,9.1
2024-09-13,29.6,10.9,57.9,6.1
2024-09-14,30.3,17.2,52.9,5.8
2024-09-15,30.8,3.2,51.8,8.1
2024-09-16,28.5,13.9,52.5,7.6
2024-09-17,26.8,0.0,47.7,6.2
2024-09-18,27.3,0.0,50.0,6.2
2024-09-19,24.9,2.8,51.3,8.7
2024-09-20,23.8,34.2,57.0,7.3
2024-09-21,23.8,0.0,46.5,8.8
2024-09-22,25.6,3.0,42.4,7.1
2024-09-23,23.7,0.0,43.8,6.2
2024-09-24,19.7,0.0,45.0,8.0
2024-09-25,16.3,0.0,46.3,8.4
2024-09-26,14.8,0.0,37.2,7.1
2024-09-27,13.4,0.0,48.7,7.4
2024-09-28,14.6,0.0,46.9,6.6
2024-09-29,13.4,0.0,42.1,6.3
2024-09-30,13.4,0.0,40.1,9.0
2024-10-01,13.1,0.0,41.0,6.6
2024-10-02,13.6,0.0,37.5,8.4
2024-10-03,17.4,0.0,42.1,9.7
2024-10-04,19.0,0.0,42.6,8.9
2024-10-05,19.0,0.0,47.8,9.5
2024-10-06,18.0,0.0,45.3,10.8
2024-10-07,17.2,0.0,48.9,6.7
2024-10-08,18.0,0.0,43.0,9.2
2024-10-09,19.1,0.0,37.6,8.5
2024-10-10,16.9,0.0,50.6,8.6
2024-10-11,17.0,0.0,40.0,9.4
2024-10-12,12.9,0.0,33.7,7.2
2024-10-13,14.0,0.0,42.2,11.7
2024-10-14,16.0,0.0,32.9,9.3
2024-10-15,15.4,0.0,40.2,7.2
2024-10-16,19.1,0.0,38.0,9.9
2024-10-17,16.6,0.0,42.8,7.3
2024-10-18,16.8,0.0,44.7,10.7
2024-10-19,16.3,0.0,38.1,10.7
2024-10-20,15.8,0.0,37.5,7.8
2024-10-21,15.3,0.0,43.1,7.6
2024-10-22,15.3,0.0,35.2,10.0
2024-10-23,16.7,12.2,42.2,7.7
2024-10-24,18.8,2.5,42.0,8.9
2024-10-25,17.7,0.0,34.5,13.1
2024-10-26,18.5,3.2,37.6,9.2
2024-10-27,16.0,20.4,43.7,11.2
2024-10-28,16.8,0.0,44.6,12.4
2024-10-29,14.4,0.0,31.7,12.0
2024-10-30,16.2,0.0,36.8,10.0
2024-10-31,19.8,0.0,44.2,8.8
2024-11-01,17.9,0.0,42.1,12.7
2024-11-02,12.3,0.6,35.8,12.7
2024-11-03,11.0,0.0,36.6,9.9
2024-11-04,13.5,0.0,39.1,9.4
2024-11-05,14.1,0.0,39.0,11.2
2024-11-06,14.0,0.0,43.4,8.8
2024-11-07,15.3,0.0,42.0,9.9
2024-11-08,15.3,0.0,29.4,14.8
2024-11-09,16.7,0.0,28.2,8.9
2024-11-10,17.2,0.0,33.3,9.6
2024-11-11,18.8,0.0,26.7,10.4
2024-11-12,17.7,0.0,42.4,9.3
2024-11-13,17.9,0.0,28.3,10.2
2024-11-14,15.6,0.0,34.1,10.7
2024-11-15,13.1,0.0,31.2,11.3
2024-11-16,15.7,20.1,32.6,11.3
2024-11-17,14.8,0.0,41.3,10.4
2024-11-18,15.2,0.0,32.5,12.6
2024-11-19,14.2,0.0,44.8,11.0
2024-11-20,11.9,0.0,42.3,9.7
2024-11-21,11.2,0.0,35.2,17.9
2024-11-22,13.5,3.4,25.5,11.7
2024-11-23,13.6,0.0,33.4,10.1
2024-11-24,9.0,2.4,47.1,12.3
2024-11-25,8.4,0.0,37.2,11.6
2024-11-26,11.9,0.0,34.2,10.5
2024-11-27,10.6,0.0,32.0,16.3
2024-11-28,6.4,0.0,39.4,10.0
2024-11-29,10.5,0.0,36.8,11.1
2024-11-30,11.2,0.0,36.4,12.0
2024-12-01,10.3,0.0,40.7,11.6
2024-12-02,9.0,0.0,40.4,10.8
2024-12-03,10.8,0.0,37.2,17.6
2024-12-04,9.0,0.0,27.1,10.4
2024-12-05,11.0,0.0,30.2,13.4
2024-12-06,11.3,0.7,32.2,10.5
2024-12-07,10.9,6.4,36.6,11.5
2024-12-08,10.5,0.0,42.7,11.7
2024-12-09,9.4,0.0,45.6,12.6
2024-12-10,11.0,14.0,40.8,11.1
2024-12-11,8.5,0.0,38.2,15.9
2024-12-12,4.9,0.0,28.0,11.6
2024-12-13,6.6,0.0,33.5,11.3
2024-12-14,7.9,5.3,34.3,12.1
2024-12-15,8.7,0.0,32.6,14.1
2024-12-16,9.1,6.2,40.3,12.7
2024-12-17,8.1,0.0,33.7,15.4
2024-12-18,9.4,2.1,27.1,13.1
2024-12-19,8.8,0.0,40.4,13.3
2024-12-20,7.5,0.0,42.3,15.9
2024-12-21,6.8,4.1,38.9,13.5
2024-12-22,10.9,0.0,35.7,11.8
2024-12-23,6.7,0.0,32.2,13.4
2024-12-24,7.8,0.0,32.7,12.9
2024-12-25,4.3,0.0,42.4,12.2
2024-12-26,4.7,0.0,33.4,13.9
2024-12-27,4.3,0.0,47.4,13.1
2024-12-28,0.8,0.0,42.2,12.6
2024-12-29,2.9,0.0,39.3,11.7
2024-12-30,3.1,0.0,51.4,14.7
2024-12-31,-0.2,0.0,44.4,16.6
2025-01-01,3.0,9.6,38.3,13.1
2025-01-02,6.8,0.0,33.1,13.1
2025-01-03,10.0,0.3,36.3,12.9
2025-01-04,10.3,0.0,38.1,13.8
2025-01-05,9.9,0.0,35.0,13.6
2025-01-06,12.2,0.0,33.4,16.3
2025-01-07,14.8,4.3,41.4,15.1
2025-01-08,15.8,0.0,43.8,12.8
2025-01-09,12.4,0.0,48.9,11.9
2025-01-10,12.1,0.0,40.2,15.1
2025-01-11,12.3,0.0,43.1,15.0
2025-01-12,8.0,0.2,31.1,12.0
2025-01-13,9.1,0.8,45.0,13.2
2025-01-14,13.7,0.0,35.7,13.9
2025-01-15,14.1,0.0,42.5,12.1
2025-01-16,16.1,0.0,41.0,12.9
2025-01-17,15.2,0.0,40.3,12.1
2025-01-18,14.0,0.0,34.3,13.6
2025-01-19,13.9,0.0,38.2,12.7
2025-01-20,11.6,0.0,37.5,14.9
2025-01-21,9.4,0.0,39.6,15.4
2025-01-22,12.1,3.8,49.7,20.3
2025-01-23,14.6,0.0,41.3,14.9
2025-01-24,11.9,0.0,40.0,16.6
2025-01-25,13.7,0.0,46.9,13.3
2025-01-26,13.0,0.0,45.6,13.2
2025-01-27,13.4,0.0,54.4,13.7
2025-01-28,14.0,0.0,49.6,13.0
2025-01-29,15.6,0.0,34.9,15.0
2025-01-30,15.0,0.0,49.2,12.7
2025-01-31,17.3,0.0,48.9,12.7
2025-02-01,17.0,1.7,54.4,12.6
2025-02-02,17.4,0.0,45.0,14.6
2025-02-03,14.9,0.0,51.8,12.7
2025-02-04,18.9,0.0,44.9,12.7
2025-02-05,18.7,0.0,48.4,12.7
2025-02-06,19.2,0.0,42.0,12.1
2025-02-07,14.9,0.0,40.7,13.1
2025-02-08,13.1,16.6,56.4,15.0
2025-02-09,15.9,0.0,48.3,14.7
2025-02-10,16.2,0.0,42.2,14.8
2025-02-11,12.2,0.4,53.1,15.3
2025-02-12,14.9,0.0,35.6,15.0
2025-02-13,13.9,0.0,45.5,13.2
2025-02-14,17.1,0.4,41.7,15.0
2025-02-15,16.7,0.0,56.2,12.4
2025-02-16,17.1,0.0,48.4,13.8
2025-02-17,19.3,0.0,51.3,12.4
2025-02-18,17.1,0.0,52.8,12.8
2025-02-19,15.1,0.0,55.6,16.6
2025-02-20,15.2,0.0,55.4,13.1
2025-02-21,17.3,0.0,56.3,12.7
2025-02-22,14.8,0.0,51.3,15.4
2025-02-23,12.2,0.0,57.2,12.6
2025-02-24,15.1,0.0,50.0,14.3
2025-02-25,14.7,0.0,51.6,13.8
2025-02-26,14.8,0.0,46.3,13.2
2025-02-27,12.0,9.8,65.1,12.4
2025-02-28,12.2,0.0,49.7,17.4
2025-03-01,13.8,0.0,62.1,12.5
2025-03-02,17.0,0.0,58.0,16.5
2025-03-03,16.2,1.6,57.1,14.3
2025-03-04,20.4,0.0,57.9,15.1
2025-03-05,19.2,0.0,51.0,13.5
2025-03-06,18.3,0.0,64.7,17.3
2025-03-07,22.1,1.8,55.7,18.5
2025-03-08,22.6,4.1,63.5,12.7
2025-03-09,21.5,0.0,55.0,12.2
2025-03-10,21.4,0.0,50.9,13.1
2025-03-11,24.5,0.0,68.3,12.5
2025-03-12,27.2,0.0,55.7,15.5
2025-03-13,24.9,0.0,61.4,14.0
2025-03-14,24.6,0.0,44.3,11.5
2025-03-15,24.8,0.0,59.4,11.4
2025-03-16,22.8,0.0,63.1,13.1
2025-03-17,23.1,0.0,61.2,15.2
2025-03-18,23.6,0.0,60.3,11.6
2025-03-19,26.2,0.0,60.0,13.5
2025-03-20,28.6,0.0,65.8,14.1
2025-03-21,27.5,0.0,55.3,13.5
2025-03-22,26.9,8.5,63.0,11.0
2025-03-23,28.2,9.4,71.9,11.8
2025-03-24,26.8,0.0,55.3,11.7
2025-03-25,28.1,0.0,62.5,13.8
2025-03-26,27.9,0.0,57.8,11.5
2025-03-27,26.0,0.0,65.2,10.8
2025-03-28,24.6,0.0,64.1,13.5
2025-03-29,28.3,0.0,59.6,10.9
2025-03-30,28.1,0.0,64.7,10.4
2025-03-31,31.6,12.0,68.2,11.3
2025-04-01,30.2,0.0,62.1,10.3
2025-04-02,30.7,0.0,63.4,10.1
2025-04-03,35.4,0.0,62.5,9.9
2025-04-04,32.3,0.0,54.6,12.4
2025-04-05,28.2,0.0,71.0,11.6
2025-04-06,31.4,0.0,72.6,17.9
2025-04-07,29.7,0.0,58.1,10.7
2025-04-08,30.1,0.0,73.2,15.0
2025-04-09,29.3,0.0,69.4,12.2
2025-04-10,30.4,0.0,62.2,10.5
2025-04-11,28.9,0.0,66.9,10.0
2025-04-12,29.3,0.0,64.7,11.6
2025-04-13,31.0,6.0,74.6,9.9
2025-04-14,29.4,0.0,64.2,11.4
2025-04-15,28.9,0.0,79.6,9.8
2025-04-16,29.2,0.0,75.0,9.5
2025-04-17,27.3,0.0,63.3,9.1
2025-04-18,27.9,0.0,77.9,11.0
2025-04-19,29.5,0.0,73.6,10.5
2025-04-20,29.8,0.0,69.4,9.2
2025-04-21,30.3,0.0,73.8,10.2
2025-04-22,31.3,0.0,75.2,8.9
2025-04-23,30.9,0.0,67.0,10.4
2025-04-24,33.3,12.3,78.3,10.1
2025-04-25,36.8,0.0,69.1,11.5
2025-04-26,35.8,0.0,75.5,8.6
2025-04-27,36.9,0.0,70.9,8.4
2025-04-28,36.5,0.0,66.8,13.4
2025-04-29,37.3,3.5,76.0,10.6
2025-04-30,40.5,0.0,70.3,9.0
2025-05-01,40.9,0.0,73.1,12.8
2025-05-02,36.8,0.0,74.6,16.0
2025-05-03,37.9,0.0,80.0,10.4
2025-05-04,40.5,0.0,70.7,9.4
2025-05-05,39.6,0.0,68.8,8.2
2025-05-06,41.4,0.0,81.4,8.9
2025-05-07,39.5,0.0,73.3,8.0
2025-05-08,36.5,0.0,70.7,10.1
2025-05-09,37.3,0.0,75.4,17.4
2025-05-10,34.2,0.0,72.0,10.2
2025-05-11,34.8,0.0,72.5,12.2
2025-05-12,38.4,0.0,86.8,8.8
2025-05-13,34.9,0.0,69.1,9.7
2025-05-14,33.4,0.0,66.9,8.4
2025-05-15,32.7,6.4,82.0,7.3
2025-05-16,34.2,0.0,72.4,7.1
2025-05-17,34.7,0.4,76.1,16.2
2025-05-18,38.7,0.5,77.8,7.8
2025-05-19,41.1,0.0,65.8,8.3
2025-05-20,42.1,0.0,80.3,6.8
2025-05-21,42.2,0.0,71.9,8.0
2025-05-22,42.8,0.0,84.2,9.9
2025-05-23,40.8,0.0,70.8,9.6
2025-05-24,42.7,0.0,82.7,8.3
2025-05-25,40.3,0.0,83.6,9.8
2025-05-26,42.3,0.0,72.5,7.3
2025-05-27,44.6,0.0,74.0,11.2
2025-05-28,44.5,0.0,73.4,18.4
2025-05-29,43.7,0.0,82.6,10.5
2025-05-30,44.2,0.0,75.9,7.6
2025-05-31,38.1,0.0,77.7,6.8
2025-06-01,39.6,0.0,74.3,6.4
2025-06-02,39.9,0.0,77.4,7.7
2025-06-03,40.4,0.0,77.7,6.3
2025-06-04,42.2,0.0,72.0,8.0
2025-06-05,42.2,7.8,85.7,7.3
2025-06-06,40.0,0.0,73.9,6.5
2025-06-07,40.3,15.5,83.9,7.6
2025-06-08,40.9,0.0,68.5,7.7
2025-06-09,41.6,4.4,79.3,8.3
2025-06-10,42.2,23.7,86.0,7.2
2025-06-11,44.4,1.0,76.2,8.0
2025-06-12,42.0,0.0,80.0,10.0
2025-06-13,42.5,0.0,71.0,5.8
2025-06-14,45.2,17.8,81.3,5.7
2025-06-15,41.3,32.3,74.8,8.5
2025-06-16,42.0,36.9,84.2,6.1
2025-06-17,41.1,0.0,70.2,9.9
2025-06-18,40.7,0.0,73.7,9.0
2025-06-19,39.4,7.7,82.8,9.9
2025-06-20,39.8,0.0,82.5,5.2
2025-06-21,44.1,0.0,67.3,6.5
2025-06-22,41.3,0.0,79.8,7.5
2025-06-23,39.3,0.0,80.5,5.4
2025-06-24,37.4,0.0,75.0,6.3
2025-06-25,42.0,0.0,80.0,7.1
2025-06-26,41.2,21.2,76.3,5.6
2025-06-27,41.5,45.8,81.8,5.3
2025-06-28,40.9,19.6,75.1,5.9
2025-06-29,39.4,9.4,78.5,9.7
2025-06-30,39.5,18.6,76.6,7.3
2025-07-01,45.0,0.0,68.7,6.6
2025-07-02,47.3,0.0,68.7,8.2
2025-07-03,44.6,2.3,72.5,6.1
2025-07-04,45.4,4.4,68.6,5.5
2025-07-05,43.1,0.0,74.9,5.0
2025-07-06,39.3,0.0,77.3,5.8
2025-07-07,41.9,6.2,77.6,7.5
2025-07-08,44.2,0.0,85.5,4.4
2025-07-09,45.8,5.6,74.2,5.4
2025-07-10,44.0,22.4,84.6,5.8
2025-07-11,43.2,0.0,71.2,5.3
2025-07-12,44.3,0.0,68.7,8.0
2025-07-13,44.4,4.2,71.5,6.8
2025-07-14,43.0,0.0,70.4,5.3
2025-07-15,39.3,0.0,68.7,7.7
2025-07-16,39.8,12.0,66.7,4.5
2025-07-17,42.1,0.0,64.0,6.8
2025-07-18,39.4,0.3,74.4,4.8
2025-07-19,40.9,0.0,72.5,6.9
2025-07-20,41.4,10.6,79.7,6.2
2025-07-21,42.6,36.0,74.9,6.3
2025-07-22,43.8,40.8,75.3,6.4
2025-07-23,41.5,0.0,61.6,5.5
2025-07-24,37.9,15.4,76.2,6.2
2025-07-25,37.1,0.0,62.3,4.5
2025-07-26,39.2,5.4,67.7,5.5
2025-07-27,38.1,0.0,67.8,4.4
2025-07-28,36.8,0.0,58.1,10.1
2025-07-29,33.5,4.8,70.7,4.7
2025-07-30,37.9,0.0,70.4,9.3
2025-07-31,39.6,0.0,66.4,8.0
2025-08-01,40.7,0.0,64.3,5.2
2025-08-02,42.0,14.4,67.9,4.9
2025-08-03,42.2,0.0,71.1,5.4
2025-08-04,40.7,0.0,64.1,11.6
2025-08-05,39.6,7.1,65.2,5.2
2025-08-06,38.2,0.0,59.8,8.6
2025-08-07,43.1,4.5,50.0,9.3
2025-08-08,42.8,0.0,68.0,5.0
2025-08-09,40.5,0.0,62.2,5.5
2025-08-10,40.4,0.0,57.5,4.3
2025-08-11,37.4,6.5,73.8,6.2
2025-08-12,39.9,1.0,63.7,6.2
2025-08-13,37.6,0.5,60.0,5.7
2025-08-14,38.0,0.0,65.7,5.5
2025-08-15,39.4,9.5,64.5,7.4
2025-08-16,39.1,24.8,67.9,8.2
2025-08-17,38.2,8.6,58.7,7.7
2025-08-18,37.3,0.0,62.8,5.8
2025-08-19,36.4,16.9,67.9,7.2
2025-08-20,34.5,0.0,55.6,6.0
2025-08-21,33.3,3.6,49.7,5.6
2025-08-22,36.1,11.7,65.6,6.2
2025-08-23,35.0,0.8,60.9,5.4
2025-08-24,32.8,204.9,91.4,18.7
2025-08-25,31.5,0.0,57.1,7.7
2025-08-26,33.7,2.9,62.1,5.1
2025-08-27,34.5,7.3,54.8,5.2
2025-08-28,34.8,10.8,57.6,6.6
2025-08-29,33.4,6.1,51.8,6.2
2025-08-30,33.9,17.2,65.3,5.5
2025-08-31,31.8,22.4,60.2,5.8
2025-09-01,30.8,0.3,55.7,5.5
2025-09-02,32.4,0.0,56.3,6.9
2025-09-03,33.5,0.0,52.6,8.5
2025-09-04,30.5,0.0,57.6,6.6
2025-09-05,28.3,15.5,65.3,6.2
2025-09-06,28.5,0.0,57.7,5.4
2025-09-07,31.8,0.0,43.8,5.1
2025-09-08,27.0,0.0,52.6,5.3
2025-09-09,27.6,1.2,52.8,7.2
2025-09-10,24.7,0.0,57.6,7.3
2025-09-11,23.7,0.0,48.3,5.2
2025-09-12,23.5,0.0,45.5,5.4
2025-09-13,23.1,0.0,54.6,6.2
2025-09-14,22.5,0.0,50.0,6.3
2025-09-15,23.1,0.0,46.6,13.9
2025-09-16,22.3,4.6,49.2,5.3
2025-09-17,19.9,16.9,46.2,6.6
2025-09-18,22.3,0.0,49.6,5.7
2025-09-19,24.1,56.7,61.1,7.6
2025-09-20,25.7,15.5,54.6,6.4
2025-09-21,22.1,19.3,51.6,6.6
2025-09-22,22.9,1.0,47.9,5.6
2025-09-23,24.2,64.4,60.9,27.6
2025-09-24,21.8,0.0,45.5,13.5
2025-09-25,21.9,72.0,58.9,14.3
2025-09-26,21.6,0.0,51.4,7.6
2025-09-27,25.3,29.4,53.0,9.2
2025-09-28,28.3,0.0,35.6,7.6
2025-09-29,23.5,0.0,37.3,7.6
2025-09-30,27.9,0.0,50.2,9.1
2025-10-01,24.5,0.0,44.5,6.2
2025-10-02,25.6,3.4,45.1,8.3
2025-10-03,26.3,0.0,44.1,7.1
2025-10-04,22.9,0.0,46.2,10.9
2025-10-05,23.1,9.4,53.5,8.4
2025-10-06,22.1,0.0,45.5,7.3
2025-10-07,22.4,0.0,44.5,9.1
2025-10-08,22.1,1.9,40.3,9.9
2025-10-09,23.6,0.0,34.7,8.3
2025-10-10,22.6,0.0,44.5,11.9
2025-10-11,21.2,1.8,45.1,11.1
2025-10-12,22.5,0.0,47.1,8.8
2025-10-13,22.6,0.0,49.9,7.9
2025-10-14,22.8,0.0,35.3,7.0
2025-10-15,20.2,0.0,37.8,8.3
2025-10-16,17.2,0.0,44.0,8.0
2025-10-17,15.8,0.0,40.4,9.1
2025-10-18,14.5,0.0,47.4,8.7
2025-10-19,16.2,0.0,39.0,9.0
2025-10-20,17.9,0.0,49.7,9.3
2025-10-21,16.9,0.0,39.8,11.4
2025-10-22,19.3,0.0,47.4,8.5
2025-10-23,21.0,0.0,27.0,8.7
2025-10-24,20.1,10.2,43.8,10.6
2025-10-25,17.1,0.0,38.8,13.1
2025-10-26,19.5,0.0,28.0,10.1
2025-10-27,18.1,0.0,38.2,16.4
2025-10-28,17.4,0.0,31.9,9.5
2025-10-29,15.7,0.0,35.3,10.5
2025-10-30,13.3,0.0,39.3,9.1
2025-10-31,10.2,0.0,37.0,11.6
2025-11-01,11.8,0.0,39.2,10.4
2025-11-02,10.2,0.4,38.1,19.0
2025-11-03,16.6,0.0,48.9,9.3
2025-11-04,13.4,0.0,38.2,8.4
2025-11-05,10.5,0.0,37.4,9.1
2025-11-06,11.6,1.3,39.1,9.4
2025-11-07,14.5,0.0,36.4,11.0
2025-11-08,13.9,0.0,28.5,11.9
2025-11-09,14.3,0.0,39.7,9.0
2025-11-10,9.8,0.0,42.6,11.4
2025-11-11,8.5,0.0,43.8,8.9
2025-11-12,6.6,0.0,39.4,9.4
2025-11-13,3.5,0.0,34.5,12.7
2025-11-14,4.9,0.0,37.0,14.5
2025-11-15,1.3,5.7,46.0,12.9
2025-11-16,0.3,0.0,34.4,10.4
2025-11-17,1.0,1.2,29.8,10.0
2025-11-18,0.9,14.5,50.1,13.6
2025-11-19,3.3,4.8,31.4,10.0
2025-11-20,5.0,8.1,29.4,12.1
2025-11-21,7.5,0.0,36.8,10.5
2025-11-22,9.2,0.0,37.2,12.0
2025-11-23,11.3,0.0,37.4,9.9
2025-11-24,10.7,0.0,39.5,15.4
2025-11-25,10.8,0.0,34.3,10.1
2025-11-26,11.2,0.0,34.3,10.4
2025-11-27,10.8,0.0,32.2,11.9
2025-11-28,9.4,0.0,35.7,15.0
2025-11-29,8.4,0.0,37.7,10.5
2025-11-30,6.6,0.0,39.5,11.3
2025-12-01,7.6,0.0,30.5,11.8
2025-12-02,7.4,0.0,28.8,14.1
2025-12-03,6.1,0.0,39.5,10.6
2025-12-04,5.0,0.0,32.4,13.3
2025-12-05,3.0,1.0,30.4,15.0
2025-12-06,5.8,0.0,25.9,12.6
2025-12-07,6.2,0.0,42.2,10.6
2025-12-08,4.7,0.0,36.6,13.7
2025-12-09,6.8,0.0,38.0,15.5
2025-12-10,5.7,13.2,40.8,11.9
2025-12-11,3.2,0.0,36.4,11.0
2025-12-12,6.0,2.7,36.0,13.0
2025-12-13,5.1,0.0,35.2,12.4
2025-12-14,4.6,0.0,30.7,13.9
2025-12-15,5.2,0.0,26.9,13.2
2025-12-16,7.8,0.0,47.0,12.5
2025-12-17,7.7,4.3,37.1,12.4
2025-12-18,5.1,0.0,33.8,13.3
2025-12-19,6.6,0.0,32.1,11.6
2025-12-20,5.7,0.0,41.5,15.0
2025-12-21,9.7,6.6,38.7,15.8
2025-12-22,9.2,0.0,32.1,12.6
2025-12-23,4.3,0.0,35.1,12.4
2025-12-24,5.6,0.0,38.3,12.0
2025-12-25,9.8,0.0,34.9,11.6
2025-12-26,12.4,0.0,41.1,12.4
2025-12-27,15.1,0.0,47.8,13.2
2025-12-28,11.5,0.0,35.2,14.6
2025-12-29,12.5,0.0,36.1,11.9
2025-12-30,10.0,0.0,33.5,13.0
2025-12-31,10.0,0.0,37.1,13.1
2026-01-01,7.0,0.0,28.2,14.2
2026-01-02,5.8,0.0,43.7,12.5
2026-01-03,4.9,0.0,31.7,16.8
2026-01-04,7.3,4.9,35.8,15.4
2026-01-05,9.0,1.9,39.7,13.7
2026-01-06,9.4,0.0,45.9,16.5
2026-01-07,6.5,0.0,34.9,14.5
2026-01-08,6.2,0.0,38.5,16.1
2026-01-09,5.2,0.0,41.1,15.3
2026-01-10,7.6,0.0,36.5,14.3
2026-01-11,10.2,0.0,39.5,14.4
2026-01-12,12.1,0.0,32.3,13.9
2026-01-13,9.9,0.0,37.9,20.9
2026-01-14,4.3,0.0,46.9,15.8
2026-01-15,1.8,0.0,45.1,13.8
2026-01-16,6.2,0.0,39.0,17.0
2026-01-17,6.1,0.0,36.4,12.9
2026-01-18,5.3,0.0,40.7,14.1
2026-01-19,9.5,0.6,34.9,12.9
2026-01-20,12.2,8.2,43.4,13.8
2026-01-21,11.9,0.0,40.5,13.2
2026-01-22,11.0,0.0,40.6,13.9
2026-01-23,10.7,0.0,42.4,12.9
2026-01-24,11.2,0.0,46.1,14.2
2026-01-25,14.4,0.0,38.5,12.4
2026-01-26,14.6,0.0,48.7,13.4
2026-01-27,15.4,0.0,49.9,13.1
2026-01-28,17.0,0.0,55.5,16.2
2026-01-29,13.7,0.0,46.3,18.4
2026-01-30,14.9,0.0,52.5,14.7
2026-01-31,13.8,0.0,50.3,13.8
2026-02-01,8.5,0.4,46.8,13.1
2026-02-02,5.1,7.0,41.7,14.2
2026-02-03,4.7,0.0,50.8,15.2
2026-02-04,7.5,0.0,47.9,16.0
2026-02-05,8.9,0.0,55.9,15.2
2026-02-06,10.2,0.0,51.0,12.9
2026-02-07,14.9,0.0,52.9,13.2
2026-02-08,12.2,0.0,45.0,12.5
2026-02-09,12.6,0.0,49.5,12.8
2026-02-10,13.7,0.0,39.0,15.1
2026-02-11,12.5,0.0,51.7,13.6
2026-02-12,13.1,4.4,56.4,15.2
2026-02-13,10.4,0.0,56.5,15.6
2026-02-14,14.3,0.0,48.1,13.9
2026-02-15,13.3,2.0,41.7,15.3
2026-02-16,18.0,0.0,47.9,13.3
2026-02-17,17.6,0.0,50.5,13.9
2026-02-18,19.5,0.0,53.3,12.2
2026-02-19,19.0,0.0,41.4,13.1
2026-02-20,18.6,0.0,51.4,12.6
2026-02-21,17.3,0.0,47.1,12.0
2026-02-22,17.7,0.0,59.8,14.1
2026-02-23,18.4,0.0,41.3,13.2
2026-02-24,16.9,0.0,58.3,12.9
2026-02-25,17.0,0.0,52.8,12.9
2026-02-26,16.3,0.0,43.7,12.0
2026-02-27,21.5,0.0,62.7,14.5
2026-02-28,21.0,0.0,61.4,14.4
2026-03-01,23.9,0.0,61.2,12.4
2026-03-02,22.8,0.0,55.8,12.0
2026-03-03,22.9,0.0,52.3,13.8
2026-03-04,19.9,0.0,56.4,16.8
2026-03-05,19.3,0.0,59.1,13.2
2026-03-06,20.2,0.0,54.0,14.5
2026-03-07,23.7,0.0,52.8,12.4
2026-03-08,23.8,0.0,59.9,13.3
2026-03-09,26.3,0.0,58.7,11.3
2026-03-10,26.9,0.0,62.7,12.2
2026-03-11,29.4,0.0,66.0,11.6
2026-03-12,28.1,0.0,63.0,18.4
2026-03-13,32.0,0.0,53.3,12.7
2026-03-14,29.5,0.0,59.4,21.1
2026-03-15,26.9,0.0,61.7,12.6
2026-03-16,24.0,0.0,64.2,13.2
2026-03-17,28.9,0.0,64.7,12.4
2026-03-18,29.8,0.0,60.5,12.0
2026-03-19,28.3,0.0,58.6,13.0
2026-03-20,30.3,0.0,66.5,13.8
2026-03-21,30.9,0.0,63.6,11.3
2026-03-22,34.0,11.7,66.4,11.8
2026-03-23,29.4,0.0,58.9,10.9
2026-03-24,28.5,0.0,73.2,10.7
2026-03-25,27.3,14.7,67.9,13.5
2026-03-26,23.5,2.6,63.6,13.2
2026-03-27,26.5,0.0,64.9,11.7
2026-03-28,26.4,0.0,63.3,13.1
2026-03-29,28.3,0.0,57.8,13.4
2026-03-30,33.2,0.0,66.1,14.3
2026-03-31,31.7,0.0,57.6,10.2
2026-04-01,30.4,0.0,65.7,11.8
2026-04-02,30.6,0.0,57.5,10.5
2026-04-03,32.5,0.0,55.0,10.7
2026-04-04,30.9,14.9,72.8,10.6
2026-04-05,29.6,0.0,60.8,12.0
2026-04-06,32.1,13.9,72.3,10.7
2026-04-07,32.7,0.0,67.7,9.7
2026-04-08,28.4,0.0,67.9,12.1
2026-04-09,26.6,0.0,64.3,10.0
2026-04-10,30.8,6.0,68.6,10.0
2026-04-11,31.9,0.0,64.7,20.5
2026-04-12,30.6,0.0,73.0,14.3
2026-04-13,30.7,5.6,67.5,10.3
2026-04-14,31.3,0.0,67.5,9.8
2026-04-15,33.2,0.0,72.7,12.1
2026-04-16,30.7,0.0,66.1,22.2
2026-04-17,29.7,0.0,60.5,14.9
2026-04-18,31.2,0.0,64.4,12.1
2026-04-19,31.7,0.0,75.2,14.7
2026-04-20,33.5,0.0,70.6,11.5
2026-04-21,31.4,0.0,71.8,14.3
2026-04-22,32.9,0.0,72.1,9.5
2026-04-23,35.7,0.0,79.8,12.6
2026-04-24,36.7,0.0,60.7,10.1
2026-04-25,36.9,0.0,70.6,11.6
2026-04-26,36.6,0.0,71.6,14.4
2026-04-27,35.0,0.0,71.5,9.6
2026-04-28,35.2,0.0,75.8,9.0
2026-04-29,38.1,0.0,76.1,12.5
2026-04-30,37.7,0.0,71.1,10.3
2026-05-01,35.9,0.0,63.9,10.4
2026-05-02,35.3,0.0,85.1,8.7
2026-05-03,36.3,0.0,72.7,10.9
2026-05-04,35.9,0.0,73.3,11.6
2026-05-05,37.4,0.0,79.3,8.8
2026-05-06,38.7,5.9,72.7,9.3
2026-05-07,40.5,0.0,79.7,8.6
2026-05-08,43.1,0.0,71.9,10.3
2026-05-09,44.3,0.0,82.7,12.4
2026-05-10,41.5,0.0,76.0,7.4
2026-05-11,39.3,0.0,70.4,8.5
2026-05-12,39.3,0.0,84.8,14.5
2026-05-13,38.5,0.0,77.0,8.7
2026-05-14,36.6,0.0,71.1,9.3
2026-05-15,36.4,0.0,67.2,17.5
2026-05-16,36.3,0.0,77.8,13.6
2026-05-17,35.8,0.0,81.3,9.8
2026-05-18,36.2,0.0,76.4,8.4
2026-05-19,39.5,3.8,77.2,10.5
2026-05-20,40.2,0.0,82.4,7.8
2026-05-21,45.4,0.0,77.7,7.8
2026-05-22,44.9,0.0,71.5,7.1
2026-05-23,43.6,0.0,71.7,7.4
2026-05-24,43.3,0.0,77.6,8.0
2026-05-25,43.5,0.0,77.4,9.1
2026-05-26,44.0,0.0,80.4,9.3
2026-05-27,47.8,0.0,76.8,7.7
2026-05-28,44.9,0.0,78.4,8.5
2026-05-29,46.1,0.0,76.7,11.4
2026-05-30,45.7,0.0,79.8,9.6
2026-05-31,41.9,0.0,78.7,6.8
2026-06-01,43.6,14.3,77.3,7.8
2026-06-02,45.9,14.9,77.8,10.6
2026-06-03,43.5,29.8,84.1,6.8
2026-06-04,43.3,0.0,75.5,6.5
2026-06-05,39.8,0.0,81.5,6.8
2026-06-06,37.8,22.7,81.6,7.3
2026-06-07,40.9,0.0,67.7,6.4
2026-06-08,40.4,15.2,72.7,6.6
2026-06-09,38.7,6.8,75.3,10.9
2026-06-10,40.0,18.1,82.9,10.3
2026-06-11,39.5,6.1,72.5,5.5
2026-06-12,39.3,0.0,77.8,5.6
2026-06-13,41.5,6.0,72.2,8.8
2026-06-14,39.5,5.5,76.6,6.2
2026-06-15,38.4,43.5,87.3,5.9
2026-06-16,39.6,0.0,68.6,7.7
2026-06-17,42.3,0.0,76.2,8.2
2026-06-18,44.9,0.0,82.2,8.5
2026-06-19,43.2,0.0,73.0,8.3
2026-06-20,45.0,0.0,74.2,7.6
2026-06-21,43.1,6.1,76.5,6.4
2026-06-22,46.7,6.0,75.6,8.8
2026-06-23,43.7,0.0,73.6,8.6
2026-06-24,46.2,11.5,76.0,9.2
2026-06-25,44.2,0.0,65.4,5.5
2026-06-26,47.9,0.0,75.3,5.4
2026-06-27,48.1,5.7,69.0,15.4
2026-06-28,45.0,0.0,74.6,9.0
2026-06-29,43.5,12.7,79.3,5.6
2026-06-30,44.8,7.5,76.3,6.0
2026-07-01,46.5,0.0,67.8,7.7
2026-07-02,45.5,0.0,73.7,8.0
2026-07-03,45.0,24.7,77.0,4.7
2026-07-04,45.9,13.9,72.3,6.9
2026-07-05,45.4,25.8,88.3,8.1
2026-07-06,42.2,17.0,71.1,5.4
2026-07-07,40.5,3.9,74.6,4.5
2026-07-08,41.2,83.6,99.5,17.4
2026-07-09,43.7,0.0,72.6,4.7
2026-07-10,46.5,0.0,67.4,9.3
2026-07-11,47.1,0.0,67.5,4.9
2026-07-12,46.5,0.0,63.1,6.5
2026-07-13,46.9,0.0,70.3,4.4
2026-07-14,44.4,0.0,70.2,6.4
2026-07-15,43.4,0.0,68.1,6.0
2026-07-16,41.2,0.0,76.2,5.5
2026-07-17,38.6,0.0,68.7,5.2
2026-07-18,39.6,0.0,60.9,5.6
2026-07-19,40.1,0.0,75.9,5.2
2026-07-20,41.5,7.7,64.3,7.2
2026-07-21,42.3,41.5,80.9,6.4
2026-07-22,42.3,48.7,83.2,6.1
2026-07-23,42.8,14.5,70.7,6.2
2026-07-24,42.1,38.0,81.4,5.3
2026-07-25,42.3,14.6,71.0,6.6
2026-07-26,40.2,31.4,72.7,7.8
2026-07-27,40.6,0.0,56.0,6.9
2026-07-28,41.6,32.0,65.5,7.7
2026-07-29,39.6,13.3,82.9,7.1
2026-07-30,39.4,85.3,90.5,19.8
2026-07-31,37.9,3.9,72.5,4.5
2026-08-01,36.8,0.0,77.5,4.9
2026-08-02,34.7,0.0,62.9,4.2
2026-08-03,37.7,14.9,67.4,7.8
2026-08-04,39.7,0.0,55.8,4.5
2026-08-05,40.2,27.5,69.2,4.8
2026-08-06,43.4,0.0,61.9,5.3
2026-08-07,41.7,0.0,61.2,5.3
2026-08-08,46.6,0.0,68.1,5.6
2026-08-09,44.0,4.1,67.1,7.9
2026-08-10,42.8,0.0,66.8,6.5
2026-08-11,40.5,0.0,55.7,7.0
2026-08-12,40.2,0.0,61.6,4.8
2026-08-13,40.8,45.2,74.2,7.1
2026-08-14,39.3,0.0,70.2,4.8
2026-08-15,41.9,5.3,62.4,5.6
2026-08-16,40.8,8.7,61.5,5.2
2026-08-17,39.9,0.0,65.3,5.2
2026-08-18,36.8,3.6,59.1,13.0
2026-08-19,36.9,74.6,80.2,18.8
2026-08-20,35.9,0.0,61.0,4.4
2026-08-21,34.0,0.0,55.9,7.9
2026-08-22,32.1,0.0,54.7,5.9
2026-08-23,37.5,0.0,57.4,7.2
2026-08-24,35.8,0.0,55.1,5.1
2026-08-25,32.0,0.0,49.4,5.9
2026-08-26,30.5,1.4,60.5,6.2
2026-08-27,30.5,2.9,59.8,6.2
2026-08-28,31.6,0.0,52.1,6.1
2026-08-29,32.5,9.0,53.6,7.9
2026-08-30,33.3,1.3,57.9,8.4
2026-08-31,31.3,0.0,63.6,5.3
2026-09-01,31.6,18.0,64.1,8.3
2026-09-02,29.4,8.4,62.2,5.5
2026-09-03,28.0,0.0,52.3,7.4
2026-09-04,26.3,27.5,62.4,4.8
2026-09-05,24.3,0.0,52.4,8.2
2026-09-06,27.2,40.7,59.3,7.3
2026-09-07,28.6,0.0,53.4,5.7
2026-09-08,30.3,0.9,48.0,6.8
2026-09-09,29.7,0.0,48.0,6.5
2026-09-10,30.7,42.9,59.9,7.0
2026-09-11,26.3,37.1,58.6,7.1
2026-09-12,28.0,0.0,50.6,6.7
2026-09-13,27.9,11.1,42.8,10.6
2026-09-14,28.7,0.0,45.4,6.3
2026-09-15,28.7,4.7,58.8,7.8
2026-09-16,26.0,0.0,49.4,7.6
2026-09-17,22.7,7.4,53.7,6.6
2026-09-18,21.6,0.0,50.8,10.4
2026-09-19,23.2,20.1,52.9,6.1
2026-09-20,24.6,13.7,47.1,8.5
2026-09-21,21.6,0.0,45.0,8.1
2026-09-22,19.9,28.7,64.4,8.0
2026-09-23,19.0,0.0,44.5,7.5
2026-09-24,19.0,0.0,55.4,9.3
2026-09-25,16.9,0.0,44.4,6.2
2026-09-26,15.0,0.0,44.6,6.6
2026-09-27,14.7,39.2,56.1,8.3
2026-09-28,16.1,0.0,44.7,6.8
2026-09-29,14.7,0.0,40.6,6.7
2026-09-30,15.6,60.1,59.9,24.2
2026-10-01,18.7,0.0,37.3,10.8
2026-10-02,16.3,0.0,46.2,8.8
2026-10-03,16.6,0.0,45.2,7.1
2026-10-04,19.2,0.0,47.5,7.4
2026-10-05,18.3,0.0,41.0,8.5
2026-10-06,17.3,0.0,46.9,7.9
2026-10-07,19.8,0.0,45.1,9.6
2026-10-08,18.9,0.0,43.3,7.1
2026-10-09,20.9,0.0,52.3,7.2
2026-10-10,21.1,0.0,44.5,8.3
2026-10-11,19.7,4.1,40.6,11.5
2026-10-12,20.1,0.0,49.3,9.3
2026-10-13,20.1,0.2,44.0,8.8
2026-10-14,21.4,0.0,50.0,8.9
2026-10-15,19.3,0.0,31.6,11.6
2026-10-16,18.7,0.0,39.1,13.5
2026-10-17,18.0,0.0,38.9,7.6
2026-10-18,18.9,0.0,30.7,9.4
2026-10-19,16.1,9.6,43.2,9.6
2026-10-20,17.9,0.0,37.9,8.5
2026-10-21,18.2,31.6,37.4,8.2
2026-10-22,14.8,0.0,35.5,7.6
2026-10-23,17.1,0.0,46.0,9.4
2026-10-24,20.9,0.0,43.4,13.8
2026-10-25,21.5,0.0,35.1,11.3
2026-10-26,22.7,0.0,34.8,9.6
2026-10-27,21.0,0.0,42.6,10.3
2026-10-28,16.0,0.1,28.3,9.7
2026-10-29,11.7,0.0,40.9,9.7
2026-10-30,12.4,0.0,28.6,11.6
2026-10-31,11.2,0.0,45.8,10.0
2026-11-01,9.5,11.4,43.5,8.7
2026-11-02,9.8,0.0,28.0,8.9
2026-11-03,11.4,0.0,35.2,9.5
2026-11-04,8.5,0.0,38.5,10.8
2026-11-05,8.2,0.0,26.9,9.1
2026-11-06,11.8,10.5,39.1,8.6
2026-11-07,9.4,0.0,38.9,9.9
2026-11-08,11.4,0.0,26.0,11.4
2026-11-09,10.2,9.4,42.4,12.6
2026-11-10,11.3,0.0,35.5,9.6
2026-11-11,13.3,0.0,40.6,10.4
2026-11-12,14.1,0.0,34.8,9.5
2026-11-13,15.0,0.6,30.7,10.1
2026-11-14,11.6,4.5,31.1,9.2
2026-11-15,13.4,0.0,34.1,9.5
2026-11-16,10.9,0.0,34.6,9.5
2026-11-17,11.1,0.0,40.8,13.3
2026-11-18,11.2,0.0,34.0,10.0
2026-11-19,11.7,0.0,27.5,12.5
2026-11-20,11.7,0.0,33.0,9.8
2026-11-21,9.4,0.0,27.6,11.2
2026-11-22,6.5,0.0,36.9,11.7
2026-11-23,8.6,0.0,38.0,12.2
2026-11-24,8.9,2.7,39.5,9.8
2026-11-25,11.0,0.0,33.6,12.4
2026-11-26,10.3,0.0,31.5,12.8
2026-11-27,7.0,0.0,32.5,10.5
2026-11-28,9.1,0.3,34.6,12.7
2026-11-29,8.1,0.0,32.5,15.9
2026-11-30,8.7,0.0,43.0,12.8
2026-12-01,7.2,0.0,33.2,10.1
2026-12-02,10.5,0.0,34.5,12.8
2026-12-03,8.1,0.0,31.3,10.6
2026-12-04,7.3,0.0,31.4,12.5
2026-12-05,7.5,0.0,28.7,13.1
2026-12-06,5.3,0.0,30.0,12.6
2026-12-07,6.3,0.0,44.5,13.9
2026-12-08,9.7,0.0,37.9,11.3
2026-12-09,8.2,1.4,33.9,13.4
2026-12-10,8.7,0.0,32.0,11.8
2026-12-11,2.9,0.0,41.6,13.5
2026-12-12,3.6,0.0,31.3,11.2
2026-12-13,3.7,0.0,27.0,11.6
2026-12-14,2.7,0.0,38.0,14.0
2026-12-15,5.7,1.7,31.5,12.5
2026-12-16,5.3,0.0,29.4,11.7
2026-12-17,5.3,3.2,31.2,14.3
2026-12-18,4.9,0.0,38.1,11.9
2026-12-19,1.4,0.0,35.6,13.5
2026-12-20,0.3,0.0,31.3,12.0
2026-12-21,3.6,0.0,38.7,17.0
2026-12-22,0.0,0.0,32.3,13.1
2026-12-23,-0.1,0.0,28.4,12.9
2026-12-24,0.6,0.0,30.2,15.1
2026-12-25,5.4,0.0,37.0,12.1
2026-12-26,7.3,0.0,33.1,14.5
2026-12-27,6.2,0.0,37.7,12.1
2026-12-28,9.0,3.3,43.7,13.0
2026-12-29,7.2,0.0,34.3,12.5
2026-12-30,9.3,0.0,51.0,11.9
2026-12-31,6.2,0.0,39.2,12.0
2027-01-01,8.7,0.0,37.1,12.6
2027-01-02,7.7,0.0,31.5,14.6
2027-01-03,5.6,0.0,36.6,22.2
2027-01-04,5.7,0.0,37.3,12.1
2027-01-05,6.7,10.3,45.1,13.2
2027-01-06,6.0,0.0,36.0,13.0
2027-01-07,7.6,14.0,44.9,14.8
2027-01-08,6.5,0.0,39.6,16.5
2027-01-09,8.2,0.0,44.5,13.9
2027-01-10,9.2,0.0,45.1,12.3
2027-01-11,9.0,2.5,42.4,13.1
2027-01-12,8.1,0.0,44.1,14.4
2027-01-13,8.6,0.0,46.1,13.2
2027-01-14,9.8,0.0,43.5,12.5
2027-01-15,13.8,0.0,42.4,13.6
2027-01-16,14.8,0.0,43.3,13.3
2027-01-17,15.7,0.0,49.6,14.1
2027-01-18,20.7,0.0,42.3,15.2
2027-01-19,19.6,0.0,45.7,16.5
2027-01-20,18.7,6.4,40.5,18.6
2027-01-21,18.4,0.0,50.1,20.7
2027-01-22,14.8,0.0,45.1,12.3
2027-01-23,13.1,0.0,41.4,14.4
2027-01-24,11.7,2.0,43.5,12.2
2027-01-25,12.9,0.0,42.6,14.1
2027-01-26,12.2,0.0,44.0,15.0
2027-01-27,12.3,0.0,45.3,12.4
2027-01-28,14.4,0.0,43.5,18.9
2027-01-29,15.6,0.0,36.9,12.4
2027-01-30,14.6,0.0,54.0,12.6
2027-01-31,12.8,0.0,46.8,15.0
2027-02-01,15.0,2.9,47.8,14.4
2027-02-02,16.1,0.0,45.8,14.5
2027-02-03,12.3,0.0,50.9,12.0
2027-02-04,11.9,5.6,48.3,14.6
2027-02-05,12.5,0.0,45.4,14.3
2027-02-06,14.3,0.0,46.1,13.0
2027-02-07,16.1,0.0,53.9,12.2
2027-02-08,16.3,0.0,48.9,13.7
2027-02-09,17.1,0.7,48.3,15.2
2027-02-10,16.8,1.1,46.7,16.1
2027-02-11,15.1,0.0,47.3,13.2
2027-02-12,14.6,0.0,54.6,16.6
2027-02-13,14.8,0.0,45.0,12.1
2027-02-14,15.0,0.0,53.2,15.2
2027-02-15,11.4,0.0,53.8,13.5
2027-02-16,11.6,0.3,51.7,12.1
2027-02-17,12.7,0.0,49.9,15.9
2027-02-18,13.0,0.0,43.8,13.5
2027-02-19,13.3,0.0,54.9,15.3
2027-02-20,15.1,15.1,47.7,13.3
2027-02-21,13.5,0.0,53.1,13.2
2027-02-22,11.2,0.0,52.9,12.7
2027-02-23,11.9,0.0,56.8,13.4
2027-02-24,14.8,0.0,48.8,14.2
2027-02-25,19.0,0.0,48.9,13.2
2027-02-26,20.6,0.0,56.6,12.0
2027-02-27,17.4,0.0,53.5,13.9
2027-02-28,17.4,0.0,44.6,13.9
2027-03-01,18.5,0.0,55.0,11.9
2027-03-02,19.2,0.0,64.4,12.4
2027-03-03,20.6,0.0,58.4,11.8
2027-03-04,18.8,0.0,50.1,13.2
2027-03-05,19.5,0.0,58.7,14.3
2027-03-06,20.7,0.0,61.6,14.0
2027-03-07,22.6,0.0,48.4,11.5
2027-03-08,20.9,0.0,56.0,12.9
2027-03-09,20.6,0.0,64.2,11.7
2027-03-10,15.6,0.0,50.5,11.5
2027-03-11,15.9,0.1,57.0,12.8
2027-03-12,16.3,0.0,57.7,12.1
2027-03-13,15.8,0.0,57.0,17.1
2027-03-14,17.8,2.0,66.8,17.6
2027-03-15,19.0,0.0,65.9,13.9
2027-03-16,15.6,0.0,58.6,11.8
2027-03-17,17.9,0.0,55.4,11.0
2027-03-18,17.5,0.0,67.1,11.7
2027-03-19,20.1,0.0,65.0,14.0
2027-03-20,18.7,0.0,61.3,11.8
2027-03-21,20.3,0.0,65.0,10.9
2027-03-22,21.0,1.1,65.6,15.9
2027-03-23,22.8,0.0,58.0,11.2
2027-03-24,23.9,0.0,59.7,11.2
2027-03-25,24.1,0.0,63.1,14.9
2027-03-26,21.8,0.0,53.7,12.4
2027-03-27,20.1,4.1,63.0,12.4
2027-03-28,20.6,0.0,60.0,12.4
2027-03-29,22.2,0.0,65.1,10.7
2027-03-30,22.3,0.0,58.9,12.9
2027-03-31,25.0,0.0,67.0,13.8
2027-04-01,25.3,0.0,66.3,11.8
2027-04-02,24.3,0.0,65.0,11.4
2027-04-03,24.9,0.0,68.1,14.6
2027-04-04,26.5,0.0,69.0,13.3
2027-04-05,28.0,0.2,65.2,10.5
2027-04-06,32.4,2.6,67.4,12.8
2027-04-07,30.8,0.0,63.5,11.1
2027-04-08,30.9,3.3,64.5,11.7
2027-04-09,31.9,0.0,75.3,15.8
2027-04-10,32.0,0.0,66.7,9.7
2027-04-11,31.1,0.0,67.9,9.5
2027-04-12,28.3,0.0,67.8,10.2
2027-04-13,28.2,0.0,70.3,10.7
2027-04-14,27.1,10.0,68.5,9.9
2027-04-15,25.0,0.0,66.8,12.0
2027-04-16,25.2,0.0,73.9,11.6
2027-04-17,24.9,0.0,62.0,10.7
2027-04-18,28.0,0.0,70.6,11.2
2027-04-19,30.5,0.0,65.8,11.0
2027-04-20,29.6,0.0,60.1,13.8
2027-04-21,30.2,0.0,70.0,9.3
2027-04-22,27.5,0.0,64.8,10.7
2027-04-23,28.2,1.1,64.4,13.0
2027-04-24,30.5,0.0,84.0,9.9
2027-04-25,33.3,0.0,73.9,10.2
2027-04-26,32.5,7.5,76.1,11.7
2027-04-27,35.5,0.0,71.4,8.4
2027-04-28,32.7,0.0,65.8,12.0
2027-04-29,31.1,5.0,72.4,10.5
2027-04-30,33.8,5.3,71.7,11.2
2027-05-01,37.9,0.0,62.7,10.9
2027-05-02,38.9,0.0,81.5,8.3
2027-05-03,38.6,12.7,75.4,8.3
2027-05-04,34.2,0.0,68.7,7.9
2027-05-05,31.0,0.0,73.6,8.1
2027-05-06,32.8,0.0,66.2,8.2
2027-05-07,33.3,0.0,68.6,9.4
2027-05-08,32.2,2.8,81.8,12.1
2027-05-09,33.8,0.0,71.0,8.7
2027-05-10,35.1,0.0,73.6,9.1
2027-05-11,37.9,0.0,74.3,8.9
2027-05-12,38.6,0.0,73.0,9.9
2027-05-13,41.3,0.0,71.3,8.1
2027-05-14,41.1,0.0,85.5,8.7
2027-05-15,40.7,0.0,70.5,10.6
2027-05-16,42.8,0.0,69.8,11.7
2027-05-17,40.4,0.0,76.9,11.4
2027-05-18,46.1,0.0,68.1,10.9
2027-05-19,45.8,1.1,79.9,11.0
2027-05-20,45.7,0.0,73.6,8.5
2027-05-21,45.8,0.0,75.3,7.5
2027-05-22,48.7,0.0,76.2,8.9
2027-05-23,48.8,0.0,73.1,9.1
2027-05-24,44.2,0.0,79.4,7.8
2027-05-25,46.5,0.0,78.1,7.3
2027-05-26,44.9,0.0,77.5,10.7
2027-05-27,44.5,0.0,67.4,8.0
2027-05-28,41.5,0.0,73.2,7.5
2027-05-29,42.7,0.0,74.4,7.5
2027-05-30,41.3,0.0,83.7,8.1
2027-05-31,41.7,0.0,67.9,6.9
2027-06-01,41.3,38.1,81.3,8.5
2027-06-02,45.4,1.7,80.8,5.9
2027-06-03,48.8,0.0,70.3,6.3
2027-06-04,47.6,0.0,71.7,7.0
2027-06-05,46.8,0.0,83.3,8.4
2027-06-06,45.2,35.9,85.7,6.9
2027-06-07,47.0,0.0,79.2,9.4
2027-06-08,45.5,1.2,78.7,10.2
2027-06-09,44.1,35.2,84.2,7.1
2027-06-10,45.9,0.5,75.3,6.2
2027-06-11,44.2,30.6,86.7,7.0
2027-06-12,43.9,0.0,70.4,9.0
2027-06-13,40.6,23.1,89.0,5.9
2027-06-14,42.5,16.9,76.0,8.2
2027-06-15,46.5,0.0,79.5,6.7
2027-06-16,47.2,3.4,77.7,8.2
2027-06-17,49.3,1.4,71.8,7.6
2027-06-18,46.4,5.6,77.9,6.1
2027-06-19,46.2,10.4,77.2,6.5
2027-06-20,43.7,0.0,65.0,7.6
2027-06-21,43.1,19.7,78.2,8.5
2027-06-22,44.6,23.1,73.2,6.4
2027-06-23,44.5,11.2,78.8,8.5
2027-06-24,41.3,10.3,75.2,11.7
2027-06-25,39.0,7.3,79.4,8.6
2027-06-26,37.0,11.9,72.6,6.4
2027-06-27,39.1,0.5,66.6,6.4
2027-06-28,44.0,27.4,74.2,5.0
2027-06-29,46.4,0.0,82.7,6.1
2027-06-30,41.9,46.3,99.1,7.5
2027-07-01,44.8,0.9,82.5,8.1
2027-07-02,46.2,0.0,64.4,5.1
2027-07-03,42.3,21.2,70.3,6.9
2027-07-04,41.7,0.0,66.4,8.6
2027-07-05,44.0,65.3,91.7,15.2
2027-07-06,44.7,0.0,81.9,6.6
2027-07-07,41.5,0.0,75.7,5.4
2027-07-08,42.8,48.3,83.9,4.8
2027-07-09,38.3,16.5,70.2,5.8
2027-07-10,38.5,0.0,69.1,4.6
2027-07-11,41.4,0.0,70.7,5.2
2027-07-12,41.4,1.7,74.9,6.0
2027-07-13,40.4,0.0,67.3,7.7
2027-07-14,42.3,8.5,73.7,4.8
2027-07-15,43.9,0.0,70.7,5.5
2027-07-16,45.9,2.4,70.2,7.7
2027-07-17,46.6,0.0,66.9,4.9
2027-07-18,47.5,22.0,74.7,4.6
2027-07-19,47.5,0.0,67.9,8.7
2027-07-20,46.6,2.6,64.8,5.7
2027-07-21,45.4,0.0,72.3,7.8
2027-07-22,43.8,0.0,75.4,5.0
2027-07-23,40.5,0.0,68.2,7.0
2027-07-24,38.4,0.0,66.8,7.7
2027-07-25,38.0,0.0,70.5,5.1
2027-07-26,38.7,0.0,67.4,6.9
2027-07-27,41.6,24.3,78.0,4.9
2027-07-28,40.9,0.0,66.4,8.5
2027-07-29,42.4,0.0,68.5,4.9
2027-07-30,43.7,70.5,91.6,20.2
2027-07-31,42.1,1.9,71.8,6.4
2027-08-01,42.4,0.0,63.9,5.4
2027-08-02,41.0,0.0,69.8,9.2
2027-08-03,42.9,0.0,58.8,5.0
2027-08-04,43.0,0.0,62.8,10.8
2027-08-05,39.4,10.2,70.2,6.9
2027-08-06,39.1,0.0,70.8,4.5
2027-08-07,41.9,0.0,59.1,5.2
2027-08-08,40.4,0.0,62.4,5.5
2027-08-09,40.4,0.0,62.2,11.0
2027-08-10,40.5,0.0,61.5,8.4
2027-08-11,37.4,0.0,55.5,7.6
2027-08-12,38.0,0.0,63.8,5.1
2027-08-13,34.5,0.0,54.6,5.7
2027-08-14,33.3,0.0,66.3,7.0
2027-08-15,35.7,41.5,77.4,7.2
2027-08-16,36.1,0.6,56.9,5.8
2027-08-17,35.0,0.0,53.3,5.7
2027-08-18,35.6,0.0,59.1,7.1
2027-08-19,35.0,0.0,56.3,9.4
2027-08-20,34.6,0.0,57.5,4.5
2027-08-21,35.5,1.9,59.2,7.2
2027-08-22,33.5,6.8,55.0,5.4
2027-08-23,33.3,0.0,65.9,5.1
2027-08-24,32.4,0.0,54.0,4.7
2027-08-25,29.0,8.7,63.7,5.2
2027-08-26,27.6,18.2,56.6,6.3
2027-08-27,31.4,42.6,67.2,5.9
2027-08-28,32.0,0.0,58.1,6.1
2027-08-29,29.1,0.0,56.2,6.1
2027-08-30,26.2,17.0,58.1,7.2
2027-08-31,26.7,3.3,53.2,7.5
2027-09-01,30.4,0.0,52.4,5.2
2027-09-02,29.7,0.0,50.8,5.9
2027-09-03,32.2,0.0,55.5,11.2
2027-09-04,32.2,9.1,64.9,5.3
2027-09-05,32.3,53.2,68.2,6.9
2027-09-06,28.8,2.5,56.4,8.0
2027-09-07,30.4,0.0,57.8,9.0
2027-09-08,29.1,11.9,52.8,7.5
2027-09-09,30.4,0.0,42.7,6.3
2027-09-10,28.1,0.0,51.4,5.9
2027-09-11,28.1,0.0,55.3,7.6
2027-09-12,28.4,1.6,61.2,8.4
2027-09-13,27.6,3.3,46.3,10.1
2027-09-14,27.9,0.0,55.6,9.6
2027-09-15,26.9,8.5,53.1,8.8
2027-09-16,25.2,0.0,47.5,5.6
2027-09-17,28.2,2.1,44.4,5.9
2027-09-18,29.5,0.0,45.8,14.5
2027-09-19,26.9,0.0,51.3,7.0
2027-09-20,27.4,16.6,58.3,7.8
2027-09-21,25.1,0.0,34.1,5.6
2027-09-22,22.3,0.0,50.0,9.3
2027-09-23,24.4,0.0,44.3,7.6
2027-09-24,20.6,3.8,45.4,7.6
2027-09-25,22.8,6.9,50.3,14.3
2027-09-26,22.1,0.0,55.8,8.4
2027-09-27,21.5,16.6,46.4,7.3
2027-09-28,22.3,0.0,45.1,7.8
2027-09-29,23.1,9.3,39.7,7.0
2027-09-30,21.0,0.0,47.2,6.7
2027-10-01,22.3,0.0,41.2,7.7
2027-10-02,22.0,0.0,52.3,6.4
2027-10-03,19.0,3.5,46.8,7.5
2027-10-04,18.8,0.0,42.4,6.3
2027-10-05,21.6,0.0,42.1,10.0
2027-10-06,24.4,0.0,45.1,13.5
2027-10-07,24.6,0.0,46.4,8.0
2027-10-08,21.0,0.0,36.9,7.2
2027-10-09,21.3,30.7,49.4,8.7
2027-10-10,22.3,0.0,42.1,10.7
2027-10-11,22.7,0.0,43.0,7.6
2027-10-12,23.2,16.8,52.4,9.7
2027-10-13,22.6,4.3,35.3,7.2
2027-10-14,21.3,0.0,45.9,9.0
2027-10-15,19.0,0.0,42.7,10.1
2027-10-16,14.6,0.0,38.2,7.3
2027-10-17,15.5,20.7,49.6,10.3
2027-10-18,15.9,0.0,38.3,8.6
2027-10-19,16.8,0.0,30.9,12.8
2027-10-20,13.8,0.0,22.6,9.4
2027-10-21,15.2,0.0,33.4,10.7
2027-10-22,19.2,0.0,36.6,14.0
2027-10-23,18.3,0.0,39.9,9.0
2027-10-24,17.3,0.0,41.9,7.7
2027-10-25,17.2,0.0,37.4,8.4
2027-10-26,20.5,0.0,31.4,9.5
2027-10-27,17.0,0.0,36.4,17.3
2027-10-28,16.6,0.0,37.0,13.3
2027-10-29,14.2,0.0,46.6,8.8
2027-10-30,12.8,0.0,40.5,9.4
2027-10-31,12.6,7.3,31.1,11.1
2027-11-01,15.2,0.0,35.8,12.8
2027-11-02,18.1,0.0,40.7,8.5
2027-11-03,17.7,0.0,37.2,11.3
2027-11-04,15.7,0.0,28.8,10.2
2027-11-05,19.8,11.9,43.8,8.6
2027-11-06,17.2,0.0,38.5,9.7
2027-11-07,14.8,17.5,40.1,9.5
2027-11-08,10.4,0.0,32.4,9.6
2027-11-09,13.2,0.0,41.3,13.3
2027-11-10,14.5,0.0,27.1,11.2
2027-11-11,18.5,0.0,28.3,10.0
2027-11-12,14.0,0.0,32.3,9.8
2027-11-13,16.1,0.0,37.3,11.1
2027-11-14,14.9,0.0,28.9,10.2
2027-11-15,15.4,0.0,32.9,12.3
2027-11-16,10.9,1.7,34.3,10.7
2027-11-17,13.5,0.0,37.2,9.3
2027-11-18,14.1,0.0,34.0,9.6
2027-11-19,13.0,0.0,34.0,10.2
2027-11-20,13.4,0.0,31.8,10.9
2027-11-21,10.9,0.4,40.8,11.9
2027-11-22,9.3,0.0,38.5,11.8
2027-11-23,8.2,0.0,38.3,15.5
2027-11-24,4.5,0.0,31.2,9.7
2027-11-25,6.9,0.0,32.5,9.7
2027-11-26,9.5,0.0,37.4,10.0
2027-11-27,7.8,0.0,32.1,10.5
2027-11-28,8.5,0.0,30.4,13.2
2027-11-29,7.8,0.0,36.4,12.1
2027-11-30,8.4,0.0,28.5,10.3
2027-12-01,7.0,0.0,34.0,10.7
2027-12-02,5.3,0.0,39.5,10.8
2027-12-03,7.8,0.0,35.8,10.7
2027-12-04,7.6,0.0,29.8,11.4
2027-12-05,11.6,0.0,37.4,11.2
2027-12-06,10.8,0.0,32.1,11.3
2027-12-07,8.2,0.0,39.4,10.7
2027-12-08,10.4,0.0,37.7,12.9
2027-12-09,11.0,0.0,33.5,12.1
2027-12-10,11.7,0.0,31.6,11.4
2027-12-11,13.1,8.1,33.2,11.0
2027-12-12,10.6,0.0,48.4,11.8
2027-12-13,9.6,0.0,24.1,10.9
2027-12-14,8.7,2.2,27.3,13.0
2027-12-15,5.8,0.0,41.2,13.2
2027-12-16,5.5,0.0,40.2,12.4
2027-12-17,8.5,0.0,37.7,16.6
2027-12-18,8.6,0.0,26.0,13.4
2027-12-19,5.6,0.0,38.8,14.1
2027-12-20,2.8,0.0,31.3,13.4
2027-12-21,7.0,0.0,35.8,13.4
2027-12-22,6.8,0.0,38.5,13.0
2027-12-23,5.6,0.0,39.1,14.2
2027-12-24,5.3,0.0,33.5,12.9
2027-12-25,2.7,0.0,43.3,11.7
2027-12-26,6.5,0.0,41.1,14.6
2027-12-27,5.9,0.0,32.4,13.6
2027-12-28,8.9,0.0,34.9,11.9
2027-12-29,8.7,0.0,33.7,12.8
2027-12-30,11.3,0.0,37.3,11.7
2027-12-31,11.1,0.0,41.0,16.0
2028-01-01,12.1,0.0,28.8,13.6
2028-01-02,12.7,0.0,28.3,11.9
2028-01-03,12.9,0.0,34.2,12.9
2028-01-04,12.6,0.0,45.3,12.1
2028-01-05,11.2,0.0,40.0,12.6
2028-01-06,14.5,0.0,46.9,14.0
2028-01-07,11.4,0.0,38.4,14.9
2028-01-08,10.8,0.0,35.2,12.1
2028-01-09,10.4,0.0,31.2,16.3
2028-01-10,10.8,0.0,35.7,15.6
2028-01-11,9.6,0.0,37.0,12.8
2028-01-12,10.1,0.0,28.2,12.5
2028-01-13,9.5,0.0,36.3,14.7
2028-01-14,6.3,0.0,36.5,20.4
2028-01-15,6.9,0.0,41.1,13.4
2028-01-16,5.2,0.0,41.0,12.8
2028-01-17,2.6,0.0,43.1,12.8
2028-01-18,4.4,0.0,33.7,12.5
2028-01-19,6.5,11.6,39.3,15.3
2028-01-20,8.3,0.0,46.9,16.2
2028-01-21,9.8,0.0,41.3,13.0
2028-01-22,6.1,0.0,47.1,13.4
2028-01-23,4.3,0.0,42.4,12.6
2028-01-24,9.6,0.0,44.3,12.7
2028-01-25,7.8,0.0,46.3,13.5
2028-01-26,9.7,1.2,41.5,14.0
2028-01-27,8.7,0.0,40.9,17.9
2028-01-28,9.5,14.1,44.7,12.2
2028-01-29,8.7,0.0,44.4,13.3
2028-01-30,10.5,0.0,48.0,13.9
2028-01-31,11.1,4.0,44.4,13.2
2028-02-01,10.5,0.0,51.5,14.5
2028-02-02,8.9,0.0,54.8,15.6
2028-02-03,10.3,0.0,42.0,13.2
2028-02-04,8.4,0.0,52.6,13.4
2028-02-05,10.3,0.0,46.9,12.9
2028-02-06,16.3,0.0,49.2,14.6
2028-02-07,18.5,0.0,46.9,12.5
2028-02-08,19.1,0.0,54.0,15.3
2028-02-09,18.0,0.0,50.0,12.7
2028-02-10,13.5,0.0,46.8,14.1
2028-02-11,11.1,0.0,46.8,14.0
2028-02-12,14.5,0.0,43.2,16.7
2028-02-13,13.2,0.0,46.7,12.1
2028-02-14,12.3,0.0,56.0,15.5
2028-02-15,12.7,0.0,55.6,12.4
2028-02-16,11.3,0.0,47.4,15.4
2028-02-17,9.9,0.0,45.4,12.3
2028-02-18,11.2,0.0,56.0,13.4
2028-02-19,10.6,0.0,53.7,12.7
2028-02-20,10.5,0.0,42.0,15.0
2028-02-21,10.4,0.0,66.7,12.2
2028-02-22,13.0,0.0,52.7,12.0
2028-02-23,13.6,0.0,61.4,13.6
2028-02-24,14.2,0.0,54.2,12.2
2028-02-25,16.4,0.0,48.4,14.0
2028-02-26,16.6,0.0,54.9,13.7
2028-02-27,16.7,0.0,47.0,13.1
2028-02-28,18.2,1.1,54.3,13.1
2028-02-29,19.9,0.0,49.6,13.8
2028-03-01,19.7,0.0,54.3,12.9
2028-03-02,20.1,16.6,61.1,12.3
2028-03-03,18.7,0.0,57.5,12.7
2028-03-04,17.5,0.0,49.1,12.7
2028-03-05,19.9,0.0,53.5,13.0
2028-03-06,21.2,0.0,47.2,18.5
2028-03-07,22.3,0.0,60.5,12.5
2028-03-08,22.9,0.0,58.8,15.8
2028-03-09,23.0,0.0,52.2,14.8
2028-03-10,24.4,0.0,65.5,11.7
2028-03-11,26.1,0.0,61.1,11.5
2028-03-12,27.4,0.0,58.6,12.9
2028-03-13,26.6,0.0,57.1,14.5
2028-03-14,28.9,0.0,56.6,12.4
2028-03-15,28.5,0.0,56.2,12.8
2028-03-16,29.1,0.0,66.3,12.6
2028-03-17,28.9,0.0,62.1,16.3
2028-03-18,28.7,0.0,55.9,14.0
2028-03-19,26.7,0.0,67.9,11.7
2028-03-20,28.0,0.0,61.3,10.9
2028-03-21,33.4,0.0,57.5,12.1
2028-03-22,31.3,0.0,72.3,12.0
2028-03-23,30.7,0.0,57.2,20.2
2028-03-24,29.1,0.0,58.9,12.1
2028-03-25,27.9,0.0,63.3,12.1
2028-03-26,31.0,0.0,65.3,11.5
2028-03-27,29.1,13.3,63.5,11.3
2028-03-28,28.1,0.0,53.2,13.5
2028-03-29,25.1,0.0,64.7,13.2
2028-03-30,24.4,0.0,59.6,11.4
2028-03-31,22.1,0.0,63.4,12.7
2028-04-01,24.9,0.0,61.4,11.8
2028-04-02,31.5,0.0,60.3,11.8
2028-04-03,30.6,0.0,64.7,10.5
2028-04-04,27.3,0.0,63.2,12.6
2028-04-05,29.9,0.0,62.4,11.0
2028-04-06,28.7,0.0,71.7,13.9
2028-04-07,31.9,0.0,62.2,9.9
2028-04-08,31.4,0.0,66.2,10.7
2028-04-09,30.3,0.0,67.5,9.8
2028-04-10,30.4,1.1,59.8,12.9
2028-04-11,32.4,0.0,62.6,11.5
2028-04-12,32.1,0.0,68.3,9.6
2028-04-13,31.3,0.0,68.4,11.0
2028-04-14,31.4,0.0,65.0,10.4
2028-04-15,29.4,1.8,69.6,10.2
2028-04-16,31.1,0.0,70.8,10.6
2028-04-17,28.2,0.0,72.6,15.4
2028-04-18,28.6,0.0,73.3,15.4
2028-04-19,31.4,0.0,76.2,10.6
2028-04-20,32.8,0.0,70.9,10.1
2028-04-21,34.5,0.0,63.7,8.9
2028-04-22,34.6,0.0,69.3,10.5
2028-04-23,37.2,0.0,64.7,15.2
2028-04-24,38.9,0.0,75.5,10.8
2028-04-25,39.3,0.0,78.3,9.6
2028-04-26,40.6,0.0,71.6,8.9
2028-04-27,41.4,0.0,77.6,9.9
2028-04-28,39.7,3.0,78.2,14.3
2028-04-29,36.5,0.0,73.7,9.4
2028-04-30,37.6,0.0,75.0,12.1
2028-05-01,38.7,0.0,77.3,9.4
2028-05-02,40.8,0.0,65.7,8.0
2028-05-03,38.4,0.0,74.1,8.1
2028-05-04,36.6,0.0,75.8,10.6
2028-05-05,37.9,0.0,66.0,9.5
2028-05-06,38.0,0.0,82.8,11.4
2028-05-07,34.4,0.0,78.9,9.1
2028-05-08,36.2,0.0,79.1,11.5
2028-05-09,33.1,0.0,75.7,10.1
2028-05-10,32.5,0.0,69.1,7.7
2028-05-11,36.7,0.0,67.6,8.6
2028-05-12,41.0,0.0,73.5,8.1
2028-05-13,38.4,0.0,77.6,7.7
2028-05-14,38.1,0.0,76.9,8.5
2028-05-15,38.7,0.0,82.9,11.0
2028-05-16,42.6,0.0,72.8,7.9
2028-05-17,41.3,0.0,72.7,7.4
2028-05-18,40.3,0.0,74.6,10.2
2028-05-19,43.5,0.0,68.8,8.6
2028-05-20,42.3,0.0,82.2,6.9
2028-05-21,43.6,0.0,73.5,9.1
2028-05-22,40.2,0.0,76.1,9.1
2028-05-23,40.2,0.0,78.9,8.0
2028-05-24,37.2,0.0,71.1,6.8
2028-05-25,36.0,0.0,76.3,7.2
2028-05-26,38.9,0.0,74.9,7.5
2028-05-27,39.4,0.0,79.8,7.8
2028-05-28,39.3,0.0,75.0,6.7
2028-05-29,38.4,0.0,60.7,9.2
2028-05-30,38.8,0.0,70.3,12.8
2028-05-31,40.1,0.0,67.5,6.6
2028-06-01,42.5,0.0,84.6,6.8
2028-06-02,37.3,4.2,83.1,6.7
2028-06-03,36.7,0.0,64.2,16.5
2028-06-04,38.2,0.0,69.9,7.8
2028-06-05,38.9,0.0,68.0,9.8
2028-06-06,40.5,0.0,75.9,8.0
2028-06-07,41.5,0.0,70.0,6.0
2028-06-08,41.2,4.7,74.6,6.1
2028-06-09,40.5,0.0,67.8,6.3
2028-06-10,40.5,0.0,76.8,6.3
2028-06-11,43.3,3.3,67.0,8.5
2028-06-12,41.8,1.7,87.5,14.3
2028-06-13,41.9,27.6,88.9,6.6
2028-06-14,42.5,0.0,86.8,7.1
2028-06-15,45.7,0.0,77.3,6.8
2028-06-16,44.6,0.0,82.0,5.4
2028-06-17,46.2,34.7,87.2,10.0
2028-06-18,48.0,1.4,69.3,7.8
2028-06-19,46.9,0.0,72.0,6.4
2028-06-20,45.7,11.0,78.6,12.4
2028-06-21,44.5,20.4,84.5,5.1
2028-06-22,43.7,2.3,74.0,8.1
2028-06-23,45.2,17.7,80.6,6.4
2028-06-24,45.2,25.4,77.9,5.9
2028-06-25,45.2,0.0,71.0,5.7
2028-06-26,42.5,10.4,68.2,6.1
2028-06-27,40.6,20.7,80.1,5.9
2028-06-28,45.3,0.0,70.1,7.1
2028-06-29,44.4,0.0,66.0,6.6
2028-06-30,42.4,0.0,69.3,9.2
2028-07-01,45.3,0.0,73.5,5.7
2028-07-02,45.3,0.0,75.2,10.4
2028-07-03,45.8,0.0,70.8,10.0
2028-07-04,44.8,0.0,76.9,5.4
2028-07-05,43.6,0.0,78.8,5.1
2028-07-06,42.9,0.0,69.7,7.6
2028-07-07,39.9,0.0,75.8,6.7
2028-07-08,40.1,36.4,76.5,5.2
2028-07-09,41.0,21.2,69.3,6.6
2028-07-10,44.8,7.7,67.5,5.2
2028-07-11,44.3,45.2,77.0,6.3
2028-07-12,39.0,0.0,67.6,6.0
2028-07-13,39.2,0.0,79.5,5.2
2028-07-14,45.0,8.1,68.8,10.3
2028-07-15,45.9,0.1,67.3,10.6
2028-07-16,43.2,33.3,77.9,5.4
2028-07-17,43.8,0.0,62.0,9.2
2028-07-18,41.6,8.3,71.2,4.9
2028-07-19,38.6,7.3,73.2,5.6
2028-07-20,38.2,22.3,80.8,5.4
2028-07-21,38.7,0.0,74.1,4.5
2028-07-22,35.1,5.9,70.6,4.9
2028-07-23,33.7,0.0,65.9,9.3
2028-07-24,34.8,0.0,65.9,6.0
2028-07-25,34.8,0.0,68.5,9.5
2028-07-26,36.4,0.0,66.0,6.5
2028-07-27,34.4,0.8,65.6,7.1
2028-07-28,36.6,9.2,63.2,6.6
2028-07-29,34.6,0.0,68.7,6.3
2028-07-30,38.5,17.4,70.9,5.3
2028-07-31,34.9,0.0,60.9,6.8
2028-08-01,33.3,0.0,71.9,7.0
2028-08-02,34.9,16.9,69.4,7.7
2028-08-03,38.7,32.6,64.8,8.3
2028-08-04,38.9,0.0,68.2,9.8
2028-08-05,39.6,0.0,59.8,6.3
2028-08-06,39.0,0.0,60.8,6.6
2028-08-07,36.4,1.2,61.9,6.2
2028-08-08,35.3,0.0,66.6,9.6
2028-08-09,32.9,0.8,61.8,6.5
2028-08-10,30.8,6.6,66.3,6.5
2028-08-11,32.5,0.0,53.4,6.8
2028-08-12,30.7,0.0,55.4,6.8
2028-08-13,32.1,15.7,64.7,6.3
2028-08-14,30.0,0.0,56.6,5.2
2028-08-15,31.4,8.0,60.9,5.2
2028-08-16,30.9,31.4,71.2,4.6
2028-08-17,34.2,43.5,66.1,5.7
2028-08-18,34.7,0.0,55.3,4.6
2028-08-19,36.8,5.3,60.5,4.4
2028-08-20,34.5,0.0,47.6,8.3
2028-08-21,34.2,12.5,66.1,5.3
2028-08-22,31.8,0.0,58.2,8.7
2028-08-23,31.0,24.9,63.9,5.0
2028-08-24,30.6,6.2,55.7,5.8
2028-08-25,29.2,0.0,60.0,8.3
2028-08-26,27.2,0.0,55.4,7.3
2028-08-27,25.0,0.0,62.0,4.8
2028-08-28,21.4,17.9,51.4,5.0
2028-08-29,21.0,0.0,55.5,6.3
2028-08-30,24.0,0.0,55.0,5.1
2028-08-31,21.9,3.6,56.9,7.0
2028-09-01,20.6,0.0,61.2,6.6
2028-09-02,25.9,0.0,47.0,11.0
2028-09-03,25.1,0.0,46.5,6.6
2028-09-04,26.4,0.0,51.3,5.7
2028-09-05,28.0,0.0,43.3,5.5
2028-09-06,29.2,0.0,64.0,5.8
2028-09-07,25.8,0.0,56.8,9.3
2028-09-08,25.6,0.0,54.3,6.8
2028-09-09,22.6,31.7,63.2,6.4
2028-09-10,28.2,0.0,57.4,7.3
2028-09-11,24.6,0.0,47.7,5.4
2028-09-12,22.8,95.4,72.4,24.8
2028-09-13,21.2,0.0,51.8,6.6
2028-09-14,19.0,0.0,47.2,6.5
2028-09-15,22.9,0.0,44.8,10.8
2028-09-16,28.1,0.0,46.4,6.6
2028-09-17,26.3,42.1,61.2,6.9
2028-09-18,23.2,0.0,53.0,6.3
2028-09-19,18.8,0.0,41.7,8.5
2028-09-20,19.2,0.0,46.8,6.0
2028-09-21,19.3,18.3,51.7,7.2
2028-09-22,18.7,18.2,44.7,6.4
2028-09-23,19.9,0.0,49.1,9.7
2028-09-24,21.1,2.9,46.7,9.9
2028-09-25,21.9,57.9,56.0,6.8
2028-09-26,21.2,0.0,43.5,8.1
2028-09-27,19.0,0.0,48.3,7.6
2028-09-28,20.7,0.0,50.2,7.1
2028-09-29,20.7,0.0,46.7,9.5
2028-09-30,22.4,0.0,54.2,7.1
2028-10-01,23.5,0.0,50.0,8.6
2028-10-02,19.9,0.0,46.9,6.8
2028-10-03,16.9,0.0,40.3,14.6
2028-10-04,15.8,0.0,49.2,8.0
2028-10-05,14.3,9.4,41.8,7.4
2028-10-06,16.6,0.0,46.7,7.6
2028-10-07,17.6,0.0,30.5,8.1
2028-10-08,19.9,0.0,40.0,8.1
2028-10-09,20.2,0.0,35.2,6.9
2028-10-10,20.1,0.0,40.5,10.9
2028-10-11,21.9,0.0,33.9,7.8
2028-10-12,21.8,0.0,41.5,13.8
2028-10-13,20.9,0.0,43.5,9.2
2028-10-14,22.9,0.0,37.6,7.9
2028-10-15,21.7,0.0,39.0,10.0
2028-10-16,19.9,0.0,41.5,8.8
2028-10-17,17.3,0.0,39.9,14.3
2028-10-18,18.3,0.0,46.7,9.5
2028-10-19,20.1,0.0,36.3,11.4
2028-10-20,18.9,5.0,43.4,10.3
2028-10-21,20.6,0.0,40.6,8.1
2028-10-22,15.4,0.0,31.1,14.3
2028-10-23,15.0,0.0,39.3,7.9
2028-10-24,14.6,0.0,38.2,9.2
2028-10-25,12.9,0.0,36.0,10.1
2028-10-26,17.7,0.0,47.2,7.9
2028-10-27,16.7,0.0,44.5,8.8
2028-10-28,15.1,0.0,34.1,10.1
2028-10-29,14.6,0.0,40.9,10.2
2028-10-30,10.1,0.0,41.3,15.8
2028-10-31,9.0,3.8,39.1,12.7
2028-11-01,11.5,0.0,31.7,9.3
2028-11-02,10.3,0.0,32.3,8.3
2028-11-03,8.9,0.0,39.6,8.6
2028-11-04,11.9,0.0,39.3,10.1
2028-11-05,14.4,0.0,35.2,11.7
2028-11-06,14.7,0.0,43.1,9.4
2028-11-07,13.0,0.0,43.9,16.2
2028-11-08,12.0,0.0,43.7,10.5
2028-11-09,10.1,0.0,43.6,10.2
2028-11-10,8.1,0.0,36.0,17.1
2028-11-11,6.4,0.0,29.3,16.0
2028-11-12,5.8,0.0,34.2,13.2
2028-11-13,4.5,0.0,35.2,10.3
2028-11-14,2.3,0.0,32.5,16.8
2028-11-15,4.2,0.4,33.8,13.8
2028-11-16,5.6,0.0,29.7,10.9
2028-11-17,9.7,0.0,39.0,15.5
2028-11-18,8.2,13.6,46.9,10.5
2028-11-19,8.9,0.0,47.2,9.8
2028-11-20,9.4,0.0,36.5,10.8
2028-11-21,8.7,0.0,34.3,9.9
2028-11-22,10.1,2.9,35.7,11.4
2028-11-23,11.3,0.0,41.9,11.4
2028-11-24,11.3,0.0,41.8,10.7
2028-11-25,10.1,0.0,33.8,14.4
2028-11-26,9.0,0.0,41.0,12.2
2028-11-27,6.0,0.0,35.8,11.0
2028-11-28,4.7,0.0,31.3,11.4
2028-11-29,4.1,6.7,35.9,13.5
2028-11-30,2.5,0.0,43.5,14.6
2028-12-01,4.4,0.0,38.6,12.3
2028-12-02,7.4,0.0,32.5,11.0
2028-12-03,5.5,0.0,39.7,11.8
2028-12-04,6.5,0.0,38.7,13.5
2028-12-05,4.5,0.0,33.6,15.7
2028-12-06,4.4,4.1,32.5,11.7
2028-12-07,3.6,0.0,29.6,11.1
2028-12-08,5.5,0.0,27.0,14.2
2028-12-09,4.4,0.0,32.0,15.8
2028-12-10,7.0,0.0,34.5,12.7
2028-12-11,6.5,0.0,41.7,11.6
2028-12-12,5.3,0.0,39.6,12.1
2028-12-13,3.1,0.0,36.6,12.9
2028-12-14,4.4,0.0,26.3,11.9
2028-12-15,6.7,0.0,37.3,11.4
2028-12-16,7.3,0.0,27.6,12.0
2028-12-17,11.7,0.0,40.3,12.3
2028-12-18,13.6,0.0,40.6,12.3
2028-12-19,11.7,8.9,38.7,11.1
2028-12-20,10.1,0.1,40.4,24.5
2028-12-21,10.4,13.0,44.8,12.2
2028-12-22,8.1,0.0,37.1,11.8
2028-12-23,10.2,0.0,36.0,12.7
2028-12-24,10.3,0.0,30.2,16.1
2028-12-25,10.2,0.0,35.2,16.0
2028-12-26,11.0,0.0,32.2,15.4
2028-12-27,13.7,0.0,32.3,17.9
2028-12-28,12.8,3.6,34.7,12.2
2028-12-29,11.5,0.0,27.8,12.0
2028-12-30,13.7,0.0,42.7,14.7
2028-12-31,14.5,0.0,39.1,12.8
2029-01-01,12.4,0.0,43.8,15.4
2029-01-02,11.5,17.6,46.6,16.1
2029-01-03,11.1,0.0,40.9,14.0
2029-01-04,11.2,0.0,42.5,13.3
2029-01-05,7.9,4.6,40.7,17.5
2029-01-06,4.8,0.0,45.5,13.9
2029-01-07,3.7,0.0,36.6,12.8
2029-01-08,2.7,0.0,39.3,13.5
2029-01-09,2.6,0.0,38.2,13.8
2029-01-10,5.1,0.0,49.9,11.9
2029-01-11,5.5,0.0,36.9,18.7
2029-01-12,6.6,0.2,46.8,12.7
2029-01-13,4.6,0.0,33.7,12.1
2029-01-14,4.6,0.0,41.3,14.1
2029-01-15,6.7,0.0,40.1,14.4
2029-01-16,8.5,0.0,36.2,12.8
2029-01-17,7.3,0.0,38.2,13.2
2029-01-18,8.1,0.0,44.3,14.1
2029-01-19,12.9,0.0,40.3,14.1
2029-01-20,12.3,0.0,37.5,15.8
2029-01-21,10.5,0.0,47.0,14.2
2029-01-22,10.2,0.0,42.7,12.2
2029-01-23,10.5,0.0,44.8,13.7
2029-01-24,10.3,0.0,48.8,15.0
2029-01-25,10.4,0.0,51.4,13.0
2029-01-26,7.7,0.0,32.5,13.6
2029-01-27,6.5,0.0,43.7,15.5
2029-01-28,7.3,0.0,36.1,14.1
2029-01-29,7.9,0.0,58.5,15.0
2029-01-30,7.6,0.0,45.9,14.4
2029-01-31,8.2,0.0,50.3,13.5
2029-02-01,9.2,0.0,42.6,20.6
2029-02-02,11.7,0.0,44.3,12.7
2029-02-03,11.8,0.0,51.8,12.3
2029-02-04,12.9,0.0,49.2,13.9
2029-02-05,11.9,3.9,56.3,13.5
2029-02-06,13.4,0.0,43.1,13.9
2029-02-07,14.3,0.0,46.5,16.1
2029-02-08,16.0,0.0,50.5,12.8
2029-02-09,17.1,0.0,51.6,12.0
2029-02-10,17.8,0.0,50.7,23.6
2029-02-11,17.1,0.0,42.3,13.5
2029-02-12,17.2,0.0,44.5,14.8
2029-02-13,19.0,0.0,51.3,13.5
2029-02-14,17.1,1.0,42.4,13.2
2029-02-15,15.6,0.0,45.8,13.5
2029-02-16,16.1,11.1,53.5,14.9
2029-02-17,17.1,0.0,47.0,15.8
2029-02-18,15.4,0.0,52.4,17.5
2029-02-19,15.6,0.0,51.1,15.1
2029-02-20,15.8,0.0,48.0,13.4
2029-02-21,11.7,0.0,48.4,20.1
2029-02-22,12.6,0.0,59.0,14.7
2029-02-23,13.4,0.0,54.9,15.1
2029-02-24,14.1,0.0,54.5,17.4
2029-02-25,17.9,0.0,53.9,13.5
2029-02-26,15.7,0.0,49.4,17.0
2029-02-27,14.8,0.0,51.5,11.9
2029-02-28,10.6,10.7,45.3,13.2
2029-03-01,11.5,0.0,51.8,17.8
2029-03-02,12.5,0.0,52.2,16.1
2029-03-03,13.1,0.0,58.4,14.0
2029-03-04,16.9,0.0,53.0,12.0
2029-03-05,19.5,0.0,60.3,11.5
2029-03-06,20.1,0.0,55.4,13.1
2029-03-07,19.7,0.0,57.8,12.9
2029-03-08,22.3,0.0,57.2,15.2
2029-03-09,22.3,0.0,61.2,13.4
2029-03-10,20.7,0.0,64.1,15.6
2029-03-11,17.8,0.0,53.5,13.6
2029-03-12,18.0,0.0,67.6,11.8
2029-03-13,20.7,0.0,54.8,13.9
2029-03-14,25.9,0.0,58.5,13.0
2029-03-15,25.7,0.0,57.1,12.8
2029-03-16,24.0,0.0,67.6,13.0
2029-03-17,21.8,0.0,55.1,13.4
2029-03-18,23.6,0.0,64.4,12.7
2029-03-19,20.5,0.0,50.1,11.1
2029-03-20,22.7,0.0,65.5,11.1
2029-03-21,25.0,0.0,60.8,11.9
2029-03-22,26.2,9.0,62.4,15.6
2029-03-23,25.9,7.6,60.8,12.8
2029-03-24,27.3,3.1,63.2,12.3
2029-03-25,27.7,5.7,62.7,18.5
2029-03-26,26.1,0.0,55.9,12.9
2029-03-27,30.2,0.0,59.7,12.2
2029-03-28,29.2,0.0,68.0,11.7
2029-03-29,30.6,0.0,62.3,11.4
2029-03-30,25.5,0.0,60.6,10.4
2029-03-31,28.8,0.0,65.1,12.0
2029-04-01,31.9,0.0,67.6,10.5
2029-04-02,31.5,0.0,68.7,10.8
2029-04-03,32.4,0.0,67.4,10.4
2029-04-04,33.1,0.0,72.1,17.5
2029-04-05,31.4,0.1,66.6,12.2
2029-04-06,32.4,0.0,65.4,15.0
2029-04-07,30.6,0.0,71.3,13.4
2029-04-08,29.6,0.0,63.6,11.1
2029-04-09,32.3,13.4,68.8,10.5
2029-04-10,34.3,0.0,59.7,11.0
2029-04-11,32.5,0.0,77.0,10.1
2029-04-12,31.1,5.5,80.0,9.4
2029-04-13,30.2,0.0,67.6,9.5
2029-04-14,32.3,0.0,72.6,12.4
2029-04-15,30.6,1.4,72.8,9.5
2029-04-16,31.9,0.0,70.2,9.9
2029-04-17,33.9,5.6,77.0,10.4
2029-04-18,33.8,0.0,63.4,9.5
2029-04-19,36.0,0.0,69.0,11.8
2029-04-20,35.2,0.0,59.7,13.1
2029-04-21,34.8,0.0,65.3,9.1
2029-04-22,33.0,0.0,62.5,9.0
2029-04-23,35.6,0.0,61.6,9.7
2029-04-24,34.1,0.0,68.6,11.9
2029-04-25,35.2,0.0,73.1,11.8
2029-04-26,35.3,0.0,68.1,8.7
2029-04-27,33.5,0.0,68.9,10.9
2029-04-28,33.0,0.0,68.1,9.8
2029-04-29,36.6,0.0,72.7,12.9
2029-04-30,37.1,0.0,69.2,8.8
2029-05-01,35.2,0.0,67.3,8.5
2029-05-02,36.4,8.2,79.2,11.5
2029-05-03,36.4,0.0,68.3,8.2
2029-05-04,43.7,0.0,66.5,9.9
2029-05-05,43.2,0.0,76.7,9.4
2029-05-06,41.6,0.0,64.7,8.8
2029-05-07,43.9,0.0,79.4,9.0
2029-05-08,39.2,0.0,68.3,9.6
2029-05-09,39.4,0.0,74.0,7.6
2029-05-10,43.4,0.0,68.7,8.1
2029-05-11,42.4,0.0,73.9,7.5
2029-05-12,38.4,1.6,71.7,7.5
2029-05-13,38.0,4.5,70.2,8.8
2029-05-14,41.3,0.0,66.1,10.1
2029-05-15,41.9,0.0,71.5,11.4
2029-05-16,39.9,0.0,76.7,11.0
2029-05-17,38.7,0.0,77.8,9.1
2029-05-18,38.0,1.5,71.3,7.1
2029-05-19,39.3,0.0,71.0,9.7
2029-05-20,42.3,0.0,73.8,7.3
2029-05-21,44.2,0.0,74.7,10.8
2029-05-22,44.6,0.0,74.7,7.4
2029-05-23,41.3,0.0,72.6,9.3
2029-05-24,38.7,0.0,73.0,9.1
2029-05-25,40.4,0.0,73.4,11.5
2029-05-26,38.0,6.0,64.3,8.1
2029-05-27,38.3,0.0,72.9,8.0
2029-05-28,39.7,0.0,78.9,8.2
2029-05-29,37.9,3.6,82.8,10.2
2029-05-30,36.7,0.0,80.9,6.8
2029-05-31,37.7,0.0,75.5,7.4
2029-06-01,39.6,0.0,69.1,7.8
2029-06-02,42.3,0.0,72.3,6.2
2029-06-03,43.6,0.0,71.2,7.1
2029-06-04,43.6,38.5,77.5,8.4
2029-06-05,41.9,0.0,70.2,6.2
2029-06-06,39.9,3.9,72.2,9.1
2029-06-07,39.5,0.0,67.9,7.6
2029-06-08,41.0,5.2,80.8,10.2
2029-06-09,42.0,2.1,78.3,10.1
2029-06-10,38.0,3.9,75.5,11.6
2029-06-11,37.4,0.0,76.6,7.4
2029-06-12,41.0,3.4,77.0,8.4
2029-06-13,41.5,0.0,70.9,7.4
2029-06-14,39.0,0.0,83.4,6.7
2029-06-15,44.5,0.0,70.5,6.8
2029-06-16,44.2,40.0,75.9,6.2
2029-06-17,44.7,41.7,85.4,5.6
2029-06-18,45.2,0.0,76.9,6.9
2029-06-19,44.0,0.0,72.5,7.3
2029-06-20,42.4,9.1,82.4,6.1
2029-06-21,46.7,0.0,74.6,6.1
2029-06-22,48.0,19.5,74.4,11.1
2029-06-23,48.6,14.4,74.1,6.2
2029-06-24,48.6,0.0,74.1,5.2
2029-06-25,45.5,63.9,89.6,13.2
2029-06-26,47.5,7.0,80.9,6.4
2029-06-27,44.9,0.0,77.1,6.4
2029-06-28,45.0,3.2,65.7,6.5
2029-06-29,41.2,0.0,71.8,5.8
2029-06-30,37.4,0.0,66.2,5.4
2029-07-01,39.1,0.0,79.6,4.7
2029-07-02,38.1,34.2,75.8,5.0
2029-07-03,35.0,0.0,72.9,7.2
2029-07-04,37.5,1.5,68.6,10.5
2029-07-05,42.7,0.0,61.6,5.2
2029-07-06,45.3,10.8,67.8,5.6
2029-07-07,44.1,0.0,69.9,6.1
2029-07-08,43.7,16.8,78.0,12.0
2029-07-09,45.1,0.0,73.4,6.0
2029-07-10,46.6,0.7,64.0,4.4
2029-07-11,44.9,13.9,75.3,4.4
2029-07-12,44.2,0.0,74.8,9.7
2029-07-13,44.2,0.6,72.5,4.7
2029-07-14,44.7,0.0,67.8,5.6
2029-07-15,43.7,0.0,69.6,5.5
2029-07-16,42.8,0.0,69.9,4.4
2029-07-17,45.1,0.0,75.9,5.6
2029-07-18,46.6,0.0,77.1,8.0
2029-07-19,46.3,0.0,71.6,4.4
2029-07-20,48.5,3.2,69.2,4.3
2029-07-21,46.0,0.0,67.7,6.9
2029-07-22,48.0,0.0,67.9,10.4
2029-07-23,47.4,4.6,69.5,12.1
2029-07-24,50.0,15.5,68.3,6.6
2029-07-25,47.3,22.2,82.1,4.3
2029-07-26,44.3,0.0,62.5,6.6
2029-07-27,44.0,3.3,73.5,4.6
2029-07-28,43.7,0.0,54.9,6.3
2029-07-29,46.6,0.0,64.2,7.3
2029-07-30,43.5,0.0,63.6,4.8
2029-07-31,44.2,2.0,66.7,9.1
2029-08-01,45.3,0.0,62.9,5.5
2029-08-02,45.1,0.0,71.4,5.4
2029-08-03,41.6,3.3,63.7,4.8
2029-08-04,43.5,2.0,59.2,6.8
2029-08-05,44.7,22.7,64.3,7.2
2029-08-06,44.2,0.0,60.8,9.4
2029-08-07,43.1,17.2,70.8,5.3
2029-08-08,42.1,45.8,78.5,6.2
2029-08-09,40.7,78.2,75.8,10.6
2029-08-10,41.0,19.8,62.9,6.5
2029-08-11,39.9,5.6,57.7,7.6
2029-08-12,37.3,0.0,59.8,5.8
2029-08-13,34.7,0.0,65.7,5.4
2029-08-14,33.2,0.0,61.5,5.8
2029-08-15,33.8,2.4,63.6,6.6
2029-08-16,33.8,0.0,63.7,5.9
2029-08-17,34.2,0.0,56.7,6.6
2029-08-18,35.1,0.0,52.9,6.3
2029-08-19,33.5,0.0,56.0,6.0
2029-08-20,36.3,2.0,63.2,5.9
2029-08-21,35.0,0.0,61.3,5.9
2029-08-22,33.6,0.0,58.3,5.6
2029-08-23,34.3,8.3,64.4,5.2
2029-08-24,30.1,0.0,58.0,5.7
2029-08-25,28.8,14.6,58.9,6.1
2029-08-26,31.3,4.0,49.7,7.5
2029-08-27,27.7,0.0,62.6,7.7
2029-08-28,30.6,0.0,55.4,10.2
2029-08-29,33.5,0.0,53.3,6.8
2029-08-30,32.1,0.0,54.7,4.6
2029-08-31,32.2,0.8,62.5,6.1
2029-09-01,33.9,0.0,59.4,6.2
2029-09-02,32.0,0.0,52.3,5.9
2029-09-03,33.1,16.2,60.2,4.7
2029-09-04,30.9,0.0,59.6,7.9
2029-09-05,29.4,0.0,54.8,6.8
2029-09-06,27.5,7.8,55.3,5.9
2029-09-07,28.2,0.0,42.0,5.3
2029-09-08,30.4,0.0,58.3,6.6
2029-09-09,29.3,0.0,46.6,14.1
2029-09-10,26.3,0.0,42.1,7.0
2029-09-11,24.1,0.0,42.0,6.8
2029-09-12,25.3,0.0,46.5,5.6
2029-09-13,29.1,3.3,53.7,7.7
2029-09-14,29.1,0.0,55.9,6.2
2029-09-15,27.6,0.0,51.4,7.9
2029-09-16,28.6,0.0,58.1,5.4
2029-09-17,27.3,0.0,47.1,5.9
2029-09-18,25.9,0.0,47.6,6.3
2029-09-19,23.6,0.0,39.1,6.7
2029-09-20,26.4,0.0,45.2,10.9
2029-09-21,20.7,0.0,37.6,9.9
2029-09-22,22.8,0.0,40.7,7.9
2029-09-23,21.8,0.4,50.4,6.1
2029-09-24,21.1,6.4,40.0,6.2
2029-09-25,24.7,0.0,38.6,9.7
2029-09-26,22.7,33.8,45.9,7.0
2029-09-27,21.1,4.1,50.8,6.7
2029-09-28,20.8,24.8,60.0,7.0
2029-09-29,21.7,0.0,44.9,7.5
2029-09-30,20.5,0.0,49.7,8.2
2029-10-01,17.3,0.0,38.9,7.5
2029-10-02,16.1,0.0,50.5,6.2
2029-10-03,19.4,0.0,40.5,8.1
2029-10-04,19.5,0.0,47.1,8.6
2029-10-05,20.3,0.0,43.4,8.6
2029-10-06,19.5,0.0,33.7,7.8
2029-10-07,18.0,3.0,39.3,6.9
2029-10-08,21.4,0.0,43.5,6.8
2029-10-09,20.3,0.0,33.2,7.7
2029-10-10,18.9,0.0,43.6,9.8
2029-10-11,20.8,0.0,34.8,7.5
2029-10-12,18.6,0.0,44.3,19.6
2029-10-13,17.0,0.0,34.6,10.5
2029-10-14,16.9,0.0,43.4,8.1
2029-10-15,16.8,0.0,45.0,8.0
2029-10-16,17.1,0.0,39.8,8.4
2029-10-17,21.0,0.0,40.0,8.8
2029-10-18,20.6,0.0,47.6,8.1
2029-10-19,14.7,0.0,36.0,12.7
2029-10-20,15.4,3.8,38.0,9.9
2029-10-21,15.3,0.0,42.7,8.7
2029-10-22,15.2,0.0,41.4,9.7
2029-10-23,15.5,8.4,40.0,8.9
2029-10-24,15.1,10.7,35.5,11.0
2029-10-25,14.7,21.2,48.8,14.6
2029-10-26,15.7,0.0,32.3,9.4
2029-10-27,14.1,4.9,50.9,8.2
2029-10-28,12.0,0.0,32.1,8.4
2029-10-29,18.2,0.0,32.4,11.9
2029-10-30,15.6,0.0,39.4,14.7
2029-10-31,15.1,0.0,40.3,8.9
2029-11-01,11.5,6.0,34.0,8.9
2029-11-02,11.8,0.0,45.7,10.8
2029-11-03,9.9,15.3,42.5,8.6
2029-11-04,9.3,0.0,35.7,11.0
2029-11-05,11.8,0.0,38.7,11.3
2029-11-06,12.6,0.0,42.7,9.2
2029-11-07,13.4,0.0,44.6,8.7
2029-11-08,9.3,0.0,37.3,9.3
2029-11-09,13.2,0.0,29.9,11.9
2029-11-10,10.2,0.0,29.9,11.2
2029-11-11,13.2,0.0,29.0,10.3
2029-11-12,14.6,5.9,34.2,13.0
2029-11-13,14.8,0.0,36.0,11.2
2029-11-14,12.0,0.0,36.8,11.0
2029-11-15,11.8,0.0,41.3,9.4
2029-11-16,10.4,0.0,25.2,11.5
2029-11-17,10.2,0.0,35.4,12.4
2029-11-18,9.4,0.0,37.7,15.8
2029-11-19,5.2,0.0,21.3,10.2
2029-11-20,8.2,0.0,37.5,10.9
2029-11-21,8.1,0.0,48.9,14.2
2029-11-22,7.2,5.1,40.3,12.4
2029-11-23,6.3,18.7,41.4,12.3
2029-11-24,7.4,0.0,33.7,10.2
2029-11-25,5.7,0.0,36.2,11.2
2029-11-26,1.7,0.0,42.7,12.8
2029-11-27,3.7,0.0,33.3,10.6
2029-11-28,5.6,0.0,41.0,11.8
2029-11-29,5.6,0.0,37.3,11.4
2029-11-30,3.7,0.0,43.1,12.9
2029-12-01,4.7,0.0,40.4,12.4
2029-12-02,2.3,0.0,36.0,10.2
2029-12-03,1.2,0.0,35.7,11.6
2029-12-04,1.0,0.0,33.5,16.2
2029-12-05,3.9,0.0,40.0,14.1
2029-12-06,3.8,0.0,32.2,11.8
2029-12-07,3.6,0.0,35.7,13.8
2029-12-08,8.2,0.0,34.2,11.6
2029-12-09,8.7,5.8,30.0,13.4
2029-12-10,9.0,0.0,36.4,11.5
2029-12-11,7.9,0.0,27.7,17.8
2029-12-12,6.5,0.0,33.2,12.1
2029-12-13,2.2,0.0,38.9,12.6
2029-12-14,5.1,0.0,36.4,15.0
2029-12-15,6.4,0.0,36.4,12.6
2029-12-16,6.1,0.0,31.5,13.0
2029-12-17,6.0,0.0,41.1,13.0
2029-12-18,7.7,0.0,31.5,13.4
2029-12-19,4.4,0.0,39.6,11.6
2029-12-20,3.8,0.0,42.7,13.7
2029-12-21,2.1,0.0,28.7,12.2
2029-12-22,6.7,0.0,34.4,12.1
2029-12-23,8.5,0.0,34.1,12.5
2029-12-24,3.8,0.0,38.1,11.6
2029-12-25,1.5,5.4,33.5,12.6
2029-12-26,2.4,0.0,31.2,11.8
2029-12-27,2.4,0.0,36.9,11.4
2029-12-28,0.7,0.0,34.5,14.7
2029-12-29,6.0,0.0,36.8,12.8
2029-12-30,6.9,3.1,42.9,13.7
2029-12-31,8.0,0.0,29.7,14.4
2030-01-01,6.5,0.0,37.4,16.4
2030-01-02,8.2,0.0,35.2,12.9
2030-01-03,7.4,15.6,42.4,13.4
2030-01-04,6.9,0.0,35.6,14.4
2030-01-05,8.4,0.0,32.9,11.9
2030-01-06,5.1,0.0,40.9,12.9
2030-01-07,8.9,0.0,53.0,13.4
2030-01-08,9.2,0.0,38.9,12.7
2030-01-09,11.6,0.0,36.0,12.7
2030-01-10,8.8,0.0,36.2,12.6
2030-01-11,7.0,0.0,44.7,23.4
2030-01-12,5.0,0.0,35.9,13.5
2030-01-13,6.3,0.0,47.0,12.6
2030-01-14,7.0,0.0,32.6,13.3
2030-01-15,6.6,1.5,42.3,12.5
2030-01-16,5.1,0.0,44.6,13.7
2030-01-17,3.5,0.0,45.3,14.1
2030-01-18,4.7,0.0,45.2,16.9
2030-01-19,4.8,0.0,43.4,12.3
2030-01-20,4.5,0.0,48.1,15.7
2030-01-21,8.8,0.0,37.6,13.8
2030-01-22,9.0,0.0,39.6,15.2
2030-01-23,11.8,0.0,41.1,15.9
2030-01-24,10.6,0.0,50.8,16.5
2030-01-25,11.2,0.0,46.0,12.5
2030-01-26,11.1,0.0,47.4,14.9
2030-01-27,7.8,0.0,43.3,12.7
2030-01-28,11.4,7.8,50.6,12.7
2030-01-29,11.3,0.0,37.1,14.5
2030-01-30,12.9,0.0,43.1,14.6
2030-01-31,11.3,0.0,44.3,15.1
2030-02-01,11.2,0.0,43.4,13.1
2030-02-02,9.8,0.0,44.4,14.2
2030-02-03,12.9,0.0,49.1,14.4
2030-02-04,13.6,2.1,48.4,13.4
2030-02-05,14.3,0.0,52.9,16.2
2030-02-06,16.9,0.0,36.9,12.2
2030-02-07,18.7,1.5,55.4,12.6
2030-02-08,19.3,7.9,46.7,16.1
2030-02-09,15.5,0.0,54.8,14.4
2030-02-10,14.0,0.0,46.5,14.9
2030-02-11,12.2,0.0,50.7,12.8
2030-02-12,14.3,0.0,43.8,15.8
2030-02-13,14.9,0.0,43.5,16.4
2030-02-14,12.3,0.0,52.8,14.2
2030-02-15,12.7,0.0,36.9,12.5
2030-02-16,10.4,0.0,44.5,14.1
2030-02-17,11.5,3.0,55.5,13.0
2030-02-18,9.3,0.0,49.2,12.8
2030-02-19,11.9,4.3,48.2,13.8
2030-02-20,13.8,0.0,59.5,12.0
2030-02-21,18.4,4.6,62.8,13.3
2030-02-22,20.0,0.0,52.6,12.6
2030-02-23,18.8,0.0,59.3,12.3
2030-02-24,20.4,0.0,60.9,13.0
2030-02-25,17.3,0.0,53.5,12.8
2030-02-26,15.8,0.0,51.4,15.5
2030-02-27,17.2,0.0,54.8,13.2
2030-02-28,13.4,1.9,47.9,14.0
2030-03-01,14.7,0.0,57.8,16.3
2030-03-02,13.8,0.0,53.7,12.4
2030-03-03,15.4,0.0,56.0,13.2
2030-03-04,14.3,0.0,56.2,14.2
2030-03-05,16.6,0.0,52.1,13.3
2030-03-06,17.6,0.0,56.5,12.8
2030-03-07,21.3,0.0,50.3,12.7
2030-03-08,21.5,0.0,55.0,13.6
2030-03-09,20.1,0.0,52.2,12.0
2030-03-10,20.2,0.0,53.7,11.9
2030-03-11,18.1,0.0,47.1,16.6
2030-03-12,20.0,0.0,56.6,11.2
2030-03-13,21.9,0.0,61.5,11.8
2030-03-14,27.3,0.0,60.3,14.0
2030-03-15,25.5,0.0,65.2,14.8
2030-03-16,24.8,8.4,57.4,11.3
2030-03-17,23.7,0.0,58.0,15.1
2030-03-18,24.4,0.0,65.4,23.3
2030-03-19,25.4,0.0,60.7,15.8
2030-03-20,25.4,0.0,62.4,12.3
2030-03-21,27.8,0.0,72.3,12.2
2030-03-22,26.3,0.0,60.8,12.7
2030-03-23,28.4,0.0,60.0,11.2
2030-03-24,29.2,0.0,57.7,11.6
2030-03-25,28.8,0.0,61.6,11.9
2030-03-26,28.0,0.0,68.5,13.6
2030-03-27,32.9,0.0,66.5,13.4
2030-03-28,30.3,7.4,73.0,10.8
2030-03-29,30.6,0.0,66.1,11.6
2030-03-30,28.8,10.7,56.1,10.6
2030-03-31,32.5,0.0,68.0,14.5
2030-04-01,33.7,0.0,65.7,11.4
2030-04-02,31.6,0.0,65.5,12.2
2030-04-03,32.3,0.0,71.9,11.6
2030-04-04,32.5,0.0,64.7,12.8
2030-04-05,31.1,0.0,69.2,10.3
2030-04-06,32.6,0.0,61.2,10.0
2030-04-07,33.1,0.0,59.3,10.0
2030-04-08,33.3,0.0,64.2,10.2
2030-04-09,32.9,0.5,66.0,10.0
2030-04-10,33.7,0.0,70.4,10.3
2030-04-11,33.9,0.0,62.5,10.4
2030-04-12,33.8,1.0,76.0,9.5
2030-04-13,32.4,0.0,63.7,11.0
2030-04-14,36.0,0.0,68.3,11.6
2030-04-15,33.4,0.0,69.0,9.6
2030-04-16,34.4,0.0,70.7,10.9
2030-04-17,33.7,0.0,71.7,9.7
2030-04-18,37.4,0.0,81.0,13.0
2030-04-19,35.0,0.0,66.9,11.2
2030-04-20,33.5,0.0,71.7,13.5
2030-04-21,31.9,2.8,70.7,14.3
2030-04-22,33.3,0.0,75.5,8.8
2030-04-23,31.0,0.0,73.1,10.3
2030-04-24,31.1,0.0,72.1,12.9
2030-04-25,27.8,0.0,63.8,12.1
2030-04-26,30.0,12.9,72.4,9.2
2030-04-27,30.3,0.0,66.7,9.4
2030-04-28,28.7,0.0,69.6,9.9
2030-04-29,32.6,0.0,67.9,13.0
2030-04-30,30.9,0.0,69.6,11.7
2030-05-01,33.8,0.0,70.3,13.3
2030-05-02,33.2,0.0,70.6,12.1
2030-05-03,37.4,0.0,71.2,9.6
2030-05-04,39.1,0.0,68.2,15.3
2030-05-05,36.9,0.0,73.2,8.1
2030-05-06,35.5,0.0,68.6,9.1
2030-05-07,37.4,0.0,70.3,9.1
2030-05-08,37.2,0.0,73.2,11.6
2030-05-09,37.3,0.0,60.6,8.6
2030-05-10,40.2,0.0,86.1,13.8
2030-05-11,38.6,0.0,76.4,10.2
2030-05-12,39.1,0.0,75.5,8.6
2030-05-13,41.2,0.0,71.4,7.8
2030-05-14,42.6,0.0,74.6,7.2
2030-05-15,41.8,0.0,68.2,7.2
2030-05-16,41.0,0.0,76.8,8.5
2030-05-17,37.4,0.0,66.0,16.3
2030-05-18,36.0,0.0,68.1,9.6
2030-05-19,37.6,0.0,71.0,10.2
2030-05-20,38.0,0.0,82.2,7.5
2030-05-21,38.8,0.0,69.2,7.5
2030-05-22,41.4,0.8,76.6,6.8
2030-05-23,39.1,0.0,64.5,10.8
2030-05-24,39.1,0.0,75.0,6.6
2030-05-25,40.0,0.0,83.6,8.4
2030-05-26,39.0,0.0,77.4,8.0
2030-05-27,42.4,0.0,64.6,8.0
2030-05-28,44.2,0.0,75.2,11.1
2030-05-29,44.4,0.0,72.7,8.1
2030-05-30,47.5,6.8,82.8,6.9
2030-05-31,43.5,0.0,74.5,9.7
2030-06-01,43.3,1.1,68.1,10.1
2030-06-02,43.8,19.6,79.2,6.8
2030-06-03,41.8,35.3,80.3,6.5
2030-06-04,42.5,0.0,64.2,6.9
2030-06-05,40.4,0.0,74.1,6.8
2030-06-06,42.2,0.1,74.9,8.5
2030-06-07,44.5,0.0,76.8,6.9
2030-06-08,44.7,45.3,91.2,7.6
2030-06-09,40.6,0.0,73.4,14.7
2030-06-10,39.2,0.2,67.3,7.0
2030-06-11,41.1,0.0,70.5,6.5
2030-06-12,41.5,51.7,87.4,10.5
2030-06-13,36.4,0.0,80.6,15.0
2030-06-14,40.2,0.0,74.5,10.8
2030-06-15,41.1,0.0,73.7,6.8
2030-06-16,39.8,0.0,73.1,8.8
2030-06-17,42.5,3.3,75.0,11.2
2030-06-18,41.2,62.1,99.1,23.3
2030-06-19,40.2,0.0,73.5,7.2
2030-06-20,41.5,0.0,72.5,5.9
2030-06-21,45.3,0.0,73.9,5.4
2030-06-22,48.1,0.0,70.2,8.0
2030-06-23,47.8,0.0,65.7,6.3
2030-06-24,47.7,0.0,64.7,5.4
2030-06-25,48.3,0.0,69.6,5.4
2030-06-26,44.7,0.0,79.0,8.7
2030-06-27,45.6,1.3,79.1,7.8
2030-06-28,43.6,0.0,67.2,8.0
2030-06-29,44.0,0.0,71.8,5.6
2030-06-30,43.3,11.8,76.0,9.5
2030-07-01,44.1,0.0,68.6,8.9
2030-07-02,44.0,0.0,78.6,9.7
2030-07-03,37.5,44.4,86.8,5.0
2030-07-04,38.8,0.0,73.5,7.1
2030-07-05,40.8,10.7,74.5,7.0
2030-07-06,41.9,8.1,65.5,5.3
2030-07-07,41.7,0.0,77.9,6.0
2030-07-08,45.0,0.0,73.8,6.7
2030-07-09,45.0,0.0,72.8,9.4
2030-07-10,45.2,5.5,68.2,6.3
2030-07-11,46.5,0.0,67.0,7.2
2030-07-12,46.2,3.8,73.5,4.5
2030-07-13,43.4,0.0,75.3,5.5
2030-07-14,38.0,1.2,78.5,5.6
2030-07-15,37.7,0.0,65.7,8.7
2030-07-16,39.8,28.9,75.5,8.8
2030-07-17,39.2,2.6,59.0,4.6
2030-07-18,41.1,0.0,56.3,5.1
2030-07-19,41.2,0.0,71.0,6.6
2030-07-20,43.6,0.0,63.8,5.6
2030-07-21,42.2,0.0,58.0,5.4
2030-07-22,42.7,14.3,65.3,5.2
2030-07-23,43.1,15.2,72.8,6.4
2030-07-24,45.3,0.0,69.0,6.4
2030-07-25,40.7,9.6,61.0,5.1
2030-07-26,39.4,0.0,72.7,5.2
2030-07-27,41.0,0.0,62.7,5.6
2030-07-28,43.6,0.0,67.3,6.0
2030-07-29,43.0,0.0,65.8,4.1
2030-07-30,41.5,13.3,68.6,4.9
2030-07-31,42.3,36.0,69.4,5.0
2030-08-01,43.1,0.0,64.6,5.6
2030-08-02,41.3,7.6,67.7,6.3
2030-08-03,41.1,0.0,63.1,4.9
2030-08-04,42.7,0.0,64.3,5.5
2030-08-05,45.3,41.9,79.5,4.2
2030-08-06,45.0,0.0,60.8,9.3
2030-08-07,43.4,12.2,69.2,4.4
2030-08-08,41.8,0.0,61.5,11.1
2030-08-09,41.7,18.4,74.0,6.2
2030-08-10,40.3,0.0,54.9,7.7
2030-08-11,39.7,2.1,68.6,5.8
2030-08-12,36.7,14.9,62.3,6.4
2030-08-13,38.9,2.4,72.1,6.4
2030-08-14,35.7,5.3,64.1,8.0
2030-08-15,34.6,0.0,64.5,6.8
2030-08-16,34.7,170.8,89.1,16.8
2030-08-17,38.5,17.9,67.5,4.4
2030-08-18,36.6,29.5,70.1,4.8
2030-08-19,34.6,5.9,59.7,5.9
2030-08-20,33.2,7.0,64.2,8.3
2030-08-21,36.4,34.2,50.0,5.2
2030-08-22,30.0,0.0,54.7,4.6
2030-08-23,28.4,0.0,57.7,4.9
2030-08-24,34.5,0.0,59.7,11.7
2030-08-25,35.1,9.5,64.1,8.1
2030-08-26,32.1,0.0,55.3,4.9
2030-08-27,31.8,0.0,54.3,5.7
2030-08-28,31.7,0.0,60.2,6.3
2030-08-29,33.1,43.6,72.2,7.1
2030-08-30,36.2,27.8,65.8,16.0
2030-08-31,35.7,0.0,54.1,6.3
2030-09-01,33.4,17.6,71.6,5.3
2030-09-02,34.1,0.0,54.5,10.0
2030-09-03,31.7,39.8,64.8,12.7
2030-09-04,29.0,8.6,63.8,6.2
2030-09-05,25.3,2.4,61.3,7.5
2030-09-06,22.7,19.5,61.2,6.5
2030-09-07,21.9,13.1,51.2,7.6
2030-09-08,20.6,7.7,54.6,8.3
2030-09-09,22.5,0.0,54.3,7.2
2030-09-10,21.0,17.6,65.6,9.8
2030-09-11,15.8,0.0,65.8,7.3
2030-09-12,15.7,0.0,47.7,5.8
2030-09-13,16.8,0.0,54.7,9.6
2030-09-14,17.3,0.0,46.0,10.0
2030-09-15,21.9,35.1,57.9,5.3
2030-09-16,21.3,0.0,45.1,13.9
2030-09-17,23.7,0.0,57.4,5.9
2030-09-18,23.8,0.0,49.9,6.9
2030-09-19,23.7,17.8,54.3,6.6
2030-09-20,22.0,0.0,48.3,6.3
2030-09-21,22.2,3.9,50.6,8.0
2030-09-22,20.8,0.0,49.5,6.0
2030-09-23,21.5,0.7,43.9,7.6
2030-09-24,21.2,7.6,40.3,9.3
2030-09-25,19.5,0.0,39.9,7.5
2030-09-26,21.9,0.0,38.1,11.2
2030-09-27,22.7,0.0,46.9,6.2
2030-09-28,21.5,0.0,41.5,7.1
2030-09-29,21.6,0.0,50.2,6.7
2030-09-30,21.3,0.0,46.2,9.4
2030-10-01,19.3,0.0,35.5,7.9
2030-10-02,19.6,0.0,42.3,7.4
2030-10-03,18.4,0.0,33.5,9.9
2030-10-04,16.7,0.0,38.1,12.7
2030-10-05,13.9,0.0,41.1,9.0
2030-10-06,14.2,0.0,38.5,10.6
2030-10-07,16.2,15.0,56.1,6.5
2030-10-08,15.2,12.2,49.5,9.3
2030-10-09,20.8,22.2,46.3,16.7
2030-10-10,21.9,0.0,49.3,9.4
2030-10-11,23.6,0.0,37.0,9.6
2030-10-12,23.9,0.0,40.0,9.2
2030-10-13,26.2,15.6,49.6,8.4
2030-10-14,22.7,0.0,35.6,8.2
2030-10-15,16.2,0.0,44.3,8.7
2030-10-16,15.3,0.0,42.1,9.7
2030-10-17,16.5,0.0,43.3,7.7
2030-10-18,16.6,3.6,50.1,8.9
2030-10-19,16.8,0.0,42.2,11.4
2030-10-20,19.1,0.0,40.4,9.0
2030-10-21,19.0,0.0,32.0,8.7
2030-10-22,19.7,0.0,40.3,10.1
2030-10-23,16.7,0.0,36.7,7.7
2030-10-24,13.9,0.0,38.3,9.1
2030-10-25,17.1,1.2,36.6,8.2
2030-10-26,16.6,0.0,40.9,9.9
2030-10-27,14.6,0.0,33.3,8.9
2030-10-28,13.1,0.0,39.2,10.6
2030-10-29,11.7,0.0,32.7,9.5
2030-10-30,10.4,0.0,28.7,11.0
2030-10-31,8.2,0.0,35.9,10.0
2030-11-01,6.0,0.0,39.7,8.6
2030-11-02,6.8,0.0,33.4,8.7
2030-11-03,6.6,0.0,37.8,8.6
2030-11-04,9.7,10.6,37.8,10.7
2030-11-05,10.6,0.0,31.6,9.6
2030-11-06,11.2,0.0,39.4,9.8
2030-11-07,9.7,0.0,33.3,12.3
2030-11-08,9.6,0.0,38.3,12.9
2030-11-09,10.5,0.0,29.0,10.7
2030-11-10,11.9,0.0,36.8,9.2
2030-11-11,11.3,0.0,39.2,10.9
2030-11-12,13.2,0.0,37.7,13.6
2030-11-13,12.5,13.6,43.7,9.8
2030-11-14,13.5,0.0,39.0,12.8
2030-11-15,11.7,3.0,37.9,13.5
2030-11-16,7.6,0.0,39.8,14.1
2030-11-17,8.4,0.6,33.7,11.4
2030-11-18,10.0,0.0,38.0,12.0
2030-11-19,10.9,0.0,35.5,10.2
2030-11-20,11.3,0.0,44.5,10.4
2030-11-21,10.1,0.0,36.6,11.0
2030-11-22,8.1,0.0,28.8,9.6
2030-11-23,9.3,0.0,36.4,10.0
2030-11-24,9.9,0.0,30.3,12.3
2030-11-25,8.4,0.0,38.7,14.3
2030-11-26,10.6,0.3,38.9,10.8
2030-11-27,8.3,0.0,32.0,10.1
2030-11-28,7.0,0.0,29.8,12.3
2030-11-29,10.4,0.0,35.7,11.1
2030-11-30,11.6,0.0,30.5,11.5
2030-12-01,10.1,0.0,30.8,11.6
2030-12-02,10.1,0.0,32.5,11.0
2030-12-03,9.9,0.0,38.2,10.8
2030-12-04,3.9,0.0,27.6,17.3
2030-12-05,2.7,0.0,31.3,13.9
2030-12-06,3.5,0.0,47.1,13.7
2030-12-07,3.5,0.0,44.9,10.4
2030-12-08,4.7,0.0,41.3,11.0
2030-12-09,7.5,0.0,35.5,13.6
2030-12-10,6.7,0.0,39.1,10.9
2030-12-11,4.7,3.8,34.4,12.4
2030-12-12,5.8,33.0,30.2,12.5
2030-12-13,5.4,0.0,32.7,11.8
2030-12-14,5.4,0.0,33.2,13.2
2030-12-15,5.1,0.0,35.8,11.8
2030-12-16,10.0,0.0,38.2,11.8
2030-12-17,4.9,0.0,44.1,11.4
2030-12-18,4.5,0.0,36.1,16.0
2030-12-19,5.0,0.0,31.1,11.6
2030-12-20,3.8,0.0,35.2,12.1
2030-12-21,6.3,0.0,39.5,12.7
2030-12-22,8.1,0.0,35.9,12.4
2030-12-23,7.8,0.0,32.6,16.3
2030-12-24,7.1,16.6,43.5,15.0
2030-12-25,6.9,0.0,31.1,12.8
2030-12-26,6.7,0.0,32.6,12.9
2030-12-27,6.7,0.0,39.2,12.1
2030-12-28,6.5,0.0,33.4,11.4
2030-12-29,7.1,0.0,35.7,11.7
2030-12-30,8.7,0.7,37.9,16.4
2030-12-31,6.0,0.0,37.6,14.2
2031-01-01,4.3,0.0,33.2,12.5
2031-01-02,1.5,0.0,39.8,14.0
2031-01-03,4.5,0.0,33.8,20.2
2031-01-04,5.7,0.0,46.8,14.6
2031-01-05,7.1,0.0,36.8,12.1
2031-01-06,4.5,0.0,42.0,13.1
2031-01-07,8.8,0.0,42.8,14.2
2031-01-08,7.5,0.0,37.6,16.3
2031-01-09,8.0,0.0,34.8,13.5
2031-01-10,9.9,0.2,43.5,13.2
2031-01-11,7.7,0.0,32.9,12.7
2031-01-12,6.8,0.0,33.9,12.2
2031-01-13,7.6,0.0,43.6,15.1
2031-01-14,13.7,0.0,39.8,13.2
2031-01-15,13.4,0.0,37.5,12.2
2031-01-16,15.8,9.5,41.1,12.7
2031-01-17,17.0,0.0,37.5,14.0
2031-01-18,16.3,0.0,52.7,13.7
2031-01-19,13.1,0.0,47.1,14.8
2031-01-20,14.6,7.3,40.0,13.0
2031-01-21,10.8,0.0,41.0,13.6
2031-01-22,13.9,0.0,45.8,12.2
2031-01-23,13.7,0.0,38.2,12.9
2031-01-24,7.8,0.0,40.6,15.8
2031-01-25,7.8,0.0,42.2,14.0
2031-01-26,9.8,0.0,39.5,13.2
2031-01-27,9.7,0.0,49.7,15.2
2031-01-28,11.5,0.0,41.0,14.3
2031-01-29,9.9,0.0,44.2,16.0
2031-01-30,7.7,0.0,45.7,12.5
2031-01-31,8.5,0.0,53.4,14.4
2031-02-01,9.4,0.0,45.3,14.0
2031-02-02,9.4,0.0,56.7,15.7
2031-02-03,12.6,0.0,44.5,12.8
2031-02-04,11.0,0.0,45.6,14.6
2031-02-05,12.1,0.0,51.7,15.5
2031-02-06,12.6,0.6,57.0,14.8
2031-02-07,9.8,0.0,46.3,12.5
2031-02-08,8.0,0.0,54.1,13.6
2031-02-09,9.4,0.0,52.5,12.4
2031-02-10,14.4,0.0,44.8,13.9
2031-02-11,15.7,0.0,48.8,15.3
2031-02-12,12.2,0.0,49.0,15.1
2031-02-13,6.6,0.0,44.4,14.3
2031-02-14,9.9,0.0,50.7,12.1
2031-02-15,11.0,0.0,50.6,14.5
2031-02-16,14.3,0.0,52.4,14.4
2031-02-17,13.0,0.0,51.2,14.9
2031-02-18,14.5,0.0,47.9,12.5
2031-02-19,16.7,0.0,63.8,12.8
2031-02-20,16.0,0.0,53.0,19.3
2031-02-21,15.5,0.0,58.8,12.2
2031-02-22,16.0,0.0,54.8,13.8
2031-02-23,17.6,7.1,62.2,12.4
2031-02-24,17.8,0.0,49.4,13.1
2031-02-25,19.9,2.2,53.7,13.2
2031-02-26,18.9,0.0,51.7,14.2
2031-02-27,16.3,0.0,51.5,13.4
2031-02-28,21.0,0.0,56.0,11.6
2031-03-01,19.6,0.0,53.8,12.3
2031-03-02,18.6,7.8,50.2,12.7
2031-03-03,18.9,0.0,54.2,14.9
2031-03-04,19.5,0.0,54.1,12.4
2031-03-05,19.0,0.0,60.8,13.1
2031-03-06,19.5,3.2,50.3,13.4
2031-03-07,19.9,0.0,54.5,13.3
2031-03-08,20.7,0.0,53.7,13.0
2031-03-09,16.4,0.0,61.5,11.8
2031-03-10,21.4,0.0,55.4,12.2
2031-03-11,21.5,0.0,63.7,14.4
2031-03-12,23.0,0.0,58.5,14.9
2031-03-13,20.4,0.0,61.6,15.2
2031-03-14,20.2,0.0,65.0,11.8
2031-03-15,19.7,0.0,53.8,12.1
2031-03-16,23.6,0.0,58.9,13.2
2031-03-17,22.7,0.0,62.5,17.0
2031-03-18,24.8,0.0,61.8,20.0
2031-03-19,23.6,28.6,61.8,11.6
2031-03-20,23.2,0.0,64.9,11.4
2031-03-21,23.3,0.0,62.0,11.0
2031-03-22,26.5,0.0,62.7,13.3
2031-03-23,22.8,0.0,61.3,10.8
2031-03-24,21.1,0.0,46.8,12.9
2031-03-25,18.4,0.0,65.8,12.9
2031-03-26,18.1,0.0,66.3,15.9
2031-03-27,18.5,0.0,61.5,11.0
2031-03-28,17.3,1.4,56.9,10.3
2031-03-29,18.1,0.0,61.6,10.6
2031-03-30,16.2,6.3,71.1,11.4
2031-03-31,16.8,0.0,62.8,10.8
2031-04-01,21.8,0.0,65.3,11.1
2031-04-02,24.2,0.0,63.8,13.2
2031-04-03,25.8,0.0,67.3,11.0
2031-04-04,24.7,0.0,59.5,11.0
2031-04-05,22.9,0.0,65.3,11.8
2031-04-06,22.2,0.0,72.1,10.6
2031-04-07,24.0,0.0,62.3,12.2
2031-04-08,27.2,4.5,66.9,12.9
2031-04-09,30.0,0.0,72.7,10.3
2031-04-10,31.7,0.0,71.4,14.6
2031-04-11,30.4,0.0,70.2,9.7
2031-04-12,30.9,0.0,70.2,9.7
2031-04-13,30.7,0.0,70.4,10.4
2031-04-14,30.8,0.0,67.6,9.6
2031-04-15,35.5,4.8,75.7,11.2
2031-04-16,31.6,0.0,66.9,17.8
2031-04-17,31.7,0.0,64.5,10.2
2031-04-18,34.7,0.0,62.8,10.0
2031-04-19,31.7,0.0,66.9,9.3
2031-04-20,31.1,0.0,67.0,18.9
2031-04-21,30.9,0.0,66.8,13.8
2031-04-22,31.3,0.0,64.7,12.4
2031-04-23,29.0,0.0,72.7,10.0
2031-04-24,31.6,0.0,66.3,12.7
2031-04-25,33.9,0.0,74.0,11.2
2031-04-26,35.4,0.0,75.0,9.3
2031-04-27,33.9,0.0,84.5,18.3
2031-04-28,34.7,0.0,69.5,8.4
2031-04-29,33.4,0.0,71.2,9.5
2031-04-30,33.5,0.0,68.4,8.9
2031-05-01,38.7,0.0,66.5,8.1
2031-05-02,38.7,0.3,70.5,8.1
2031-05-03,36.2,0.0,68.8,14.1
2031-05-04,37.0,0.0,66.9,8.9
2031-05-05,34.6,0.0,74.2,9.1
2031-05-06,33.0,0.0,67.8,8.8
2031-05-07,32.1,0.0,76.1,8.7
2031-05-08,32.6,0.0,77.7,7.7
2031-05-09,35.8,0.0,69.2,9.8
2031-05-10,37.7,0.0,80.7,10.0
2031-05-11,39.1,0.0,75.8,8.3
2031-05-12,37.1,0.0,73.5,10.6
2031-05-13,36.6,0.1,65.1,13.6
2031-05-14,37.8,0.0,65.6,7.3
2031-05-15,37.1,4.5,83.2,8.5
2031-05-16,37.2,0.0,80.9,9.3
2031-05-17,38.8,0.0,82.4,7.1
2031-05-18,38.5,0.0,83.8,12.1
2031-05-19,39.4,0.0,81.4,9.9
2031-05-20,43.0,0.0,75.8,9.8
2031-05-21,42.3,6.0,79.0,11.9
2031-05-22,44.4,0.0,71.3,8.0
2031-05-23,45.0,0.0,76.0,8.0
2031-05-24,41.4,0.0,78.6,8.3
2031-05-25,39.2,0.0,78.7,8.9
2031-05-26,38.1,0.0,74.3,9.0
2031-05-27,37.2,0.0,64.8,6.9
2031-05-28,38.0,0.0,67.4,6.6
2031-05-29,40.0,0.0,77.4,9.0
2031-05-30,43.0,9.7,74.9,8.7
2031-05-31,43.5,0.0,78.3,10.3
2031-06-01,42.4,0.0,68.9,9.6
2031-06-02,38.2,0.0,81.8,6.2
2031-06-03,39.3,0.0,70.3,6.3
2031-06-04,40.0,51.7,95.3,6.5
2031-06-05,40.9,0.7,67.4,7.8
2031-06-06,45.5,0.0,77.9,10.6
2031-06-07,47.4,48.4,82.3,7.7
2031-06-08,48.1,0.0,74.8,7.2
2031-06-09,45.1,0.0,80.2,6.0
2031-06-10,43.7,59.1,94.0,7.0
2031-06-11,43.3,37.7,80.0,8.5
2031-06-12,41.7,26.3,78.1,6.5
2031-06-13,43.0,26.8,73.3,6.3
2031-06-14,43.7,0.0,65.5,9.2
2031-06-15,41.4,0.0,70.2,7.8
2031-06-16,44.1,37.0,79.2,8.8
2031-06-17,44.1,0.0,66.6,5.9
2031-06-18,40.4,13.4,76.4,11.1
2031-06-19,40.9,0.0,73.8,6.0
2031-06-20,41.9,0.0,73.8,6.3
2031-06-21,44.0,3.0,70.5,7.8
2031-06-22,43.1,0.0,70.7,5.8
2031-06-23,44.8,0.0,71.9,7.1
2031-06-24,44.8,15.6,81.3,7.1
2031-06-25,41.7,1.4,70.2,6.2
2031-06-26,39.1,0.0,64.7,7.1
2031-06-27,42.1,6.0,72.8,5.8
2031-06-28,44.6,7.7,72.5,7.2
2031-06-29,44.9,53.7,77.9,7.7
2031-06-30,47.4,0.0,70.4,6.3
2031-07-01,48.5,46.5,79.5,7.9
2031-07-02,48.7,0.0,71.7,5.3
2031-07-03,45.6,32.5,82.1,6.3
2031-07-04,48.4,42.6,79.7,11.1
2031-07-05,48.2,0.0,74.1,6.2
2031-07-06,46.2,24.5,75.9,5.8
2031-07-07,44.0,0.0,69.8,4.9
2031-07-08,44.1,0.6,69.5,5.2
2031-07-09,40.2,0.0,69.7,6.0
2031-07-10,41.9,11.6,66.5,8.3
2031-07-11,39.9,0.0,61.1,7.5
2031-07-12,40.9,10.3,78.2,4.9
2031-07-13,39.9,0.0,70.9,6.5
2031-07-14,39.6,0.6,67.0,6.0
2031-07-15,38.4,6.1,76.2,6.1
2031-07-16,38.5,0.0,83.4,7.2
2031-07-17,42.7,1.9,61.8,6.9
2031-07-18,45.0,0.0,68.4,6.8
2031-07-19,44.8,0.0,71.7,6.9
2031-07-20,43.8,0.0,60.0,4.2
2031-07-21,44.7,0.0,60.2,10.9
2031-07-22,46.0,0.0,72.3,5.9
2031-07-23,43.0,0.0,67.0,7.2
2031-07-24,42.1,71.0,81.3,13.8
2031-07-25,37.9,0.0,58.6,5.0
2031-07-26,40.4,11.7,71.0,5.6
2031-07-27,44.2,7.6,61.1,8.1
2031-07-28,43.2,31.0,68.6,8.9
2031-07-29,38.0,0.7,61.0,5.8
2031-07-30,39.3,3.0,64.4,4.3
2031-07-31,37.2,3.8,60.5,4.7
2031-08-01,36.0,0.0,60.0,5.1
2031-08-02,37.5,0.0,69.1,6.3
2031-08-03,38.0,0.0,65.0,6.5
2031-08-04,36.8,31.8,71.8,7.3
2031-08-05,35.5,39.5,75.6,7.9
2031-08-06,36.0,0.0,57.9,5.3
2031-08-07,35.2,9.3,67.0,7.8
2031-08-08,33.2,20.5,69.8,9.6
2031-08-09,33.1,0.0,57.1,6.7
2031-08-10,34.3,0.0,64.9,4.6
2031-08-11,34.1,7.8,64.7,6.1
2031-08-12,31.5,0.0,62.6,8.5
2031-08-13,34.1,0.0,69.3,4.5
2031-08-14,28.8,0.0,61.2,4.7
2031-08-15,29.0,4.6,56.8,4.7
2031-08-16,28.7,0.0,60.6,6.9
2031-08-17,30.1,0.0,59.7,5.0
2031-08-18,31.9,7.4,55.6,8.6
2031-08-19,34.4,0.0,48.8,5.9
2031-08-20,32.7,0.0,58.3,11.2
2031-08-21,33.9,0.8,63.2,7.4
2031-08-22,34.0,0.0,62.7,6.0
2031-08-23,30.2,8.0,61.0,7.8
2031-08-24,34.3,0.0,65.1,5.0
2031-08-25,30.9,13.2,61.1,6.7
2031-08-26,31.8,0.0,55.6,6.7
2031-08-27,32.4,31.8,65.2,6.0
2031-08-28,32.6,0.0,52.2,4.9
2031-08-29,31.2,0.0,49.2,6.7
2031-08-30,32.6,0.0,50.3,6.7
2031-08-31,28.9,0.0,52.4,5.5
2031-09-01,28.9,6.2,60.4,5.0
2031-09-02,27.8,4.3,48.0,5.4
2031-09-03,26.7,0.0,48.9,10.6
2031-09-04,27.9,6.4,59.1,5.7
2031-09-05,30.1,0.0,51.3,7.0
2031-09-06,29.0,0.0,51.8,6.9
2031-09-07,30.3,0.0,50.6,6.3
2031-09-08,29.8,82.0,82.3,28.7
2031-09-09,27.5,0.0,54.5,7.9
2031-09-10,26.8,30.3,60.3,7.6
2031-09-11,26.1,0.0,52.1,6.8
2031-09-12,24.7,0.0,52.8,6.0
2031-09-13,25.8,0.0,59.6,6.9
2031-09-14,26.2,0.0,48.2,8.2
2031-09-15,22.8,16.8,54.8,8.7
2031-09-16,19.9,0.0,49.5,8.3
2031-09-17,21.7,0.0,53.6,5.4
2031-09-18,20.6,55.1,71.0,5.6
2031-09-19,21.8,0.0,45.5,6.8
2031-09-20,23.8,0.0,50.4,5.7
2031-09-21,21.1,0.0,48.6,6.2
2031-09-22,18.7,0.0,40.5,6.0
2031-09-23,22.8,21.0,57.2,7.0
2031-09-24,23.4,0.0,54.6,7.4
2031-09-25,22.3,23.6,56.5,6.1
2031-09-26,20.3,0.0,43.0,10.6
2031-09-27,19.5,6.2,40.6,8.2
2031-09-28,17.5,0.0,48.8,7.6
2031-09-29,19.9,14.4,43.5,9.3
2031-09-30,18.5,55.3,53.9,7.7
2031-10-01,21.0,8.4,47.8,8.6
2031-10-02,20.0,0.0,48.1,7.2
2031-10-03,17.9,0.0,42.4,6.9
2031-10-04,17.3,0.0,42.8,6.7
2031-10-05,12.4,0.0,43.0,8.2
2031-10-06,13.4,0.0,38.7,8.6
2031-10-07,14.1,0.0,41.1,14.2
2031-10-08,16.6,0.0,34.6,6.6
2031-10-09,13.1,0.0,46.1,8.2
2031-10-10,16.3,0.0,56.1,10.1
2031-10-11,18.1,9.0,44.4,7.4
2031-10-12,20.4,0.0,47.6,10.9
2031-10-13,19.6,2.1,40.6,10.3
2031-10-14,21.0,12.9,37.6,11.2
2031-10-15,17.1,19.6,57.0,9.6
2031-10-16,18.3,0.0,36.4,7.7
2031-10-17,16.2,0.0,45.1,8.8
2031-10-18,12.8,1.8,41.7,10.9
2031-10-19,11.0,0.0,45.9,8.0
2031-10-20,11.8,0.0,39.4,7.5
2031-10-21,10.7,0.0,33.7,7.7
2031-10-22,12.2,0.0,36.0,10.4
2031-10-23,9.0,0.0,50.8,8.4
2031-10-24,5.7,0.0,40.5,9.9
2031-10-25,10.0,0.0,49.6,11.0
2031-10-26,12.5,0.0,36.6,8.8
2031-10-27,10.6,0.8,42.0,8.3
2031-10-28,11.0,0.0,31.7,8.4
2031-10-29,13.4,0.0,38.1,14.9
2031-10-30,14.1,0.0,48.9,8.6
2031-10-31,14.0,0.0,33.6,10.5
2031-11-01,15.8,0.0,33.9,11.7
2031-11-02,13.5,0.0,41.4,10.5
2031-11-03,13.2,0.0,37.7,9.7
2031-11-04,12.8,0.0,46.4,10.0
2031-11-05,12.0,0.0,35.6,10.4
2031-11-06,11.0,10.2,39.5,8.7
2031-11-07,11.1,0.0,38.1,11.3
2031-11-08,11.1,0.0,31.0,14.8
2031-11-09,8.9,0.0,29.8,9.5
2031-11-10,10.7,0.0,29.2,10.4
2031-11-11,8.7,7.5,21.4,13.5
2031-11-12,8.5,0.0,35.5,14.7
2031-11-13,8.1,6.2,30.9,9.0
2031-11-14,9.1,0.0,33.0,12.3
2031-11-15,5.0,30.0,48.3,14.5
2031-11-16,7.6,0.0,30.8,9.3
2031-11-17,6.5,0.0,38.9,11.7
2031-11-18,9.5,0.0,27.5,14.7
2031-11-19,8.4,0.0,31.9,10.6
2031-11-20,8.4,0.0,44.0,11.6
2031-11-21,12.2,0.0,33.1,10.6
2031-11-22,10.9,0.0,41.6,12.0
2031-11-23,12.9,0.0,46.9,13.5
2031-11-24,12.0,0.0,33.0,14.2
2031-11-25,12.1,0.0,31.7,10.6
2031-11-26,11.4,0.0,24.2,10.2
2031-11-27,12.4,0.0,36.5,12.3
2031-11-28,10.1,0.0,36.9,12.9
2031-11-29,7.6,0.0,38.9,10.3
2031-11-30,6.4,0.0,42.0,11.3
2031-12-01,6.8,0.0,29.9,15.3
2031-12-02,6.5,1.9,44.8,11.4
2031-12-03,8.1,0.0,33.6,14.4
2031-12-04,10.5,0.1,36.9,11.2
2031-12-05,7.9,0.0,34.7,14.5
2031-12-06,6.3,0.0,31.3,12.1
2031-12-07,3.6,0.0,29.2,11.8
2031-12-08,8.4,4.1,37.3,12.3
2031-12-09,8.7,0.0,30.4,11.3
2031-12-10,9.3,0.0,34.2,10.9
2031-12-11,6.2,0.0,33.3,11.9
2031-12-12,6.4,17.2,37.9,13.7
2031-12-13,7.5,0.0,26.5,10.9
2031-12-14,6.9,0.0,20.0,15.4
2031-12-15,9.0,0.0,39.9,12.2
2031-12-16,13.2,0.0,41.4,14.0
2031-12-17,10.1,11.6,26.0,12.2
2031-12-18,7.4,0.0,38.1,13.8
2031-12-19,5.6,0.0,37.2,14.0
2031-12-20,9.1,5.2,30.9,16.3
2031-12-21,10.7,0.0,40.8,11.3
2031-12-22,9.7,0.0,42.1,12.7
2031-12-23,9.3,0.0,41.9,15.1
2031-12-24,7.2,0.0,45.4,12.9
2031-12-25,9.0,0.0,41.9,12.7
2031-12-26,7.9,0.0,32.9,12.6
2031-12-27,7.2,0.0,37.2,13.2
2031-12-28,8.5,0.0,39.2,14.4
2031-12-29,7.9,0.0,45.1,12.8
2031-12-30,7.3,0.0,36.4,15.5
2031-12-31,7.4,0.0,34.7,13.7
2032-01-01,9.0,0.0,29.7,13.0
2032-01-02,12.1,0.0,42.6,13.4
2032-01-03,12.4,0.0,39.4,15.5
2032-01-04,13.1,0.0,34.2,12.5
2032-01-05,11.7,0.0,42.6,13.0
2032-01-06,9.6,0.0,37.3,12.7
2032-01-07,10.6,0.0,32.6,13.0
2032-01-08,10.5,0.2,46.1,13.5
2032-01-09,7.3,0.0,29.3,15.6
2032-01-10,6.9,4.7,41.7,14.7
2032-01-11,7.1,0.0,39.5,13.5
2032-01-12,6.4,0.0,32.1,13.5
2032-01-13,9.9,0.0,42.2,14.4
2032-01-14,10.7,0.0,37.3,13.1
2032-01-15,13.2,0.0,49.4,12.7
2032-01-16,13.0,0.0,46.3,14.5
2032-01-17,12.5,0.0,42.6,12.8
2032-01-18,10.1,0.0,29.3,12.6
2032-01-19,10.1,0.0,39.2,20.2
2032-01-20,10.1,0.0,39.1,12.1
2032-01-21,7.4,0.0,48.6,12.1
2032-01-22,7.0,0.0,43.7,13.6
2032-01-23,7.1,0.0,44.7,14.8
2032-01-24,8.7,0.0,48.5,13.5
2032-01-25,10.1,3.7,52.8,13.2
2032-01-26,9.2,0.0,51.2,18.6
2032-01-27,10.6,0.0,47.0,13.0
2032-01-28,10.4,0.0,43.2,13.8
2032-01-29,5.0,0.0,47.0,13.4
2032-01-30,5.5,0.0,45.0,14.1
2032-01-31,9.0,5.7,50.8,13.4
2032-02-01,6.4,0.0,42.9,14.5
2032-02-02,7.9,0.0,50.6,13.8
2032-02-03,12.1,0.0,46.6,13.2
2032-02-04,10.8,0.0,48.6,12.4
2032-02-05,11.3,0.0,41.0,12.0
2032-02-06,9.2,0.0,45.9,14.7
2032-02-07,13.4,9.4,52.2,12.7
2032-02-08,13.4,0.0,47.0,13.8
2032-02-09,13.7,0.0,36.5,12.4
2032-02-10,16.7,0.0,42.4,15.4
2032-02-11,17.7,0.0,50.6,15.2
2032-02-12,15.4,12.3,59.8,12.7
2032-02-13,14.2,0.0,48.4,14.9
2032-02-14,15.5,0.0,47.4,15.3
2032-02-15,14.4,0.0,55.5,16.7
2032-02-16,10.5,0.0,50.6,12.3
2032-02-17,11.6,0.0,54.6,13.1
2032-02-18,9.7,0.0,49.8,13.4
2032-02-19,14.5,0.0,49.5,13.1
2032-02-20,15.4,0.0,56.0,17.2
2032-02-21,14.1,0.0,55.6,14.3
2032-02-22,13.5,0.0,51.0,12.4
2032-02-23,10.7,0.0,47.3,18.3
2032-02-24,10.0,0.0,44.9,14.4
2032-02-25,13.9,0.0,45.9,12.9
2032-02-26,19.4,0.0,50.8,11.8
2032-02-27,20.9,0.0,55.9,13.0
2032-02-28,20.5,0.0,46.3,16.1
2032-02-29,19.5,0.0,47.0,13.3
2032-03-01,17.8,0.0,57.2,12.8
2032-03-02,22.5,0.0,63.5,14.0
2032-03-03,21.8,0.9,61.7,12.9
2032-03-04,25.9,0.0,47.2,14.4
2032-03-05,27.9,0.0,58.7,14.9
2032-03-06,23.2,0.0,61.8,12.0
2032-03-07,21.7,0.0,54.9,15.3
2032-03-08,20.5,0.0,56.6,11.9
2032-03-09,20.8,4.5,60.9,13.2
2032-03-10,21.1,0.0,60.9,16.7
2032-03-11,27.6,0.0,60.7,13.0
2032-03-12,24.7,0.0,62.7,11.3
2032-03-13,25.0,3.3,61.4,13.1
2032-03-14,26.1,0.0,56.6,14.1
2032-03-15,25.8,0.0,57.9,14.1
2032-03-16,25.9,0.0,56.5,14.9
2032-03-17,23.7,1.7,58.9,12.9
2032-03-18,24.3,0.0,63.9,14.3
2032-03-19,25.6,0.0,57.6,11.3
2032-03-20,26.4,0.0,67.1,13.7
2032-03-21,27.6,0.0,57.1,11.8
2032-03-22,30.3,0.5,63.5,15.3
2032-03-23,31.5,0.0,66.9,12.5
2032-03-24,30.8,0.0,65.3,11.7
2032-03-25,27.9,0.0,54.1,14.0
2032-03-26,26.7,0.0,64.3,12.2
2032-03-27,26.6,0.0,60.3,10.5
2032-03-28,27.5,0.0,57.7,10.8
2032-03-29,26.9,0.0,65.7,17.5
2032-03-30,25.5,0.0,58.6,12.5
2032-03-31,23.9,0.0,66.4,12.1
2032-04-01,21.8,0.0,72.7,11.5
2032-04-02,23.0,0.0,67.3,12.3
2032-04-03,21.6,0.0,64.9,12.5
2032-04-04,21.4,0.0,65.5,10.1
2032-04-05,22.6,0.0,71.2,11.0
2032-04-06,21.7,0.0,65.4,10.5
2032-04-07,24.4,0.0,64.8,10.0
2032-04-08,27.4,0.0,62.8,9.6
2032-04-09,27.3,0.0,63.2,17.3
2032-04-10,27.5,0.0,72.4,20.0
2032-04-11,29.6,0.0,65.8,17.1
2032-04-12,28.9,0.0,71.3,12.9
2032-04-13,28.2,0.0,71.9,11.4
2032-04-14,31.7,0.0,64.2,10.2
2032-04-15,33.9,0.0,65.3,10.4
2032-04-16,35.2,6.0,73.9,9.4
2032-04-17,36.9,0.0,70.4,10.6
2032-04-18,32.5,0.0,69.0,9.1
2032-04-19,35.7,0.0,72.5,10.8
2032-04-20,36.4,0.0,75.5,9.2
2032-04-21,38.2,0.0,70.4,12.5
2032-04-22,38.5,0.0,68.0,9.8
2032-04-23,38.1,0.0,71.6,13.2
2032-04-24,37.2,0.0,67.2,13.1
2032-04-25,37.8,0.0,72.1,11.3
2032-04-26,36.9,4.1,72.7,13.6
2032-04-27,38.7,0.0,67.7,10.2
2032-04-28,35.2,6.1,71.5,12.6
2032-04-29,34.6,0.0,70.6,10.5
2032-04-30,39.3,11.3,78.8,12.7
2032-05-01,37.7,1.9,68.6,10.1
2032-05-02,37.3,0.0,68.6,12.1
2032-05-03,35.7,0.0,71.0,11.9
2032-05-04,37.0,0.0,75.8,9.9
2032-05-05,35.8,0.0,76.8,8.5
2032-05-06,36.1,0.0,74.6,11.9
2032-05-07,38.4,0.0,77.0,9.7
2032-05-08,37.2,0.0,79.4,12.0
2032-05-09,39.2,0.0,74.5,8.5
2032-05-10,40.9,0.0,69.8,7.6
2032-05-11,42.8,3.8,74.5,7.4
2032-05-12,42.5,0.0,67.2,8.0
2032-05-13,48.5,3.6,77.0,11.5
2032-05-14,49.0,0.0,71.8,8.3
2032-05-15,48.0,0.0,74.9,9.8
2032-05-16,44.8,6.7,75.7,9.7
2032-05-17,43.8,0.2,72.6,7.0
2032-05-18,46.1,0.0,75.7,9.8
2032-05-19,48.5,10.5,76.6,9.7
2032-05-20,50.0,0.0,71.5,7.5
2032-05-21,49.8,0.0,69.3,9.0
2032-05-22,45.7,0.0,76.6,11.8
2032-05-23,45.8,0.0,68.8,8.4
2032-05-24,42.5,5.6,85.2,10.1
2032-05-25,39.4,0.0,81.4,8.0
2032-05-26,40.4,0.0,67.0,13.9
2032-05-27,41.8,0.0,78.1,6.9
2032-05-28,43.7,0.0,80.7,8.4
2032-05-29,44.4,0.0,72.1,6.4
2032-05-30,45.0,0.0,76.8,8.7
2032-05-31,42.5,0.0,74.4,6.1
2032-06-01,42.3,17.9,82.9,7.7
2032-06-02,39.4,0.0,72.7,11.8
2032-06-03,36.0,0.0,80.0,9.5
2032-06-04,38.8,22.4,79.8,6.2
2032-06-05,38.1,0.0,73.3,10.6
2032-06-06,40.8,12.3,81.2,7.3
2032-06-07,43.4,0.0,79.3,7.1
2032-06-08,42.1,0.0,63.1,6.9
2032-06-09,43.4,0.0,60.2,6.8
2032-06-10,42.0,9.1,78.6,6.0
2032-06-11,38.5,10.9,74.0,6.6
2032-06-12,39.7,1.9,68.4,7.0
2032-06-13,39.4,0.0,72.6,5.4
2032-06-14,39.3,0.0,88.9,6.1
2032-06-15,44.0,43.5,78.5,8.4
2032-06-16,40.7,10.6,81.2,6.8
2032-06-17,42.0,77.7,89.7,14.7
2032-06-18,40.2,0.0,66.7,5.3
2032-06-19,42.6,0.0,70.8,5.2
2032-06-20,43.2,2.5,67.3,7.2
2032-06-21,44.0,0.0,65.8,5.7
2032-06-22,41.9,14.6,73.5,5.7
2032-06-23,40.5,0.0,67.9,6.0
2032-06-24,42.9,15.9,76.4,5.7
2032-06-25,46.4,50.6,86.6,6.1
2032-06-26,46.6,0.0,69.0,7.3
2032-06-27,44.0,0.0,75.9,15.0
2032-06-28,44.4,5.4,70.6,5.6
2032-06-29,48.9,0.0,71.7,9.0
2032-06-30,47.8,0.0,61.4,4.6
2032-07-01,49.7,4.5,73.6,6.0
2032-07-02,46.7,0.0,83.2,6.4
2032-07-03,45.7,0.0,75.7,5.3
2032-07-04,46.2,2.2,71.2,5.8
2032-07-05,46.2,0.0,65.5,6.1
2032-07-06,43.8,0.0,79.3,5.0
2032-07-07,41.8,18.6,74.8,6.7
2032-07-08,43.7,0.0,67.3,6.5
2032-07-09,45.7,18.5,71.9,5.8
2032-07-10,47.9,0.0,80.6,5.7
2032-07-11,50.0,0.0,69.5,7.5
2032-07-12,48.6,9.8,74.5,7.1
2032-07-13,46.5,0.0,68.6,5.1
2032-07-14,48.1,20.0,74.0,8.7
2032-07-15,48.0,0.0,67.0,6.4
2032-07-16,44.6,0.0,76.0,5.5
2032-07-17,41.7,6.0,70.3,8.7
2032-07-18,42.4,0.0,61.3,4.3
2032-07-19,41.6,7.9,72.0,5.0
2032-07-20,41.2,0.0,67.3,8.8
2032-07-21,43.0,0.0,69.5,6.4
2032-07-22,43.9,0.0,65.6,6.7
2032-07-23,45.6,3.0,65.1,5.7
2032-07-24,40.5,0.0,71.2,4.8
2032-07-25,40.7,0.0,75.8,5.6
2032-07-26,41.7,0.0,56.9,7.1
2032-07-27,38.0,0.0,66.3,5.6
2032-07-28,36.8,0.0,62.9,7.1
2032-07-29,35.4,5.0,62.0,6.4
2032-07-30,35.9,0.7,54.4,4.9
2032-07-31,39.6,0.0,66.5,6.4
2032-08-01,43.2,92.1,85.0,19.2
2032-08-02,40.4,0.0,61.4,4.6
2032-08-03,40.8,0.0,69.8,5.3
2032-08-04,41.1,0.0,61.3,5.5
2032-08-05,41.0,0.0,60.8,6.2
2032-08-06,40.8,0.0,56.2,10.3
2032-08-07,40.5,0.0,58.0,4.8
2032-08-08,43.0,0.0,69.6,5.5
2032-08-09,43.7,5.3,66.3,4.9
2032-08-10,39.9,21.6,73.4,4.3
2032-08-11,40.5,52.8,70.3,6.9
2032-08-12,41.2,0.0,62.7,10.1
2032-08-13,40.5,4.8,67.1,7.2
2032-08-14,41.5,0.0,63.2,4.8
2032-08-15,40.4,0.0,67.8,4.8
2032-08-16,39.5,1.2,61.9,5.5
2032-08-17,38.5,0.0,59.3,5.1
2032-08-18,33.4,15.7,51.1,5.0
2032-08-19,33.2,0.0,60.7,7.9
2032-08-20,31.7,0.0,61.2,8.1
2032-08-21,29.5,35.1,72.4,5.5
2032-08-22,32.9,2.8,54.3,8.1
2032-08-23,33.7,0.0,57.1,8.1
2032-08-24,33.2,0.9,49.2,5.0
2032-08-25,31.7,0.0,48.5,6.0
2032-08-26,32.1,0.0,58.8,4.7
2032-08-27,33.8,10.5,64.8,5.3
2032-08-28,31.5,7.3,63.9,9.2
2032-08-29,31.2,11.0,60.1,10.4
2032-08-30,32.6,0.0,65.1,7.0
2032-08-31,28.1,0.0,52.5,8.4
2032-09-01,28.2,43.9,69.6,5.6
2032-09-02,27.5,0.0,47.2,5.6
2032-09-03,27.4,0.0,37.7,7.5
2032-09-04,26.6,0.0,50.7,6.1
2032-09-05,27.1,13.6,55.6,4.9
2032-09-06,31.1,1.2,53.9,6.2
2032-09-07,29.7,51.4,64.0,9.2
2032-09-08,29.7,0.0,53.6,6.5
2032-09-09,33.1,0.0,60.1,8.9
2032-09-10,30.7,4.9,56.0,5.2
2032-09-11,33.4,17.3,51.2,6.8
2032-09-12,31.9,0.0,37.8,6.3
2032-09-13,34.2,72.7,62.9,15.3
2032-09-14,33.9,0.0,56.4,6.5
2032-09-15,32.7,2.7,47.5,10.5
2032-09-16,30.9,34.1,61.0,9.7
2032-09-17,28.3,0.0,51.9,6.7
2032-09-18,27.6,2.0,48.6,6.9
2032-09-19,28.6,0.0,47.7,6.3
2032-09-20,27.5,76.3,63.5,14.3
2032-09-21,26.0,42.8,69.3,7.6
2032-09-22,24.8,0.0,42.3,5.8
2032-09-23,26.3,14.0,55.9,6.8
2032-09-24,27.9,0.0,50.7,6.2
2032-09-25,25.3,0.0,49.3,8.3
2032-09-26,23.2,0.0,45.3,9.2
2032-09-27,23.6,7.0,39.9,7.4
2032-09-28,26.1,47.6,51.4,7.2
2032-09-29,27.3,4.5,42.2,9.7
2032-09-30,23.4,0.0,46.5,6.9
2032-10-01,22.1,0.0,48.8,9.7
2032-10-02,19.8,0.0,45.7,8.5
2032-10-03,19.2,0.0,45.1,7.9
2032-10-04,22.4,0.2,48.8,11.4
2032-10-05,18.8,0.0,32.8,10.0
2032-10-06,15.5,0.0,31.9,6.8
2032-10-07,14.4,0.0,35.0,7.6
2032-10-08,15.6,0.0,47.1,7.9
2032-10-09,17.3,0.0,32.1,10.7
2032-10-10,18.2,0.0,41.8,9.8
2032-10-11,20.3,0.0,37.1,7.2
2032-10-12,16.1,10.3,44.7,7.8
2032-10-13,18.5,0.0,40.4,8.1
2032-10-14,17.4,0.0,42.1,9.2
2032-10-15,18.6,0.0,38.7,9.5
2032-10-16,15.4,0.0,43.9,11.4
2032-10-17,15.4,0.0,47.5,8.4
2032-10-18,15.8,0.0,46.3,11.1
2032-10-19,17.9,0.0,37.9,7.7
2032-10-20,14.1,3.4,36.0,7.6
2032-10-21,14.2,0.0,40.3,9.8
2032-10-22,12.0,0.0,49.0,8.5
2032-10-23,13.4,3.2,39.4,8.9
2032-10-24,15.0,0.0,42.9,8.9
2032-10-25,17.3,3.3,43.2,9.9
2032-10-26,15.4,0.0,42.1,9.8
2032-10-27,16.8,0.0,44.5,10.6
2032-10-28,18.7,0.0,31.3,12.7
2032-10-29,14.1,0.0,32.9,15.4
2032-10-30,15.0,0.0,37.8,11.9
2032-10-31,16.3,0.0,43.6,11.4
2032-11-01,14.9,0.0,43.4,9.8
2032-11-02,11.8,0.0,36.9,8.3
2032-11-03,13.6,1.9,42.4,9.3
2032-11-04,10.7,0.0,34.7,10.8
2032-11-05,10.4,0.0,32.5,8.6
2032-11-06,10.4,0.0,29.9,11.2
2032-11-07,11.9,0.0,35.7,8.9
2032-11-08,10.4,0.0,34.5,9.6
2032-11-09,9.0,0.0,41.2,10.0
2032-11-10,9.4,0.0,38.8,9.5
2032-11-11,11.5,0.0,36.2,9.8
2032-11-12,15.7,0.0,36.1,11.5
2032-11-13,11.5,0.0,33.6,11.9
2032-11-14,11.7,0.0,26.7,12.1
2032-11-15,9.0,0.0,29.6,12.0
2032-11-16,11.1,0.0,39.4,13.0
2032-11-17,8.8,0.0,34.7,12.9
2032-11-18,7.4,0.0,28.8,13.6
2032-11-19,6.5,0.0,42.1,11.9
2032-11-20,6.8,15.1,47.5,13.4
2032-11-21,7.8,0.0,41.2,15.2
2032-11-22,8.8,0.0,37.3,10.1
2032-11-23,8.7,0.0,36.5,12.6
2032-11-24,5.9,0.0,34.9,10.1
2032-11-25,7.8,0.0,35.9,12.0
2032-11-26,7.7,9.9,40.6,10.6
2032-11-27,10.0,0.0,38.5,13.8
2032-11-28,8.2,0.0,37.3,12.7
2032-11-29,4.8,0.0,20.0,13.2
2032-11-30,5.3,0.0,40.8,11.3
2032-12-01,8.3,2.2,36.6,15.4
2032-12-02,8.5,0.0,28.2,11.7
2032-12-03,7.8,2.9,36.8,11.0
2032-12-04,6.0,0.0,36.6,11.5
2032-12-05,9.7,0.0,27.3,11.1
2032-12-06,7.2,0.0,31.9,11.5
2032-12-07,5.7,0.0,29.7,11.9
2032-12-08,7.1,0.0,30.4,15.3
2032-12-09,3.4,2.3,38.7,10.9
2032-12-10,6.7,0.0,32.3,11.6
2032-12-11,8.0,0.0,35.9,13.7
2032-12-12,9.6,0.0,39.2,12.6
2032-12-13,10.2,0.0,33.4,13.8
2032-12-14,9.2,0.0,39.6,16.9
2032-12-15,6.6,0.0,42.6,12.6
2032-12-16,6.4,2.0,40.6,11.6
2032-12-17,4.6,0.0,39.0,12.6
2032-12-18,6.0,1.0,40.6,12.2
2032-12-19,7.8,0.0,38.2,12.2
2032-12-20,10.6,0.0,40.6,11.8
2032-12-21,10.7,0.0,30.6,15.4
2032-12-22,11.8,0.0,36.2,11.5
2032-12-23,10.3,0.0,38.7,14.8
2032-12-24,8.7,2.2,37.0,14.3
2032-12-25,9.3,0.0,49.5,11.5
2032-12-26,8.2,0.0,36.2,13.7
2032-12-27,8.5,0.0,28.4,11.8
2032-12-28,6.2,4.7,38.9,13.0
2032-12-29,4.7,0.0,41.8,13.0
2032-12-30,6.5,0.0,33.5,12.4
2032-12-31,8.5,0.0,37.8,13.0
2033-01-01,6.3,0.0,37.6,16.4
2033-01-02,8.0,0.0,37.9,11.9
2033-01-03,6.9,0.0,35.4,13.0
2033-01-04,7.1,2.5,44.7,12.0
2033-01-05,10.1,0.0,49.6,19.1
2033-01-06,11.3,0.0,34.8,12.6
2033-01-07,12.3,0.0,32.6,12.5
2033-01-08,15.3,0.0,37.2,20.1
2033-01-09,12.6,19.0,51.4,14.4
2033-01-10,9.8,0.0,38.5,15.6
2033-01-11,8.2,0.0,41.9,15.3
2033-01-12,7.8,0.0,35.7,12.8
2033-01-13,3.3,0.0,49.4,14.8
2033-01-14,4.1,0.0,39.3,15.1
2033-01-15,4.0,0.0,42.3,12.1
2033-01-16,6.7,0.0,37.3,12.4
2033-01-17,8.0,0.0,37.1,15.2
2033-01-18,7.2,0.0,41.7,12.3
2033-01-19,8.9,0.0,42.5,12.2
2033-01-20,10.6,0.0,46.6,12.6
2033-01-21,9.0,0.0,34.1,12.1
2033-01-22,8.3,0.0,38.1,13.6
2033-01-23,4.4,0.0,39.7,12.9
2033-01-24,3.5,0.0,44.0,12.6
2033-01-25,3.5,0.0,38.0,16.6
2033-01-26,5.2,2.7,44.1,13.6
2033-01-27,4.6,0.0,41.0,14.0
2033-01-28,5.0,0.0,43.9,13.5
2033-01-29,3.9,0.0,41.0,14.5
2033-01-30,5.9,0.0,40.1,16.2
2033-01-31,8.1,0.0,46.9,13.7
2033-02-01,9.8,1.0,51.6,14.9
2033-02-02,10.4,0.0,50.1,13.7
2033-02-03,7.9,0.0,51.9,13.0
2033-02-04,7.7,0.0,52.8,14.3
2033-02-05,8.1,0.0,46.2,17.3
2033-02-06,8.4,0.0,56.6,15.6
2033-02-07,9.7,5.2,52.7,12.3
2033-02-08,13.4,0.0,43.2,14.4
2033-02-09,15.3,0.0,44.9,12.6
2033-02-10,13.2,0.0,49.3,14.0
2033-02-11,14.9,0.0,53.3,12.2
2033-02-12,16.3,0.0,48.1,13.9
2033-02-13,14.5,0.0,44.7,12.6
2033-02-14,16.5,1.1,54.1,13.7
2033-02-15,16.1,0.0,44.6,13.0
2033-02-16,13.3,0.0,52.1,13.2
2033-02-17,14.9,0.0,51.1,17.3
2033-02-18,15.7,0.0,44.5,13.9
2033-02-19,15.6,0.0,60.5,13.2
2033-02-20,15.9,0.0,52.0,16.3
2033-02-21,14.8,0.0,46.3,15.4
2033-02-22,16.7,0.0,52.8,12.5
2033-02-23,16.9,4.4,45.4,16.9
2033-02-24,17.6,0.0,55.1,12.0
2033-02-25,18.6,0.0,57.9,12.4
2033-02-26,16.4,0.0,67.5,13.8
2033-02-27,15.2,0.0,54.8,13.9
2033-02-28,11.7,17.4,55.7,16.5
2033-03-01,14.5,0.0,56.0,13.0
2033-03-02,13.3,4.3,63.6,16.6
2033-03-03,15.0,0.0,58.2,20.3
2033-03-04,17.0,0.0,60.2,12.4
2033-03-05,19.0,1.1,60.4,13.0
2033-03-06,17.1,0.0,59.3,12.1
2033-03-07,18.0,0.0,50.1,12.1
2033-03-08,22.1,0.0,50.1,13.1
2033-03-09,25.7,0.2,49.9,12.3
2033-03-10,27.1,0.0,52.1,12.0
2033-03-11,27.0,0.0,53.0,12.1
2033-03-12,24.2,0.0,68.1,12.0
2033-03-13,25.6,0.0,55.6,13.1
2033-03-14,25.0,4.9,61.2,11.5
2033-03-15,26.0,0.0,58.6,14.2
2033-03-16,24.4,0.0,61.1,14.5
2033-03-17,24.2,0.0,60.8,14.2
2033-03-18,24.8,0.0,54.5,11.9
2033-03-19,25.4,0.0,64.1,11.8
2033-03-20,26.5,0.0,58.0,12.9
2033-03-21,25.3,0.0,58.2,11.7
2033-03-22,22.9,0.0,60.5,12.6
2033-03-23,26.9,0.0,66.4,12.5
2033-03-24,31.9,0.0,59.6,12.2
2033-03-25,31.9,10.7,66.2,13.6
2033-03-26,28.5,0.0,65.4,12.3
2033-03-27,26.8,0.4,65.0,10.7
2033-03-28,28.2,0.0,65.0,13.0
2033-03-29,31.0,0.0,57.3,10.5
2033-03-30,28.1,0.0,65.2,16.1
2033-03-31,28.1,0.0,60.3,10.8
2033-04-01,28.8,0.0,56.4,10.7
2033-04-02,30.8,0.0,63.2,15.4
2033-04-03,30.0,0.0,63.2,11.4
2033-04-04,26.9,0.0,80.8,11.1
2033-04-05,29.0,3.3,72.0,11.0
2033-04-06,31.6,24.9,76.8,11.2
2033-04-07,31.4,0.0,64.9,14.7
2033-04-08,32.3,0.0,66.2,10.7
2033-04-09,31.3,0.0,80.3,14.7
2033-04-10,29.8,0.0,64.5,11.6
2033-04-11,32.4,0.0,69.2,13.7
2033-04-12,33.2,1.1,77.7,10.4
2033-04-13,34.2,0.0,64.9,13.2
2033-04-14,37.0,0.0,69.5,9.8
2033-04-15,34.2,0.0,68.9,11.2
2033-04-16,33.1,0.0,64.8,9.6
2033-04-17,33.6,0.0,73.3,9.9
2033-04-18,32.6,0.0,64.1,9.5
2033-04-19,34.6,0.0,73.8,13.0
2033-04-20,34.3,0.0,72.3,10.8
2033-04-21,32.5,0.0,74.9,12.0
2033-04-22,33.2,0.0,69.6,12.0
2033-04-23,34.1,0.0,72.8,9.1
2033-04-24,36.3,0.0,76.2,11.0
2033-04-25,37.1,0.0,64.2,15.1
2033-04-26,37.9,0.0,65.4,9.9
2033-04-27,38.3,6.2,76.1,10.5
2033-04-28,37.6,0.0,75.9,12.6
2033-04-29,36.1,0.0,72.7,9.5
2033-04-30,37.0,0.0,76.8,11.7
2033-05-01,36.4,0.0,70.5,10.8
2033-05-02,40.1,2.0,79.4,9.8
2033-05-03,42.4,0.0,72.3,10.2
2033-05-04,42.8,2.3,69.5,8.4
2033-05-05,42.7,0.0,80.1,15.5
2033-05-06,41.7,0.0,77.3,9.2
2033-05-07,38.6,0.0,71.0,10.0
2033-05-08,38.3,0.0,71.3,8.0
2033-05-09,38.7,0.0,76.6,10.4
2033-05-10,39.3,0.0,68.7,9.1
2033-05-11,40.3,13.2,78.7,9.5
2033-05-12,42.1,0.0,73.1,8.5
2033-05-13,40.3,0.0,75.1,10.1
2033-05-14,38.9,0.0,64.0,10.4
2033-05-15,42.1,0.0,69.7,8.2
2033-05-16,43.3,0.0,75.6,7.7
2033-05-17,42.0,0.0,79.7,7.7
2033-05-18,41.5,0.0,73.8,11.4
2033-05-19,41.2,0.0,78.2,7.8
2033-05-20,41.3,0.0,67.2,10.7
2033-05-21,42.2,0.0,72.4,8.6
2033-05-22,47.1,0.0,76.1,7.9
2033-05-23,46.4,0.0,74.5,6.7
2033-05-24,46.7,0.0,78.7,13.0
2033-05-25,42.4,19.0,78.3,8.2
2033-05-26,41.3,0.0,73.7,7.6
2033-05-27,43.9,0.0,78.2,8.2
2033-05-28,44.3,0.0,72.3,8.4
2033-05-29,35.1,0.0,70.4,7.1
2033-05-30,37.9,0.0,77.3,7.5
2033-05-31,42.6,0.0,70.2,6.6
2033-06-01,38.6,0.0,82.1,7.0
2033-06-02,42.4,9.9,68.3,7.6
2033-06-03,36.9,0.0,73.5,6.3
2033-06-04,39.9,8.6,85.2,7.3
2033-06-05,40.5,11.6,87.7,7.1
2033-06-06,36.2,0.0,74.4,6.8
2033-06-07,38.4,0.5,80.5,9.2
2033-06-08,41.6,0.0,78.7,6.2
2033-06-09,42.6,1.4,72.7,7.4
2033-06-10,43.9,0.0,77.1,6.5
2033-06-11,42.9,0.0,70.4,7.4
2033-06-12,39.2,0.0,66.8,7.3
2033-06-13,41.3,0.0,77.0,13.4
2033-06-14,45.2,0.0,77.3,15.7
2033-06-15,47.0,0.0,68.4,6.1
2033-06-16,42.2,0.0,73.6,6.8
2033-06-17,39.4,18.1,72.8,6.0
2033-06-18,38.4,2.7,72.4,7.0
2033-06-19,36.1,9.3,74.1,5.9
2033-06-20,37.6,0.0,77.6,5.8
2033-06-21,39.5,0.0,71.2,6.2
2033-06-22,37.3,0.0,67.3,6.2
2033-06-23,40.0,0.0,82.1,5.0
2033-06-24,41.8,30.4,83.4,6.1
2033-06-25,40.9,0.0,77.7,11.6
2033-06-26,40.9,0.6,76.3,5.6
2033-06-27,37.4,6.5,79.2,8.2
2033-06-28,37.8,0.0,74.9,7.2
2033-06-29,38.8,4.2,76.0,5.8
2033-06-30,39.9,0.0,73.1,5.3
2033-07-01,41.1,0.0,70.1,5.1
2033-07-02,41.9,0.0,76.5,5.3
2033-07-03,41.4,0.9,70.8,4.9
2033-07-04,42.2,19.9,77.3,4.7
2033-07-05,44.2,12.7,76.5,5.1
2033-07-06,43.5,0.0,73.6,8.2
2033-07-07,43.9,8.1,68.1,7.2
2033-07-08,43.1,59.8,86.9,5.4
2033-07-09,41.5,0.0,65.6,8.4
2033-07-10,42.6,0.0,71.4,5.0
2033-07-11,41.2,0.0,74.2,4.6
2033-07-12,42.0,14.2,82.6,10.5
2033-07-13,41.9,0.0,72.7,6.3
2033-07-14,41.1,4.3,75.0,6.8
2033-07-15,40.4,11.1,66.7,5.0
2033-07-16,39.5,23.9,77.8,5.1
2033-07-17,36.4,0.0,63.3,5.2
2033-07-18,38.0,0.0,74.6,6.9
2033-07-19,38.9,32.6,71.2,4.7
2033-07-20,40.8,0.0,63.2,4.8
2033-07-21,39.6,0.0,71.6,7.2
2033-07-22,43.4,33.8,84.4,13.9
2033-07-23,41.9,0.0,72.6,5.5
2033-07-24,39.6,0.3,65.3,4.6
2033-07-25,37.6,8.6,64.0,4.5
2033-07-26,34.4,0.0,64.3,5.9
2033-07-27,38.3,10.3,69.4,8.7
2033-07-28,41.1,0.0,65.5,7.5
2033-07-29,41.8,59.6,75.4,6.3
2033-07-30,39.3,0.0,71.8,4.5
2033-07-31,42.6,0.0,71.6,5.9
2033-08-01,40.9,0.0,74.2,4.3
2033-08-02,39.7,0.0,56.1,9.3
2033-08-03,42.1,0.0,60.1,4.9
2033-08-04,42.4,42.8,75.8,5.2
2033-08-05,45.7,10.6,66.2,8.2
2033-08-06,44.4,0.0,60.9,5.1
2033-08-07,42.0,0.0,58.6,9.5
2033-08-08,39.6,9.7,60.0,4.8
2033-08-09,35.1,0.0,72.4,6.9
2033-08-10,34.7,4.7,56.0,7.4
2033-08-11,37.1,52.8,67.0,4.9
2033-08-12,37.9,0.0,55.3,4.5
2033-08-13,37.3,0.0,61.9,6.4
2033-08-14,34.8,0.0,59.2,5.6
2033-08-15,35.2,7.6,64.3,4.2
2033-08-16,37.0,30.8,64.1,4.6
2033-08-17,37.2,0.0,60.0,7.1
2033-08-18,36.8,0.4,59.8,6.4
2033-08-19,34.5,0.0,66.8,5.1
2033-08-20,35.9,1.7,67.9,4.6
2033-08-21,29.0,29.2,64.8,6.9
2033-08-22,30.4,44.7,73.4,8.1
2033-08-23,35.9,13.3,61.7,6.6
2033-08-24,32.1,2.3,61.7,4.9
2033-08-25,31.5,0.0,58.8,5.3
2033-08-26,31.4,0.0,60.2,11.2
2033-08-27,30.4,55.9,74.4,6.1
2033-08-28,32.5,0.0,58.0,12.0
2033-08-29,33.0,0.0,56.2,5.4
2033-08-30,32.7,3.3,61.2,5.9
2033-08-31,33.7,0.0,54.2,4.9
2033-09-01,32.9,0.0,51.6,5.1
2033-09-02,38.5,0.0,46.4,5.0
2033-09-03,36.9,6.8,57.6,5.2
2033-09-04,35.6,2.3,57.5,7.3
2033-09-05,30.7,0.0,44.5,11.4
2033-09-06,29.1,0.0,49.7,6.5
2033-09-07,31.1,0.0,56.2,5.0
2033-09-08,27.7,0.0,51.4,6.2
2033-09-09,23.2,22.0,57.5,6.1
2033-09-10,24.0,0.0,56.0,8.0
2033-09-11,27.2,0.0,50.5,5.4
2033-09-12,27.1,49.3,65.0,6.4
2033-09-13,26.1,1.5,45.4,9.5
2033-09-14,22.3,0.0,51.8,7.0
2033-09-15,23.8,2.3,43.6,7.6
2033-09-16,25.3,0.0,42.9,7.8
2033-09-17,21.6,0.0,46.5,6.2
2033-09-18,24.4,0.0,51.5,8.4
2033-09-19,25.8,0.0,48.7,6.2
2033-09-20,27.6,0.0,44.1,7.1
2033-09-21,27.9,0.0,52.2,5.6
2033-09-22,28.3,0.0,49.0,5.9
2033-09-23,28.2,17.3,56.7,6.7
2033-09-24,28.8,0.0,42.4,7.0
2033-09-25,23.8,6.6,55.3,6.6
2033-09-26,20.4,34.2,62.6,7.2
2033-09-27,19.1,0.0,50.4,6.0
2033-09-28,19.3,4.9,49.2,9.1
2033-09-29,20.4,13.1,51.0,9.2
2033-09-30,21.0,20.1,51.7,6.7
2033-10-01,23.1,0.0,37.8,7.7
2033-10-02,24.8,0.0,41.4,7.0
2033-10-03,22.0,1.8,44.0,7.3
2033-10-04,22.0,0.0,38.7,7.7
2033-10-05,19.7,0.0,50.7,7.5
2033-10-06,19.1,0.0,45.7,10.0
2033-10-07,19.6,9.8,54.3,8.8
2033-10-08,12.5,0.0,46.6,7.6
2033-10-09,18.4,0.0,35.4,8.5
2033-10-10,19.4,0.0,48.7,9.7
2033-10-11,17.8,0.0,39.6,7.5
2033-10-12,21.5,0.0,48.5,10.8
2033-10-13,19.9,0.0,48.9,7.8
2033-10-14,19.4,0.0,47.9,13.0
2033-10-15,17.8,0.0,46.3,8.9
2033-10-16,20.8,0.0,42.8,7.3
2033-10-17,19.5,0.0,40.4,7.6
2033-10-18,19.0,4.1,50.6,7.6
2033-10-19,20.6,4.6,42.5,9.6
2033-10-20,20.7,0.0,37.8,8.0
2033-10-21,19.4,0.0,41.7,9.3
2033-10-22,20.6,0.0,45.0,9.7
2033-10-23,24.4,0.0,44.6,8.9
2033-10-24,22.9,0.0,33.4,12.2
2033-10-25,21.3,0.0,44.1,9.7
2033-10-26,20.1,0.0,41.9,7.8
2033-10-27,21.3,0.0,36.6,9.9
2033-10-28,18.4,0.0,34.0,9.2
2033-10-29,16.7,0.0,45.1,11.8
2033-10-30,12.8,0.0,45.4,10.6
2033-10-31,10.3,7.9,47.4,9.2
2033-11-01,9.6,0.0,30.9,8.9
2033-11-02,10.0,0.0,36.2,11.9
2033-11-03,13.8,0.0,37.4,10.2
2033-11-04,14.4,0.0,44.4,13.9
2033-11-05,12.0,0.0,40.8,9.9
2033-11-06,10.3,0.0,35.5,12.9
2033-11-07,13.2,0.0,37.3,10.1
2033-11-08,14.9,0.0,40.0,9.6
2033-11-09,14.1,0.0,40.0,10.5
2033-11-10,12.4,0.0,44.5,15.3
2033-11-11,14.2,0.0,43.3,10.0
2033-11-12,11.4,0.0,42.2,9.5
2033-11-13,11.8,0.0,32.0,10.7
2033-11-14,15.9,0.0,32.2,13.7
2033-11-15,15.0,0.0,30.7,10.1
2033-11-16,12.3,3.8,38.6,20.4
2033-11-17,12.5,0.0,33.1,9.3
2033-11-18,10.9,0.0,38.4,11.5
2033-11-19,7.7,0.0,39.0,10.9
2033-11-20,9.3,0.0,36.5,10.2
2033-11-21,11.4,0.0,39.8,15.3
2033-11-22,10.2,0.0,32.1,11.6
2033-11-23,9.0,3.6,28.8,14.7
2033-11-24,6.9,0.0,31.7,10.3
2033-11-25,6.9,0.0,39.4,11.2
2033-11-26,6.0,0.0,44.4,10.1
2033-11-27,4.3,0.0,42.6,14.7
2033-11-28,8.8,0.0,34.2,10.7
2033-11-29,9.5,0.0,40.0,10.4
2033-11-30,10.3,0.0,28.2,14.0
2033-12-01,11.5,0.0,42.9,15.2
2033-12-02,12.2,0.0,37.8,11.6
2033-12-03,10.4,0.0,39.2,14.5
2033-12-04,10.4,0.0,25.7,12.4
2033-12-05,9.2,0.0,37.6,12.7
2033-12-06,9.7,0.0,44.6,10.8
2033-12-07,9.9,0.0,36.9,11.0
2033-12-08,8.5,0.0,35.0,13.8
2033-12-09,5.6,0.0,34.2,11.7
2033-12-10,6.2,0.0,31.9,10.7
2033-12-11,5.9,0.0,36.1,12.9
2033-12-12,2.4,0.0,29.6,12.2
2033-12-13,4.3,0.0,38.0,11.6
2033-12-14,6.8,0.0,41.4,11.0
2033-12-15,11.9,0.0,33.8,12.2
2033-12-16,10.1,0.0,37.9,12.3
2033-12-17,8.4,0.0,35.8,12.6
2033-12-18,5.9,0.0,38.2,13.9
2033-12-19,6.5,0.0,40.9,13.2
2033-12-20,7.0,0.0,38.5,11.3
2033-12-21,5.4,0.0,40.9,13.8
2033-12-22,5.4,0.0,39.3,13.6
2033-12-23,1.8,2.1,41.7,13.3
2033-12-24,4.7,7.9,40.5,12.2
2033-12-25,3.6,0.0,38.8,14.7
2033-12-26,4.3,0.0,40.7,16.8
2033-12-27,2.0,0.0,37.0,12.8
2033-12-28,1.9,0.0,39.8,11.8
2033-12-29,2.5,0.0,33.3,12.0
2033-12-30,3.5,0.5,29.0,12.0
2033-12-31,5.2,0.0,38.5,13.6
2034-01-01,8.6,15.3,38.1,13.7
2034-01-02,9.9,20.0,53.1,12.3
2034-01-03,11.4,0.0,34.6,13.7
2034-01-04,13.6,0.0,42.6,13.6
2034-01-05,13.6,0.0,35.4,12.5
2034-01-06,12.5,0.0,39.1,13.3
2034-01-07,13.6,0.0,33.8,22.5
2034-01-08,14.7,0.0,33.6,13.4
2034-01-09,14.8,0.0,41.3,12.3
2034-01-10,10.6,12.1,41.1,13.0
2034-01-11,8.6,0.0,44.0,15.8
2034-01-12,8.1,0.0,46.7,12.9
2034-01-13,9.8,0.0,32.8,13.3
2034-01-14,9.7,0.0,46.2,16.8
2034-01-15,11.9,0.0,36.2,12.4
2034-01-16,14.0,0.1,39.6,13.8
2034-01-17,15.6,0.0,34.5,13.1
2034-01-18,16.8,0.0,34.9,14.2
2034-01-19,13.4,0.0,32.3,13.1
2034-01-20,13.7,3.1,41.0,12.3
2034-01-21,11.8,0.0,42.9,12.4
2034-01-22,8.3,0.0,41.0,16.6
2034-01-23,8.2,0.0,34.2,13.8
2034-01-24,11.4,0.0,33.6,13.3
2034-01-25,12.2,0.0,43.7,17.6
2034-01-26,16.1,0.0,47.9,14.4
2034-01-27,15.5,0.0,45.5,13.1
2034-01-28,19.7,0.0,53.9,14.1
2034-01-29,18.5,0.0,44.6,16.6
2034-01-30,17.3,0.0,46.7,15.3
2034-01-31,13.7,0.0,45.3,13.1
2034-02-01,15.7,0.0,41.8,13.9
2034-02-02,14.1,0.0,45.2,13.4
2034-02-03,12.6,0.0,50.5,21.1
2034-02-04,15.3,0.0,51.0,15.3
2034-02-05,17.3,0.0,48.8,12.7
2034-02-06,18.8,1.4,55.6,15.4
2034-02-07,17.1,0.0,49.9,12.2
2034-02-08,16.5,0.0,49.6,12.1
2034-02-09,16.0,0.0,55.8,13.9
2034-02-10,17.3,0.0,45.0,13.9
2034-02-11,19.9,0.0,56.0,14.0
2034-02-12,19.7,0.0,44.4,14.7
2034-02-13,22.9,0.0,48.2,13.1
2034-02-14,23.2,0.4,40.8,15.5
2034-02-15,21.3,0.0,51.5,13.0
2034-02-16,22.0,0.0,57.2,13.9
2034-02-17,24.3,0.0,46.2,12.6
2034-02-18,26.8,0.0,49.8,13.2
2034-02-19,27.3,0.0,50.5,12.8
2034-02-20,25.4,0.0,50.8,13.2
2034-02-21,23.4,0.0,47.0,14.7
2034-02-22,23.5,9.1,55.0,15.2
2034-02-23,25.8,0.0,60.8,15.5
2034-02-24,25.2,0.0,50.8,12.8
2034-02-25,24.9,0.0,54.8,13.9
2034-02-26,23.8,0.0,55.1,12.3
2034-02-27,22.3,0.0,52.3,14.3
2034-02-28,21.5,0.0,56.0,11.8
2034-03-01,21.5,0.0,53.1,17.9
2034-03-02,24.7,0.0,57.4,12.3
2034-03-03,23.4,0.0,55.3,13.9
2034-03-04,23.0,0.0,49.0,21.9
2034-03-05,21.0,0.0,47.4,12.6
2034-03-06,22.5,0.0,46.0,13.8
2034-03-07,25.1,0.0,55.0,11.6
2034-03-08,27.8,0.0,61.6,13.5
2034-03-09,27.1,0.0,54.1,11.7
2034-03-10,27.4,1.0,57.1,12.7
2034-03-11,26.3,0.0,55.2,11.3
2034-03-12,26.8,0.0,54.6,13.3
2034-03-13,26.8,4.0,71.1,12.4
2034-03-14,26.4,0.0,55.4,12.3
2034-03-15,26.2,5.9,54.5,11.1
2034-03-16,26.8,0.0,55.6,12.8
2034-03-17,25.9,0.0,60.8,12.1
2034-03-18,25.3,0.0,57.9,11.6
2034-03-19,28.8,0.0,62.5,11.3
2034-03-20,33.6,0.0,57.8,13.3
2034-03-21,29.7,0.0,58.8,12.7
2034-03-22,26.6,0.0,58.5,12.3
2034-03-23,24.7,0.0,61.9,18.3
2034-03-24,25.0,0.0,66.3,14.2
2034-03-25,27.3,0.0,67.1,13.1
2034-03-26,28.6,0.0,70.4,12.1
2034-03-27,28.8,11.7,60.0,12.8
2034-03-28,29.8,0.6,58.9,16.0
2034-03-29,28.2,4.6,60.8,10.5
2034-03-30,27.9,0.0,64.6,12.3
2034-03-31,28.1,0.0,59.5,12.5
2034-04-01,25.2,0.0,61.7,10.5
2034-04-02,23.9,0.0,68.9,11.7
2034-04-03,22.9,0.0,71.1,12.9
2034-04-04,25.9,1.9,70.0,12.6
2034-04-05,27.4,0.0,67.9,11.4
2034-04-06,29.4,19.8,68.3,11.8
2034-04-07,26.1,0.0,67.0,11.5
2034-04-08,24.2,0.0,72.9,9.9
2034-04-09,27.1,0.0,70.7,10.7
2034-04-10,22.6,0.0,72.1,11.3
2034-04-11,27.0,0.0,72.7,10.4
2034-04-12,24.5,0.0,66.6,12.3
2034-04-13,27.9,0.0,71.7,9.5
2034-04-14,27.2,0.0,66.8,10.3
2034-04-15,30.6,0.0,72.0,10.4
2034-04-16,37.7,3.3,76.2,12.0
2034-04-17,32.4,8.3,79.3,10.8
2034-04-18,34.2,2.4,73.3,10.8
2034-04-19,30.7,0.0,71.9,10.6
2034-04-20,32.4,0.0,77.1,9.4
2034-04-21,32.6,0.0,66.1,10.6
2034-04-22,33.4,0.0,77.8,10.7
2034-04-23,32.1,0.0,71.5,9.9
2034-04-24,34.4,4.6,72.9,11.0
2034-04-25,31.9,0.0,69.0,9.3
2034-04-26,35.3,0.0,65.6,9.6
2034-04-27,34.7,0.0,79.0,12.8
2034-04-28,32.4,0.0,73.8,9.1
2034-04-29,36.5,0.0,70.2,9.3
2034-04-30,36.6,0.0,73.9,10.2
2034-05-01,40.6,0.0,70.7,13.1
2034-05-02,42.5,0.0,64.0,11.3
2034-05-03,40.0,0.0,71.8,9.9
2034-05-04,39.5,0.0,65.8,9.5
2034-05-05,39.5,0.0,74.2,7.9
2034-05-06,42.4,0.0,81.1,9.6
2034-05-07,42.6,0.0,70.1,8.4
2034-05-08,42.2,0.0,77.4,8.2
2034-05-09,41.2,0.0,70.4,8.0
2034-05-10,40.8,0.0,73.6,10.7
2034-05-11,43.2,0.0,69.4,8.4
2034-05-12,42.5,16.4,81.1,7.7
2034-05-13,41.2,0.0,80.8,8.6
2034-05-14,39.9,0.0,75.1,11.9
2034-05-15,38.9,0.0,76.9,7.7
2034-05-16,36.4,6.0,78.5,12.2
2034-05-17,35.7,0.0,73.2,9.2
2034-05-18,39.8,0.0,81.0,12.0
2034-05-19,39.6,0.0,72.0,8.2
2034-05-20,41.3,0.0,66.8,9.9
2034-05-21,36.3,0.0,70.1,13.2
2034-05-22,38.5,0.0,77.8,7.6
2034-05-23,38.8,0.0,72.9,8.0
2034-05-24,38.4,0.0,75.3,8.4
2034-05-25,39.4,0.0,73.7,8.6
2034-05-26,38.9,0.0,75.8,6.4
2034-05-27,35.3,0.0,80.4,8.8
2034-05-28,38.5,0.0,82.6,8.2
2034-05-29,39.7,0.0,70.1,7.3
2034-05-30,39.6,0.0,79.7,15.5
2034-05-31,38.2,0.0,76.0,9.8
2034-06-01,36.1,0.0,68.9,11.3
2034-06-02,37.8,1.1,77.7,7.2
2034-06-03,42.0,0.0,84.2,6.8
2034-06-04,42.5,1.9,71.8,8.4
2034-06-05,39.8,7.2,75.6,7.6
2034-06-06,40.9,0.0,66.9,6.8
2034-06-07,41.1,46.1,85.8,6.7
2034-06-08,43.2,0.0,75.6,6.0
2034-06-09,44.4,0.0,84.6,9.3
2034-06-10,38.1,14.1,73.6,8.7
2034-06-11,40.2,0.0,79.5,5.5
2034-06-12,38.7,0.0,76.1,8.6
2034-06-13,36.8,0.0,85.7,12.2
2034-06-14,37.6,0.0,75.3,8.7
2034-06-15,39.5,8.7,76.3,6.1
2034-06-16,37.0,20.2,83.5,7.3
2034-06-17,39.6,9.1,78.9,5.3
2034-06-18,41.8,0.0,78.8,5.7
2034-06-19,42.1,11.7,79.7,8.2
2034-06-20,40.6,7.2,68.3,5.6
2034-06-21,39.1,0.0,76.3,6.3
2034-06-22,41.9,8.0,78.1,6.5
2034-06-23,39.1,0.0,69.8,8.0
2034-06-24,42.0,0.0,74.8,6.2
2034-06-25,41.8,42.5,74.7,5.4
2034-06-26,41.8,8.0,76.3,6.9
2034-06-27,38.6,6.0,77.8,5.1
2034-06-28,39.1,0.0,77.6,9.5
2034-06-29,41.1,27.8,83.1,5.0
2034-06-30,38.7,0.0,68.0,8.0
2034-07-01,40.4,0.0,64.9,7.2
2034-07-02,41.0,22.2,82.3,7.9
2034-07-03,40.0,0.0,73.9,5.1
2034-07-04,42.1,0.0,74.2,5.3
2034-07-05,37.7,4.5,81.1,5.4
2034-07-06,39.3,0.0,63.3,5.7
2034-07-07,43.0,14.7,83.8,4.8
2034-07-08,45.7,0.0,68.1,5.9
2034-07-09,45.7,10.6,77.5,5.9
2034-07-10,44.2,0.0,70.4,7.6
2034-07-11,42.4,0.0,68.5,5.8
2034-07-12,41.6,0.0,62.5,4.4
2034-07-13,42.6,0.0,66.5,4.5
2034-07-14,40.7,46.5,83.5,4.9
2034-07-15,42.2,0.0,71.1,5.5
2034-07-16,46.2,12.8,77.1,9.7
2034-07-17,44.9,11.7,68.3,8.0
2034-07-18,41.4,0.3,72.4,5.3
2034-07-19,38.4,0.0,68.7,4.9
2034-07-20,40.3,0.0,71.3,5.7
2034-07-21,40.1,34.6,79.1,5.7
2034-07-22,41.8,0.0,65.2,5.5
2034-07-23,40.3,0.0,68.6,4.4
2034-07-24,41.8,44.4,80.4,5.1
2034-07-25,40.9,0.0,70.7,5.0
2034-07-26,39.1,0.0,74.0,6.1
2034-07-27,38.2,0.0,63.0,7.9
2034-07-28,35.9,0.0,60.1,5.0
2034-07-29,40.4,0.0,72.0,6.0
2034-07-30,39.7,30.6,66.5,4.0
2034-07-31,40.7,0.0,70.2,5.9
2034-08-01,39.0,3.6,61.1,4.5
2034-08-02,36.6,8.6,63.4,4.8
2034-08-03,36.3,1.0,64.0,6.1
2034-08-04,38.6,0.0,56.6,5.7
2034-08-05,37.2,66.0,75.1,14.0
2034-08-06,35.4,16.7,59.0,6.1
2034-08-07,35.9,17.7,70.6,9.5
2034-08-08,36.9,0.0,62.5,4.4
2034-08-09,40.0,13.3,65.6,5.0
2034-08-10,39.8,10.4,64.2,5.4
2034-08-11,40.2,14.3,65.1,5.3
2034-08-12,40.6,0.0,58.9,7.3
2034-08-13,37.2,6.0,67.2,6.7
2034-08-14,34.7,9.9,54.3,6.0
2034-08-15,32.5,0.0,53.1,5.5
2034-08-16,30.1,0.0,66.7,6.7
2034-08-17,32.4,0.0,60.9,4.3
2034-08-18,33.2,0.0,49.1,10.2
2034-08-19,33.4,0.0,60.5,7.5
2034-08-20,28.1,0.0,50.6,7.8
2034-08-21,33.1,0.0,64.8,11.6
2034-08-22,31.2,0.0,62.5,7.5
2034-08-23,35.5,0.0,68.1,4.7
2034-08-24,31.9,0.0,55.7,6.1
2034-08-25,30.2,13.8,54.3,7.5
2034-08-26,26.0,0.0,53.8,6.1
2034-08-27,27.7,0.0,53.6,6.3
2034-08-28,26.1,0.0,57.8,8.4
2034-08-29,24.8,15.6,50.2,5.8
2034-08-30,23.1,22.6,60.8,9.2
2034-08-31,26.0,0.0,49.8,5.4
2034-09-01,28.1,0.0,51.9,6.5
2034-09-02,31.9,59.0,75.8,4.8
2034-09-03,30.0,0.0,58.8,4.8
2034-09-04,30.1,63.2,72.9,32.7
2034-09-05,27.2,0.0,56.3,6.5
2034-09-06,26.6,0.0,51.4,6.1
2034-09-07,25.8,0.0,52.2,6.9
2034-09-08,27.0,21.1,49.5,7.5
2034-09-09,29.1,54.3,59.1,5.4
2034-09-10,30.6,18.8,56.7,8.2
2034-09-11,28.1,0.0,45.5,6.1
2034-09-12,29.7,0.0,54.2,13.2
2034-09-13,28.8,0.0,50.1,7.0
2034-09-14,27.5,0.0,48.6,6.1
2034-09-15,25.6,14.4,50.3,7.1
2034-09-16,24.3,59.9,66.6,5.5
2034-09-17,27.9,0.0,52.5,7.6
2034-09-18,27.7,0.0,44.3,8.0
2034-09-19,27.3,2.9,46.5,6.8
2034-09-20,26.1,0.0,47.1,5.5
2034-09-21,30.4,0.0,49.4,11.8
2034-09-22,31.5,6.3,50.6,5.8
2034-09-23,28.3,14.2,50.2,6.7
2034-09-24,26.6,0.0,50.4,8.7
2034-09-25,25.2,17.9,50.3,8.2
2034-09-26,24.8,6.0,40.7,6.5
2034-09-27,22.8,0.0,52.6,6.5
2034-09-28,23.3,0.0,50.5,7.6
2034-09-29,25.7,6.7,40.1,6.4
2034-09-30,22.1,9.6,48.3,7.7
2034-10-01,19.4,0.0,51.2,9.3
2034-10-02,18.6,0.0,42.9,7.1
2034-10-03,17.9,0.0,48.0,7.6
2034-10-04,22.2,0.0,49.4,8.5
2034-10-05,23.6,0.0,44.9,10.8
2034-10-06,24.5,0.0,54.0,8.8
2034-10-07,22.8,0.0,46.2,7.3
2034-10-08,21.3,0.0,43.2,10.2
2034-10-09,17.7,0.0,41.6,9.7
2034-10-10,19.2,0.0,41.9,10.2
2034-10-11,19.8,0.0,39.1,7.9
2034-10-12,21.9,0.0,36.1,10.9
2034-10-13,20.4,0.0,36.9,7.8
2034-10-14,19.4,0.0,40.4,7.6
2034-10-15,19.1,0.7,45.1,11.2
2034-10-16,20.2,0.0,42.3,8.7
2034-10-17,16.4,0.0,41.3,8.8
2034-10-18,17.7,0.0,50.8,7.6
2034-10-19,17.1,0.0,48.4,7.8
2034-10-20,14.6,0.0,35.2,8.0
2034-10-21,10.4,0.0,43.0,8.4
2034-10-22,10.9,0.0,33.4,8.5
2034-10-23,14.5,0.0,40.4,7.6
2034-10-24,17.7,0.0,32.0,10.6
2034-10-25,17.6,0.0,35.6,13.8
2034-10-26,20.7,0.0,41.6,8.2
2034-10-27,19.1,0.0,36.0,9.3
2034-10-28,19.8,5.3,34.0,11.3
2034-10-29,17.5,0.0,34.5,11.9
2034-10-30,15.4,0.0,33.0,9.0
2034-10-31,13.4,0.0,39.6,8.2
2034-11-01,9.0,0.0,43.4,12.3
2034-11-02,12.2,4.1,37.3,11.9
2034-11-03,10.8,0.0,42.2,8.8
2034-11-04,9.3,0.0,34.1,12.4
2034-11-05,7.3,0.0,36.3,9.5
2034-11-06,7.7,0.0,45.6,12.5
2034-11-07,11.8,0.0,35.6,13.0
2034-11-08,15.8,0.0,41.7,12.2
2034-11-09,11.4,0.0,32.7,13.8
2034-11-10,10.4,0.0,36.0,9.3
2034-11-11,8.3,0.0,31.7,11.5
2034-11-12,10.6,0.0,36.3,10.6
2034-11-13,11.0,2.0,37.5,11.7
2034-11-14,9.4,0.0,39.5,10.4
2034-11-15,9.6,0.0,32.7,10.0
2034-11-16,8.6,0.0,34.7,11.4
2034-11-17,11.9,0.0,41.4,12.4
2034-11-18,12.4,0.0,29.4,10.1
2034-11-19,13.0,0.0,23.0,9.8
2034-11-20,6.8,0.0,32.0,12.9
2034-11-21,7.0,0.0,38.3,10.0
2034-11-22,11.5,0.0,35.6,10.0
2034-11-23,13.5,0.0,30.4,10.5
2034-11-24,8.8,0.0,35.5,13.0
2034-11-25,8.0,0.0,33.2,13.5
2034-11-26,5.6,0.0,27.2,11.3
2034-11-27,9.5,0.0,33.3,14.5
2034-11-28,9.6,0.0,38.7,15.9
2034-11-29,7.7,0.0,33.6,11.3
2034-11-30,7.7,0.0,27.4,12.7
2034-12-01,2.5,0.0,43.6,10.8
2034-12-02,1.3,0.0,30.0,10.2
2034-12-03,2.6,0.0,36.9,11.7
2034-12-04,5.2,0.0,39.2,12.2
2034-12-05,1.8,0.0,37.2,12.8
2034-12-06,2.1,0.0,34.0,11.9
2034-12-07,5.1,0.0,26.1,10.6
2034-12-08,2.6,3.7,42.0,11.5
2034-12-09,4.0,0.0,29.4,14.6
2034-12-10,4.7,0.0,40.2,10.8
2034-12-11,8.6,0.0,40.9,12.1
2034-12-12,7.8,0.0,29.3,11.6
2034-12-13,7.3,0.0,29.3,11.9
2034-12-14,8.9,1.7,34.1,14.4
2034-12-15,5.9,0.0,40.3,17.9
2034-12-16,5.7,6.2,34.3,11.7
2034-12-17,5.0,8.2,38.4,11.3
2034-12-18,5.1,3.9,34.4,11.5
2034-12-19,7.2,0.0,40.0,11.5
2034-12-20,8.3,0.0,33.0,12.7
2034-12-21,6.5,0.0,32.7,14.7
2034-12-22,6.9,0.0,31.3,12.2
2034-12-23,9.9,0.0,31.3,11.9
2034-12-24,7.7,0.0,42.0,14.9
2034-12-25,7.9,0.0,35.1,11.6
2034-12-26,7.4,0.0,32.3,13.0
2034-12-27,7.2,0.0,28.8,13.9
2034-12-28,4.0,0.0,36.0,11.8
2034-12-29,7.5,0.0,33.4,13.1
2034-12-30,5.9,0.0,32.6,15.1
2034-12-31,8.3,0.0,34.0,12.5
2035-01-01,6.9,0.0,38.6,14.1
2035-01-02,5.8,0.0,32.4,11.8
2035-01-03,8.7,0.0,36.8,12.3
2035-01-04,10.5,0.0,43.0,12.1
2035-01-05,10.4,4.8,37.2,12.9
2035-01-06,11.5,8.6,35.8,12.3
2035-01-07,10.3,0.0,44.5,17.0
2035-01-08,9.9,0.0,39.0,13.9
2035-01-09,8.3,0.0,38.7,12.2
2035-01-10,10.2,0.0,42.4,12.7
2035-01-11,8.5,0.0,39.6,12.8
2035-01-12,11.5,1.1,40.9,15.5
2035-01-13,10.4,0.0,32.7,14.2
2035-01-14,10.2,0.0,36.6,13.4
2035-01-15,11.5,0.0,50.3,14.3
2035-01-16,11.2,0.0,36.1,16.0
2035-01-17,10.3,0.0,41.9,20.0
2035-01-18,10.1,0.0,50.5,18.1
2035-01-19,11.9,0.0,45.5,13.7
2035-01-20,10.2,2.8,44.4,13.1
2035-01-21,10.0,4.9,39.8,14.1
2035-01-22,10.1,0.0,39.7,15.1
2035-01-23,12.0,0.0,41.6,12.8
2035-01-24,11.6,0.0,45.1,13.9
2035-01-25,15.1,0.0,50.0,14.2
2035-01-26,14.0,0.0,44.5,17.5
2035-01-27,13.0,0.0,41.4,12.7
2035-01-28,12.4,0.0,44.0,12.2
2035-01-29,9.7,0.0,47.4,12.2
2035-01-30,8.1,0.0,46.8,15.7
2035-01-31,7.9,0.0,44.2,16.7
2035-02-01,11.1,0.0,40.1,13.1
2035-02-02,11.4,0.0,51.4,15.2
2035-02-03,10.8,0.0,45.0,16.2
2035-02-04,13.7,0.0,47.9,14.3
2035-02-05,16.8,0.0,43.6,19.1
2035-02-06,18.7,0.0,43.8,13.4
2035-02-07,16.0,0.0,50.1,15.0
2035-02-08,14.7,0.0,41.6,17.8
2035-02-09,18.3,0.0,42.4,13.9
2035-02-10,18.1,0.0,56.1,14.1
2035-02-11,16.9,0.0,53.0,15.1
2035-02-12,18.0,0.0,51.3,15.9
2035-02-13,19.5,0.0,44.2,13.5
2035-02-14,17.7,0.0,51.0,15.6
2035-02-15,17.8,0.0,49.9,13.2
2035-02-16,19.4,0.0,48.4,16.7
2035-02-17,16.5,0.0,50.4,15.1
2035-02-18,16.6,7.2,45.9,12.4
2035-02-19,14.5,0.0,41.2,12.3
2035-02-20,13.1,0.0,53.4,15.7
2035-02-21,12.9,1.7,53.5,11.9
2035-02-22,14.9,0.0,53.9,13.0
2035-02-23,14.9,0.0,56.8,15.1
2035-02-24,14.4,0.0,55.8,12.6
2035-02-25,15.4,0.0,61.0,13.6
2035-02-26,13.9,0.0,59.9,12.5
2035-02-27,15.8,0.0,54.6,12.1
2035-02-28,18.9,0.0,55.4,16.1
2035-03-01,19.0,10.5,58.7,12.1
2035-03-02,18.8,0.0,47.7,12.3
2035-03-03,20.0,0.0,60.3,12.7
2035-03-04,16.1,0.0,59.0,12.7
2035-03-05,18.2,0.0,48.1,12.8
2035-03-06,25.1,0.0,64.5,15.7
2035-03-07,24.2,0.0,54.9,13.4
2035-03-08,23.6,7.8,58.7,12.2
2035-03-09,24.9,0.0,57.0,12.6
2035-03-10,27.7,0.0,57.2,13.9
2035-03-11,28.8,0.0,70.4,11.2
2035-03-12,23.4,0.0,57.5,12.3
2035-03-13,24.6,14.6,61.1,16.1
2035-03-14,29.6,0.0,59.5,12.6
2035-03-15,29.8,0.0,55.5,12.8
2035-03-16,26.5,0.0,61.6,12.3
2035-03-17,26.8,0.0,56.3,15.2
2035-03-18,23.9,0.0,63.3,16.4
2035-03-19,26.7,0.0,55.9,10.7
2035-03-20,24.6,0.0,58.5,17.3
2035-03-21,25.1,0.0,56.7,11.0
2035-03-22,23.7,0.1,59.4,14.1
2035-03-23,23.2,0.0,53.5,14.1
2035-03-24,27.0,0.0,50.5,10.9
2035-03-25,27.3,0.0,61.4,11.7
2035-03-26,26.3,15.2,59.5,12.4
2035-03-27,24.3,2.7,73.0,17.2
2035-03-28,21.4,2.5,62.8,12.2
2035-03-29,20.4,0.0,67.8,12.5
2035-03-30,22.3,0.0,66.1,14.3
2035-03-31,25.7,0.0,59.6,10.9
2035-04-01,25.3,0.0,63.1,10.8
2035-04-02,29.4,0.0,69.2,13.0
2035-04-03,28.1,0.0,69.1,12.3
2035-04-04,28.1,0.0,70.4,11.1
2035-04-05,26.5,0.0,63.1,13.8
2035-04-06,29.4,0.0,69.5,15.4
2035-04-07,34.0,21.3,69.2,13.6
2035-04-08,30.0,0.0,72.2,10.8
2035-04-09,29.7,0.0,72.3,11.4
2035-04-10,32.7,0.0,60.8,10.4
2035-04-11,29.8,0.0,69.4,14.5
2035-04-12,31.5,0.0,62.8,11.1
2035-04-13,34.3,0.0,72.6,9.5
2035-04-14,34.3,0.0,63.1,12.2
2035-04-15,35.2,0.0,70.6,11.0
2035-04-16,38.5,0.0,72.9,10.7
2035-04-17,41.5,0.0,69.8,9.3
2035-04-18,40.0,0.0,74.0,9.8
2035-04-19,37.9,0.0,71.4,10.9
2035-04-20,35.4,0.0,78.0,12.2
2035-04-21,37.4,0.0,64.9,11.3
2035-04-22,34.2,0.0,68.7,9.4
2035-04-23,34.0,7.9,63.2,9.6
2035-04-24,34.6,0.0,69.5,9.2
2035-04-25,33.9,0.0,65.3,9.8
2035-04-26,35.0,0.0,64.5,11.7
2035-04-27,40.5,0.2,63.9,9.4
2035-04-28,39.5,0.0,69.4,9.6
2035-04-29,38.2,0.0,73.3,9.9
2035-04-30,40.1,10.8,77.3,8.5
2035-05-01,40.1,0.0,77.4,10.2
2035-05-02,42.5,0.0,77.2,9.9
2035-05-03,41.9,0.0,67.0,9.9
2035-05-04,40.7,0.0,69.1,8.5
2035-05-05,36.7,0.0,74.0,14.3
2035-05-06,33.9,0.0,74.2,14.5
2035-05-07,31.2,5.3,81.5,8.9
2035-05-08,33.5,0.0,72.0,7.7
2035-05-09,32.0,0.0,77.4,7.5
2035-05-10,36.0,0.0,73.0,8.0
2035-05-11,36.8,0.0,75.6,7.9
2035-05-12,36.9,0.0,75.9,8.7
2035-05-13,35.8,0.0,73.9,8.1
2035-05-14,37.9,1.7,69.7,8.2
2035-05-15,36.8,3.4,76.5,11.1
2035-05-16,35.6,0.0,77.5,8.0
2035-05-17,39.0,9.8,77.4,12.1
2035-05-18,40.0,0.0,60.7,8.6
2035-05-19,39.8,0.0,73.7,8.7
2035-05-20,41.3,0.2,78.1,10.3
2035-05-21,41.3,0.0,69.8,10.7
2035-05-22,42.1,0.0,80.1,9.2
2035-05-23,40.3,7.6,73.6,8.3
2035-05-24,44.7,0.0,73.2,7.6
2035-05-25,43.0,0.0,75.9,10.1
2035-05-26,45.9,0.0,70.3,9.3
2035-05-27,44.7,0.0,79.5,7.4
2035-05-28,45.8,0.0,81.3,7.2
2035-05-29,46.5,0.0,69.5,10.3
2035-05-30,48.0,0.0,74.1,6.1
2035-05-31,45.2,0.0,84.5,7.8
2035-06-01,46.8,0.0,80.5,7.5
2035-06-02,49.6,11.3,69.8,9.7
2035-06-03,47.7,1.0,81.1,8.8
2035-06-04,46.8,29.0,65.1,6.3
2035-06-05,44.9,0.0,78.0,6.7
2035-06-06,43.8,0.0,70.6,7.7
2035-06-07,47.0,5.2,78.5,6.7
2035-06-08,44.2,19.3,80.9,6.0
2035-06-09,42.0,17.2,79.8,6.1
2035-06-10,45.4,2.6,78.3,11.3
2035-06-11,46.2,0.0,72.2,6.6
2035-06-12,49.8,30.1,79.1,7.7
2035-06-13,47.5,0.0,79.2,5.4
2035-06-14,46.9,8.0,76.5,8.6
2035-06-15,44.8,7.3,73.3,7.7
2035-06-16,44.7,0.0,73.4,8.8
2035-06-17,40.9,5.7,74.3,5.5
2035-06-18,42.7,16.9,76.6,11.9
2035-06-19,43.4,32.6,84.3,9.5
2035-06-20,43.2,0.0,69.5,5.3
2035-06-21,42.4,10.2,83.9,5.9
2035-06-22,40.7,0.0,74.7,7.4
2035-06-23,42.6,0.0,64.3,5.2
2035-06-24,40.3,0.0,74.7,10.5
2035-06-25,41.8,0.0,68.6,8.0
2035-06-26,46.2,0.0,72.9,5.7
2035-06-27,48.5,0.0,72.2,7.6
2035-06-28,44.3,0.0,76.2,5.7
2035-06-29,42.9,0.0,75.9,10.5
2035-06-30,43.7,0.0,73.5,6.5
2035-07-01,43.3,17.2,86.1,6.9
2035-07-02,40.3,0.0,68.5,5.1
2035-07-03,41.5,7.3,80.6,5.7
2035-07-04,41.6,0.0,78.7,8.6
2035-07-05,45.5,17.2,77.5,5.8
2035-07-06,44.3,19.5,78.5,4.9
2035-07-07,46.2,28.8,83.1,4.7
2035-07-08,42.8,25.6,75.7,6.5
2035-07-09,40.5,31.9,76.2,4.5
2035-07-10,42.2,20.1,73.2,6.5
2035-07-11,44.2,0.0,71.7,4.3
2035-07-12,41.7,4.3,68.8,6.2
2035-07-13,41.6,0.0,66.2,5.9
2035-07-14,38.8,0.0,64.4,5.2
2035-07-15,38.8,9.7,66.9,5.8
2035-07-16,40.9,14.6,69.6,6.8
2035-07-17,39.9,32.6,73.9,9.1
2035-07-18,39.5,22.4,74.7,5.5
2035-07-19,37.4,0.0,64.5,6.1
2035-07-20,36.7,0.0,70.6,4.6
2035-07-21,40.8,0.0,77.7,6.0
2035-07-22,40.8,43.5,84.7,5.5
2035-07-23,38.5,0.0,62.0,6.5
2035-07-24,38.1,4.4,66.6,4.5
2035-07-25,35.1,0.0,60.4,11.2
2035-07-26,33.8,0.0,67.5,5.1
2035-07-27,37.6,16.2,71.5,6.1
2035-07-28,37.5,0.0,66.8,5.7
2035-07-29,41.4,0.0,60.4,6.2
2035-07-30,40.6,0.0,62.1,7.8
2035-07-31,40.0,33.3,78.1,6.4
2035-08-01,40.8,0.0,66.7,9.4
2035-08-02,34.8,10.0,62.6,8.1
2035-08-03,35.7,10.9,60.4,4.3
2035-08-04,35.9,0.0,63.4,9.6
2035-08-05,39.1,5.3,64.2,5.3
2035-08-06,40.5,1.8,57.2,5.7
2035-08-07,37.4,0.0,61.3,4.3
2035-08-08,39.6,17.4,64.5,7.7
2035-08-09,38.3,0.0,59.3,5.4
2035-08-10,36.0,0.0,59.8,5.5
2035-08-11,36.3,15.8,66.9,5.9
2035-08-12,35.6,0.0,61.7,7.3
2035-08-13,38.5,0.0,67.2,9.2
2035-08-14,38.4,0.0,61.6,4.3
2035-08-15,38.0,0.0,64.3,5.3
2035-08-16,39.0,0.0,53.3,4.7
2035-08-17,40.2,0.0,60.4,8.0
2035-08-18,40.4,0.9,57.6,7.2
2035-08-19,41.8,2.1,63.1,6.6
2035-08-20,41.3,0.0,59.9,5.7
2035-08-21,39.9,0.0,66.1,7.5
2035-08-22,40.9,0.0,53.3,6.2
2035-08-23,38.9,5.7,55.4,7.0
2035-08-24,37.6,0.0,58.9,9.0
2035-08-25,39.8,13.0,59.5,7.0
2035-08-26,41.3,71.9,69.8,12.5
2035-08-27,39.2,0.0,58.1,5.2
2035-08-28,36.6,7.1,55.1,5.2
2035-08-29,38.3,0.0,57.8,5.5
2035-08-30,38.2,1.9,47.1,6.9
2035-08-31,37.2,0.0,53.4,9.6
2035-09-01,35.0,0.0,55.3,5.2
2035-09-02,34.5,14.7,58.7,9.1
2035-09-03,33.3,0.0,57.3,5.6
2035-09-04,31.0,0.0,52.2,9.8
2035-09-05,30.7,4.5,56.5,5.7
2035-09-06,30.7,0.0,52.4,5.6
2035-09-07,29.3,0.0,56.1,5.1
2035-09-08,30.7,11.2,47.2,6.0
2035-09-09,32.6,0.0,38.7,5.9
2035-09-10,33.3,0.0,57.7,7.6
2035-09-11,31.4,28.7,55.4,5.7
2035-09-12,31.9,16.5,46.3,7.0
2035-09-13,30.8,0.0,49.6,6.1
2035-09-14,27.3,0.0,47.5,8.6
2035-09-15,28.2,6.6,53.2,8.3
2035-09-16,27.8,1.4,52.2,8.1
2035-09-17,32.3,0.5,47.1,5.3
2035-09-18,33.6,0.0,53.4,6.0
2035-09-19,33.1,23.2,48.2,9.1
2035-09-20,31.7,6.7,38.0,6.3
2035-09-21,30.4,10.1,51.0,8.9
2035-09-22,26.9,0.0,46.2,5.8
2035-09-23,22.6,0.0,37.7,8.2
2035-09-24,20.8,0.0,49.9,8.0
2035-09-25,20.9,21.1,43.3,8.1
2035-09-26,16.9,0.0,45.6,11.2
2035-09-27,16.7,0.0,49.7,6.4
2035-09-28,17.1,0.0,46.9,9.4
2035-09-29,17.4,7.2,48.1,7.9
2035-09-30,16.7,10.9,45.3,12.5
2035-10-01,16.7,0.0,45.5,7.1
2035-10-02,20.8,0.0,46.9,10.2
2035-10-03,21.9,0.0,40.9,12.2
2035-10-04,20.3,0.0,38.2,6.9
2035-10-05,19.9,0.0,47.5,7.3
2035-10-06,19.6,0.0,52.5,9.9
2035-10-07,17.9,0.0,50.4,9.2
2035-10-08,16.4,0.0,29.6,7.9
2035-10-09,18.7,0.0,48.7,8.7
2035-10-10,17.6,0.0,39.0,8.0
2035-10-11,15.4,0.0,50.9,8.1
2035-10-12,15.6,0.0,36.4,7.6
2035-10-13,16.1,0.0,35.7,9.8
2035-10-14,12.2,0.0,40.9,7.9
2035-10-15,13.0,5.4,40.2,7.2
2035-10-16,15.3,0.0,38.9,8.8
2035-10-17,16.3,0.0,45.1,9.4
2035-10-18,20.6,0.0,46.4,7.6
2035-10-19,22.0,0.0,35.2,9.3
2035-10-20,23.5,0.0,47.9,7.7
2035-10-21,27.3,0.0,33.3,8.1
2035-10-22,26.2,0.0,36.3,8.2
2035-10-23,24.1,0.0,51.7,10.3
2035-10-24,24.0,0.0,40.7,8.1
2035-10-25,20.8,0.0,35.4,11.6
2035-10-26,19.6,0.0,39.8,12.1
2035-10-27,17.0,0.0,41.8,8.5
2035-10-28,17.0,0.0,39.8,10.6
2035-10-29,14.8,2.0,44.8,10.2
2035-10-30,13.0,0.0,33.4,10.2
2035-10-31,13.7,4.1,35.3,12.6
2035-11-01,13.1,0.0,32.9,9.4
2035-11-02,9.0,0.0,33.1,10.2
2035-11-03,6.6,0.0,37.3,10.8
2035-11-04,5.3,0.0,31.6,8.4
2035-11-05,4.7,0.0,38.2,11.6
2035-11-06,6.8,0.0,39.8,14.7
2035-11-07,8.0,0.0,30.4,8.7
2035-11-08,10.7,0.0,33.2,10.7
2035-11-09,12.1,0.0,33.7,10.1
2035-11-10,13.9,0.0,35.0,11.1
2035-11-11,14.4,0.0,35.2,12.1
2035-11-12,13.9,0.0,40.5,9.8
2035-11-13,15.3,0.0,40.7,11.3
2035-11-14,16.0,0.0,31.7,13.6
2035-11-15,15.4,0.0,39.1,12.7
2035-11-16,16.7,0.0,42.4,12.1
2035-11-17,10.5,0.1,41.5,10.5
2035-11-18,9.6,0.0,36.4,10.4
2035-11-19,8.8,0.0,35.1,11.5
2035-11-20,11.1,3.3,29.1,11.6
2035-11-21,13.8,0.0,33.2,13.1
2035-11-22,9.8,0.0,27.7,11.7
2035-11-23,12.3,0.7,41.0,12.9
2035-11-24,9.1,0.0,33.8,9.9
2035-11-25,6.7,0.0,34.6,12.6
2035-11-26,6.5,0.0,32.0,12.8
2035-11-27,6.1,3.9,28.9,14.2
2035-11-28,3.3,0.0,38.6,10.0
2035-11-29,5.5,0.0,37.5,15.3
2035-11-30,7.3,0.0,39.7,11.6
2035-12-01,9.4,0.0,26.2,11.3
2035-12-02,8.2,0.0,41.6,13.6
2035-12-03,7.9,9.2,36.7,11.6
2035-12-04,7.7,0.0,38.9,12.8
2035-12-05,11.0,0.0,21.9,12.9
2035-12-06,4.6,105.1,63.5,36.4
2035-12-07,3.2,0.0,34.8,18.9
2035-12-08,4.0,0.0,34.1,14.6
2035-12-09,2.4,0.0,34.8,11.4
2035-12-10,2.8,0.0,32.3,13.3
2035-12-11,3.4,3.1,29.1,11.2
2035-12-12,2.8,0.0,29.1,12.4
2035-12-13,3.8,0.0,35.7,12.1
2035-12-14,5.7,0.0,42.2,17.4
2035-12-15,5.5,0.0,41.2,12.4
2035-12-16,4.8,0.0,36.9,14.7
2035-12-17,4.9,0.0,33.4,12.9
2035-12-18,5.3,0.0,46.3,14.9
2035-12-19,2.2,0.0,39.5,11.1
2035-12-20,4.1,0.0,39.2,12.7
2035-12-21,3.8,0.0,29.7,14.9
2035-12-22,6.9,0.0,37.7,15.0
2035-12-23,8.1,0.0,30.4,14.4
2035-12-24,10.3,0.0,47.1,12.4
2035-12-25,7.6,0.0,32.7,14.5
2035-12-26,6.8,0.0,34.0,14.2
2035-12-27,4.4,0.0,33.9,13.5
2035-12-28,3.6,20.5,40.6,15.0
2035-12-29,6.9,0.0,40.8,12.1
2035-12-30,10.0,0.0,37.7,13.1
2035-12-31,7.2,2.9,38.8,11.8
2036-01-01,6.4,0.0,41.6,11.9
2036-01-02,6.5,0.0,30.6,12.4
2036-01-03,7.9,0.0,42.1,17.5
2036-01-04,4.4,0.0,39.2,15.4
2036-01-05,1.9,0.0,35.3,12.6
2036-01-06,4.1,0.0,39.6,13.1
2036-01-07,1.1,0.0,39.7,13.0
2036-01-08,1.6,0.0,26.3,14.6
2036-01-09,3.3,0.0,46.5,12.5
2036-01-10,5.2,0.0,45.9,18.4
2036-01-11,5.6,0.0,33.5,18.8
2036-01-12,5.6,0.0,36.5,14.3
2036-01-13,7.9,0.0,47.3,13.1
2036-01-14,8.8,0.0,44.1,16.7
2036-01-15,7.6,0.0,43.0,15.5
2036-01-16,8.0,0.0,43.4,12.5
2036-01-17,9.1,1.0,43.6,13.7
2036-01-18,12.7,0.0,36.4,13.7
2036-01-19,13.7,0.0,39.2,12.0
2036-01-20,15.5,16.1,51.3,15.3
2036-01-21,13.2,0.0,45.8,13.3
2036-01-22,11.6,0.0,44.3,14.3
2036-01-23,11.0,0.0,39.9,16.5
2036-01-24,10.7,0.0,48.3,14.1
2036-01-25,8.7,5.0,40.1,15.5
2036-01-26,11.8,0.0,51.4,13.7
2036-01-27,13.5,0.0,40.6,12.3
2036-01-28,12.5,0.0,40.2,17.5
2036-01-29,13.7,0.0,45.0,17.8
2036-01-30,13.8,0.0,46.2,12.6
2036-01-31,15.0,0.0,45.9,19.1
2036-02-01,11.8,0.0,39.1,13.5
2036-02-02,11.7,0.0,48.1,13.9
2036-02-03,11.9,0.0,51.2,15.3
2036-02-04,13.4,0.0,46.3,14.6
2036-02-05,12.2,0.0,39.2,12.1
2036-02-06,7.5,0.0,46.2,16.9
2036-02-07,6.6,0.0,41.9,13.6
2036-02-08,8.0,0.0,38.3,13.1
2036-02-09,9.5,10.7,48.2,15.1
2036-02-10,13.9,0.0,56.7,14.3
2036-02-11,15.3,0.0,48.5,17.5
2036-02-12,15.4,0.0,47.9,17.1
2036-02-13,15.4,0.0,53.1,13.0
2036-02-14,17.7,1.7,53.4,13.4
2036-02-15,16.2,0.0,42.9,12.5
2036-02-16,15.9,0.0,59.9,17.1
2036-02-17,13.9,0.0,51.9,16.0
2036-02-18,17.3,0.0,55.8,13.0
2036-02-19,18.1,0.0,48.6,15.6
2036-02-20,16.6,10.2,44.7,12.6
2036-02-21,16.6,0.0,51.7,14.2
2036-02-22,17.9,0.0,47.1,14.4
2036-02-23,17.5,0.0,58.8,14.0
2036-02-24,16.6,1.1,46.5,12.0
2036-02-25,15.8,1.0,54.0,15.1
2036-02-26,17.1,0.0,57.0,12.5
2036-02-27,16.9,0.0,56.4,12.0
2036-02-28,16.6,0.0,52.2,14.9
2036-02-29,14.6,0.0,46.1,17.2
2036-03-01,15.9,5.2,49.1,11.9
2036-03-02,16.5,0.0,51.9,11.5
2036-03-03,16.8,0.0,49.0,12.5
2036-03-04,18.1,0.0,56.0,13.9
2036-03-05,20.3,0.0,52.9,12.1
2036-03-06,22.0,0.0,50.6,13.9
2036-03-07,23.1,0.0,50.3,12.3
2036-03-08,22.5,14.8,53.5,11.7
2036-03-09,21.5,0.0,57.8,11.2
2036-03-10,19.7,16.4,58.9,15.8
2036-03-11,19.3,0.0,58.9,13.9
2036-03-12,20.2,0.0,58.7,14.4
2036-03-13,19.4,0.0,58.4,11.0
2036-03-14,20.6,18.8,67.7,12.3
2036-03-15,19.5,0.0,52.7,16.2
2036-03-16,17.3,0.0,63.7,20.6
2036-03-17,20.5,0.0,62.7,14.8
2036-03-18,20.6,0.0,60.1,12.6
2036-03-19,20.0,0.0,57.4,11.6
2036-03-20,19.0,0.0,61.9,13.3
2036-03-21,21.4,8.3,66.4,10.8
2036-03-22,25.2,0.0,55.4,11.1
2036-03-23,24.8,0.0,65.8,12.0
2036-03-24,24.9,0.0,71.7,14.4
2036-03-25,27.6,0.0,63.0,12.4
2036-03-26,24.1,0.0,70.2,13.5
2036-03-27,28.9,8.2,68.4,12.8
2036-03-28,33.7,0.0,65.6,11.4
2036-03-29,27.4,0.0,61.1,10.4
2036-03-30,27.6,0.0,63.2,10.9
2036-03-31,26.5,0.0,60.3,12.3
2036-04-01,26.7,0.0,70.2,10.8
2036-04-02,26.6,8.8,64.2,12.1
2036-04-03,29.0,2.4,75.5,16.5
2036-04-04,29.1,0.0,68.5,10.0
2036-04-05,27.7,0.0,68.6,13.0
2036-04-06,28.1,0.0,60.3,9.9
2036-04-07,29.8,0.0,70.5,12.3
2036-04-08,27.9,0.0,66.3,12.7
2036-04-09,25.5,0.0,64.9,10.4
2036-04-10,30.9,0.0,64.7,13.9
2036-04-11,30.0,0.0,62.0,12.1
2036-04-12,30.3,0.0,68.5,16.8
2036-04-13,30.1,0.0,67.9,10.3
2036-04-14,31.9,0.0,62.4,10.3
2036-04-15,35.9,0.0,71.8,9.4
2036-04-16,36.7,0.0,80.1,18.3
2036-04-17,33.2,0.0,62.6,13.7
2036-04-18,30.7,0.0,69.4,9.4
2036-04-19,30.8,1.9,78.9,12.0
2036-04-20,31.1,2.1,67.0,14.9
2036-04-21,28.6,0.2,72.8,9.8
2036-04-22,31.6,0.0,72.8,9.6
2036-04-23,30.3,0.0,74.3,8.7
2036-04-24,34.5,0.0,80.4,12.7
2036-04-25,38.5,0.0,62.5,9.3
2036-04-26,37.7,0.0,72.6,8.7
2036-04-27,38.4,0.0,69.3,11.3
2036-04-28,35.7,0.0,71.8,8.4
2036-04-29,37.3,0.0,72.4,10.6
2036-04-30,36.4,0.3,71.0,8.5
2036-05-01,34.5,0.0,67.1,11.3
2036-05-02,34.6,0.0,67.6,8.4
2036-05-03,34.4,2.8,84.2,8.8
2036-05-04,34.6,0.0,66.1,9.7
2036-05-05,37.3,0.0,79.3,8.8
2036-05-06,36.0,0.0,68.1,17.2
2036-05-07,40.1,0.0,73.9,8.2
2036-05-08,37.3,0.0,83.4,7.9
2036-05-09,41.0,0.0,77.7,8.8
2036-05-10,38.7,0.0,66.6,10.4
2036-05-11,38.9,21.1,77.5,8.1
2036-05-12,38.1,0.0,73.9,8.5
2036-05-13,37.9,0.0,79.3,9.6
2036-05-14,40.0,0.0,74.5,9.3
2036-05-15,43.1,0.0,73.5,11.8
2036-05-16,45.0,0.0,83.0,7.3
2036-05-17,43.3,0.0,82.4,9.0
2036-05-18,43.2,0.0,78.1,6.9
2036-05-19,41.2,0.0,71.5,8.3
2036-05-20,39.3,0.0,61.4,10.8
2036-05-21,37.4,0.0,68.4,19.3
2036-05-22,37.3,0.0,67.1,9.2
2036-05-23,38.7,0.0,74.5,10.9
2036-05-24,35.5,0.0,79.6,7.5
2036-05-25,36.7,0.0,84.8,7.5
2036-05-26,40.8,0.0,81.3,8.1
2036-05-27,43.3,3.6,72.3,8.0
2036-05-28,41.9,0.0,76.3,8.5
2036-05-29,39.2,0.0,77.0,6.5
2036-05-30,40.7,0.0,67.2,11.7
2036-05-31,36.4,0.0,70.6,8.0
2036-06-01,39.9,0.0,72.8,9.3
2036-06-02,40.0,0.0,85.6,10.4
2036-06-03,44.2,31.7,84.8,6.4
2036-06-04,40.4,0.0,68.4,11.0
2036-06-05,42.7,0.0,72.8,8.4
2036-06-06,42.6,0.0,77.1,8.6
2036-06-07,42.0,29.9,81.0,7.3
2036-06-08,39.4,5.9,74.5,12.2
2036-06-09,41.3,9.0,80.6,10.8
2036-06-10,43.0,0.0,81.7,6.4
2036-06-11,46.6,0.0,80.7,6.9
2036-06-12,47.9,0.0,73.0,7.8
2036-06-13,45.7,0.0,73.6,7.0
2036-06-14,43.2,13.5,76.2,10.1
2036-06-15,40.4,0.0,79.5,10.5
2036-06-16,43.9,8.8,74.4,6.4
2036-06-17,42.2,9.5,66.8,6.1
2036-06-18,45.3,0.0,76.4,6.8
2036-06-19,45.9,0.0,76.5,7.5
2036-06-20,46.0,0.0,71.7,7.5
2036-06-21,44.8,0.0,82.9,5.6
2036-06-22,45.7,46.3,82.3,5.3
2036-06-23,45.1,14.8,84.1,9.3
2036-06-24,43.9,3.1,67.3,5.8
2036-06-25,45.1,0.0,74.4,6.3
2036-06-26,44.3,0.0,68.9,8.6
2036-06-27,42.4,5.1,73.7,6.8
2036-06-28,43.7,0.0,76.4,6.2
2036-06-29,43.3,0.0,69.6,5.2
2036-06-30,44.1,0.0,68.8,5.6
2036-07-01,42.9,36.5,80.1,5.4
2036-07-02,40.3,13.7,94.1,5.9
2036-07-03,44.2,0.0,72.7,5.2
2036-07-04,46.9,0.0,72.2,4.9
2036-07-05,47.7,8.8,75.7,6.1
2036-07-06,45.7,6.6,64.2,7.2
2036-07-07,44.3,0.0,75.5,4.5
2036-07-08,46.6,0.0,74.3,4.9
2036-07-09,44.9,21.6,67.0,7.4
2036-07-10,42.9,0.0,82.3,6.6
2036-07-11,46.3,0.0,70.1,6.8
2036-07-12,45.2,10.4,66.8,7.3
2036-07-13,47.9,12.6,74.3,7.8
2036-07-14,43.7,0.0,64.8,5.6
2036-07-15,44.2,0.0,61.1,5.9
2036-07-16,47.6,19.6,72.4,4.6
2036-07-17,46.2,0.0,67.5,5.7
2036-07-18,44.5,0.0,60.5,7.1
2036-07-19,41.3,0.0,64.2,5.5
2036-07-20,43.2,33.6,71.1,5.4
2036-07-21,40.9,57.9,80.3,4.6
2036-07-22,40.5,25.8,77.0,5.2
2036-07-23,37.8,0.0,67.7,5.7
2036-07-24,41.2,0.0,66.6,7.4
2036-07-25,43.1,0.0,57.3,4.9
2036-07-26,42.1,14.1,69.6,5.0
2036-07-27,39.1,0.0,60.5,7.2
2036-07-28,42.0,0.0,57.0,4.1
2036-07-29,40.5,0.0,69.7,7.7
2036-07-30,37.8,6.4,60.0,5.2
2036-07-31,34.3,0.0,65.2,5.1
2036-08-01,33.6,3.2,62.8,7.6
2036-08-02,31.5,0.2,59.4,6.1
2036-08-03,31.3,0.0,69.9,5.8
2036-08-04,33.9,2.7,61.2,5.2
2036-08-05,33.7,6.5,62.2,4.7
2036-08-06,34.9,0.0,59.2,7.8
2036-08-07,33.7,13.6,66.8,6.5
2036-08-08,34.3,0.0,61.4,4.5
2036-08-09,38.4,0.0,58.4,8.2
2036-08-10,37.1,0.0,57.0,8.0
2036-08-11,37.5,14.7,64.7,6.8
2036-08-12,33.8,0.0,57.7,6.7
2036-08-13,37.0,0.0,69.2,5.9
2036-08-14,35.5,10.9,60.4,5.9
2036-08-15,37.3,0.0,61.6,7.3
2036-08-16,36.4,0.0,59.2,6.4
2036-08-17,37.0,33.0,66.1,6.8
2036-08-18,37.6,6.5,65.0,7.8
2036-08-19,35.8,0.0,61.5,5.8
2036-08-20,37.3,0.0,61.1,10.9
2036-08-21,34.8,0.0,60.7,4.6
2036-08-22,35.8,3.2,50.3,6.6
2036-08-23,34.3,12.2,62.5,5.6
2036-08-24,34.4,0.0,55.7,8.6
2036-08-25,32.9,0.0,54.0,4.9
2036-08-26,32.6,3.1,74.3,6.2
2036-08-27,30.0,0.0,48.5,6.2
2036-08-28,30.6,8.2,57.1,5.7
2036-08-29,30.6,13.6,57.7,7.6
2036-08-30,29.3,0.0,54.4,5.9
2036-08-31,29.3,21.5,54.8,5.2
2036-09-01,29.5,0.0,55.3,5.7
2036-09-02,28.1,16.6,52.3,6.7
2036-09-03,28.0,0.0,54.9,5.8
2036-09-04,26.0,20.8,59.1,8.1
2036-09-05,31.1,0.0,51.5,5.8
2036-09-06,32.5,0.0,52.1,7.0
2036-09-07,32.0,9.3,62.3,9.5
2036-09-08,33.4,1.5,55.0,7.2
2036-09-09,28.1,0.0,52.3,8.3
2036-09-10,22.6,9.9,55.7,9.4
2036-09-11,22.5,0.0,50.9,6.5
2036-09-12,20.4,0.0,53.2,6.1
2036-09-13,21.0,0.0,47.0,5.9
2036-09-14,22.2,30.0,68.3,6.8
2036-09-15,24.6,0.6,50.5,5.9
2036-09-16,22.3,9.7,65.6,6.7
2036-09-17,23.5,17.7,64.2,7.4
2036-09-18,23.6,34.5,54.5,9.0
2036-09-19,24.3,0.0,49.3,6.4
2036-09-20,23.1,10.2,52.1,5.6
2036-09-21,25.8,4.7,53.3,8.1
2036-09-22,25.0,19.2,52.6,7.0
2036-09-23,28.0,4.8,54.0,6.1
2036-09-24,25.2,0.0,37.7,7.2
2036-09-25,26.0,17.1,47.4,6.6
2036-09-26,25.0,0.0,44.9,9.8
2036-09-27,23.6,0.0,42.2,8.3
2036-09-28,24.3,5.9,38.1,8.3
2036-09-29,22.9,0.0,49.4,9.3
2036-09-30,17.1,65.7,55.6,18.9
2036-10-01,11.5,0.0,41.0,6.8
2036-10-02,15.7,0.0,47.9,8.1
2036-10-03,18.9,0.0,49.9,7.1
2036-10-04,22.7,0.0,40.7,7.8
2036-10-05,21.9,0.0,38.1,8.1
2036-10-06,18.6,0.0,38.9,9.8
2036-10-07,17.7,0.0,48.3,8.9
2036-10-08,17.7,0.0,48.3,10.2
2036-10-09,15.7,3.7,44.8,9.8
2036-10-10,19.3,0.0,43.1,9.6
2036-10-11,23.4,0.0,35.0,7.0
2036-10-12,23.0,3.7,44.6,7.0
2036-10-13,21.7,0.0,45.1,8.9
2036-10-14,18.0,0.0,41.7,9.4
2036-10-15,20.7,0.0,41.7,9.9
2036-10-16,19.8,0.0,35.3,9.0
2036-10-17,18.4,0.0,46.0,11.4
2036-10-18,18.7,0.0,33.2,9.1
2036-10-19,16.8,0.0,39.6,7.7
2036-10-20,16.6,0.0,41.8,8.3
2036-10-21,13.3,0.0,45.0,9.8
2036-10-22,15.6,0.0,44.3,7.8
2036-10-23,15.1,3.6,45.5,9.1
2036-10-24,17.1,0.0,37.2,9.7
2036-10-25,16.0,0.0,50.1,8.5
2036-10-26,15.1,2.5,44.4,10.4
2036-10-27,12.3,0.0,36.3,8.0
2036-10-28,13.9,0.0,36.5,9.8
2036-10-29,11.9,0.0,41.5,9.8
2036-10-30,11.0,0.0,35.2,8.7
2036-10-31,11.2,3.6,31.9,9.0
2036-11-01,11.6,0.0,37.7,12.2
2036-11-02,8.2,0.0,25.7,12.8
2036-11-03,8.3,0.0,38.7,11.0
2036-11-04,10.5,0.0,40.0,9.6
2036-11-05,9.9,3.1,36.1,9.3
2036-11-06,9.6,0.0,42.3,9.0
2036-11-07,10.1,0.0,40.6,10.7
2036-11-08,9.9,0.0,31.2,9.9
2036-11-09,7.9,0.0,36.4,9.5
2036-11-10,8.3,0.0,33.4,13.3
2036-11-11,10.6,0.0,34.3,11.1
2036-11-12,8.3,0.0,41.6,9.2
2036-11-13,7.8,0.0,38.9,10.7
2036-11-14,5.4,0.0,32.1,9.5
2036-11-15,8.0,0.0,36.7,11.9
2036-11-16,8.1,0.0,31.7,13.1
2036-11-17,6.6,4.7,34.2,11.7
2036-11-18,7.2,0.0,43.0,10.8
2036-11-19,5.1,0.0,48.0,9.7
2036-11-20,3.7,0.0,44.1,10.6
2036-11-21,1.7,5.5,37.9,11.1
2036-11-22,0.9,0.0,36.1,11.7
2036-11-23,5.1,0.0,40.2,10.9
2036-11-24,4.2,0.0,35.6,14.2
2036-11-25,5.9,0.0,27.9,12.2
2036-11-26,4.6,0.0,44.1,10.2
2036-11-27,6.8,0.0,29.1,14.3
2036-11-28,4.9,0.0,41.0,12.4
2036-11-29,5.5,0.3,38.9,10.7
2036-11-30,6.0,0.0,44.3,12.4
2036-12-01,11.0,0.9,39.5,10.2
2036-12-02,11.5,0.0,32.1,16.4
2036-12-03,9.5,0.0,40.5,10.5
2036-12-04,10.4,0.0,33.3,15.1
2036-12-05,14.0,0.0,30.2,11.2
2036-12-06,9.4,0.0,26.0,10.8
2036-12-07,7.3,7.7,36.5,12.6
2036-12-08,6.8,0.0,26.8,12.8
2036-12-09,6.0,1.1,42.8,11.4
2036-12-10,5.5,0.0,27.5,14.4
2036-12-11,3.2,0.0,33.5,15.7
2036-12-12,6.8,0.0,33.8,10.8
2036-12-13,4.0,0.0,36.5,12.2
2036-12-14,4.2,0.0,31.3,13.3
2036-12-15,6.8,0.0,41.5,13.0
2036-12-16,6.8,0.0,36.7,11.9
2036-12-17,4.9,0.0,35.9,12.9
2036-12-18,2.6,0.0,32.8,12.0
2036-12-19,3.0,0.0,39.0,13.1
2036-12-20,2.3,0.0,43.3,15.8
2036-12-21,3.7,1.2,50.2,13.2
2036-12-22,1.5,0.0,31.9,12.1
2036-12-23,4.3,0.0,36.0,12.9
2036-12-24,5.1,0.3,27.4,13.8
2036-12-25,5.9,0.0,40.4,12.9
2036-12-26,9.1,0.0,30.3,12.3
2036-12-27,7.8,11.7,41.6,12.7
2036-12-28,6.3,0.0,43.7,14.0
2036-12-29,5.4,0.0,35.6,16.3
2036-12-30,5.5,0.0,33.2,12.1
2036-12-31,5.7,0.0,44.6,15.2
2037-01-01,4.4,0.0,41.6,15.5
2037-01-02,1.0,0.0,32.5,12.9
2037-01-03,1.3,0.0,39.1,11.9
2037-01-04,3.3,0.0,34.3,18.8
2037-01-05,4.5,0.0,44.1,13.4
2037-01-06,7.7,3.8,40.5,17.2
2037-01-07,11.7,0.0,46.8,14.8
2037-01-08,12.5,0.0,34.7,12.6
2037-01-09,14.5,0.0,40.7,18.0
2037-01-10,14.9,3.3,40.6,12.1
2037-01-11,17.1,0.0,41.3,12.7
2037-01-12,19.1,0.0,37.5,13.4
2037-01-13,19.0,0.0,29.3,13.5
2037-01-14,18.5,0.0,44.2,14.8
2037-01-15,16.2,3.7,42.2,12.4
2037-01-16,14.8,1.9,37.6,13.9
2037-01-17,13.1,0.0,39.0,13.6
2037-01-18,13.7,0.0,35.9,12.0
2037-01-19,11.5,0.0,32.7,13.2
2037-01-20,10.9,0.0,47.5,15.1
2037-01-21,6.0,0.0,45.4,12.3
2037-01-22,10.4,0.0,36.1,12.1
2037-01-23,10.0,0.0,55.7,16.0
2037-01-24,11.1,0.0,37.7,13.7
2037-01-25,14.0,0.0,47.2,22.2
2037-01-26,14.1,0.0,44.0,13.0
2037-01-27,16.5,0.0,37.9,12.3
2037-01-28,13.0,4.2,47.3,15.0
2037-01-29,17.6,0.0,43.9,15.3
2037-01-30,18.7,0.0,41.9,13.5
2037-01-31,17.8,0.0,52.0,13.1
2037-02-01,19.6,0.0,48.8,15.9
2037-02-02,15.9,0.0,49.6,12.5
2037-02-03,14.8,6.0,46.8,15.0
2037-02-04,17.4,0.0,48.4,14.7
2037-02-05,12.9,0.0,46.8,14.4
2037-02-06,14.2,0.0,49.8,14.7
2037-02-07,15.2,0.0,42.7,13.9
2037-02-08,19.0,0.0,36.1,12.7
2037-02-09,14.9,0.0,55.0,12.7
2037-02-10,18.1,0.0,48.5,12.8
2037-02-11,16.4,0.0,51.8,14.6
2037-02-12,15.3,0.0,45.8,13.4
2037-02-13,12.9,0.0,48.4,15.4
2037-02-14,11.3,15.0,61.3,14.4
2037-02-15,13.0,0.0,52.0,11.9
2037-02-16,11.5,0.0,61.6,12.6
2037-02-17,14.0,0.0,55.4,14.4
2037-02-18,13.3,0.0,47.9,14.4
2037-02-19,11.6,0.0,53.8,12.9
2037-02-20,11.7,0.0,60.3,15.2
2037-02-21,13.6,0.0,53.4,13.1
2037-02-22,13.9,0.0,55.8,13.8
2037-02-23,14.9,0.0,60.0,13.8
2037-02-24,17.0,0.0,41.6,12.1
2037-02-25,19.6,0.0,57.1,12.1
2037-02-26,18.9,0.0,60.7,13.0
2037-02-27,16.9,0.0,50.5,14.0
2037-02-28,17.6,0.0,59.9,13.6
2037-03-01,19.1,0.0,55.0,12.4
2037-03-02,16.4,0.0,46.9,14.4
2037-03-03,15.5,11.2,62.4,14.1
2037-03-04,15.1,0.0,56.0,16.4
2037-03-05,16.0,0.0,56.0,12.0
2037-03-06,15.6,0.0,59.9,13.3
2037-03-07,18.2,1.0,52.6,17.4
2037-03-08,15.8,0.0,61.3,12.3
2037-03-09,14.0,0.0,53.2,13.1
2037-03-10,15.1,3.3,66.5,12.9
2037-03-11,16.4,0.0,64.1,12.8
2037-03-12,14.9,0.0,66.5,13.3
2037-03-13,15.4,0.0,61.4,14.1
2037-03-14,16.4,1.9,57.8,23.5
2037-03-15,17.2,3.0,56.9,11.9
2037-03-16,19.0,0.0,56.2,11.7
2037-03-17,18.9,0.0,59.6,13.9
2037-03-18,23.1,0.0,57.3,11.5
2037-03-19,24.6,0.0,62.7,11.9
2037-03-20,23.2,0.0,57.4,12.0
2037-03-21,24.0,0.0,58.6,15.4
2037-03-22,24.8,0.0,60.2,15.8
2037-03-23,27.6,0.0,58.5,10.7
2037-03-24,26.3,0.0,61.0,10.7
2037-03-25,28.1,0.0,65.9,12.2
2037-03-26,28.1,0.0,58.9,14.4
2037-03-27,31.1,0.0,57.6,12.2
2037-03-28,33.1,0.0,63.1,15.4
2037-03-29,32.6,0.0,58.6,11.0
2037-03-30,31.4,8.4,73.4,11.5
2037-03-31,32.0,0.0,61.4,12.2
2037-04-01,31.2,0.0,65.4,11.2
2037-04-02,34.3,0.0,67.7,16.0
2037-04-03,33.6,11.8,62.4,11.1
2037-04-04,32.2,0.0,61.8,12.1
2037-04-05,31.0,0.0,63.2,10.8
2037-04-06,28.6,0.0,70.5,10.8
2037-04-07,30.3,5.9,77.5,10.3
2037-04-08,28.9,0.0,76.4,13.2
2037-04-09,31.7,0.0,73.8,12.6
2037-04-10,29.2,0.0,61.5,12.7
2037-04-11,30.1,2.1,64.1,10.5
2037-04-12,33.0,0.0,75.2,10.7
2037-04-13,28.7,0.0,76.1,12.0
2037-04-14,33.7,0.0,72.7,9.8
2037-04-15,32.8,0.0,73.0,10.6
2037-04-16,33.3,3.2,67.9,11.8
2037-04-17,34.6,1.9,78.5,9.9
2037-04-18,36.0,0.0,66.1,15.9
2037-04-19,36.3,0.0,61.9,11.4
2037-04-20,38.0,6.3,75.7,10.4
2037-04-21,38.5,0.0,67.5,9.9
2037-04-22,41.4,0.0,64.1,11.6
2037-04-23,41.3,0.0,75.2,9.5
2037-04-24,44.2,0.0,61.9,11.5
2037-04-25,44.4,0.0,73.5,9.0
2037-04-26,39.2,0.0,69.2,10.0
2037-04-27,43.9,0.0,79.6,11.8
2037-04-28,41.4,0.0,74.1,9.1
2037-04-29,43.5,0.0,77.4,9.0
2037-04-30,42.4,0.0,66.8,9.9
2037-05-01,43.5,4.4,65.0,10.0
2037-05-02,41.0,0.0,70.7,11.9
2037-05-03,41.7,0.0,75.7,10.9
2037-05-04,40.5,0.0,73.2,9.3
2037-05-05,43.2,0.0,78.7,9.2
2037-05-06,43.2,2.7,76.5,10.9
2037-05-07,44.2,0.0,68.0,8.1
2037-05-08,38.9,0.0,75.7,8.3
2037-05-09,38.8,0.0,74.4,8.6
2037-05-10,39.7,0.0,80.0,7.7
2037-05-11,40.2,0.0,69.2,11.2
2037-05-12,42.0,0.0,70.6,7.7
2037-05-13,40.9,0.0,76.0,9.9
2037-05-14,40.8,0.0,81.2,8.3
2037-05-15,43.1,0.0,73.2,8.5
2037-05-16,38.0,0.0,77.3,12.5
2037-05-17,39.7,0.0,74.6,8.2
2037-05-18,39.3,0.0,74.3,8.0
2037-05-19,37.8,0.0,80.3,8.2
2037-05-20,39.1,0.0,75.2,8.1
2037-05-21,42.0,0.0,72.5,8.5
2037-05-22,44.0,0.0,72.2,7.9
2037-05-23,43.2,0.0,73.3,11.4
2037-05-24,44.6,0.0,71.4,8.1
2037-05-25,45.8,0.0,73.7,7.2
2037-05-26,44.8,0.0,75.2,6.7
2037-05-27,42.9,2.3,76.9,6.8
2037-05-28,41.4,0.0,70.0,9.4
2037-05-29,43.3,0.0,72.9,8.9
2037-05-30,43.0,1.3,73.5,8.3
2037-05-31,40.8,0.0,71.2,9.3
2037-06-01,37.7,0.0,72.1,9.2
2037-06-02,40.3,0.0,79.5,8.6
2037-06-03,39.7,0.0,81.8,6.2
2037-06-04,41.0,2.4,74.0,6.1
2037-06-05,43.8,3.6,72.3,7.3
2037-06-06,41.0,1.6,74.9,9.9
2037-06-07,41.2,44.6,86.4,7.2
2037-06-08,41.2,10.0,80.8,7.3
2037-06-09,42.3,0.0,72.8,8.5
2037-06-10,44.9,5.4,73.4,5.5
2037-06-11,41.9,0.0,86.9,7.1
2037-06-12,43.2,0.0,68.1,6.8
2037-06-13,45.3,0.0,79.0,7.1
2037-06-14,44.4,0.0,81.9,11.5
2037-06-15,43.9,2.4,73.7,6.4
2037-06-16,44.6,0.0,76.5,8.2
2037-06-17,44.9,13.1,69.1,6.4
2037-06-18,45.7,6.5,75.8,5.9
2037-06-19,46.3,0.0,79.8,6.5
2037-06-20,43.7,0.8,74.6,9.5
2037-06-21,45.5,9.9,76.4,8.6
2037-06-22,47.4,0.0,82.3,6.2
2037-06-23,46.8,0.0,77.6,5.4
2037-06-24,43.1,0.6,77.0,8.3
2037-06-25,42.8,17.5,73.5,8.1
2037-06-26,43.2,4.3,61.9,6.4
2037-06-27,40.8,0.0,74.8,5.2
2037-06-28,40.5,0.0,72.8,8.3
2037-06-29,38.1,65.5,92.8,19.8
2037-06-30,40.2,0.0,73.1,6.5
2037-07-01,41.0,0.0,72.5,10.2
2037-07-02,38.0,0.0,72.2,6.5
2037-07-03,39.5,0.0,66.4,7.9
2037-07-04,40.0,0.0,62.5,9.3
2037-07-05,41.4,0.0,67.1,5.6
2037-07-06,40.8,0.0,65.8,5.1
2037-07-07,39.4,110.0,98.4,19.1
2037-07-08,38.3,5.8,64.2,11.9
2037-07-09,37.9,2.7,69.0,6.0
2037-07-10,38.7,0.0,80.1,5.0
2037-07-11,39.5,1.2,70.2,5.1
2037-07-12,39.5,0.0,70.3,5.6
2037-07-13,39.0,37.7,79.3,5.9
2037-07-14,38.7,0.0,70.7,7.2
2037-07-15,44.2,14.6,70.4,6.7
2037-07-16,41.9,0.0,68.3,9.3
2037-07-17,40.5,11.7,69.1,6.0
2037-07-18,47.1,0.0,61.2,6.9
2037-07-19,46.6,0.0,74.2,9.6
2037-07-20,42.5,11.1,66.5,6.2
2037-07-21,43.7,0.0,75.8,4.2
2037-07-22,41.1,0.0,63.8,5.6
2037-07-23,42.6,0.0,60.5,5.8
2037-07-24,41.5,0.0,76.7,4.8
2037-07-25,40.2,0.0,59.4,4.4
2037-07-26,43.2,0.0,55.2,4.5
2037-07-27,43.4,0.0,59.0,9.6
2037-07-28,44.4,0.0,65.2,7.1
2037-07-29,44.1,0.0,58.9,4.4
2037-07-30,42.0,14.9,66.2,5.3
2037-07-31,42.4,153.2,84.9,15.0
2037-08-01,43.9,0.0,70.2,5.5
2037-08-02,42.9,0.0,66.5,4.3
2037-08-03,45.4,0.0,57.8,8.6
2037-08-04,45.4,0.0,52.2,10.0
2037-08-05,44.1,0.0,59.0,10.2
2037-08-06,43.1,7.1,68.2,4.7
2037-08-07,42.0,0.0,68.3,4.4
2037-08-08,38.4,10.5,64.0,5.4
2037-08-09,37.7,0.0,59.7,5.4
2037-08-10,37.7,0.0,59.0,4.9
2037-08-11,36.4,8.5,65.2,5.6
2037-08-12,36.8,0.0,65.7,4.4
2037-08-13,36.5,0.0,60.2,4.7
2037-08-14,37.6,13.9,62.2,6.3
2037-08-15,38.3,0.0,64.2,6.3
2037-08-16,37.8,0.0,67.4,8.1
2037-08-17,34.2,0.0,58.2,4.3
2037-08-18,37.7,45.6,71.1,6.1
2037-08-19,36.5,36.7,64.4,7.2
2037-08-20,35.6,0.0,59.0,10.0
2037-08-21,34.4,1.3,54.0,5.4
2037-08-22,33.0,12.1,68.1,5.8
2037-08-23,35.9,0.0,62.0,5.5
2037-08-24,37.9,0.0,65.9,6.1
2037-08-25,37.5,0.0,54.1,8.5
2037-08-26,36.0,0.0,66.9,8.0
2037-08-27,36.2,0.5,57.6,5.2
2037-08-28,35.3,6.3,56.8,6.0
2037-08-29,33.9,0.0,61.8,5.6
2037-08-30,33.8,4.5,51.2,5.6
2037-08-31,32.1,6.1,56.5,7.3
2037-09-01,32.1,0.0,53.7,5.8
2037-09-02,31.9,16.2,60.3,7.4
2037-09-03,32.5,0.0,51.6,5.9
2037-09-04,30.5,0.0,50.8,5.7
2037-09-05,31.5,0.0,51.2,6.3
2037-09-06,28.9,5.1,52.6,13.3
2037-09-07,27.5,30.9,60.5,5.5
2037-09-08,26.4,0.0,58.5,5.7
2037-09-09,24.4,0.0,41.0,5.1
2037-09-10,26.9,0.0,55.2,5.9
2037-09-11,24.9,8.7,50.9,5.2
2037-09-12,23.7,0.0,49.8,5.2
2037-09-13,26.6,28.9,52.2,7.4
2037-09-14,25.3,6.1,51.8,8.2
2037-09-15,24.9,5.8,49.2,11.8
2037-09-16,22.8,26.6,54.9,5.9
2037-09-17,24.8,12.8,55.2,5.9
2037-09-18,26.4,0.4,52.0,9.6
2037-09-19,27.4,0.0,55.5,7.2
2037-09-20,27.7,0.0,45.1,6.1
2037-09-21,27.0,5.2,52.5,8.7
2037-09-22,25.1,46.0,62.1,7.2
2037-09-23,23.0,0.0,47.6,7.2
2037-09-24,25.5,1.4,55.6,11.0
2037-09-25,26.3,18.1,47.8,8.2
2037-09-26,24.0,0.0,46.9,8.3
2037-09-27,23.6,0.0,47.4,9.0
2037-09-28,22.5,0.0,39.6,7.5
2037-09-29,19.9,95.7,75.5,28.8
2037-09-30,20.4,35.0,53.2,11.6
2037-10-01,19.5,0.0,46.9,7.7
2037-10-02,17.7,0.0,52.3,8.4
2037-10-03,15.1,0.0,45.2,6.9
2037-10-04,12.9,0.0,44.0,7.1
2037-10-05,13.3,10.3,46.4,7.7
2037-10-06,14.3,0.0,38.2,7.8
2037-10-07,13.4,3.9,42.0,6.7
2037-10-08,15.6,0.0,41.9,12.3
2037-10-09,15.9,0.0,42.9,9.8
2037-10-10,17.4,0.0,49.1,8.7
2037-10-11,17.0,0.0,46.5,7.4
2037-10-12,15.5,0.0,38.7,9.0
2037-10-13,16.0,5.5,42.6,8.1
2037-10-14,13.5,0.0,48.1,9.6
2037-10-15,15.2,0.0,32.3,7.4
2037-10-16,13.4,0.0,39.5,11.5
2037-10-17,15.7,0.0,33.9,8.5
2037-10-18,15.0,0.0,52.4,11.4
2037-10-19,17.1,0.0,43.8,16.5
2037-10-20,14.5,2.9,38.0,8.0
2037-10-21,13.1,0.0,39.3,8.8
2037-10-22,14.1,0.0,35.2,7.9
2037-10-23,16.5,0.0,49.0,8.4
2037-10-24,19.3,0.0,27.4,9.6
2037-10-25,18.3,0.0,40.3,8.0
2037-10-26,21.0,0.0,38.1,12.9
2037-10-27,18.8,0.0,33.1,8.9
2037-10-28,19.8,0.0,36.8,10.5
2037-10-29,16.5,0.0,29.8,13.5
2037-10-30,16.6,0.0,45.6,8.4
2037-10-31,11.0,0.0,37.7,10.9
2037-11-01,9.0,0.0,42.0,11.5
2037-11-02,10.5,0.0,34.8,8.6
2037-11-03,8.1,0.0,43.8,8.8
2037-11-04,9.6,2.3,37.7,10.4
2037-11-05,11.7,0.0,42.2,13.6
2037-11-06,10.6,0.0,39.5,12.2
2037-11-07,8.7,0.0,36.3,9.3
2037-11-08,8.1,4.5,42.5,11.9
2037-11-09,6.7,0.0,57.2,14.0
2037-11-10,7.2,0.0,30.5,9.7
2037-11-11,8.0,0.0,35.4,9.9
2037-11-12,7.7,0.0,29.5,9.1
2037-11-13,11.5,0.0,37.9,9.6
2037-11-14,9.7,0.0,36.9,10.9
2037-11-15,12.4,0.0,45.4,10.0
2037-11-16,9.7,3.0,35.0,9.4
2037-11-17,9.7,0.0,40.2,10.1
2037-11-18,11.9,0.0,25.0,16.9
2037-11-19,13.6,0.0,36.1,14.6
2037-11-20,11.8,0.0,30.9,11.9
2037-11-21,12.2,3.8,39.1,11.8
2037-11-22,12.3,0.0,40.9,14.6
2037-11-23,10.4,0.0,32.1,12.1
2037-11-24,11.2,0.0,37.8,11.6
2037-11-25,14.3,1.5,33.7,12.6
2037-11-26,14.0,0.0,35.3,10.6
2037-11-27,13.9,0.0,37.1,11.8
2037-11-28,14.0,0.0,30.0,12.1
2037-11-29,9.8,0.0,30.0,11.4
2037-11-30,10.3,0.0,39.3,12.0
2037-12-01,7.7,0.0,31.6,11.3
2037-12-02,6.5,0.7,41.6,10.7
2037-12-03,11.0,0.0,26.2,11.2
2037-12-04,9.7,0.0,39.7,12.4
2037-12-05,7.8,0.0,35.1,12.2
2037-12-06,10.0,0.0,34.6,12.5
2037-12-07,7.5,0.0,35.9,11.8
2037-12-08,6.5,0.0,28.0,10.7
2037-12-09,9.1,0.0,40.9,13.2
2037-12-10,8.8,2.9,33.9,12.2
2037-12-11,5.3,0.0,31.2,13.3
2037-12-12,6.7,0.0,46.3,12.7
2037-12-13,6.0,0.0,33.8,11.8
2037-12-14,9.3,0.0,31.3,12.6
2037-12-15,7.6,0.0,39.7,19.2
2037-12-16,9.6,0.0,37.1,14.9
2037-12-17,12.6,0.0,40.9,13.2
2037-12-18,9.8,0.0,36.4,21.7
2037-12-19,8.8,0.0,40.9,11.9
2037-12-20,9.2,0.0,46.5,12.4
2037-12-21,7.1,0.0,32.5,13.0
2037-12-22,7.6,0.0,34.2,11.8
2037-12-23,7.1,0.0,28.6,18.3
2037-12-24,6.6,0.0,38.6,18.8
2037-12-25,6.8,0.0,37.5,14.4
2037-12-26,7.0,0.0,43.3,11.5
2037-12-27,7.4,0.9,37.2,11.7
2037-12-28,6.2,0.0,36.9,13.8
2037-12-29,5.3,0.0,38.5,16.8
2037-12-30,5.5,0.0,36.5,12.7
2037-12-31,5.8,0.0,39.7,14.1
2038-01-01,5.3,0.0,39.1,16.4
2038-01-02,6.5,0.0,40.9,12.4
2038-01-03,3.1,0.0,37.2,16.1
2038-01-04,2.6,0.0,41.3,13.0
2038-01-05,3.1,0.0,41.9,13.2
2038-01-06,2.4,0.0,37.3,14.0
2038-01-07,6.8,4.9,40.0,12.3
2038-01-08,7.2,0.0,38.5,14.5
2038-01-09,7.8,0.0,33.5,12.7
2038-01-10,7.0,0.0,37.4,12.5
2038-01-11,7.3,0.0,43.9,13.1
2038-01-12,5.2,0.0,44.5,12.3
2038-01-13,5.6,7.8,44.2,12.5
2038-01-14,4.5,0.0,35.7,15.4
2038-01-15,4.9,0.0,45.9,14.5
2038-01-16,0.7,13.4,53.9,13.5
2038-01-17,0.2,8.7,46.6,12.6
2038-01-18,5.1,0.0,41.8,14.9
2038-01-19,7.7,0.0,37.7,16.3
2038-01-20,10.8,2.8,42.9,23.1
2038-01-21,13.5,0.0,40.1,16.7
2038-01-22,14.3,7.4,43.7,13.2
2038-01-23,12.7,0.0,49.6,12.5
2038-01-24,10.2,0.0,47.8,13.7
2038-01-25,12.7,0.0,42.0,16.4
2038-01-26,12.6,0.0,44.4,13.2
2038-01-27,17.3,0.0,44.2,12.3
2038-01-28,15.5,0.0,42.4,14.6
2038-01-29,18.7,0.0,38.1,13.3
2038-01-30,17.1,1.4,49.6,12.7
2038-01-31,18.8,0.0,51.3,16.8
2038-02-01,21.0,0.0,42.7,12.7
2038-02-02,17.3,0.0,42.8,13.2
2038-02-03,15.5,0.0,50.9,13.0
2038-02-04,13.0,0.0,43.3,12.3
2038-02-05,10.6,0.0,40.0,13.5
2038-02-06,12.6,0.0,45.1,12.2
2038-02-07,12.5,0.0,54.4,12.5
2038-02-08,12.9,9.8,47.8,12.6
2038-02-09,14.4,0.0,45.0,12.3
2038-02-10,10.7,0.0,46.2,14.4
2038-02-11,14.2,0.0,43.1,13.9
2038-02-12,13.7,0.0,42.6,14.6
2038-02-13,15.1,0.0,48.2,15.6
2038-02-14,16.5,0.0,42.9,15.8
2038-02-15,19.2,0.0,48.2,16.1
2038-02-16,18.4,0.0,51.9,13.6
2038-02-17,13.8,0.0,52.8,13.5
2038-02-18,14.5,2.6,51.2,14.5
2038-02-19,15.5,0.0,45.6,16.4
2038-02-20,13.8,4.7,51.0,13.4
2038-02-21,14.9,0.0,54.0,13.1
2038-02-22,14.8,0.0,55.7,13.9
2038-02-23,12.8,23.6,57.5,13.4
2038-02-24,15.3,0.0,49.8,11.8
2038-02-25,14.9,0.0,54.0,13.1
2038-02-26,15.0,0.0,52.2,13.4
2038-02-27,14.9,0.5,49.3,14.0
2038-02-28,18.4,0.0,56.2,14.0
2038-03-01,18.6,5.9,56.6,13.5
2038-03-02,19.1,0.0,49.8,14.8
2038-03-03,18.6,0.0,52.5,18.2
2038-03-04,20.0,0.0,55.1,13.0
2038-03-05,22.9,0.0,48.8,13.8
2038-03-06,24.0,0.6,53.2,16.4
2038-03-07,24.9,6.4,61.8,12.9
2038-03-08,25.6,0.0,55.0,13.1
2038-03-09,22.2,0.0,53.8,11.4
2038-03-10,20.6,0.8,63.7,12.5
2038-03-11,20.7,0.0,60.2,13.3
2038-03-12,19.8,0.0,62.2,13.2
2038-03-13,18.5,6.1,56.7,12.7
2038-03-14,15.8,0.0,58.0,12.2
2038-03-15,14.8,0.0,59.7,13.1
2038-03-16,16.3,0.0,61.2,15.4
2038-03-17,17.9,0.0,71.9,12.1
2038-03-18,17.8,0.0,61.2,11.4
2038-03-19,19.5,0.0,66.5,15.0
2038-03-20,19.9,0.0,72.9,13.0
2038-03-21,23.4,0.0,70.3,11.1
2038-03-22,23.7,0.0,62.9,13.5
2038-03-23,25.7,0.4,68.2,13.9
2038-03-24,26.4,0.0,63.4,10.9
2038-03-25,23.8,0.0,62.8,13.1
2038-03-26,24.4,0.0,67.5,14.2
2038-03-27,22.7,0.0,68.1,11.0
2038-03-28,23.6,0.0,66.5,11.4
2038-03-29,23.1,0.0,63.4,14.5
2038-03-30,25.1,0.0,62.2,13.8
2038-03-31,23.2,0.0,58.8,11.5
2038-04-01,24.5,0.0,66.0,12.8
2038-04-02,26.8,0.0,66.7,11.2
2038-04-03,29.3,0.0,69.9,14.3
2038-04-04,28.0,0.0,58.8,10.3
2038-04-05,28.6,0.0,66.9,10.2
2038-04-06,29.5,0.0,65.6,11.9
2038-04-07,32.9,0.0,66.6,11.5
2038-04-08,29.7,0.0,73.4,20.8
2038-04-09,28.3,9.5,76.2,12.1
2038-04-10,34.7,0.0,72.8,10.1
2038-04-11,33.7,0.0,68.4,10.5
2038-04-12,29.8,0.0,67.3,10.2
2038-04-13,29.3,0.0,74.5,10.0
2038-04-14,24.6,0.0,77.3,11.4
2038-04-15,26.9,0.0,77.0,10.6
2038-04-16,29.9,0.0,71.7,10.2
2038-04-17,28.9,0.0,69.7,14.4
2038-04-18,29.1,0.0,73.2,10.9
2038-04-19,32.1,0.0,73.7,8.9
2038-04-20,29.1,0.0,68.2,12.9
2038-04-21,27.7,0.0,69.4,17.6
2038-04-22,28.8,2.0,86.3,9.3
2038-04-23,28.7,0.0,68.8,13.2
2038-04-24,29.6,1.1,75.6,9.0
2038-04-25,28.4,0.0,68.7,8.6
2038-04-26,30.4,0.0,70.8,9.0
2038-04-27,31.4,0.0,67.0,9.9
2038-04-28,33.6,0.0,67.2,11.3
2038-04-29,34.7,0.0,75.1,9.0
2038-04-30,35.7,0.0,74.7,9.0
2038-05-01,33.2,21.2,86.8,9.8
2038-05-02,35.1,0.0,72.6,9.4
2038-05-03,35.0,0.0,73.5,13.9
2038-05-04,35.3,5.9,74.1,10.3
2038-05-05,38.1,0.0,68.1,9.3
2038-05-06,36.7,0.0,76.1,12.5
2038-05-07,39.9,0.0,72.4,9.1
2038-05-08,42.6,0.0,66.2,12.3
2038-05-09,43.4,0.0,79.1,11.2
2038-05-10,40.7,0.0,70.8,10.8
2038-05-11,36.1,0.0,75.5,8.0
2038-05-12,39.0,0.0,75.7,8.8
2038-05-13,39.4,0.0,75.1,9.2
2038-05-14,38.1,0.0,69.1,8.4
2038-05-15,40.9,0.0,81.2,8.8
2038-05-16,39.1,0.0,70.7,9.3
2038-05-17,38.6,0.0,62.1,7.1
2038-05-18,40.1,0.0,78.7,8.6
2038-05-19,38.0,0.0,78.6,11.3
2038-05-20,38.4,0.0,68.7,11.7
2038-05-21,41.2,0.0,74.7,6.9
2038-05-22,41.6,0.0,80.1,11.6
2038-05-23,44.1,0.0,81.9,7.1
2038-05-24,45.9,0.0,77.9,9.6
2038-05-25,45.1,0.0,79.0,8.7
2038-05-26,39.7,0.0,78.5,13.7
2038-05-27,38.0,0.0,74.3,6.7
2038-05-28,40.3,0.0,69.5,18.0
2038-05-29,37.6,0.0,73.7,9.6
2038-05-30,37.9,0.0,80.6,8.6
2038-05-31,39.4,0.0,80.6,6.9
2038-06-01,43.0,13.1,79.3,6.8
2038-06-02,41.7,12.0,76.3,10.6
2038-06-03,40.6,0.0,83.7,8.3
2038-06-04,40.9,0.0,75.6,6.0
2038-06-05,42.0,0.0,78.1,7.4
2038-06-06,41.8,0.0,68.9,10.8
2038-06-07,44.1,6.8,76.3,6.0
2038-06-08,42.3,0.0,80.3,8.7
2038-06-09,42.6,0.0,67.9,8.4
2038-06-10,43.6,0.0,74.5,9.8
2038-06-11,42.7,0.0,76.7,7.4
2038-06-12,44.4,0.0,81.7,6.3
2038-06-13,44.4,40.3,89.5,9.4
2038-06-14,45.7,82.4,100.0,19.5
2038-06-15,45.6,0.0,78.5,6.0
2038-06-16,45.8,24.7,84.9,7.3
2038-06-17,44.0,0.0,69.4,10.5
2038-06-18,42.6,23.2,75.0,5.2
2038-06-19,45.1,0.0,82.4,6.5
2038-06-20,46.0,0.0,71.6,7.0
2038-06-21,43.3,0.0,71.0,8.5
2038-06-22,43.6,0.0,62.1,6.1
2038-06-23,38.7,0.0,78.8,5.9
2038-06-24,38.4,0.0,67.8,5.8
2038-06-25,41.2,0.0,69.1,6.1
2038-06-26,41.3,0.0,78.5,8.0
2038-06-27,41.8,0.0,61.9,5.9
2038-06-28,36.0,0.0,79.6,5.8
2038-06-29,36.5,26.3,75.0,5.1
2038-06-30,38.4,0.8,71.9,5.4
2038-07-01,40.1,0.0,68.4,7.0
2038-07-02,42.5,4.8,66.6,7.0
2038-07-03,42.1,0.0,68.1,6.2
2038-07-04,41.8,6.9,69.3,6.2
2038-07-05,39.2,35.6,74.3,5.1
2038-07-06,39.3,0.0,79.0,7.5
2038-07-07,37.3,21.5,71.7,5.8
2038-07-08,34.5,0.0,61.5,6.7
2038-07-09,33.8,0.0,60.4,9.0
2038-07-10,38.4,0.0,72.7,7.3
2038-07-11,38.4,5.7,63.0,6.5
2038-07-12,39.4,4.8,70.4,6.0
2038-07-13,38.8,0.0,79.7,5.3
2038-07-14,35.6,33.4,78.8,5.3
2038-07-15,38.6,0.0,71.0,5.1
2038-07-16,34.7,0.0,66.5,8.4
2038-07-17,34.7,20.5,73.9,4.9
2038-07-18,35.8,0.0,67.5,5.4
2038-07-19,37.1,0.0,69.9,6.0
2038-07-20,36.3,0.0,76.4,10.9
2038-07-21,33.3,1.1,66.0,4.5
2038-07-22,33.0,0.0,63.6,4.6
2038-07-23,32.8,63.2,82.7,21.7
2038-07-24,32.6,0.0,71.8,6.8
2038-07-25,35.8,0.0,65.1,6.2
2038-07-26,34.0,0.0,67.8,7.4
2038-07-27,35.6,0.0,68.7,4.8
2038-07-28,36.5,0.0,76.7,7.5
2038-07-29,38.8,0.0,70.2,6.7
2038-07-30,38.4,3.0,61.7,5.3
2038-07-31,39.9,0.0,54.1,5.8
2038-08-01,39.1,28.6,72.6,4.7
2038-08-02,39.7,0.0,60.9,7.3
2038-08-03,36.2,10.9,64.4,4.5
2038-08-04,31.1,9.7,61.3,4.6
2038-08-05,33.0,0.0,61.0,5.2
2038-08-06,34.6,22.6,66.2,4.1
2038-08-07,35.9,0.0,62.3,6.0
2038-08-08,34.9,6.6,60.8,6.4
2038-08-09,38.1,27.0,65.4,8.7
2038-08-10,36.6,0.0,64.6,5.5
2038-08-11,37.2,0.0,61.6,6.2
2038-08-12,38.0,0.0,61.3,5.9
2038-08-13,40.8,2.1,61.2,7.9
2038-08-14,38.9,34.8,64.8,10.5
2038-08-15,36.7,48.6,79.6,6.3
2038-08-16,33.2,8.5,72.2,5.6
2038-08-17,36.4,0.0,65.8,6.4
2038-08-18,36.7,23.1,56.2,6.0
2038-08-19,36.9,0.0,55.6,4.7
2038-08-20,42.3,0.0,62.1,5.4
2038-08-21,41.1,10.9,57.2,6.9
2038-08-22,36.7,0.0,54.4,7.8
2038-08-23,35.4,23.3,56.6,11.7
2038-08-24,32.7,0.0,55.4,4.7
2038-08-25,31.7,0.3,52.8,7.0
2038-08-26,30.8,0.0,44.6,4.8
2038-08-27,29.7,12.5,65.1,10.2
2038-08-28,27.1,3.2,58.7,6.1
2038-08-29,30.9,9.0,51.1,7.6
2038-08-30,31.3,7.2,61.3,4.7
2038-08-31,30.6,0.0,55.5,7.0
2038-09-01,31.9,4.5,61.4,9.4
2038-09-02,32.3,0.0,57.8,8.6
2038-09-03,32.1,0.0,49.9,6.8
2038-09-04,32.8,2.0,57.3,5.5
2038-09-05,32.2,6.9,58.4,7.6
2038-09-06,32.6,46.3,69.6,7.1
2038-09-07,33.2,0.0,57.4,9.4
2038-09-08,32.3,6.9,64.2,5.6
2038-09-09,30.8,0.0,56.5,7.5
2038-09-10,33.1,1.9,48.0,8.1
2038-09-11,30.8,12.6,55.1,5.2
2038-09-12,30.6,40.4,55.6,6.2
2038-09-13,30.5,0.0,56.4,8.1
2038-09-14,28.3,0.0,45.8,6.1
2038-09-15,26.0,0.0,60.9,9.9
2038-09-16,25.1,6.8,49.6,10.2
2038-09-17,24.0,5.4,50.2,6.8
2038-09-18,21.1,0.0,46.4,5.4
2038-09-19,20.4,0.0,44.8,7.0
2038-09-20,21.6,0.0,45.4,6.7
2038-09-21,24.4,26.1,55.5,12.0
2038-09-22,25.3,0.0,47.5,6.5
2038-09-23,19.5,25.7,51.4,7.0
2038-09-24,21.4,0.0,48.3,7.1
2038-09-25,20.4,10.9,46.5,7.2
2038-09-26,21.6,0.0,46.2,6.4
2038-09-27,21.5,20.6,59.9,6.1
2038-09-28,21.1,0.0,42.7,6.9
2038-09-29,20.8,0.0,43.8,8.2
2038-09-30,20.7,0.0,39.2,10.0
2038-10-01,23.3,0.0,43.0,7.4
2038-10-02,22.6,0.0,46.3,7.8
2038-10-03,24.2,0.0,41.5,7.1
2038-10-04,25.1,0.0,38.1,8.8
2038-10-05,25.2,0.0,45.3,8.6
2038-10-06,20.4,0.0,45.6,11.1
2038-10-07,22.2,0.0,46.0,8.6
2038-10-08,20.5,0.0,36.5,10.0
2038-10-09,21.4,0.0,49.3,8.0
2038-10-10,18.7,0.0,39.7,7.0
2038-10-11,16.1,0.0,36.9,7.9
2038-10-12,20.2,0.0,46.8,14.3
2038-10-13,17.6,0.0,48.1,10.7
2038-10-14,19.7,0.0,39.6,9.0
2038-10-15,19.2,0.0,36.7,8.6
2038-10-16,17.7,0.0,42.9,7.8
2038-10-17,17.2,0.0,33.7,9.2
2038-10-18,14.3,0.0,52.9,12.0
2038-10-19,14.4,0.0,34.8,9.0
2038-10-20,12.3,3.8,42.4,12.1
2038-10-21,12.0,0.0,38.7,16.4
2038-10-22,14.3,11.2,37.5,8.5
2038-10-23,14.8,0.0,34.4,8.6
2038-10-24,11.7,0.0,44.5,8.2
2038-10-25,13.8,7.5,42.4,8.8
2038-10-26,13.7,0.0,35.0,8.7
2038-10-27,12.5,0.0,35.5,8.9
2038-10-28,14.1,0.0,34.0,8.1
2038-10-29,13.5,2.5,43.0,9.3
2038-10-30,10.9,0.0,42.3,12.8
2038-10-31,14.9,0.0,40.2,10.6
2038-11-01,14.3,0.0,38.7,9.4
2038-11-02,13.6,0.0,40.4,10.9
2038-11-03,12.4,0.0,28.8,11.4
2038-11-04,14.6,0.0,38.3,9.6
2038-11-05,12.9,7.4,44.0,11.4
2038-11-06,9.4,8.1,39.8,8.5
2038-11-07,8.3,0.0,36.8,14.4
2038-11-08,11.4,0.0,33.2,10.8
2038-11-09,12.9,0.0,33.4,12.1
2038-11-10,11.9,0.0,33.5,12.4
2038-11-11,14.3,0.0,37.1,20.3
2038-11-12,14.9,0.0,33.5,18.1
2038-11-13,13.3,0.0,26.7,10.3
2038-11-14,12.2,0.0,39.7,11.7
2038-11-15,12.3,0.0,38.3,13.2
2038-11-16,10.1,4.2,38.4,12.2
2038-11-17,9.9,0.0,30.8,9.6
2038-11-18,10.3,0.0,32.9,11.2
2038-11-19,6.6,0.0,37.9,15.0
2038-11-20,6.7,8.9,37.6,10.7
2038-11-21,6.4,0.0,31.7,11.3
2038-11-22,8.9,0.0,41.7,10.7
2038-11-23,5.1,0.0,30.9,12.2
2038-11-24,5.0,0.0,20.2,12.8
2038-11-25,4.6,0.0,35.5,10.2
2038-11-26,7.2,0.0,35.7,12.3
2038-11-27,7.3,0.0,35.3,10.5
2038-11-28,11.0,0.0,37.0,10.3
2038-11-29,11.6,0.0,32.2,14.4
2038-11-30,10.0,0.0,40.1,13.5
2038-12-01,10.0,0.0,28.2,11.1
2038-12-02,8.8,6.3,36.5,14.4
2038-12-03,10.2,7.5,33.8,10.4
2038-12-04,7.0,3.7,41.0,11.0
2038-12-05,5.4,0.0,31.1,11.2
2038-12-06,6.7,0.0,35.5,12.5
2038-12-07,9.2,0.0,35.6,18.8
2038-12-08,4.4,0.0,36.2,10.9
2038-12-09,7.7,0.0,31.6,11.2
2038-12-10,7.3,0.0,37.1,14.2
2038-12-11,3.4,3.4,36.4,12.4
2038-12-12,-1.9,0.0,37.2,13.7
2038-12-13,-3.1,0.0,43.4,13.1
2038-12-14,-1.2,0.0,36.2,13.5
2038-12-15,0.3,0.0,30.7,11.0
2038-12-16,2.9,0.0,45.6,12.5
2038-12-17,2.6,0.0,40.8,16.1
2038-12-18,1.3,1.5,39.6,19.3
2038-12-19,1.6,0.0,35.2,13.8
2038-12-20,2.7,0.0,39.9,19.1
2038-12-21,4.1,0.0,26.0,13.7
2038-12-22,3.1,0.0,44.2,13.7
2038-12-23,5.7,0.0,41.1,14.0
2038-12-24,4.7,0.0,35.8,12.1
2038-12-25,3.5,2.1,41.7,12.3
2038-12-26,3.1,0.0,40.1,12.1
2038-12-27,6.1,0.0,32.1,12.2
2038-12-28,6.1,0.0,38.2,11.8
2038-12-29,5.0,0.0,39.4,13.8
2038-12-30,7.3,0.0,37.0,12.3
2038-12-31,11.7,0.0,36.7,13.0
2039-01-01,11.3,0.0,42.5,13.7
2039-01-02,13.0,6.0,40.6,16.7
2039-01-03,14.1,0.0,47.8,12.1
2039-01-04,11.6,0.0,35.3,14.7
2039-01-05,11.0,0.0,40.8,13.3
2039-01-06,7.8,0.0,34.4,12.4
2039-01-07,7.5,0.0,42.6,13.3
2039-01-08,6.4,0.0,33.8,15.3
2039-01-09,6.0,0.0,41.1,15.3
2039-01-10,5.1,0.0,45.7,12.5
2039-01-11,5.2,0.0,40.3,13.6
2039-01-12,7.0,0.0,35.3,13.6
2039-01-13,7.2,0.0,45.3,12.2
2039-01-14,3.9,0.0,42.6,13.1
2039-01-15,3.5,0.0,40.6,13.4
2039-01-16,1.6,0.0,36.4,18.9
2039-01-17,3.7,0.0,33.5,14.8
2039-01-18,5.9,0.0,53.0,13.9
2039-01-19,7.3,0.0,39.2,15.0
2039-01-20,6.3,0.0,37.3,13.2
2039-01-21,7.6,0.0,44.1,14.7
2039-01-22,7.2,0.0,37.7,12.5
2039-01-23,5.7,0.0,45.6,12.9
2039-01-24,8.2,0.0,50.1,13.1
2039-01-25,10.4,0.0,38.4,12.2
2039-01-26,12.5,0.0,42.5,15.9
2039-01-27,11.1,0.0,46.4,15.8
2039-01-28,13.6,0.0,38.4,12.7
2039-01-29,12.3,9.6,42.7,12.3
2039-01-30,13.5,0.0,44.5,14.8
2039-01-31,12.3,0.0,55.2,12.8
2039-02-01,11.9,0.0,41.5,15.2
2039-02-02,7.2,17.2,48.9,14.8
2039-02-03,7.8,0.0,58.7,16.4
2039-02-04,9.1,0.0,50.6,13.0
2039-02-05,9.1,0.0,38.5,13.2
2039-02-06,13.6,0.0,46.1,12.8
2039-02-07,11.3,6.2,52.1,12.2
2039-02-08,10.8,7.9,57.1,13.7
2039-02-09,9.7,0.0,55.2,17.1
2039-02-10,9.6,0.0,51.4,13.6
2039-02-11,12.8,0.0,52.5,12.7
2039-02-12,16.2,0.0,42.7,12.8
2039-02-13,14.7,0.0,46.1,13.1
2039-02-14,13.5,0.0,43.4,14.6
2039-02-15,11.7,0.0,55.4,15.5
2039-02-16,15.2,0.0,52.4,12.1
2039-02-17,17.7,0.0,51.4,12.9
2039-02-18,17.4,0.3,59.0,14.0
2039-02-19,14.5,0.0,54.3,15.6
2039-02-20,12.5,0.0,57.6,12.8
2039-02-21,13.9,0.0,56.0,15.9
2039-02-22,15.8,0.0,56.9,14.0
2039-02-23,12.2,0.0,47.7,13.5
2039-02-24,12.8,0.0,58.2,12.7
2039-02-25,17.3,0.0,56.0,14.1
2039-02-26,17.2,0.0,51.9,11.7
2039-02-27,20.7,0.0,57.7,13.2
2039-02-28,21.8,0.0,61.1,14.8
2039-03-01,19.3,0.0,54.5,13.6
2039-03-02,18.9,0.0,51.6,13.4
2039-03-03,19.0,0.0,52.2,12.4
2039-03-04,17.5,0.0,49.1,13.6
2039-03-05,16.3,0.0,55.5,14.8
2039-03-06,20.4,0.0,59.7,13.2
2039-03-07,18.7,0.7,65.9,14.5
2039-03-08,21.6,0.0,53.4,13.2
2039-03-09,20.9,0.0,59.5,13.9
2039-03-10,21.2,0.0,58.2,15.4
2039-03-11,22.7,0.0,58.4,14.9
2039-03-12,21.7,0.0,51.1,18.8
2039-03-13,23.2,0.0,54.0,16.6
2039-03-14,19.3,0.0,68.5,12.0
2039-03-15,21.2,0.0,64.8,12.8
2039-03-16,17.0,0.0,61.5,11.3
2039-03-17,18.1,5.6,64.2,11.3
2039-03-18,21.3,0.0,64.5,11.5
2039-03-19,23.4,0.0,58.9,11.6
2039-03-20,21.3,0.0,59.4,11.0
2039-03-21,19.9,0.0,58.7,12.9
2039-03-22,19.9,0.0,62.9,11.5
2039-03-23,21.7,0.0,56.6,13.3
2039-03-24,18.7,12.0,62.4,11.8
2039-03-25,20.4,0.0,65.6,11.1
2039-03-26,22.5,0.0,61.6,12.7
2039-03-27,23.1,0.0,54.9,20.9
2039-03-28,25.2,16.9,66.3,11.4
2039-03-29,26.3,0.0,67.0,13.9
2039-03-30,25.8,0.0,65.2,10.3
2039-03-31,22.6,0.0,56.4,11.5
2039-04-01,24.3,14.9,74.1,11.7
2039-04-02,23.5,0.4,64.3,14.4
2039-04-03,23.7,0.0,67.5,14.0
2039-04-04,26.0,0.0,71.3,10.9
2039-04-05,29.8,0.0,65.7,14.1
2039-04-06,30.0,0.0,57.1,10.4
2039-04-07,31.4,0.0,75.7,11.4
2039-04-08,28.5,0.0,56.1,16.6
2039-04-09,29.7,0.0,65.8,10.4
2039-04-10,30.1,0.0,74.2,13.0
2039-04-11,33.0,0.0,64.5,10.2
2039-04-12,31.9,0.0,65.0,12.6
2039-04-13,31.7,0.0,67.4,11.4
2039-04-14,34.1,0.0,67.8,10.6
2039-04-15,33.8,7.5,66.6,9.5
2039-04-16,31.6,33.5,74.4,10.2
2039-04-17,37.3,0.0,74.8,11.8
2039-04-18,34.5,0.0,67.1,19.1
2039-04-19,34.4,0.0,72.5,11.6
2039-04-20,35.2,1.9,66.1,13.3
2039-04-21,35.8,0.4,77.4,10.1
2039-04-22,35.3,0.0,75.3,10.1
2039-04-23,35.0,0.0,70.4,10.1
2039-04-24,34.8,0.0,74.2,16.6
2039-04-25,32.8,0.0,78.8,9.7
2039-04-26,37.9,0.0,66.4,9.0
2039-04-27,37.2,0.0,66.3,8.6
2039-04-28,38.3,0.0,73.7,9.1
2039-04-29,37.4,0.0,65.5,10.8
2039-04-30,36.7,0.0,64.4,9.9
2039-05-01,36.0,0.0,64.3,11.0
2039-05-02,33.3,0.0,73.3,12.2
2039-05-03,33.9,0.0,62.5,8.7
2039-05-04,34.0,0.0,70.8,10.0
2039-05-05,37.2,0.0,55.8,9.5
2039-05-06,35.1,0.0,75.3,8.6
2039-05-07,34.7,0.0,75.8,8.5
2039-05-08,33.8,0.0,72.4,11.7
2039-05-09,37.8,0.0,79.5,9.5
2039-05-10,36.4,0.0,77.7,7.8
2039-05-11,38.2,0.0,69.8,10.5
2039-05-12,40.4,10.9,72.2,8.3
2039-05-13,40.1,0.0,78.4,9.2
2039-05-14,37.3,0.0,77.5,7.2
2039-05-15,35.2,0.0,72.9,8.1
2039-05-16,38.0,0.0,65.5,9.6
2039-05-17,36.0,3.7,80.0,7.5
2039-05-18,37.7,0.0,74.8,7.2
2039-05-19,38.6,0.0,74.3,7.8
2039-05-20,39.9,0.0,60.4,9.2
2039-05-21,41.1,0.0,77.4,10.6
2039-05-22,39.3,2.7,75.1,10.2
2039-05-23,37.8,20.7,77.3,9.8
2039-05-24,40.0,0.0,70.7,11.8
2039-05-25,39.1,0.0,75.4,10.5
2039-05-26,34.1,0.0,77.3,9.0
2039-05-27,37.0,0.0,73.0,8.4
2039-05-28,35.9,0.0,77.8,8.1
2039-05-29,38.1,0.0,69.2,7.4
2039-05-30,41.7,16.5,75.8,7.7
2039-05-31,41.9,3.4,79.3,6.9
2039-06-01,44.0,28.7,80.1,9.2
2039-06-02,44.0,1.9,84.0,6.4
2039-06-03,46.9,24.7,82.5,9.2
2039-06-04,43.9,0.0,69.1,15.5
2039-06-05,43.7,0.0,67.1,6.1
2039-06-06,44.8,0.0,78.8,8.8
2039-06-07,44.0,1.9,72.3,6.8
2039-06-08,46.1,0.0,79.4,9.8
2039-06-09,44.6,5.3,73.4,7.8
2039-06-10,48.4,0.0,75.9,5.9
2039-06-11,50.0,0.0,73.0,7.3
2039-06-12,50.0,8.5,78.0,7.7
2039-06-13,50.0,0.0,78.2,6.7
2039-06-14,50.0,0.0,74.5,7.3
2039-06-15,47.1,2.2,78.2,6.5
2039-06-16,43.6,0.0,65.8,6.5
2039-06-17,46.0,0.0,76.3,5.2
2039-06-18,46.0,22.9,79.9,5.3
2039-06-19,44.9,34.8,81.4,5.3
2039-06-20,44.6,0.0,61.9,5.8
2039-06-21,39.5,0.0,65.4,5.2
2039-06-22,39.8,0.9,75.0,5.4
2039-06-23,38.9,0.0,75.3,6.9
2039-06-24,41.6,8.1,77.4,7.8
2039-06-25,43.8,0.0,73.2,6.1
2039-06-26,44.8,0.0,67.1,6.7
2039-06-27,45.1,0.0,67.8,6.8
2039-06-28,41.7,0.0,62.2,11.8
2039-06-29,43.0,0.0,73.2,4.9
2039-06-30,44.2,0.0,82.0,6.1
2039-07-01,46.3,23.3,77.6,4.8
2039-07-02,49.8,2.4,68.9,6.6
2039-07-03,44.9,0.0,72.0,5.0
2039-07-04,43.6,27.3,77.9,5.5
2039-07-05,41.8,27.3,69.7,4.7
2039-07-06,42.2,0.0,72.6,5.7
2039-07-07,42.2,0.0,70.6,5.7
2039-07-08,41.6,9.8,72.5,5.7
2039-07-09,43.7,63.5,96.5,20.8
2039-07-10,41.1,25.3,76.3,6.2
2039-07-11,39.1,7.4,81.2,5.1
2039-07-12,37.5,32.3,74.0,5.9
2039-07-13,37.5,0.0,62.3,5.1
2039-07-14,35.7,0.0,65.5,4.6
2039-07-15,36.7,21.2,80.5,5.0
2039-07-16,37.2,6.2,66.9,4.8
2039-07-17,36.3,0.0,61.7,7.2
2039-07-18,38.8,19.5,75.2,8.7
2039-07-19,39.0,4.3,67.5,5.8
2039-07-20,41.4,19.4,75.8,4.7
2039-07-21,40.7,0.0,64.5,9.4
2039-07-22,40.4,35.3,71.8,13.2
2039-07-23,39.1,10.7,78.3,4.2
2039-07-24,39.2,0.0,62.9,5.5
2039-07-25,40.6,0.0,62.6,4.7
2039-07-26,39.5,0.0,68.8,4.3
2039-07-27,40.4,0.0,52.3,6.3
2039-07-28,38.4,0.0,69.6,4.6
2039-07-29,39.9,11.5,77.4,4.5
2039-07-30,38.4,21.9,75.1,8.0
2039-07-31,40.0,2.0,60.3,5.5
2039-08-01,39.7,27.4,68.0,7.2
2039-08-02,42.3,10.2,67.3,8.6
2039-08-03,39.0,52.9,79.2,13.3
2039-08-04,35.6,0.0,71.9,5.7
2039-08-05,34.6,0.0,71.3,9.1
2039-08-06,32.3,51.2,74.9,6.9
2039-08-07,30.3,0.0,60.2,6.1
2039-08-08,32.7,15.1,62.4,6.1
2039-08-09,33.3,0.0,65.5,6.4
2039-08-10,32.8,0.0,67.3,5.7
2039-08-11,32.6,28.2,69.0,4.4
2039-08-12,31.9,13.4,64.6,4.8
2039-08-13,35.8,0.0,71.5,4.2
2039-08-14,34.1,0.0,64.0,6.8
2039-08-15,31.5,0.0,50.0,4.4
2039-08-16,33.6,3.3,60.6,4.7
2039-08-17,33.2,11.8,63.6,4.8
2039-08-18,37.3,31.4,65.8,5.9
2039-08-19,35.5,0.0,65.2,7.0
2039-08-20,36.6,6.8,58.6,6.5
2039-08-21,38.0,5.0,54.6,7.8
2039-08-22,35.9,0.0,54.4,8.2
2039-08-23,33.6,0.0,60.9,6.8
2039-08-24,34.7,4.6,51.6,5.5
2039-08-25,35.2,0.0,54.4,4.6
2039-08-26,31.6,0.0,60.8,5.3
2039-08-27,29.2,0.0,49.4,5.1
2039-08-28,24.4,1.8,51.1,6.2
2039-08-29,26.8,0.0,47.0,8.1
2039-08-30,26.9,102.1,76.2,18.1
2039-08-31,27.2,0.0,52.2,13.1
2039-09-01,24.3,0.0,53.3,5.2
2039-09-02,23.0,0.0,49.6,5.9
2039-09-03,23.2,0.0,51.9,5.2
2039-09-04,23.0,0.0,58.4,5.5
2039-09-05,24.3,2.8,55.5,6.7
2039-09-06,26.2,90.7,86.1,15.9
2039-09-07,31.0,5.1,50.3,7.5
2039-09-08,30.2,0.0,49.8,7.6
2039-09-09,31.8,25.4,58.9,8.6
2039-09-10,29.1,0.0,48.8,7.1
2039-09-11,25.2,0.0,50.9,6.2
2039-09-12,24.7,0.0,41.1,6.3
2039-09-13,21.7,47.5,60.4,7.1
2039-09-14,22.5,0.0,54.4,6.7
2039-09-15,21.5,0.0,59.2,7.1
2039-09-16,18.2,0.0,56.6,5.5
2039-09-17,23.0,0.0,49.7,6.4
2039-09-18,22.1,8.9,53.4,5.4
2039-09-19,19.2,11.5,52.9,11.0
2039-09-20,21.9,0.0,45.3,7.1
2039-09-21,20.7,0.0,43.0,8.5
2039-09-22,23.4,0.0,48.7,8.7
2039-09-23,21.8,0.0,46.6,10.1
2039-09-24,20.8,0.0,51.0,7.5
2039-09-25,21.7,0.0,34.6,6.6
2039-09-26,22.9,0.0,45.3,7.8
2039-09-27,24.2,0.0,51.9,9.3
2039-09-28,23.4,16.5,52.6,6.7
2039-09-29,23.9,1.0,40.6,7.2
2039-09-30,24.7,0.6,38.6,6.8
2039-10-01,24.2,0.0,44.4,7.6
2039-10-02,23.1,0.0,48.3,9.2
2039-10-03,19.5,0.0,46.7,8.2
2039-10-04,20.7,0.0,44.4,7.1
2039-10-05,20.4,0.0,46.7,9.4
2039-10-06,19.3,0.0,44.5,6.9
2039-10-07,21.7,0.0,46.0,12.6
2039-10-08,18.1,0.0,47.4,11.7
2039-10-09,21.4,13.9,43.7,13.1
2039-10-10,20.6,0.0,37.7,7.5
2039-10-11,20.6,0.0,45.5,7.2
2039-10-12,19.1,0.0,39.1,10.9
2039-10-13,15.3,0.0,31.7,11.9
2039-10-14,15.2,0.0,48.3,9.3
2039-10-15,16.1,16.6,46.3,13.6
2039-10-16,17.4,0.0,41.7,7.5
2039-10-17,16.7,0.0,39.5,11.2
2039-10-18,12.0,0.0,44.4,9.7
2039-10-19,9.6,0.0,33.5,7.6
2039-10-20,14.8,6.0,41.2,11.9
2039-10-21,12.5,14.8,44.6,7.8
2039-10-22,15.8,0.0,42.0,10.7
2039-10-23,13.6,5.6,31.9,12.0
2039-10-24,13.3,0.0,41.8,12.0
2039-10-25,14.6,0.0,36.6,9.1
2039-10-26,12.7,0.0,35.2,9.0
2039-10-27,16.0,7.0,32.2,8.9
2039-10-28,15.5,7.2,51.1,10.5
2039-10-29,15.9,0.0,37.3,8.7
2039-10-30,14.7,0.0,39.0,14.0
2039-10-31,15.5,0.0,32.3,13.0
2039-11-01,18.0,10.5,32.4,10.5
2039-11-02,16.5,7.8,43.3,10.7
2039-11-03,19.0,0.0,30.3,8.4
2039-11-04,16.2,0.0,43.5,9.4
2039-11-05,16.8,0.0,45.8,9.1
2039-11-06,16.6,0.0,32.8,10.3
2039-11-07,13.3,0.0,34.2,9.8
2039-11-08,13.2,0.0,23.7,10.2
2039-11-09,12.7,0.0,27.5,10.9
2039-11-10,10.5,0.0,39.3,8.9
2039-11-11,11.1,0.0,42.3,9.6
2039-11-12,11.2,0.0,32.0,12.2
2039-11-13,10.7,0.0,32.7,10.2
2039-11-14,10.4,0.0,27.8,12.0
2039-11-15,10.0,6.8,31.7,14.8
2039-11-16,9.1,0.0,42.2,12.9
2039-11-17,9.4,0.0,37.0,9.6
2039-11-18,8.0,0.0,26.4,9.4
2039-11-19,13.5,0.9,38.4,11.3
2039-11-20,9.7,0.0,47.1,10.2
2039-11-21,8.3,14.1,36.8,11.4
2039-11-22,7.3,0.0,31.8,10.4
2039-11-23,11.6,5.0,39.3,10.0
2039-11-24,8.3,0.0,40.1,13.9
2039-11-25,9.1,0.0,39.2,11.8
2039-11-26,9.4,0.0,33.5,10.8
2039-11-27,9.7,0.0,32.9,18.4
2039-11-28,11.8,0.0,26.4,9.9
2039-11-29,13.4,0.0,28.9,10.6
2039-11-30,11.4,0.0,36.8,14.5
2039-12-01,11.0,0.0,32.3,10.8
2039-12-02,6.5,1.3,36.6,11.4
2039-12-03,6.9,0.0,33.8,14.2
2039-12-04,5.4,7.7,37.3,11.5
2039-12-05,5.4,0.0,35.2,13.3
2039-12-06,2.4,0.0,38.8,12.8
2039-12-07,4.2,0.0,39.4,16.1
2039-12-08,1.4,0.0,35.1,12.3
2039-12-09,2.8,0.0,34.2,12.0
2039-12-10,1.2,0.0,35.1,16.9
2039-12-11,0.7,0.0,31.5,11.7
2039-12-12,4.2,0.0,40.9,13.6
2039-12-13,6.0,0.0,32.7,12.6
2039-12-14,8.5,0.0,34.8,14.3
2039-12-15,11.3,0.0,36.6,12.7
2039-12-16,8.9,0.0,37.3,12.2
2039-12-17,11.5,0.0,37.2,15.1
2039-12-18,7.6,0.0,35.3,12.7
2039-12-19,9.0,0.0,44.3,14.7
2039-12-20,7.6,0.0,36.6,16.3
2039-12-21,5.6,0.0,35.1,15.0
2039-12-22,7.1,0.0,45.4,11.6
2039-12-23,9.0,0.0,32.7,12.5
2039-12-24,10.5,0.0,45.7,12.9
2039-12-25,10.2,0.0,26.9,14.6
2039-12-26,9.9,0.0,35.0,13.3
2039-12-27,10.4,0.0,28.8,16.5
2039-12-28,10.4,0.0,30.5,12.4
2039-12-29,10.9,0.0,39.7,15.5
2039-12-30,10.6,0.0,39.1,14.0
2039-12-31,11.7,0.0,34.8,12.8
2040-01-01,7.6,0.0,46.2,14.0
2040-01-02,7.4,0.5,44.0,19.6
2040-01-03,4.7,0.0,38.1,13.9
2040-01-04,5.9,10.7,32.2,13.3
2040-01-05,9.6,0.0,43.6,14.6
2040-01-06,8.4,0.0,36.6,13.8
2040-01-07,8.6,0.0,40.6,13.0
2040-01-08,10.1,0.0,43.4,13.2
2040-01-09,5.6,0.0,37.6,11.8
2040-01-10,5.2,0.0,46.2,19.1
2040-01-11,6.6,0.0,38.2,15.9
2040-01-12,1.3,2.8,43.7,12.7
2040-01-13,0.9,0.0,44.3,13.1
2040-01-14,4.7,0.0,45.3,14.6
2040-01-15,7.7,0.0,49.7,14.9
2040-01-16,8.8,0.0,37.1,13.5
2040-01-17,10.7,0.0,35.8,12.9
2040-01-18,11.0,0.0,40.2,12.3
2040-01-19,11.9,0.0,57.2,14.9
2040-01-20,10.9,2.6,49.7,12.7
2040-01-21,11.0,0.0,39.8,14.9
2040-01-22,9.7,0.0,41.1,17.1
2040-01-23,12.4,0.0,43.0,14.2
2040-01-24,15.1,0.0,44.7,12.6
2040-01-25,17.1,0.0,46.9,12.0
2040-01-26,15.1,0.0,47.4,12.4
2040-01-27,12.5,0.0,50.2,16.7
2040-01-28,14.9,0.0,54.5,20.7
2040-01-29,15.4,0.0,44.2,12.4
2040-01-30,15.4,0.0,44.1,14.4
2040-01-31,13.5,0.0,43.6,15.4
2040-02-01,14.2,0.0,44.3,16.3
2040-02-02,11.7,2.4,48.5,24.0
2040-02-03,13.3,0.0,49.5,12.1
2040-02-04,16.0,0.0,55.3,12.8
2040-02-05,18.8,0.0,43.4,12.6
2040-02-06,19.2,0.0,49.1,17.7
2040-02-07,15.4,0.0,43.4,15.4
2040-02-08,15.6,0.0,50.0,17.2
2040-02-09,19.6,0.0,61.6,12.6
2040-02-10,16.9,0.0,47.9,18.4
2040-02-11,16.4,0.0,61.2,14.7
2040-02-12,19.0,0.0,45.0,12.7
2040-02-13,19.6,0.0,47.3,14.4
2040-02-14,23.8,0.0,48.2,14.8
2040-02-15,20.8,13.3,54.4,14.4
2040-02-16,17.9,0.0,49.8,16.4
2040-02-17,20.1,5.0,56.0,14.0
2040-02-18,17.1,0.0,37.5,13.3
2040-02-19,16.7,0.0,46.7,12.5
2040-02-20,16.7,3.7,62.3,15.0
2040-02-21,19.0,0.0,45.2,14.8
2040-02-22,20.0,0.0,50.8,12.7
2040-02-23,20.6,0.0,56.0,14.0
2040-02-24,19.4,0.0,53.1,12.9
2040-02-25,21.7,0.0,49.4,12.7
2040-02-26,29.3,0.0,56.2,18.3
2040-02-27,28.7,0.0,58.5,12.6
2040-02-28,27.1,0.0,51.7,18.3
2040-02-29,23.1,0.0,57.0,14.5
2040-03-01,21.3,0.0,59.6,14.8
2040-03-02,20.7,3.1,61.9,12.2
2040-03-03,19.7,0.0,57.9,17.0
2040-03-04,20.0,0.0,64.9,12.0
2040-03-05,23.9,0.0,57.0,13.7
2040-03-06,26.0,0.0,52.1,20.5
2040-03-07,24.9,0.0,56.3,13.1
2040-03-08,22.0,0.0,63.8,12.4
2040-03-09,24.9,0.0,53.6,12.5
2040-03-10,24.4,0.0,47.2,12.3
2040-03-11,20.8,0.0,61.1,12.0
2040-03-12,22.8,0.0,56.9,15.2
2040-03-13,25.1,0.0,70.7,14.1
2040-03-14,20.1,0.0,61.1,12.7
2040-03-15,19.4,0.0,66.3,13.2
2040-03-16,20.3,0.0,58.0,11.1
2040-03-17,22.7,0.0,63.7,10.9
2040-03-18,22.3,0.0,63.0,13.3
2040-03-19,21.4,0.0,68.3,11.6
2040-03-20,23.8,0.4,62.8,15.1
2040-03-21,23.4,0.0,59.5,11.2
2040-03-22,25.2,0.0,67.6,10.6
2040-03-23,23.4,0.0,59.1,10.8
2040-03-24,21.5,0.0,58.9,12.9
2040-03-25,24.2,0.0,63.1,10.7
2040-03-26,25.5,0.0,62.0,12.2
2040-03-27,27.9,0.4,64.2,10.5
2040-03-28,27.0,1.0,61.2,11.2
2040-03-29,25.8,0.0,70.2,12.0
2040-03-30,29.2,2.3,71.0,13.0
2040-03-31,26.3,6.1,70.9,10.9
2040-04-01,29.5,0.0,69.1,11.2
2040-04-02,32.3,0.0,56.5,10.6
2040-04-03,33.6,10.9,69.4,10.9
2040-04-04,31.7,0.0,70.6,11.5
2040-04-05,29.9,9.7,75.7,11.9
2040-04-06,29.8,0.0,65.9,12.5
2040-04-07,27.6,0.0,73.7,11.7
2040-04-08,26.5,0.0,69.0,10.2
2040-04-09,29.0,7.4,56.6,11.2
2040-04-10,31.0,0.0,67.5,15.6
2040-04-11,29.3,0.0,64.0,9.8
2040-04-12,31.4,0.0,65.4,11.6
2040-04-13,32.7,0.0,74.0,14.7
2040-04-14,35.9,0.0,70.5,10.7
2040-04-15,36.6,13.5,70.0,11.3
2040-04-16,38.3,0.0,66.1,10.5
2040-04-17,38.5,0.0,71.9,11.9
2040-04-18,39.7,0.0,69.0,10.9
2040-04-19,36.2,0.0,73.6,9.8
2040-04-20,35.7,0.0,66.3,9.5
2040-04-21,35.6,1.6,69.1,13.1
2040-04-22,35.1,5.9,66.7,9.1
2040-04-23,36.2,0.0,68.3,12.0
2040-04-24,37.5,0.0,82.1,9.2
2040-04-25,38.1,0.0,67.7,9.8
2040-04-26,37.4,0.0,69.3,17.7
2040-04-27,35.9,0.0,67.7,8.5
2040-04-28,38.3,0.0,71.1,11.2
2040-04-29,38.8,0.0,71.8,13.5
2040-04-30,36.6,0.0,78.4,9.1
2040-05-01,36.4,0.7,70.7,10.7
2040-05-02,33.3,0.0,73.3,10.0
2040-05-03,34.3,0.0,63.5,10.2
2040-05-04,34.8,0.0,68.7,9.5
2040-05-05,34.4,0.0,78.6,8.7
2040-05-06,38.5,0.0,69.0,12.8
2040-05-07,36.3,0.0,77.3,11.5
2040-05-08,38.3,0.0,68.9,8.5
2040-05-09,42.9,0.0,72.8,9.8
2040-05-10,44.4,0.0,82.4,9.4
2040-05-11,43.4,0.0,77.6,8.7
2040-05-12,40.5,0.0,64.3,9.0
2040-05-13,37.7,2.0,90.7,10.0
2040-05-14,37.4,9.1,71.3,9.0
2040-05-15,36.6,0.0,83.6,7.4
2040-05-16,36.0,0.0,72.2,7.5
2040-05-17,36.3,0.0,68.3,10.2
2040-05-18,37.0,0.0,72.3,7.1
2040-05-19,38.8,0.9,71.6,8.7
2040-05-20,36.8,0.0,71.9,9.4
2040-05-21,36.4,0.0,75.0,8.7
2040-05-22,37.1,0.0,77.2,7.0
2040-05-23,37.6,0.0,81.9,6.6
2040-05-24,42.1,9.5,78.3,6.7
2040-05-25,42.5,0.2,75.4,8.5
2040-05-26,39.2,0.0,71.3,6.4
2040-05-27,40.6,0.0,73.6,7.6
2040-05-28,42.0,0.0,72.5,9.6
2040-05-29,41.8,0.0,68.1,9.7
2040-05-30,39.5,3.3,88.6,7.4
2040-05-31,43.6,0.0,76.2,8.9
2040-06-01,41.2,8.9,78.5,6.6
2040-06-02,42.8,0.0,81.1,9.1
2040-06-03,43.2,22.1,67.6,8.8
2040-06-04,44.3,0.0,86.1,7.3
2040-06-05,47.4,18.4,75.2,6.5
2040-06-06,47.6,0.0,70.4,7.0
2040-06-07,45.5,0.0,72.1,7.5
2040-06-08,47.2,0.0,79.7,9.5
2040-06-09,45.1,0.0,85.4,6.6
2040-06-10,45.0,0.0,82.9,8.3
2040-06-11,42.0,0.0,72.2,6.5
2040-06-12,40.2,0.0,65.5,8.2
2040-06-13,40.8,0.0,72.4,6.2
2040-06-14,42.0,0.0,71.2,10.4
2040-06-15,38.8,0.0,66.0,9.4
2040-06-16,40.7,15.3,80.9,6.8
2040-06-17,39.5,0.0,74.1,5.4
2040-06-18,42.8,4.4,77.6,6.1
2040-06-19,42.1,20.1,82.5,7.2
2040-06-20,40.0,0.0,77.2,9.2
2040-06-21,40.8,1.9,73.8,5.5
2040-06-22,39.4,7.3,83.5,7.9
2040-06-23,42.6,0.0,70.9,6.9
2040-06-24,42.7,0.0,70.0,5.9
2040-06-25,42.4,51.1,84.7,6.4
2040-06-26,43.6,0.0,75.6,5.4
2040-06-27,41.4,23.0,81.9,7.3
2040-06-28,39.1,0.9,71.1,6.6
2040-06-29,40.6,18.5,75.5,5.6
2040-06-30,38.8,9.2,81.1,10.6
2040-07-01,37.3,0.0,65.5,7.3
2040-07-02,40.0,0.0,85.6,7.1
2040-07-03,41.5,0.0,70.2,6.1
2040-07-04,39.1,0.0,70.5,6.4
2040-07-05,38.4,0.0,73.2,4.9
2040-07-06,37.3,0.0,73.8,5.5
2040-07-07,41.8,46.9,79.4,7.6
2040-07-08,43.6,0.0,72.4,7.5
2040-07-09,42.3,0.0,65.8,4.8
2040-07-10,43.3,3.0,68.0,5.0
2040-07-11,40.2,9.3,64.4,7.1
2040-07-12,39.0,6.8,72.2,7.1
2040-07-13,39.7,0.0,68.7,5.0
2040-07-14,40.8,0.0,59.3,7.5
2040-07-15,40.6,0.0,65.7,4.9
2040-07-16,41.1,32.8,76.9,5.6
2040-07-17,41.1,85.3,94.2,14.4
2040-07-18,40.6,0.0,62.0,7.3
2040-07-19,39.9,8.1,68.6,8.0
2040-07-20,39.1,4.3,63.4,5.2
2040-07-21,39.7,0.0,71.2,6.6
2040-07-22,40.5,0.0,64.0,11.1
2040-07-23,40.6,0.0,69.6,8.5
2040-07-24,38.0,0.0,65.0,4.6
2040-07-25,36.2,15.1,61.7,5.8
2040-07-26,37.5,0.0,65.8,6.2
2040-07-27,40.7,0.0,60.0,5.6
2040-07-28,40.5,0.0,71.2,5.9
2040-07-29,39.2,34.5,83.0,7.0
2040-07-30,39.4,0.0,68.2,7.8
2040-07-31,36.8,8.1,63.5,7.6
2040-08-01,39.6,0.0,64.5,7.1
2040-08-02,39.5,0.0,65.6,4.6
2040-08-03,37.7,0.0,69.2,6.9
2040-08-04,37.2,5.4,63.9,4.9
2040-08-05,36.0,0.0,65.2,4.6
2040-08-06,38.7,5.2,55.8,5.2
2040-08-07,37.8,0.0,63.8,4.4
2040-08-08,37.7,0.1,57.9,5.0
2040-08-09,38.4,11.8,65.1,6.1
2040-08-10,36.3,0.0,56.4,7.9
2040-08-11,36.5,2.1,63.9,7.4
2040-08-12,36.7,0.0,64.1,5.6
2040-08-13,33.2,55.9,73.4,5.3
2040-08-14,33.9,0.0,55.9,4.3
2040-08-15,33.8,6.4,64.4,9.6
2040-08-16,34.1,0.0,67.4,8.6
2040-08-17,34.0,0.0,68.9,6.4
2040-08-18,34.4,0.0,60.9,7.9
2040-08-19,36.8,1.2,60.3,6.1
2040-08-20,33.6,0.0,51.7,4.8
2040-08-21,32.7,0.0,64.5,4.6
2040-08-22,33.9,9.1,48.2,6.4
2040-08-23,34.4,0.0,63.2,11.0
2040-08-24,34.8,0.0,57.0,4.4
2040-08-25,39.6,0.0,44.4,6.6
2040-08-26,39.1,4.1,58.9,6.2
2040-08-27,39.7,24.4,61.2,6.9
2040-08-28,37.2,0.0,53.3,6.2
2040-08-29,33.8,0.0,53.8,12.2
2040-08-30,32.3,0.0,54.7,4.8
2040-08-31,33.2,0.0,54.4,5.6
2040-09-01,33.2,2.6,47.4,6.1
2040-09-02,33.1,14.1,59.3,5.0
2040-09-03,31.8,0.0,51.6,7.9
2040-09-04,30.3,0.0,61.0,5.9
2040-09-05,29.5,0.0,57.1,5.8
2040-09-06,30.6,0.0,57.3,8.2
2040-09-07,31.6,12.9,64.6,6.4
2040-09-08,28.7,5.4,56.8,5.5
2040-09-09,29.8,4.3,51.8,5.5
2040-09-10,27.8,0.0,38.3,6.6
2040-09-11,28.4,1.1,52.2,8.9
2040-09-12,27.5,0.0,59.0,5.9
2040-09-13,30.2,23.2,60.3,7.6
2040-09-14,28.4,7.1,49.0,8.7
2040-09-15,28.0,16.8,53.9,8.2
2040-09-16,28.5,0.0,46.3,6.3
2040-09-17,25.9,35.5,59.1,8.3
2040-09-18,25.4,0.0,45.9,8.7
2040-09-19,24.5,0.0,55.3,5.8
2040-09-20,23.2,17.0,52.6,6.4
2040-09-21,22.3,0.0,48.7,7.0
2040-09-22,24.6,32.6,51.1,6.6
2040-09-23,23.0,22.6,50.4,6.1
2040-09-24,23.9,73.6,59.1,13.6
2040-09-25,24.1,0.0,53.3,7.1
2040-09-26,20.8,0.0,43.3,7.2
2040-09-27,21.9,50.5,59.0,8.6
2040-09-28,18.9,0.0,37.5,7.4
2040-09-29,20.5,0.0,38.8,6.4
2040-09-30,19.4,0.0,43.4,9.3
2040-10-01,19.5,0.0,42.8,7.5
2040-10-02,17.0,0.0,45.3,8.3
2040-10-03,17.7,0.0,53.9,7.6
2040-10-04,19.8,12.3,36.5,7.2
2040-10-05,18.0,0.0,48.1,7.7
2040-10-06,16.9,0.0,45.5,9.4
2040-10-07,18.0,0.0,39.6,10.5
2040-10-08,19.0,0.0,40.3,7.9
2040-10-09,13.8,0.0,47.8,8.8
2040-10-10,18.6,0.0,41.6,7.0
2040-10-11,19.3,0.0,40.0,7.0
2040-10-12,20.2,0.0,36.1,9.3
2040-10-13,19.2,0.0,37.0,9.7
2040-10-14,14.9,0.0,34.8,7.7
2040-10-15,16.4,0.0,45.1,7.9
2040-10-16,15.2,0.0,36.5,11.6
2040-10-17,16.3,0.0,34.2,9.2
2040-10-18,15.6,0.0,40.8,8.4
2040-10-19,16.0,0.0,35.6,10.9
2040-10-20,14.1,0.0,47.2,7.9
2040-10-21,15.9,3.7,40.4,12.4
2040-10-22,13.2,0.0,40.1,9.2
2040-10-23,17.8,0.0,39.9,8.3
2040-10-24,21.5,0.0,41.5,12.9
2040-10-25,23.1,0.0,42.0,8.0
2040-10-26,23.7,0.0,38.4,8.8
2040-10-27,21.4,0.0,33.0,12.0
2040-10-28,22.0,0.0,37.1,9.1
2040-10-29,19.9,0.0,38.0,8.7
2040-10-30,15.2,0.0,29.4,11.0
2040-10-31,17.6,0.0,26.9,10.5
2040-11-01,18.7,0.0,31.2,11.3
2040-11-02,17.2,0.0,27.3,10.9
2040-11-03,13.6,0.0,34.5,11.9
2040-11-04,12.0,17.3,37.2,10.7
2040-11-05,8.1,0.0,37.1,10.4
2040-11-06,10.6,0.0,40.1,12.8
2040-11-07,7.4,0.0,37.8,15.7
2040-11-08,8.6,0.0,38.4,10.8
2040-11-09,7.2,0.0,40.9,9.5
2040-11-10,4.9,0.0,34.4,10.1
2040-11-11,6.4,0.0,22.9,9.3
2040-11-12,6.4,0.0,27.1,13.7
2040-11-13,8.7,1.8,38.7,10.1
2040-11-14,6.3,6.9,38.4,10.2
2040-11-15,5.4,4.1,40.0,11.1
2040-11-16,1.4,4.8,50.9,9.9
2040-11-17,-1.5,0.0,36.5,10.1
2040-11-18,4.2,0.0,34.9,9.8
2040-11-19,9.2,0.0,37.0,9.9
2040-11-20,9.3,0.0,29.3,11.9
2040-11-21,7.5,4.2,40.0,11.7
2040-11-22,7.0,4.6,35.4,10.6
2040-11-23,9.0,0.0,43.5,17.6
2040-11-24,7.8,0.0,27.1,11.5
2040-11-25,8.3,10.5,37.7,14.4
2040-11-26,8.2,0.0,31.9,11.2
2040-11-27,7.0,0.0,29.7,10.2
2040-11-28,6.1,0.0,38.1,15.8
2040-11-29,7.0,0.0,33.4,17.3
2040-11-30,5.1,0.0,41.7,15.3
2040-12-01,6.5,0.0,32.4,12.2
2040-12-02,5.7,3.0,33.8,12.6
2040-12-03,6.3,0.0,45.1,11.7
2040-12-04,9.3,0.0,28.3,14.3
2040-12-05,8.5,0.0,31.2,12.4
2040-12-06,10.1,0.0,20.0,13.6
2040-12-07,5.9,0.0,33.0,10.9
2040-12-08,5.2,0.0,38.7,11.6
2040-12-09,5.6,0.0,37.4,13.9
2040-12-10,9.7,0.0,36.1,11.3
2040-12-11,5.3,0.0,31.1,11.9
2040-12-12,5.4,0.0,34.6,12.4
2040-12-13,8.6,2.5,34.2,13.1
2040-12-14,6.7,0.0,35.7,11.7
2040-12-15,6.3,0.0,36.6,14.2
2040-12-16,7.1,0.0,34.1,12.9
2040-12-17,7.5,0.0,36.1,11.0
2040-12-18,10.5,0.0,35.6,11.4
2040-12-19,10.7,15.0,36.6,11.4
2040-12-20,12.6,0.0,36.7,11.7
2040-12-21,10.8,0.0,30.1,14.3
2040-12-22,8.6,0.0,37.5,11.6
2040-12-23,7.8,0.0,31.2,19.4
2040-12-24,5.4,0.0,36.7,11.8
2040-12-25,6.7,0.0,39.3,12.5
2040-12-26,6.1,0.0,32.5,13.4
2040-12-27,5.0,0.0,42.5,12.1
2040-12-28,6.5,0.0,46.4,12.6
2040-12-29,4.4,0.0,34.4,12.1
2040-12-30,6.6,6.9,38.8,12.5
2040-12-31,5.8,0.0,44.1,12.3
2041-01-01,8.5,0.0,29.0,13.3
2041-01-02,7.5,0.0,38.4,12.6
2041-01-03,8.8,0.0,36.9,11.7
2041-01-04,9.0,0.0,43.1,18.9
2041-01-05,10.3,0.0,37.5,11.8
2041-01-06,10.1,0.0,41.2,14.2
2041-01-07,6.4,0.1,35.1,12.4
2041-01-08,8.8,0.0,44.2,13.7
2041-01-09,8.6,0.0,34.0,12.0
2041-01-10,10.2,0.0,44.2,13.9
2041-01-11,11.3,0.0,40.4,14.8
2041-01-12,9.2,0.0,28.5,13.6
2041-01-13,7.4,0.0,40.8,13.6
2041-01-14,9.0,11.7,46.7,12.5
2041-01-15,8.5,0.0,34.9,13.1
2041-01-16,10.6,0.0,37.0,12.0
2041-01-17,10.0,0.0,42.0,12.3
2041-01-18,12.0,0.0,39.2,15.4
2041-01-19,12.5,0.0,43.7,22.1
2041-01-20,12.6,0.0,41.2,14.4
2041-01-21,11.4,0.0,36.0,13.8
2041-01-22,11.7,0.0,54.5,12.0
2041-01-23,13.9,19.6,46.3,13.7
2041-01-24,13.2,0.0,44.0,12.4
2041-01-25,13.8,0.0,52.5,14.2
2041-01-26,13.4,0.0,48.3,17.1
2041-01-27,13.3,0.2,47.0,12.7
2041-01-28,16.4,0.0,49.8,13.5
2041-01-29,17.9,0.0,47.6,13.6
2041-01-30,16.9,0.0,47.9,13.7
2041-01-31,16.4,0.0,48.3,14.3
2041-02-01,14.3,0.0,44.9,12.7
2041-02-02,13.6,0.0,51.4,12.4
2041-02-03,14.1,0.0,49.7,17.8
2041-02-04,15.7,0.0,35.2,14.2
2041-02-05,16.7,0.0,51.2,16.3
2041-02-06,13.9,0.0,43.3,15.8
2041-02-07,15.9,0.0,48.8,12.6
2041-02-08,15.4,0.0,39.6,14.6
2041-02-09,13.2,0.0,45.3,14.7
2041-02-10,16.2,12.7,49.9,13.1
2041-02-11,18.9,0.0,51.6,12.6
2041-02-12,18.7,0.0,46.3,13.1
2041-02-13,19.5,0.0,38.7,13.1
2041-02-14,20.3,0.0,47.4,12.8
2041-02-15,22.2,0.0,48.3,12.4
2041-02-16,22.5,0.0,53.7,14.3
2041-02-17,18.7,4.1,52.7,12.2
2041-02-18,22.4,0.0,47.4,14.9
2041-02-19,23.4,0.0,53.0,19.4
2041-02-20,21.2,0.0,61.1,13.5
2041-02-21,18.5,5.3,59.4,13.4
2041-02-22,19.4,0.0,43.0,12.7
2041-02-23,18.6,0.0,65.3,15.2
2041-02-24,19.3,3.2,60.0,13.0
2041-02-25,20.7,0.0,61.6,13.3
2041-02-26,19.3,0.0,46.4,13.8
2041-02-27,17.1,0.0,52.2,12.1
2041-02-28,18.4,0.0,57.6,12.1
2041-03-01,17.7,0.0,49.4,12.5
2041-03-02,18.5,0.0,58.0,12.3
2041-03-03,16.3,0.0,63.9,16.7
2041-03-04,16.7,0.0,54.4,13.1
2041-03-05,19.0,0.0,64.9,11.8
2041-03-06,20.8,0.0,60.2,12.4
2041-03-07,19.4,0.0,47.8,14.0
2041-03-08,17.6,0.0,53.1,15.9
2041-03-09,18.6,0.0,63.3,23.5
2041-03-10,20.6,0.0,52.9,11.5
2041-03-11,21.9,20.8,69.0,18.5
2041-03-12,21.2,0.0,61.8,13.2
2041-03-13,22.3,0.0,60.7,15.6
2041-03-14,25.7,0.0,56.6,11.9
2041-03-15,25.8,0.0,61.3,15.3
2041-03-16,22.3,0.0,68.5,15.7
2041-03-17,23.3,0.0,58.5,14.0
2041-03-18,27.8,0.0,63.8,17.2
2041-03-19,24.8,3.0,71.9,11.3
2041-03-20,25.1,0.0,62.7,11.6
2041-03-21,24.8,0.0,59.3,11.9
2041-03-22,25.4,0.0,59.6,11.0
2041-03-23,26.1,0.0,52.0,13.3
2041-03-24,28.6,0.0,56.7,13.4
2041-03-25,28.5,0.0,64.7,10.6
2041-03-26,30.9,0.0,68.2,14.3
2041-03-27,30.1,0.0,61.5,13.4
2041-03-28,29.1,0.0,68.7,12.9
2041-03-29,27.7,0.0,68.7,12.2
2041-03-30,24.3,0.0,60.7,17.5
2041-03-31,25.8,4.6,63.0,12.6
2041-04-01,30.7,0.0,58.4,11.1
2041-04-02,31.5,0.0,69.2,10.8
2041-04-03,32.6,0.0,65.8,14.4
2041-04-04,31.3,0.0,70.5,10.8
2041-04-05,30.7,0.0,66.0,12.3
2041-04-06,32.8,0.0,61.9,10.2
2041-04-07,36.5,1.9,71.3,16.1
2041-04-08,38.5,0.0,57.3,13.8
2041-04-09,38.8,0.0,65.8,13.9
2041-04-10,37.6,0.0,63.8,13.1
2041-04-11,37.0,6.4,77.2,11.2
2041-04-12,34.6,0.0,77.0,9.8
2041-04-13,31.4,0.0,70.6,9.8
2041-04-14,29.6,0.0,65.8,12.5
2041-04-15,30.5,1.2,77.9,10.6
2041-04-16,30.6,0.0,65.7,10.9
2041-04-17,28.4,2.6,63.2,11.1
2041-04-18,29.5,0.0,59.8,9.1
2041-04-19,29.9,0.0,70.5,11.9
2041-04-20,28.6,0.0,61.6,10.3
2041-04-21,29.2,0.0,77.5,14.3
2041-04-22,29.8,0.0,67.7,10.2
2041-04-23,29.7,0.0,64.4,12.7
2041-04-24,32.8,0.5,76.7,12.3
2041-04-25,29.7,0.0,75.6,10.3
2041-04-26,27.1,0.0,79.7,9.0
2041-04-27,29.0,0.0,63.1,11.0
2041-04-28,30.8,0.0,62.3,11.7
2041-04-29,32.9,3.5,80.7,15.9
2041-04-30,32.7,1.3,58.5,11.8
2041-05-01,31.9,0.0,66.3,10.3
2041-05-02,33.0,0.0,72.8,10.4
2041-05-03,33.2,0.0,66.0,10.4
2041-05-04,37.3,0.0,73.9,11.4
2041-05-05,36.9,0.0,67.2,9.0
2041-05-06,37.1,0.0,79.6,9.9
2041-05-07,42.4,8.6,79.0,7.8
2041-05-08,41.4,0.0,74.8,8.3
2041-05-09,42.1,0.0,71.8,9.9
2041-05-10,42.8,0.0,68.5,12.2
2041-05-11,43.7,0.0,73.1,9.5
2041-05-12,43.5,0.0,67.8,11.1
2041-05-13,43.2,0.0,83.6,11.2
2041-05-14,42.8,0.0,75.7,10.8
2041-05-15,41.1,0.0,69.9,7.5
2041-05-16,41.7,0.0,82.1,8.1
2041-05-17,45.5,0.0,74.2,11.8
2041-05-18,47.0,0.0,81.5,8.6
2041-05-19,46.4,0.0,81.4,8.8
2041-05-20,47.0,0.0,76.8,9.0
2041-05-21,44.1,0.0,68.3,12.5
2041-05-22,43.1,2.0,72.3,7.5
2041-05-23,44.7,0.0,92.7,10.1
2041-05-24,47.0,15.8,76.0,8.9
2041-05-25,44.4,0.0,73.6,8.6
2041-05-26,42.9,0.0,72.6,7.5
2041-05-27,47.1,0.0,70.2,9.3
2041-05-28,46.3,0.0,78.5,7.9
2041-05-29,49.1,1.8,68.7,11.3
2041-05-30,48.2,0.0,70.8,9.7
2041-05-31,47.5,0.0,76.5,9.2
2041-06-01,45.9,0.0,73.7,10.3
2041-06-02,47.1,25.7,82.2,6.9
2041-06-03,48.9,0.0,74.8,12.4
2041-06-04,45.6,0.0,69.1,8.3
2041-06-05,44.3,0.0,82.3,7.6
2041-06-06,45.8,0.0,80.6,10.1
2041-06-07,45.0,0.0,70.1,6.6
2041-06-08,43.6,0.0,77.2,7.7
2041-06-09,45.5,13.4,75.7,7.5
2041-06-10,47.2,0.0,80.1,7.0
2041-06-11,45.4,16.1,83.0,9.1
2041-06-12,45.4,2.0,81.4,8.4
2041-06-13,42.5,0.0,69.8,7.1
2041-06-14,40.8,9.8,70.1,10.2
2041-06-15,41.5,35.5,73.9,7.7
2041-06-16,41.9,6.1,89.2,8.0
2041-06-17,40.2,7.1,80.5,8.3
2041-06-18,39.3,23.6,86.2,5.8
2041-06-19,37.9,49.6,79.2,6.8
2041-06-20,39.9,0.0,77.0,6.5
2041-06-21,36.5,0.0,65.1,6.2
2041-06-22,35.8,5.6,77.3,6.3
2041-06-23,33.5,0.0,73.6,13.1
2041-06-24,36.2,0.0,71.9,6.0
2041-06-25,33.9,0.0,70.5,9.2
2041-06-26,35.8,0.0,78.9,7.7
2041-06-27,40.5,0.0,70.3,7.0
2041-06-28,44.2,22.6,85.2,6.1
2041-06-29,40.3,0.0,72.4,4.9
2041-06-30,41.4,0.0,74.3,5.7
2041-07-01,39.6,0.0,75.0,6.0
2041-07-02,37.8,26.0,80.9,6.4
2041-07-03,38.5,0.0,73.0,9.7
2041-07-04,41.7,0.0,82.5,6.1
2041-07-05,43.0,14.4,80.8,4.4
2041-07-06,41.3,0.0,58.5,8.1
2041-07-07,42.9,0.0,70.1,7.2
2041-07-08,38.2,0.0,78.4,6.8
2041-07-09,37.4,42.4,77.2,8.1
2041-07-10,36.6,0.0,70.5,6.5
2041-07-11,37.7,0.0,70.7,8.6
2041-07-12,38.0,56.2,92.1,8.1
2041-07-13,38.4,0.0,64.6,7.2
2041-07-14,38.5,3.3,65.9,10.3
2041-07-15,39.1,0.0,71.9,6.3
2041-07-16,40.5,0.0,70.8,5.4
2041-07-17,40.8,0.0,71.5,7.2
2041-07-18,40.2,0.0,70.2,5.0
2041-07-19,41.0,13.6,71.2,4.7
2041-07-20,42.5,0.0,70.9,5.3
2041-07-21,40.8,20.1,73.9,6.2
2041-07-22,40.5,0.0,66.3,5.0
2041-07-23,42.6,19.1,71.8,6.0
2041-07-24,39.8,0.0,64.3,4.3
2041-07-25,43.3,0.0,63.2,7.0
2041-07-26,39.7,12.7,72.4,6.1
2041-07-27,38.9,4.9,60.9,6.7
2041-07-28,36.9,34.3,77.9,5.7
2041-07-29,41.6,15.0,68.1,4.6
2041-07-30,39.9,15.4,68.6,5.4
2041-07-31,38.5,0.0,64.1,10.9
2041-08-01,37.6,0.0,67.2,4.6
2041-08-02,37.8,0.0,71.8,6.9
2041-08-03,37.0,5.4,74.5,8.9
2041-08-04,36.8,13.9,72.5,4.4
2041-08-05,29.7,0.0,63.9,8.5
2041-08-06,31.2,0.0,67.2,7.5
2041-08-07,32.3,0.0,52.8,4.8
2041-08-08,35.1,0.0,65.6,4.4
2041-08-09,37.9,0.0,64.2,10.0
2041-08-10,37.1,0.0,54.2,4.7
2041-08-11,38.3,0.0,58.7,5.2
2041-08-12,35.5,16.8,66.8,12.5
2041-08-13,36.9,0.0,62.8,5.5
2041-08-14,35.3,0.0,65.4,4.4
2041-08-15,32.7,16.9,72.8,4.3
2041-08-16,32.6,0.0,59.2,6.0
2041-08-17,35.7,0.0,53.9,5.7
2041-08-18,35.6,0.0,63.4,4.9
2041-08-19,38.1,11.0,68.1,4.4
2041-08-20,35.6,11.7,67.9,6.0
2041-08-21,37.1,0.0,60.6,4.6
2041-08-22,34.9,0.7,68.1,5.3
2041-08-23,34.8,4.3,57.3,5.2
2041-08-24,34.6,3.3,66.1,5.1
2041-08-25,35.3,51.0,63.8,4.8
2041-08-26,35.0,0.0,45.2,4.8
2041-08-27,32.7,0.0,50.3,7.4
2041-08-28,34.1,23.2,58.8,7.1
2041-08-29,36.8,0.0,55.5,4.6
2041-08-30,34.3,25.3,56.8,8.8
2041-08-31,29.7,2.9,56.2,5.2
2041-09-01,30.7,0.0,57.7,5.2
2041-09-02,29.7,0.0,55.9,5.8
2041-09-03,29.3,8.9,55.3,5.6
2041-09-04,30.2,0.0,59.5,9.3
2041-09-05,28.9,28.1,56.1,6.7
2041-09-06,28.2,0.0,51.6,5.5
2041-09-07,27.9,1.7,50.1,6.4
2041-09-08,30.7,0.0,55.3,5.0
2041-09-09,30.0,0.0,49.6,6.4
2041-09-10,26.9,1.1,53.7,5.3
2041-09-11,24.4,0.0,55.1,8.8
2041-09-12,25.0,0.0,48.2,7.4
2041-09-13,22.9,31.1,50.2,6.5
2041-09-14,20.3,0.0,48.9,9.1
2041-09-15,22.5,0.0,45.7,7.1
2041-09-16,24.4,15.7,50.1,9.8
2041-09-17,23.7,0.0,36.7,7.2
2041-09-18,24.4,1.3,41.0,7.8
2041-09-19,24.7,0.0,52.4,8.7
2041-09-20,25.6,0.0,43.4,8.7
2041-09-21,26.4,0.0,53.5,5.8
2041-09-22,20.5,0.0,43.9,6.3
2041-09-23,20.5,0.0,49.6,6.4
2041-09-24,21.9,9.2,47.8,7.8
2041-09-25,21.1,32.8,57.9,6.8
2041-09-26,21.3,0.0,44.9,6.0
2041-09-27,22.8,12.9,50.2,6.5
2041-09-28,22.7,0.0,51.7,6.5
2041-09-29,25.3,7.3,49.4,12.5
2041-09-30,26.6,3.0,42.3,11.4
2041-10-01,25.1,0.0,35.3,9.4
2041-10-02,23.7,0.0,43.8,7.4
2041-10-03,17.2,9.2,48.6,8.9
2041-10-04,16.9,0.0,44.6,9.1
2041-10-05,14.7,0.0,39.1,7.0
2041-10-06,15.9,0.0,44.0,8.0
2041-10-07,16.7,0.0,46.3,7.2
2041-10-08,18.4,8.0,51.7,6.7
2041-10-09,21.1,0.0,41.3,8.7
2041-10-10,20.4,0.0,54.4,9.5
2041-10-11,24.3,4.9,50.4,8.0
2041-10-12,23.3,0.0,42.5,11.3
2041-10-13,19.4,0.0,42.7,9.7
2041-10-14,17.7,1.3,48.4,7.4
2041-10-15,16.7,0.0,36.1,8.2
2041-10-16,17.7,0.0,36.6,7.3
2041-10-17,15.4,0.0,34.0,10.8
2041-10-18,14.8,0.0,38.9,10.4
2041-10-19,14.6,0.0,35.6,9.3
2041-10-20,13.7,0.0,37.9,9.5
2041-10-21,15.5,0.0,39.3,9.5
2041-10-22,16.6,0.0,32.4,10.1
2041-10-23,18.4,0.0,45.9,10.2
2041-10-24,16.9,0.0,44.8,8.3
2041-10-25,18.6,0.0,36.4,7.9
2041-10-26,14.9,0.0,45.9,11.0
2041-10-27,11.7,0.0,40.2,11.8
2041-10-28,9.6,0.0,43.6,11.8
2041-10-29,10.2,16.4,35.2,13.0
2041-10-30,13.1,0.0,36.1,12.9
2041-10-31,11.7,0.0,40.7,11.2
2041-11-01,10.8,0.0,36.6,9.0
2041-11-02,10.6,0.0,36.4,8.4
2041-11-03,11.9,0.2,36.6,9.4
2041-11-04,10.9,0.0,38.8,8.5
2041-11-05,9.9,0.0,37.3,12.4
2041-11-06,7.4,0.0,44.4,8.8
2041-11-07,7.0,0.0,31.6,10.4
2041-11-08,10.0,0.0,36.9,10.3
2041-11-09,10.3,0.0,39.8,12.7
2041-11-10,8.8,0.0,29.9,11.3
2041-11-11,11.5,0.0,34.3,9.7
2041-11-12,10.0,0.0,36.8,10.8
2041-11-13,12.8,0.0,43.3,10.7
2041-11-14,15.0,0.0,36.4,9.5
2041-11-15,14.0,5.8,40.9,10.5
2041-11-16,10.0,0.0,39.7,12.7
2041-11-17,14.4,0.0,21.7,11.2
2041-11-18,14.1,0.0,35.8,10.6
2041-11-19,12.4,8.4,35.3,11.4
2041-11-20,13.6,0.0,42.8,9.8
2041-11-21,14.0,0.0,38.7,13.5
2041-11-22,15.5,0.0,39.6,16.0
2041-11-23,12.7,0.0,37.7,9.7
2041-11-24,12.5,0.0,35.6,11.5
2041-11-25,9.2,0.0,39.2,9.9
2041-11-26,10.3,0.0,34.9,11.6
2041-11-27,9.8,0.0,41.4,12.0
2041-11-28,9.9,0.0,29.7,12.7
2041-11-29,9.2,0.0,40.2,11.8
2041-11-30,8.4,0.0,33.2,15.3
2041-12-01,6.5,0.0,38.4,12.7
2041-12-02,8.2,0.0,27.2,11.0
2041-12-03,11.1,3.3,37.2,11.3
2041-12-04,9.2,0.4,34.4,11.3
2041-12-05,9.9,3.9,35.8,10.9
2041-12-06,10.2,0.0,26.3,12.2
2041-12-07,9.6,0.0,35.3,11.5
2041-12-08,6.1,8.1,37.9,13.6
2041-12-09,3.7,0.0,26.3,12.7
2041-12-10,2.8,6.9,31.3,18.4
2041-12-11,-0.7,0.0,36.2,11.4
2041-12-12,3.7,0.0,37.5,14.3
2041-12-13,5.1,0.0,35.3,11.6
2041-12-14,5.4,5.6,37.2,12.0
2041-12-15,1.3,7.2,37.6,11.2
2041-12-16,-1.2,0.0,33.1,12.2
2041-12-17,0.4,0.0,35.0,11.5
2041-12-18,5.7,1.9,29.4,20.3
2041-12-19,4.5,0.0,33.2,13.2
2041-12-20,6.8,0.0,36.0,13.8
2041-12-21,5.8,5.0,43.7,12.3
2041-12-22,6.2,0.0,35.8,18.2
2041-12-23,8.8,0.0,46.9,15.1
2041-12-24,7.8,0.0,46.4,13.7
2041-12-25,6.3,0.0,37.2,12.4
2041-12-26,9.3,0.0,34.9,17.1
2041-12-27,9.0,0.0,48.5,13.6
2041-12-28,10.8,0.0,41.0,13.8
2041-12-29,8.8,0.0,39.7,14.3
2041-12-30,11.3,0.0,34.0,16.5
2041-12-31,11.1,0.0,35.7,16.3
2042-01-01,11.3,10.3,35.6,12.3
2042-01-02,10.9,0.0,45.6,13.7
2042-01-03,9.2,0.0,40.9,13.5
2042-01-04,9.0,0.0,37.0,13.9
2042-01-05,7.9,0.0,36.4,16.1
2042-01-06,9.9,0.0,34.0,17.2
2042-01-07,9.1,0.0,38.8,12.5
2042-01-08,6.0,0.0,40.2,12.8
2042-01-09,3.1,4.7,29.4,13.1
2042-01-10,0.8,0.0,35.0,16.3
2042-01-11,3.6,5.1,38.0,15.9
2042-01-12,2.4,0.0,45.7,11.8
2042-01-13,4.3,0.0,37.8,14.3
2042-01-14,5.5,0.0,31.8,12.2
2042-01-15,6.2,0.0,35.5,13.3
2042-01-16,7.7,0.0,49.9,12.1
2042-01-17,8.4,0.0,39.6,13.7
2042-01-18,3.3,0.0,36.6,13.7
2042-01-19,4.0,0.0,33.7,12.7
2042-01-20,6.1,0.0,42.4,13.7
2042-01-21,10.2,0.0,43.2,13.3
2042-01-22,13.6,0.0,45.0,14.1
2042-01-23,10.3,0.0,56.7,12.1
2042-01-24,9.7,0.0,37.2,12.6
2042-01-25,6.9,0.0,41.8,14.5
2042-01-26,10.8,0.0,45.4,13.0
2042-01-27,13.0,1.9,42.5,12.5
2042-01-28,13.4,0.0,34.2,12.6
2042-01-29,13.5,2.5,48.0,18.3
2042-01-30,16.0,0.0,42.0,12.3
2042-01-31,17.7,0.0,40.1,12.8
2042-02-01,19.0,0.0,41.3,14.0
2042-02-02,18.7,0.0,53.8,13.9
2042-02-03,16.8,0.0,52.8,13.6
2042-02-04,17.7,0.0,41.2,12.8
2042-02-05,18.5,0.0,38.3,13.1
2042-02-06,17.1,0.0,51.8,13.3
2042-02-07,15.8,19.6,62.8,12.3
2042-02-08,17.8,0.0,59.6,17.8
2042-02-09,20.4,0.0,41.2,12.8
2042-02-10,17.8,0.0,55.4,15.4
2042-02-11,16.7,0.0,48.9,13.9
2042-02-12,17.1,0.0,39.6,14.4
2042-02-13,17.8,0.0,45.3,14.2
2042-02-14,16.4,0.0,46.0,12.4
2042-02-15,20.1,0.0,52.6,16.2
2042-02-16,20.2,0.0,43.7,12.0
2042-02-17,20.5,0.0,55.6,12.6
2042-02-18,23.3,0.0,53.6,13.7
2042-02-19,21.2,0.0,56.7,13.1
2042-02-20,20.3,0.0,48.6,12.5
2042-02-21,17.3,0.0,54.2,15.8
2042-02-22,17.1,0.0,47.4,14.4
2042-02-23,14.3,0.0,56.3,13.9
2042-02-24,16.7,0.3,52.2,13.1
2042-02-25,18.0,0.0,52.9,14.3
2042-02-26,17.7,0.0,53.8,15.0
2042-02-27,17.8,0.0,45.6,12.5
2042-02-28,19.7,0.0,60.6,12.0
2042-03-01,17.5,0.0,55.4,11.8
2042-03-02,18.5,0.0,61.3,16.1
2042-03-03,20.4,0.0,61.3,12.0
2042-03-04,16.9,0.0,52.0,11.9
2042-03-05,19.2,0.0,55.0,14.7
2042-03-06,16.3,0.0,49.0,13.1
2042-03-07,17.2,0.0,63.2,17.5
2042-03-08,15.9,0.0,59.0,12.4
2042-03-09,20.1,0.0,58.8,13.0
2042-03-10,18.3,0.0,56.7,12.6
2042-03-11,16.0,0.0,53.6,15.7
2042-03-12,17.7,0.0,65.2,12.7
2042-03-13,18.1,0.0,69.1,12.4
2042-03-14,16.3,0.0,66.0,12.5
2042-03-15,19.0,0.0,58.9,10.9
2042-03-16,16.1,0.0,62.1,11.1
2042-03-17,15.8,5.6,67.2,11.5
2042-03-18,16.6,0.0,61.2,12.7
2042-03-19,20.0,0.0,70.8,13.4
2042-03-20,23.8,0.6,67.8,13.6
2042-03-21,26.5,0.0,75.7,13.3
2042-03-22,26.2,0.0,63.0,13.0
2042-03-23,21.5,0.0,50.3,12.0
2042-03-24,23.4,0.0,63.1,13.2
2042-03-25,27.1,0.0,61.1,11.9
2042-03-26,29.7,0.0,64.2,15.9
2042-03-27,30.3,0.0,72.6,12.0
2042-03-28,27.6,0.0,61.3,10.9
2042-03-29,26.7,0.0,60.1,20.8
2042-03-30,31.1,0.0,61.3,10.2
2042-03-31,27.9,0.0,75.6,11.2
2042-04-01,25.9,0.0,62.9,11.8
2042-04-02,28.6,0.0,66.8,11.8
2042-04-03,28.1,2.3,75.6,10.8
2042-04-04,26.2,0.0,69.4,10.8
2042-04-05,30.2,0.0,55.1,12.2
2042-04-06,31.3,0.0,64.2,9.9
2042-04-07,30.5,0.0,63.6,11.7
2042-04-08,28.5,0.0,58.5,14.4
2042-04-09,33.3,0.7,65.2,10.9
2042-04-10,33.0,0.0,54.1,13.0
2042-04-11,35.7,4.9,70.8,11.5
2042-04-12,36.9,0.0,68.3,9.7
2042-04-13,35.1,0.0,64.9,9.3
2042-04-14,33.7,0.0,59.7,10.9
2042-04-15,36.6,1.2,76.2,9.4
2042-04-16,39.0,5.7,67.8,12.5
2042-04-17,34.3,0.0,75.0,10.9
2042-04-18,35.4,0.0,69.1,14.5
2042-04-19,35.0,0.0,77.2,9.6
2042-04-20,33.0,0.0,73.1,9.3
2042-04-21,33.9,5.8,72.4,11.4
2042-04-22,31.5,0.0,66.4,12.9
2042-04-23,31.4,0.0,77.3,12.4
2042-04-24,30.8,0.0,70.0,13.7
2042-04-25,30.9,6.7,68.8,11.2
2042-04-26,31.8,6.7,72.3,9.6
2042-04-27,30.8,0.0,71.4,9.5
2042-04-28,35.2,0.0,76.2,12.4
2042-04-29,36.5,0.0,62.6,12.5
2042-04-30,40.3,0.0,84.1,11.8
2042-05-01,39.4,0.0,74.7,9.4
2042-05-02,38.0,0.0,72.4,11.0
2042-05-03,41.6,0.0,74.9,10.6
2042-05-04,39.7,11.8,68.1,10.5
2042-05-05,39.1,29.1,80.9,10.3
2042-05-06,40.5,0.0,76.4,9.4
2042-05-07,37.7,3.8,72.7,8.7
2042-05-08,39.4,0.0,76.0,8.0
2042-05-09,40.5,0.0,77.5,18.4
2042-05-10,42.9,0.0,70.0,8.4
2042-05-11,44.0,0.0,80.0,10.1
2042-05-12,45.8,0.0,73.6,7.8
2042-05-13,44.4,0.0,83.6,9.2
2042-05-14,41.8,0.0,80.7,9.4
2042-05-15,45.7,0.0,76.3,7.2
2042-05-16,41.6,0.0,70.3,7.2
2042-05-17,38.6,0.0,73.8,9.6
2042-05-18,40.2,0.0,79.5,8.2
2042-05-19,43.6,3.1,72.5,7.1
2042-05-20,43.5,0.0,76.8,6.9
2042-05-21,45.0,0.0,77.4,8.5
2042-05-22,40.3,0.0,74.2,11.3
2042-05-23,39.5,0.0,70.7,8.9
2042-05-24,36.2,0.0,82.8,8.7
2042-05-25,38.9,0.0,77.3,8.6
2042-05-26,36.4,0.0,73.4,6.8
2042-05-27,34.9,0.0,71.0,6.3
2042-05-28,37.4,0.0,79.5,7.1
2042-05-29,40.5,0.0,74.6,6.6
2042-05-30,40.5,0.0,79.9,6.6
2042-05-31,42.0,0.0,70.4,9.3
2042-06-01,43.2,0.0,76.5,10.2
2042-06-02,42.6,3.0,73.3,6.0
2042-06-03,40.4,0.0,83.7,6.0
2042-06-04,42.0,0.0,76.8,9.2
2042-06-05,43.4,0.0,70.0,8.4
2042-06-06,45.0,0.0,79.6,7.2
2042-06-07,45.2,0.0,81.0,13.5
2042-06-08,42.4,3.0,73.9,9.7
2042-06-09,43.9,0.0,70.7,8.4
2042-06-10,43.7,0.0,63.7,7.0
2042-06-11,42.6,0.0,80.2,5.8
2042-06-12,42.1,13.2,69.1,9.9
2042-06-13,40.9,16.9,78.5,5.8
2042-06-14,43.1,0.0,65.8,7.7
2042-06-15,40.3,0.0,83.4,10.7
2042-06-16,38.8,0.0,80.9,5.7
2042-06-17,39.0,0.0,75.7,6.4
2042-06-18,43.0,0.0,79.3,6.1
2042-06-19,45.2,0.0,73.3,6.6
2042-06-20,41.4,0.0,69.7,8.8
2042-06-21,44.5,0.0,65.4,5.4
2042-06-22,46.9,51.4,90.4,6.0
2042-06-23,43.7,30.3,76.0,5.1
2042-06-24,38.5,0.0,86.0,7.0
2042-06-25,39.2,22.0,73.2,5.8
2042-06-26,42.2,0.0,78.1,4.8
2042-06-27,45.5,12.6,82.5,6.8
2042-06-28,43.2,0.0,66.1,7.4
2042-06-29,46.6,24.2,76.4,5.7
2042-06-30,41.3,0.0,71.3,8.0
2042-07-01,40.8,0.0,89.7,5.7
2042-07-02,40.3,5.5,72.2,5.3
2042-07-03,43.0,0.0,66.2,4.9
2042-07-04,45.4,0.0,74.2,16.4
2042-07-05,46.7,0.0,66.3,6.9
2042-07-06,43.1,0.0,71.0,6.5
2042-07-07,44.5,0.0,68.9,6.1
2042-07-08,45.0,0.0,73.5,7.7
2042-07-09,41.0,0.0,67.9,9.0
2042-07-10,37.0,0.0,67.0,6.3
2042-07-11,40.0,0.0,75.7,7.8
2042-07-12,39.9,12.0,74.5,8.4
2042-07-13,37.6,0.0,70.0,8.7
2042-07-14,37.8,0.0,60.0,5.7
2042-07-15,39.2,0.0,72.5,5.3
2042-07-16,39.3,8.6,68.9,5.6
2042-07-17,36.5,0.0,70.3,6.0
2042-07-18,41.0,0.0,59.4,6.5
2042-07-19,42.9,2.0,70.3,4.2
2042-07-20,41.7,0.0,69.1,7.5
2042-07-21,40.7,0.0,66.7,4.7
2042-07-22,41.2,0.3,63.2,8.2
2042-07-23,38.6,0.0,73.1,4.6
2042-07-24,39.4,70.5,80.9,25.0
2042-07-25,36.7,0.0,71.3,5.3
2042-07-26,37.0,5.1,73.0,4.7
2042-07-27,35.1,0.0,62.0,9.2
2042-07-28,33.5,19.3,74.5,4.8
2042-07-29,37.8,0.0,63.5,4.7
2042-07-30,38.0,0.0,68.5,9.2
2042-07-31,38.4,85.8,81.8,23.7
2042-08-01,34.2,0.0,64.1,4.7
2042-08-02,33.7,0.0,64.8,5.4
2042-08-03,35.3,0.0,64.0,11.1
2042-08-04,36.1,0.0,65.7,8.5
2042-08-05,31.9,0.0,59.5,4.8
2042-08-06,33.3,0.0,60.4,5.8
2042-08-07,34.6,0.0,66.4,5.4
2042-08-08,37.5,20.7,65.7,5.4
2042-08-09,35.8,6.6,61.4,5.7
2042-08-10,31.3,30.5,65.3,4.3
2042-08-11,30.1,1.8,59.7,4.6
2042-08-12,28.9,0.0,56.1,7.8
2042-08-13,31.6,8.3,66.7,8.1
2042-08-14,26.8,0.0,58.4,5.8
2042-08-15,27.4,12.4,57.9,5.3
2042-08-16,31.6,38.0,68.4,5.4
2042-08-17,32.0,0.0,52.6,9.2
2042-08-18,34.1,37.7,64.4,9.8
2042-08-19,30.6,0.0,65.7,8.7
2042-08-20,27.9,0.0,53.2,6.1
2042-08-21,31.7,0.0,57.5,5.5
2042-08-22,32.1,0.0,68.9,7.1
2042-08-23,32.3,0.0,58.8,5.3
2042-08-24,30.0,8.7,56.9,6.1
2042-08-25,30.5,0.0,47.0,6.1
2042-08-26,28.3,4.2,58.4,5.9
2042-08-27,31.2,15.5,56.2,5.2
2042-08-28,36.6,0.0,58.6,6.5
2042-08-29,36.3,0.0,52.1,5.5
2042-08-30,33.8,0.0,56.6,4.6
2042-08-31,27.9,0.0,62.1,4.8
2042-09-01,24.9,0.0,57.8,5.9
2042-09-02,28.8,0.0,47.5,5.1
2042-09-03,26.8,9.6,56.6,6.0
2042-09-04,26.4,11.1,61.0,8.6
2042-09-05,28.1,0.0,45.5,5.8
2042-09-06,31.0,0.0,61.2,7.1
2042-09-07,29.9,9.0,55.4,9.0
2042-09-08,28.6,64.9,71.2,20.4
2042-09-09,28.4,48.5,62.1,7.0
2042-09-10,26.8,0.0,51.6,9.0
2042-09-11,25.6,9.0,48.8,5.4
2042-09-12,26.5,16.0,62.5,5.9
2042-09-13,26.7,16.4,63.5,12.0
2042-09-14,30.8,7.4,62.6,7.2
2042-09-15,30.5,0.0,40.9,7.6
2042-09-16,31.7,0.0,51.0,6.6
2042-09-17,28.1,0.6,51.4,6.4
2042-09-18,28.4,0.0,45.2,6.2
2042-09-19,26.0,0.0,50.3,8.0
2042-09-20,26.3,0.0,40.9,7.9
2042-09-21,27.1,38.4,64.7,8.3
2042-09-22,26.4,27.0,46.5,7.5
2042-09-23,30.5,0.0,48.4,6.2
2042-09-24,31.7,0.0,50.8,6.3
2042-09-25,32.1,4.7,44.7,6.7
2042-09-26,31.6,0.0,53.1,9.7
2042-09-27,33.1,26.4,43.4,8.0
2042-09-28,27.8,47.5,57.3,9.2
2042-09-29,29.2,26.2,43.4,7.4
2042-09-30,25.5,0.0,41.1,8.6
2042-10-01,23.3,0.0,42.2,7.1
2042-10-02,23.7,0.0,41.6,6.9
2042-10-03,25.4,26.2,57.0,13.5
2042-10-04,21.9,6.6,39.6,7.1
2042-10-05,20.3,0.0,35.8,6.8
2042-10-06,20.2,0.0,41.1,9.1
2042-10-07,19.5,0.0,43.5,9.2
2042-10-08,20.9,0.0,45.2,9.4
2042-10-09,27.2,0.0,48.2,7.8
2042-10-10,26.1,0.0,31.4,9.1
2042-10-11,22.9,0.0,50.3,9.0
2042-10-12,19.1,0.0,37.5,7.2
2042-10-13,18.0,0.0,40.0,6.8
2042-10-14,15.8,0.0,41.3,7.8
2042-10-15,16.8,0.0,30.0,8.9
2042-10-16,17.6,0.0,38.5,7.2
2042-10-17,16.3,7.8,47.3,8.3
2042-10-18,20.1,20.2,48.4,9.2
2042-10-19,17.6,0.0,37.4,9.3
2042-10-20,16.8,0.0,40.8,13.4
2042-10-21,17.7,1.8,42.3,10.1
2042-10-22,18.8,0.0,38.0,7.5
2042-10-23,20.4,0.0,41.5,12.4
2042-10-24,20.0,0.0,34.9,8.6
2042-10-25,20.8,0.0,33.9,8.1
2042-10-26,18.0,0.0,37.0,8.7
2042-10-27,18.9,0.0,26.2,8.3
2042-10-28,19.5,0.0,41.6,7.8
2042-10-29,21.2,0.0,38.3,8.7
2042-10-30,16.1,0.0,36.6,10.0
2042-10-31,13.5,0.0,41.5,8.9
2042-11-01,14.9,0.0,39.3,8.7
2042-11-02,9.0,0.0,42.6,11.8
2042-11-03,10.5,0.0,45.0,10.7
2042-11-04,12.8,0.0,38.6,11.1
2042-11-05,11.3,0.0,33.2,9.0
2042-11-06,10.4,0.0,40.3,11.5
2042-11-07,8.3,8.7,35.1,9.8
2042-11-08,7.7,0.0,32.6,10.6
2042-11-09,7.3,0.0,34.8,11.6
2042-11-10,6.5,0.0,41.9,11.0
2042-11-11,5.8,0.0,39.8,10.8
2042-11-12,6.1,0.0,40.4,9.6
2042-11-13,6.2,0.0,36.4,10.3
2042-11-14,10.6,0.0,38.6,10.6
2042-11-15,9.6,0.0,38.6,10.5
2042-11-16,10.2,0.0,32.1,10.8
2042-11-17,8.9,0.0,38.4,10.7
2042-11-18,7.7,0.0,35.4,15.1
2042-11-19,4.5,0.0,33.3,9.9
2042-11-20,2.2,0.0,33.5,9.5
2042-11-21,1.1,0.0,32.5,10.2
2042-11-22,2.9,1.5,34.1,13.0
2042-11-23,6.1,0.0,35.1,11.8
2042-11-24,3.0,23.0,44.2,10.1
2042-11-25,2.9,0.0,42.6,11.3
2042-11-26,1.2,0.0,37.9,13.4
2042-11-27,2.0,0.0,35.6,12.8
2042-11-28,5.3,0.0,25.0,10.1
2042-11-29,4.9,0.0,47.1,12.8
2042-11-30,5.3,0.0,31.5,13.5
2042-12-01,8.7,0.0,31.6,11.2
2042-12-02,9.4,0.0,41.3,11.5
2042-12-03,7.4,0.0,29.5,11.7
2042-12-04,7.7,0.0,36.9,17.5
2042-12-05,6.0,0.0,32.8,12.8
2042-12-06,7.1,0.0,33.9,12.1
2042-12-07,8.1,0.0,35.4,12.3
2042-12-08,5.2,0.0,29.2,10.6
2042-12-09,5.9,0.0,34.6,13.5
2042-12-10,5.9,0.0,40.4,15.7
2042-12-11,7.2,0.0,35.0,15.5
2042-12-12,8.8,0.0,52.9,11.5
2042-12-13,9.4,0.0,36.0,13.2
2042-12-14,8.3,0.7,29.8,11.0
2042-12-15,9.9,0.0,33.1,14.1
2042-12-16,7.6,0.0,26.1,11.4
2042-12-17,4.8,0.0,41.3,14.8
2042-12-18,-1.2,1.9,44.5,13.5
2042-12-19,0.3,0.0,40.3,11.2
2042-12-20,0.0,0.0,32.0,14.7
2042-12-21,2.2,0.0,32.0,11.2
2042-12-22,-0.8,0.8,40.3,11.8
2042-12-23,-0.5,0.0,34.0,11.5
2042-12-24,2.0,4.1,33.4,19.1
2042-12-25,1.0,0.0,32.0,13.7
2042-12-26,3.0,0.0,46.4,13.1
2042-12-27,2.8,0.0,34.8,12.5
2042-12-28,3.6,0.0,41.5,20.9
2042-12-29,5.6,0.0,40.2,13.0
2042-12-30,7.9,0.0,33.4,20.6
2042-12-31,8.0,2.3,38.6,13.2
2043-01-01,6.3,0.0,33.0,16.1
2043-01-02,5.7,0.0,45.4,16.7
2043-01-03,7.4,0.0,33.8,12.4
2043-01-04,5.4,0.0,40.4,14.1
2043-01-05,5.6,0.0,36.3,16.0
2043-01-06,5.3,0.0,34.3,11.8
2043-01-07,5.7,0.0,44.6,15.2
2043-01-08,4.2,0.0,36.8,14.8
2043-01-09,1.4,0.0,30.5,14.6
2043-01-10,3.9,0.0,42.0,12.5
2043-01-11,6.8,0.0,36.5,11.9
2043-01-12,3.6,0.0,41.1,12.9
2043-01-13,5.4,0.0,44.8,13.0
2043-01-14,8.4,0.0,42.6,14.9
2043-01-15,9.7,0.0,45.5,12.8
2043-01-16,8.9,150.3,64.8,28.9
2043-01-17,7.1,0.0,47.5,12.0
2043-01-18,7.8,0.0,40.3,15.5
2043-01-19,8.8,0.0,34.9,13.0
2043-01-20,9.2,5.8,31.5,14.2
2043-01-21,9.1,0.0,41.0,12.4
2043-01-22,7.2,0.0,38.9,14.8
2043-01-23,8.8,0.0,39.3,13.9
2043-01-24,10.1,0.0,45.1,14.6
2043-01-25,10.7,0.0,52.3,18.8
2043-01-26,11.1,0.0,39.4,13.0
2043-01-27,14.5,6.2,46.3,12.5
2043-01-28,12.7,0.0,41.7,14.2
2043-01-29,15.1,0.0,39.9,12.9
2043-01-30,13.1,0.0,40.0,13.5
2043-01-31,15.1,0.0,53.6,13.6
2043-02-01,17.1,0.0,45.8,20.4
2043-02-02,15.7,18.4,49.7,13.3
2043-02-03,18.5,0.0,42.9,16.0
2043-02-04,18.4,0.0,47.0,12.1
2043-02-05,15.6,0.0,43.8,13.1
2043-02-06,14.5,0.0,56.9,13.7
2043-02-07,16.7,0.0,48.9,13.3
2043-02-08,18.0,0.0,48.6,13.6
2043-02-09,15.2,0.0,48.8,12.7
2043-02-10,14.9,0.0,55.1,15.8
2043-02-11,15.3,0.0,48.8,12.7
2043-02-12,14.3,0.0,46.8,12.5
2043-02-13,19.2,0.0,50.4,14.0
2043-02-14,19.0,0.0,53.8,14.5
2043-02-15,18.3,0.0,56.1,13.5
2043-02-16,20.3,0.5,51.8,12.3
2043-02-17,18.8,0.0,52.0,16.0
2043-02-18,20.5,0.0,56.2,13.7
2043-02-19,16.5,0.0,37.9,13.3
2043-02-20,15.8,0.0,52.4,13.5
2043-02-21,18.3,0.0,49.3,17.6
2043-02-22,21.4,0.0,52.9,12.3
2043-02-23,19.2,0.0,54.7,15.5
2043-02-24,17.3,0.0,59.5,12.1
2043-02-25,18.8,0.0,46.7,14.3
2043-02-26,17.6,0.0,50.4,12.0
2043-02-27,17.4,0.0,49.9,16.3
2043-02-28,19.7,0.0,51.6,14.2
2043-03-01,18.7,0.0,48.1,11.6
2043-03-02,15.1,4.1,67.1,14.3
2043-03-03,13.6,0.0,60.0,13.3
2043-03-04,15.1,0.0,52.2,11.6
2043-03-05,12.6,0.0,56.5,18.2
2043-03-06,13.8,0.0,54.5,13.1
2043-03-07,12.6,0.0,57.8,13.4
2043-03-08,17.8,0.0,53.6,12.7
2043-03-09,23.1,0.0,50.1,13.4
2043-03-10,20.9,1.8,55.7,11.8
2043-03-11,21.9,0.0,65.3,11.6
2043-03-12,20.3,0.0,51.3,13.0
2043-03-13,20.4,0.0,64.6,11.3
2043-03-14,24.7,0.0,62.2,12.2
2043-03-15,23.7,0.0,57.8,11.5
2043-03-16,23.3,0.0,63.9,11.7
2043-03-17,21.8,3.9,62.5,15.3
2043-03-18,24.8,0.0,50.1,13.1
2043-03-19,18.4,0.0,59.1,15.7
2043-03-20,19.0,0.0,59.5,11.6
2043-03-21,20.4,0.2,69.0,13.9
2043-03-22,20.3,0.0,60.1,14.6
2043-03-23,23.3,0.0,61.3,10.8
2043-03-24,26.5,0.0,56.9,11.4
2043-03-25,23.9,0.0,62.7,13.4
2043-03-26,28.8,0.0,57.4,11.5
2043-03-27,25.8,0.0,69.1,10.9
2043-03-28,28.9,4.7,63.0,18.8
2043-03-29,29.2,0.0,58.3,10.3
2043-03-30,28.1,0.0,70.7,10.8
2043-03-31,27.6,0.0,58.3,11.2
2043-04-01,27.9,0.0,66.5,11.6
2043-04-02,28.7,0.0,58.0,11.4
2043-04-03,27.2,0.0,67.2,11.1
2043-04-04,27.4,0.0,71.4,10.9
2043-04-05,26.5,0.0,63.1,10.7
2043-04-06,25.0,8.5,62.8,12.2
2043-04-07,24.6,0.0,61.2,11.1
2043-04-08,23.7,0.0,66.9,9.9
2043-04-09,24.6,4.6,78.2,10.9
2043-04-10,27.0,2.0,73.5,11.5
2043-04-11,28.3,0.0,73.8,19.9
2043-04-12,33.2,0.0,62.9,10.4
2043-04-13,28.7,0.0,74.0,12.4
2043-04-14,30.6,0.0,73.7,13.0
2043-04-15,31.2,0.0,70.5,10.3
2043-04-16,33.4,0.0,66.1,13.1
2043-04-17,35.0,0.0,74.3,12.2
2043-04-18,34.5,0.0,66.3,12.5
2043-04-19,34.9,4.7,74.4,9.6
2043-04-20,33.4,0.0,68.3,17.1
2043-04-21,35.0,0.0,65.5,11.9
2043-04-22,31.4,0.0,68.6,9.2
2043-04-23,33.8,0.0,80.7,9.8
2043-04-24,34.2,0.0,65.2,10.7
2043-04-25,33.6,0.0,76.2,10.7
2043-04-26,33.7,0.0,75.6,11.5
2043-04-27,34.0,3.8,71.7,11.0
2043-04-28,37.2,0.0,69.1,9.1
2043-04-29,43.6,0.0,65.8,12.7
2043-04-30,44.8,0.0,78.6,12.8
2043-05-01,42.3,0.0,66.4,10.9
2043-05-02,42.6,0.0,58.6,11.6
2043-05-03,43.1,0.0,74.2,9.1
2043-05-04,40.3,3.5,67.0,8.8
2043-05-05,37.4,0.0,72.4,8.9
2043-05-06,37.5,0.0,66.4,13.1
2043-05-07,39.4,0.0,70.4,8.9
2043-05-08,36.1,0.0,73.8,9.5
2043-05-09,35.3,0.0,74.9,8.5
2043-05-10,37.3,0.0,80.4,7.7
2043-05-11,37.8,0.0,73.8,8.2
2043-05-12,41.1,4.5,75.6,8.7
2043-05-13,38.0,0.0,72.8,9.7
2043-05-14,43.2,0.0,78.7,10.6
2043-05-15,39.5,0.0,68.6,7.4
2043-05-16,35.7,0.0,72.1,9.3
2043-05-17,36.5,15.4,78.3,7.4
2043-05-18,35.1,0.0,70.0,7.5
2043-05-19,36.2,0.0,81.5,9.9
2043-05-20,37.0,0.0,76.2,7.3
2043-05-21,37.5,0.0,68.6,8.2
2043-05-22,36.6,0.0,76.8,7.5
2043-05-23,38.4,0.0,81.3,9.6
2043-05-24,38.4,0.0,71.2,9.0
2043-05-25,41.3,0.0,81.7,8.8
2043-05-26,41.1,0.0,76.2,7.0
2043-05-27,39.3,0.0,76.0,8.2
2043-05-28,36.5,0.0,81.0,8.9
2043-05-29,37.3,0.0,76.0,7.5
2043-05-30,35.7,0.0,76.9,6.7
2043-05-31,34.4,0.0,75.5,7.7
2043-06-01,37.0,6.4,67.8,7.6
2043-06-02,34.6,31.6,85.0,11.0
2043-06-03,39.0,0.0,76.2,7.7
2043-06-04,40.0,43.3,83.9,7.1
2043-06-05,40.5,18.5,66.8,7.3
2043-06-06,38.9,0.0,78.0,6.7
2043-06-07,41.2,8.5,72.7,6.5
2043-06-08,41.5,0.0,69.2,6.9
2043-06-09,40.4,0.0,68.7,6.9
2043-06-10,41.3,0.0,64.9,6.7
2043-06-11,38.3,3.3,77.8,6.3
2043-06-12,36.0,0.0,86.4,10.9
2043-06-13,35.1,0.0,71.6,6.2
2043-06-14,37.4,0.0,78.5,9.6
2043-06-15,38.5,14.0,77.4,6.5
2043-06-16,41.5,0.0,75.6,5.9
2043-06-17,40.0,0.0,73.8,6.2
2043-06-18,41.8,0.0,78.0,5.4
2043-06-19,41.8,0.0,67.9,7.1
2043-06-20,40.1,0.0,74.4,8.5
2043-06-21,41.5,0.0,79.4,7.2
2043-06-22,41.7,32.0,85.1,6.7
2043-06-23,40.6,18.1,79.6,14.0
2043-06-24,41.2,0.0,73.8,5.5
2043-06-25,41.3,26.2,78.0,8.7
2043-06-26,41.3,0.0,71.3,7.2
2043-06-27,40.7,0.0,65.2,5.0
2043-06-28,38.5,0.0,75.3,5.5
2043-06-29,39.5,47.7,91.3,5.3
2043-06-30,38.5,0.0,73.9,7.5
2043-07-01,37.2,0.0,72.3,6.4
2043-07-02,37.8,0.0,75.1,5.9
2043-07-03,40.2,0.0,61.3,5.6
2043-07-04,40.9,0.6,69.3,4.6
2043-07-05,40.1,0.0,71.2,7.2
2043-07-06,39.4,31.0,70.6,11.2
2043-07-07,41.1,0.0,71.9,8.7
2043-07-08,36.5,53.2,75.0,6.1
2043-07-09,39.1,70.9,91.9,25.0
2043-07-10,35.9,9.1,73.9,6.9
2043-07-11,34.1,14.5,72.9,9.9
2043-07-12,34.5,0.0,73.9,4.5
2043-07-13,40.2,0.0,70.6,5.7
2043-07-14,43.7,4.8,73.2,10.2
2043-07-15,44.6,12.9,74.0,4.6
2043-07-16,44.5,0.0,64.8,5.9
2043-07-17,40.0,1.3,77.0,5.4
2043-07-18,40.4,0.0,74.8,4.9
2043-07-19,39.3,72.8,88.7,21.8
2043-07-20,37.8,0.0,68.9,4.8
2043-07-21,38.5,0.0,71.6,5.4
2043-07-22,37.8,6.7,75.6,5.4
2043-07-23,39.9,0.0,76.8,5.2
2043-07-24,35.9,0.0,64.3,5.2
2043-07-25,36.7,0.0,72.0,4.6
2043-07-26,35.4,0.0,66.0,5.0
2043-07-27,35.3,0.0,58.1,9.5
2043-07-28,36.6,0.0,70.1,5.9
2043-07-29,34.7,0.0,73.0,5.6
2043-07-30,35.7,27.9,77.2,7.6
2043-07-31,35.7,0.0,64.2,5.2
2043-08-01,34.8,0.0,66.7,4.2
2043-08-02,34.4,44.8,79.1,7.3
2043-08-03,34.7,4.8,68.2,4.5
2043-08-04,33.6,0.6,70.1,5.1
2043-08-05,34.3,30.9,75.9,4.3
2043-08-06,34.2,7.1,62.1,4.7
2043-08-07,33.4,3.8,64.0,4.7
2043-08-08,37.1,9.4,62.4,6.1
2043-08-09,37.7,0.0,63.0,4.3
2043-08-10,36.5,51.1,65.3,7.7
2043-08-11,36.6,2.5,71.9,5.2
2043-08-12,34.2,1.9,57.8,5.4
2043-08-13,33.5,9.3,60.7,5.6
2043-08-14,33.1,5.7,62.4,4.4
2043-08-15,30.8,0.0,53.4,6.9
2043-08-16,32.2,3.1,59.0,6.8
2043-08-17,31.5,34.4,69.0,6.8
2043-08-18,31.2,0.0,67.5,4.6
2043-08-19,30.5,0.0,59.6,4.7
2043-08-20,36.9,0.0,56.6,6.0
2043-08-21,34.7,10.4,55.2,5.2
2043-08-22,30.1,0.0,68.6,5.6
2043-08-23,27.3,0.0,58.0,5.4
2043-08-24,29.7,16.0,61.7,9.6
2043-08-25,32.8,0.0,50.0,7.0
2043-08-26,31.1,0.0,59.2,5.0
2043-08-27,33.6,0.0,53.3,5.8
2043-08-28,34.5,97.4,87.6,24.5
2043-08-29,33.3,0.0,57.8,5.5
2043-08-30,32.1,0.0,55.8,5.7
2043-08-31,32.0,0.0,48.2,5.4
2043-09-01,33.3,29.9,61.5,6.2
2043-09-02,33.2,3.4,53.9,6.9
2043-09-03,31.0,11.0,57.2,5.8
2043-09-04,30.2,0.0,43.6,5.2
2043-09-05,33.7,0.0,48.6,6.1
2043-09-06,33.1,36.1,59.3,6.2
2043-09-07,33.7,9.5,57.3,11.5
2043-09-08,33.5,1.0,42.7,7.2
2043-09-09,32.8,0.0,58.7,5.1
2043-09-10,31.8,10.6,60.3,6.5
2043-09-11,32.5,7.4,47.9,8.5
2043-09-12,32.7,0.0,63.1,7.2
2043-09-13,31.8,0.0,51.6,6.7
2043-09-14,29.2,0.0,49.5,5.8
2043-09-15,29.1,0.0,52.7,7.4
2043-09-16,28.1,0.1,51.5,6.2
2043-09-17,26.8,45.0,60.9,7.7
2043-09-18,31.6,43.3,54.1,8.5
2043-09-19,27.0,0.0,46.2,9.3
2043-09-20,28.3,0.0,49.9,8.6
2043-09-21,25.5,44.1,63.0,7.4
2043-09-22,25.3,0.0,54.6,5.9
2043-09-23,29.9,0.0,44.8,6.2
2043-09-24,26.5,0.0,47.2,7.0
2043-09-25,24.1,0.0,43.2,8.5
2043-09-26,23.6,0.6,51.8,7.4
2043-09-27,21.5,0.0,44.3,8.0
2043-09-28,23.2,0.0,42.6,9.5
2043-09-29,21.7,0.0,45.6,8.3
2043-09-30,22.7,0.0,36.6,7.1
2043-10-01,19.6,0.0,47.4,11.9
2043-10-02,16.0,0.0,42.8,8.9
2043-10-03,16.3,0.0,57.9,9.2
2043-10-04,13.8,0.0,40.7,8.3
2043-10-05,17.9,0.0,42.2,11.2
2043-10-06,15.0,0.0,48.3,12.2
2043-10-07,13.6,3.5,47.7,9.2
2043-10-08,15.4,0.0,47.9,10.6
2043-10-09,14.7,0.0,41.0,7.9
2043-10-10,12.2,0.0,36.4,10.5
2043-10-11,17.3,0.0,55.2,10.0
2043-10-12,15.3,3.7,45.2,7.2
2043-10-13,15.2,0.0,42.5,9.9
2043-10-14,15.0,0.0,45.2,7.0
2043-10-15,16.7,0.0,34.4,7.4
2043-10-16,17.5,0.0,38.4,10.6
2043-10-17,15.5,0.0,35.2,7.3
2043-10-18,14.8,0.0,41.0,7.7
2043-10-19,14.4,0.0,33.1,10.5
2043-10-20,16.0,0.0,43.1,9.1
2043-10-21,13.4,0.0,45.4,8.0
2043-10-22,17.6,3.3,45.8,8.7
2043-10-23,15.4,0.0,41.3,9.7
2043-10-24,15.1,0.0,39.8,8.8
2043-10-25,12.5,0.0,36.6,15.7
2043-10-26,10.1,0.0,40.7,12.4
2043-10-27,8.9,0.0,37.7,8.2
2043-10-28,7.8,0.0,28.7,11.7
2043-10-29,8.0,0.0,34.8,9.7
2043-10-30,6.9,0.0,41.7,12.3
2043-10-31,9.4,0.0,31.9,11.5
2043-11-01,8.3,0.1,31.7,8.6
2043-11-02,7.2,4.8,37.4,9.9
2043-11-03,7.3,0.0,26.2,9.2
2043-11-04,10.1,0.0,40.6,10.0
2043-11-05,10.8,0.0,40.0,9.6
2043-11-06,10.6,0.0,41.4,12.2
2043-11-07,7.8,0.0,37.6,9.8
2043-11-08,6.1,0.0,32.1,14.0
2043-11-09,4.4,0.0,30.1,10.8
2043-11-10,8.2,0.0,38.9,9.3
2043-11-11,9.6,0.0,39.6,11.0
2043-11-12,8.0,0.0,30.3,8.9
2043-11-13,7.2,0.0,29.6,9.1
2043-11-14,6.0,0.0,35.6,10.2
2043-11-15,4.9,0.0,36.3,10.1
2043-11-16,6.7,0.0,40.2,10.1
2043-11-17,6.6,0.6,38.9,9.5
2043-11-18,11.3,0.0,35.0,9.7
2043-11-19,13.3,0.0,40.5,11.4
2043-11-20,15.0,4.7,34.7,10.9
2043-11-21,15.0,0.0,33.7,17.0
2043-11-22,12.9,0.0,39.4,12.1
2043-11-23,13.2,0.0,39.9,9.6
2043-11-24,11.5,0.0,40.0,9.8
2043-11-25,14.0,0.0,34.2,11.9
2043-11-26,13.6,0.0,35.4,11.3
2043-11-27,13.0,0.0,30.7,10.6
2043-11-28,12.2,0.0,39.5,17.1
2043-11-29,14.8,4.4,33.1,12.3
2043-11-30,10.5,7.0,26.8,13.0
2043-12-01,13.6,0.0,32.8,10.7
2043-12-02,12.0,0.0,30.7,16.1
2043-12-03,8.2,0.0,21.5,12.3
2043-12-04,6.6,0.0,32.2,10.5
2043-12-05,3.4,0.7,39.2,11.6
2043-12-06,5.5,0.0,37.2,11.6
2043-12-07,3.7,0.0,37.2,14.2
2043-12-08,4.7,0.0,42.3,11.4
2043-12-09,7.5,0.0,32.4,10.9
2043-12-10,6.0,0.0,29.6,12.9
2043-12-11,5.7,0.0,37.8,12.6
2043-12-12,3.3,0.0,37.2,13.7
2043-12-13,3.3,1.0,29.4,15.4
2043-12-14,9.2,0.0,34.7,15.1
2043-12-15,10.3,0.0,38.4,19.0
2043-12-16,9.1,5.9,38.6,16.8
2043-12-17,7.4,0.0,39.5,13.7
2043-12-18,7.3,0.0,32.6,12.7
2043-12-19,7.5,0.0,29.0,13.0
2043-12-20,6.5,0.0,31.6,14.7
2043-12-21,7.7,0.0,40.6,12.1
2043-12-22,5.7,0.0,41.6,12.4
2043-12-23,4.0,0.0,35.7,14.0
2043-12-24,5.4,0.0,44.3,11.6
2043-12-25,3.4,0.0,36.0,12.2
2043-12-26,5.6,0.0,34.4,12.0
2043-12-27,5.9,0.0,30.1,16.1
2043-12-28,2.6,0.0,36.9,11.9
2043-12-29,3.7,0.0,42.8,12.6
2043-12-30,1.1,14.5,47.6,12.4
2043-12-31,3.8,0.0,43.2,12.8
2044-01-01,4.1,0.0,40.5,14.1
2044-01-02,8.5,0.0,46.2,13.9
2044-01-03,10.5,0.0,33.5,13.6
2044-01-04,7.9,0.0,44.5,14.4
2044-01-05,3.9,0.0,40.2,13.9
2044-01-06,3.2,0.0,40.0,11.7
2044-01-07,1.8,0.0,32.1,14.6
2044-01-08,6.7,0.0,41.1,13.8
2044-01-09,7.1,0.0,45.4,16.8
2044-01-10,9.3,0.0,29.2,12.4
2044-01-11,8.6,0.0,44.0,13.5
2044-01-12,8.3,0.0,28.9,14.1
2044-01-13,8.4,0.7,33.6,17.9
2044-01-14,10.7,0.0,40.3,12.3
2044-01-15,11.1,0.0,48.9,13.8
2044-01-16,8.7,0.0,40.6,14.0
2044-01-17,12.1,0.0,43.9,12.6
2044-01-18,11.1,0.0,37.2,13.2
2044-01-19,9.9,0.0,41.1,13.3
2044-01-20,4.3,0.0,42.0,12.7
2044-01-21,6.8,5.6,52.1,14.1
2044-01-22,7.7,0.0,39.1,14.3
2044-01-23,8.5,0.0,39.8,14.1
2044-01-24,8.2,0.0,48.8,12.3
2044-01-25,7.6,0.0,42.4,13.0
2044-01-26,7.6,0.0,44.5,18.6
2044-01-27,9.3,5.3,47.7,12.9
2044-01-28,11.1,0.0,41.3,12.4
2044-01-29,10.8,0.0,34.6,13.3
2044-01-30,13.0,0.0,50.5,12.1
2044-01-31,12.7,0.0,46.0,21.5
2044-02-01,11.7,0.0,39.3,12.3
2044-02-02,12.3,0.0,49.9,12.7
2044-02-03,9.7,0.0,56.4,12.8
2044-02-04,10.9,0.0,52.6,14.3
2044-02-05,8.3,0.0,57.4,12.2
2044-02-06,7.4,0.0,41.1,23.7
2044-02-07,4.7,0.0,48.9,13.7
2044-02-08,6.2,0.0,49.7,12.1
2044-02-09,11.1,1.7,48.1,18.7
2044-02-10,11.6,0.0,46.9,14.2
2044-02-11,13.6,11.1,36.9,13.2
2044-02-12,18.6,0.0,57.7,12.1
2044-02-13,18.8,0.0,41.5,13.7
2044-02-14,16.7,6.9,56.1,13.1
2044-02-15,15.3,0.0,50.3,12.1
2044-02-16,15.5,0.0,50.4,13.7
2044-02-17,14.5,0.0,49.9,12.9
2044-02-18,13.8,11.9,55.2,12.9
2044-02-19,16.5,0.0,54.8,15.8
2044-02-20,18.7,0.0,56.7,16.7
2044-02-21,15.2,0.0,51.6,15.0
2044-02-22,14.2,0.0,46.6,14.5
2044-02-23,14.1,0.0,46.7,14.8
2044-02-24,16.2,1.1,58.8,12.3
2044-02-25,19.0,0.0,52.3,12.9
2044-02-26,24.4,0.0,48.8,14.7
2044-02-27,22.5,0.0,50.6,14.2
2044-02-28,21.1,0.0,54.2,12.1
2044-02-29,22.1,0.0,48.6,13.5
2044-03-01,20.4,6.5,56.8,12.0
2044-03-02,20.2,0.0,62.0,12.1
2044-03-03,19.5,0.0,55.4,14.6
2044-03-04,14.6,2.3,48.1,13.7
2044-03-05,16.3,0.0,61.1,13.5
2044-03-06,17.0,0.0,62.6,12.7
2044-03-07,20.6,0.0,63.2,13.5
2044-03-08,21.0,0.0,58.0,12.8
2044-03-09,18.9,0.0,69.7,12.0
2044-03-10,19.2,0.0,62.1,14.2
2044-03-11,15.9,0.0,73.7,11.2
2044-03-12,15.0,0.0,65.9,12.2
2044-03-13,18.1,0.0,65.4,15.8
2044-03-14,18.9,0.0,56.7,12.0
2044-03-15,21.9,1.2,55.7,11.8
2044-03-16,18.6,0.0,61.0,11.0
2044-03-17,19.4,0.0,59.8,11.8
2044-03-18,19.7,0.0,58.4,14.3
2044-03-19,22.9,0.2,60.8,16.3
2044-03-20,24.9,0.0,60.8,12.9
2044-03-21,26.5,0.0,58.9,11.5
2044-03-22,29.7,0.0,65.7,15.3
2044-03-23,28.4,0.0,59.0,15.1
2044-03-24,30.9,2.4,63.4,12.9
2044-03-25,28.2,0.0,57.3,10.8
2044-03-26,26.0,0.0,64.2,11.3
2044-03-27,28.0,0.0,65.0,11.5
2044-03-28,25.1,0.0,59.5,10.9
2044-03-29,27.0,0.0,64.9,12.9
2044-03-30,27.7,0.0,64.4,11.6
2044-03-31,30.2,0.0,62.9,11.1
2044-04-01,30.0,0.0,63.2,11.5
2044-04-02,30.2,2.9,68.7,10.3
2044-04-03,31.3,0.0,66.2,11.2
2044-04-04,29.8,0.0,71.1,14.7
2044-04-05,28.7,0.0,61.4,11.4
2044-04-06,30.2,0.0,66.0,10.5
2044-04-07,30.4,0.0,64.1,10.5
2044-04-08,29.9,0.0,67.7,10.0
2044-04-09,30.2,0.0,69.1,11.8
2044-04-10,33.9,0.0,62.1,10.4
2044-04-11,32.8,0.0,71.2,14.6
2044-04-12,31.9,0.0,79.3,16.3
2044-04-13,28.8,0.0,69.6,11.7
2044-04-14,29.7,0.0,64.7,10.4
2044-04-15,31.8,0.0,67.8,10.2
2044-04-16,34.0,0.0,67.9,12.7
2044-04-17,34.3,0.0,66.4,12.1
2044-04-18,36.3,0.0,73.6,15.5
2044-04-19,37.5,0.0,61.1,10.2
2044-04-20,39.3,0.0,71.8,16.7
2044-04-21,40.5,0.0,77.1,10.1
2044-04-22,42.7,0.0,76.9,11.2
2044-04-23,41.0,0.0,76.1,9.1
2044-04-24,37.4,0.0,67.9,9.1
2044-04-25,38.5,0.0,78.7,9.3
2044-04-26,39.7,0.0,73.5,9.8
2044-04-27,42.3,0.0,78.9,8.8
2044-04-28,43.8,0.0,77.4,12.8
2044-04-29,46.4,0.0,73.7,11.3
2044-04-30,45.9,0.0,71.1,9.0
2044-05-01,44.8,0.0,84.3,8.3
2044-05-02,40.7,0.0,63.8,16.5
2044-05-03,40.8,0.0,72.0,13.4
2044-05-04,39.2,0.0,66.0,8.4
2044-05-05,39.5,0.0,73.7,8.9
2044-05-06,39.5,0.0,75.1,10.2
2044-05-07,40.4,0.0,70.2,9.6
2044-05-08,40.0,0.0,70.7,8.4
2044-05-09,41.7,0.0,67.1,10.5
2044-05-10,35.9,0.1,76.1,10.1
2044-05-11,37.0,0.0,71.6,9.6
2044-05-12,40.0,0.0,76.1,11.2
2044-05-13,43.8,0.0,71.5,8.1
2044-05-14,44.6,0.0,75.5,9.5
2044-05-15,47.1,0.0,78.0,7.6
2044-05-16,46.2,0.0,76.8,9.3
2044-05-17,45.1,0.0,75.5,10.1
2044-05-18,45.3,0.0,74.0,6.9
2044-05-19,44.5,0.0,77.0,10.6
2044-05-20,42.3,0.0,71.7,16.0
2044-05-21,41.1,0.0,73.8,15.1
2044-05-22,38.9,0.0,76.5,7.0
2044-05-23,40.5,0.0,82.5,6.9
2044-05-24,40.8,55.8,85.8,12.2
2044-05-25,40.3,0.0,70.5,6.6
2044-05-26,39.5,0.0,76.4,11.2
2044-05-27,41.0,0.0,81.0,6.6
2044-05-28,42.8,0.2,79.1,6.6
2044-05-29,40.4,0.0,75.1,11.4
2044-05-30,38.2,0.8,81.3,8.6
2044-05-31,41.0,0.0,65.9,6.7
2044-06-01,38.5,8.6,82.2,9.8
2044-06-02,40.4,0.0,73.4,8.0
2044-06-03,44.1,43.6,89.0,7.4
2044-06-04,47.1,23.1,85.8,6.2
2044-06-05,47.7,48.8,88.1,6.3
2044-06-06,48.1,0.0,75.2,8.6
2044-06-07,50.0,17.3,77.2,6.1
2044-06-08,45.2,10.6,85.9,6.6
2044-06-09,43.8,0.0,76.4,6.3
2044-06-10,45.3,0.0,75.8,11.0
2044-06-11,44.2,0.0,82.1,6.6
2044-06-12,46.4,0.0,72.0,7.0
2044-06-13,45.7,0.0,73.2,5.5
2044-06-14,45.4,0.0,79.0,6.5
2044-06-15,44.4,0.0,83.1,5.8
2044-06-16,43.1,0.0,74.4,6.6
2044-06-17,42.0,19.4,80.9,6.1
2044-06-18,42.7,4.8,67.2,5.4
2044-06-19,41.2,45.2,91.6,6.1
2044-06-20,43.5,53.8,81.8,5.0
2044-06-21,44.7,0.0,70.9,5.8
2044-06-22,46.5,15.3,78.3,17.8
2044-06-23,43.6,0.0,70.1,7.4
2044-06-24,40.0,0.0,63.5,6.8
2044-06-25,40.6,0.0,66.9,5.4
2044-06-26,46.8,16.4,77.5,7.3
2044-06-27,48.5,0.0,80.2,5.3
2044-06-28,46.2,0.8,79.9,10.2
2044-06-29,46.3,3.3,75.2,8.7
2044-06-30,47.0,35.0,81.8,5.2
2044-07-01,43.4,15.1,79.9,5.6
2044-07-02,45.9,0.0,78.5,7.2
2044-07-03,44.8,30.6,80.0,5.6
2044-07-04,44.1,0.0,72.3,6.6
2044-07-05,43.7,5.4,73.7,9.5
2044-07-06,45.7,0.0,76.2,8.6
2044-07-07,43.4,0.9,64.3,5.3
2044-07-08,39.6,0.0,70.8,6.6
2044-07-09,40.7,15.5,76.4,4.4
2044-07-10,36.7,0.0,60.8,4.9
2044-07-11,37.0,0.0,74.6,6.8
2044-07-12,40.2,0.0,75.2,6.0
2044-07-13,41.6,19.7,64.8,5.2
2044-07-14,43.5,0.0,67.3,4.8
2044-07-15,44.2,0.0,67.2,5.4
2044-07-16,48.3,0.0,64.4,11.4
2044-07-17,45.5,0.0,64.9,6.1
2044-07-18,45.3,0.0,65.7,5.0
2044-07-19,43.4,0.0,71.2,4.5
2044-07-20,44.6,0.0,74.1,4.9
2044-07-21,43.5,14.2,73.9,4.8
2044-07-22,46.1,21.6,68.1,4.4
2044-07-23,43.7,0.0,71.0,5.1
2044-07-24,45.6,0.0,69.8,5.7
2044-07-25,45.5,20.8,57.0,4.3
2044-07-26,44.1,11.1,75.2,8.2
2044-07-27,44.1,23.0,72.3,4.9
2044-07-28,43.5,22.8,72.2,5.3
2044-07-29,43.1,0.0,56.6,6.5
2044-07-30,41.7,0.0,73.1,5.6
2044-07-31,39.5,11.0,69.2,5.1
2044-08-01,38.4,48.6,80.5,4.2
2044-08-02,34.8,17.0,61.7,8.1
2044-08-03,37.0,0.0,66.4,4.7
2044-08-04,34.5,0.0,66.2,4.9
2044-08-05,34.5,1.4,62.8,4.9
2044-08-06,36.1,4.7,57.6,7.0
2044-08-07,37.8,0.0,62.2,4.4
2044-08-08,33.9,0.0,57.5,4.6
2044-08-09,34.0,0.0,58.4,5.8
2044-08-10,35.2,0.0,67.4,7.7
2044-08-11,35.3,0.0,61.7,5.8
2044-08-12,37.9,0.0,60.5,6.4
2044-08-13,35.6,0.0,54.7,5.8
2044-08-14,31.2,5.6,61.4,5.6
2044-08-15,33.4,5.0,60.4,7.2
2044-08-16,32.4,17.3,59.0,6.0
2044-08-17,29.1,0.0,64.7,9.9
2044-08-18,29.6,0.0,64.1,5.1
2044-08-19,32.8,16.7,58.9,9.3
2044-08-20,30.2,0.0,60.2,4.9
2044-08-21,35.3,0.0,48.7,5.7
2044-08-22,33.0,7.1,60.9,4.9
2044-08-23,32.9,0.0,61.1,5.5
2044-08-24,30.2,0.0,51.3,5.1
2044-08-25,30.5,1.0,56.9,5.1
2044-08-26,30.3,0.0,56.8,4.8
2044-08-27,27.4,30.2,77.9,5.8
2044-08-28,33.7,0.0,68.4,6.6
2044-08-29,31.9,0.0,56.8,14.8
2044-08-30,30.5,0.0,51.5,6.8
2044-08-31,32.2,0.0,55.7,6.4
2044-09-01,35.3,16.1,63.8,5.5
2044-09-02,36.2,43.5,56.3,6.1
2044-09-03,32.3,0.0,43.0,5.0
2044-09-04,31.9,10.5,50.0,6.1
2044-09-05,27.4,0.0,56.6,4.9
2044-09-06,29.2,8.9,58.7,6.1
2044-09-07,25.6,19.5,59.2,14.7
2044-09-08,24.3,0.0,57.3,6.6
2044-09-09,24.7,0.0,50.5,10.8
2044-09-10,26.0,0.0,49.7,14.4
2044-09-11,25.5,0.0,52.7,5.4
2044-09-12,28.6,2.4,59.5,7.2
2044-09-13,29.4,0.0,52.1,5.5
2044-09-14,29.8,0.0,49.2,5.7
2044-09-15,26.4,0.0,51.4,6.2
2044-09-16,29.4,6.4,57.8,7.1
2044-09-17,26.8,0.0,46.9,6.0
2044-09-18,29.7,15.6,50.1,7.4
2044-09-19,32.5,0.0,45.7,12.2
2044-09-20,31.7,3.0,52.6,8.0
2044-09-21,32.0,0.0,43.5,12.6
2044-09-22,24.0,0.0,50.3,6.6
2044-09-23,23.3,0.0,39.5,6.6
2044-09-24,25.2,0.0,45.2,6.4
2044-09-25,26.4,0.0,45.9,8.4
2044-09-26,23.0,6.9,56.5,6.4
2044-09-27,22.0,0.0,50.4,12.3
2044-09-28,16.7,0.0,43.5,6.3
2044-09-29,18.3,36.3,51.5,6.7
2044-09-30,14.9,50.3,53.9,7.1
2044-10-01,18.2,0.0,38.8,6.6
2044-10-02,20.8,0.0,52.2,7.1
2044-10-03,19.6,0.0,40.0,9.8
2044-10-04,20.5,0.0,52.1,7.9
2044-10-05,19.7,0.0,43.7,9.8
2044-10-06,20.0,6.8,44.3,10.9
2044-10-07,17.3,0.0,43.2,7.4
2044-10-08,18.7,0.0,48.5,9.0
2044-10-09,15.2,0.0,37.9,7.8
2044-10-10,12.0,0.0,44.4,7.5
2044-10-11,12.7,16.8,45.7,7.9
2044-10-12,13.1,0.0,43.4,12.4
2044-10-13,14.3,0.0,40.1,10.2
2044-10-14,13.4,0.0,39.1,11.3
2044-10-15,17.7,0.0,43.3,8.0
2044-10-16,17.6,0.0,33.5,7.5
2044-10-17,17.6,0.0,47.1,9.4
2044-10-18,17.5,0.0,40.5,13.0
2044-10-19,19.0,0.0,37.0,8.5
2044-10-20,19.3,2.6,42.0,12.0
2044-10-21,19.2,0.0,35.8,12.2
2044-10-22,19.7,0.0,39.5,12.5
2044-10-23,14.9,0.0,39.3,9.9
2044-10-24,11.0,0.0,45.0,9.5
2044-10-25,11.4,0.0,39.9,10.7
2044-10-26,11.3,0.0,32.7,12.4
2044-10-27,12.8,0.0,41.0,10.7
2044-10-28,12.8,0.0,41.5,10.6
2044-10-29,13.9,0.0,29.7,8.9
2044-10-30,11.1,0.0,31.6,10.6
2044-10-31,11.3,0.0,47.4,10.3
2044-11-01,8.7,0.0,35.6,15.9
2044-11-02,10.1,0.0,35.5,11.5
2044-11-03,6.6,0.0,36.8,10.7
2044-11-04,8.2,2.6,34.2,9.3
2044-11-05,5.8,0.0,27.8,8.8
2044-11-06,6.1,0.0,30.9,9.2
2044-11-07,8.8,8.8,35.4,16.3
2044-11-08,9.6,0.0,33.7,10.0
2044-11-09,6.4,1.0,32.5,11.2
2044-11-10,5.8,0.0,28.6,9.6
2044-11-11,3.6,0.0,33.2,9.1
2044-11-12,1.4,0.0,41.4,10.3
2044-11-13,3.3,8.0,34.4,13.3
2044-11-14,5.7,14.3,38.3,9.5
2044-11-15,7.3,0.0,42.8,9.4
2044-11-16,8.8,0.0,32.0,9.5
2044-11-17,8.8,0.0,50.7,9.9
2044-11-18,8.3,0.0,39.8,11.1
2044-11-19,6.2,0.9,35.9,10.1
2044-11-20,5.8,0.0,34.0,11.8
2044-11-21,3.7,10.4,44.5,11.0
2044-11-22,2.9,0.0,31.7,10.2
2044-11-23,4.2,0.0,32.9,18.3
2044-11-24,4.7,0.0,43.1,10.8
2044-11-25,11.5,0.0,33.2,10.8
2044-11-26,8.1,0.0,32.7,11.4
2044-11-27,7.8,8.2,33.7,11.5
2044-11-28,4.9,10.5,28.0,11.6
2044-11-29,4.7,1.5,40.5,11.9
2044-11-30,4.5,0.0,34.8,15.2
2044-12-01,6.8,0.0,40.4,13.3
2044-12-02,6.0,0.0,34.2,11.5
2044-12-03,5.9,0.0,32.9,15.2
2044-12-04,5.3,0.0,31.8,11.0
2044-12-05,2.9,5.0,39.8,11.2
2044-12-06,2.4,0.0,31.1,15.8
2044-12-07,2.6,0.0,37.1,18.3
2044-12-08,3.6,0.0,35.4,11.6
2044-12-09,5.4,0.0,30.1,12.6
2044-12-10,5.3,0.0,33.1,11.1
2044-12-11,5.1,0.0,35.5,10.9
2044-12-12,2.0,0.0,34.0,12.7
2044-12-13,4.1,0.0,45.1,11.6
2044-12-14,3.3,8.3,38.9,11.1
2044-12-15,5.5,7.8,36.7,14.2
2044-12-16,8.4,0.0,34.1,14.3
2044-12-17,7.8,0.0,34.8,15.4
2044-12-18,5.6,0.0,33.0,11.4
2044-12-19,5.8,0.0,32.1,12.8
2044-12-20,6.8,0.0,39.3,11.9
2044-12-21,6.2,0.0,44.1,11.7
2044-12-22,5.2,0.0,34.3,14.7
2044-12-23,6.7,0.0,38.9,13.1
2044-12-24,7.8,0.0,33.5,12.8
2044-12-25,7.0,0.0,37.5,15.1
2044-12-26,3.8,0.0,30.6,12.9
2044-12-27,5.4,0.0,33.1,11.9
2044-12-28,4.3,0.0,33.0,11.6
2044-12-29,5.3,5.5,38.3,13.4
2044-12-30,6.1,0.0,32.0,11.9
2044-12-31,2.6,10.1,29.3,12.8
2045-01-01,3.7,0.0,31.2,13.0
2045-01-02,5.6,0.0,37.3,15.7
2045-01-03,7.3,1.8,34.9,12.0
2045-01-04,7.7,0.0,35.7,14.1
2045-01-05,3.8,2.1,40.6,13.8
2045-01-06,7.2,0.0,34.9,13.8
2045-01-07,8.2,0.0,38.8,14.1
2045-01-08,5.9,0.0,50.1,13.2
2045-01-09,4.8,0.0,37.7,14.6
2045-01-10,6.0,0.0,38.8,11.8
2045-01-11,7.9,0.0,42.0,14.6
2045-01-12,7.2,0.0,36.2,16.3
2045-01-13,9.2,0.0,37.6,22.4
2045-01-14,5.6,4.3,41.4,19.6
2045-01-15,4.3,0.0,42.0,12.5
2045-01-16,1.2,0.0,36.6,13.3
2045-01-17,1.1,0.0,44.3,13.3
2045-01-18,5.8,0.0,49.5,19.0
2045-01-19,10.8,0.0,32.5,19.2
2045-01-20,11.1,0.0,44.2,16.0
2045-01-21,9.7,0.0,42.1,13.6
2045-01-22,9.4,0.6,41.5,13.6
2045-01-23,10.6,0.0,44.7,16.8
2045-01-24,7.6,5.5,51.7,12.8
2045-01-25,7.1,0.0,45.0,15.9
2045-01-26,10.8,0.0,48.7,12.4
2045-01-27,8.9,0.0,44.0,12.7
2045-01-28,7.9,0.0,46.4,18.3
2045-01-29,8.8,0.0,42.1,15.0
2045-01-30,10.0,0.0,45.3,13.6
2045-01-31,9.2,0.0,44.1,13.5
2045-02-01,10.1,0.0,46.3,12.4
2045-02-02,11.8,5.2,39.1,13.8
2045-02-03,16.0,16.1,44.8,19.0
2045-02-04,15.2,0.0,52.6,13.6
2045-02-05,14.8,0.0,53.9,12.4
2045-02-06,17.6,0.0,38.6,12.1
2045-02-07,15.8,0.0,44.8,12.7
2045-02-08,12.9,0.0,44.2,14.5
2045-02-09,13.7,0.0,49.5,12.7
2045-02-10,16.1,12.3,51.2,13.3
2045-02-11,16.6,12.8,55.5,16.3
2045-02-12,16.1,0.0,42.5,13.0
2045-02-13,13.1,0.0,51.3,17.0
2045-02-14,13.5,0.0,48.2,12.6
2045-02-15,16.5,9.8,49.0,14.0
2045-02-16,14.0,0.0,52.8,13.6
2045-02-17,14.0,0.0,49.7,12.7
2045-02-18,13.8,2.0,51.2,13.7
2045-02-19,13.1,0.0,58.3,17.9
2045-02-20,14.5,0.0,52.3,13.6
2045-02-21,16.0,0.0,62.0,15.6
2045-02-22,17.3,5.2,42.2,13.7
2045-02-23,15.5,0.0,52.9,11.8
2045-02-24,12.9,0.0,47.7,12.5
2045-02-25,14.6,0.0,49.0,12.3
2045-02-26,14.5,0.0,50.7,11.7
2045-02-27,19.2,0.0,58.9,14.2
2045-02-28,23.1,0.0,52.6,12.7
2045-03-01,26.5,0.0,49.3,11.6
2045-03-02,23.4,4.4,59.7,11.7
2045-03-03,24.0,0.0,49.8,14.8
2045-03-04,25.1,0.0,64.4,12.0
2045-03-05,25.9,0.0,49.9,12.5
2045-03-06,24.3,0.0,55.3,13.2
2045-03-07,26.4,2.1,67.2,17.8
2045-03-08,25.5,0.0,55.8,18.2
2045-03-09,25.2,0.0,59.9,13.4
2045-03-10,21.6,0.0,57.5,13.5
2045-03-11,23.2,0.0,58.4,12.5
2045-03-12,22.8,3.1,55.5,14.6
2045-03-13,23.9,0.0,61.4,11.2
2045-03-14,24.4,0.0,66.1,12.3
2045-03-15,24.8,0.0,50.1,12.9
2045-03-16,24.6,0.0,55.5,13.5
2045-03-17,26.3,0.0,57.7,12.1
2045-03-18,25.7,0.0,56.3,17.2
2045-03-19,22.8,0.0,64.3,13.8
2045-03-20,24.5,0.0,58.4,13.2
2045-03-21,23.3,0.0,62.2,11.8
2045-03-22,21.3,0.0,69.5,11.4
2045-03-23,20.3,0.0,53.4,16.1
2045-03-24,22.3,0.0,64.3,10.9
2045-03-25,23.1,0.0,62.4,12.3
2045-03-26,19.8,24.9,69.0,10.6
2045-03-27,20.7,0.0,59.1,12.2
2045-03-28,24.6,0.0,62.1,13.2
2045-03-29,24.5,0.0,64.2,14.0
2045-03-30,25.1,18.1,68.2,18.5
2045-03-31,28.0,0.0,68.4,10.9
2045-04-01,29.9,1.6,60.1,13.7
2045-04-02,32.0,0.0,58.5,11.7
2045-04-03,26.1,0.0,55.7,14.8
2045-04-04,30.4,0.0,66.8,11.3
2045-04-05,31.8,0.0,70.1,10.7
2045-04-06,36.6,0.0,60.7,16.6
2045-04-07,34.0,0.0,60.6,14.2
2045-04-08,30.0,0.0,76.6,11.1
2045-04-09,30.4,0.0,73.8,10.5
2045-04-10,30.2,0.0,74.4,10.2
2045-04-11,32.0,0.0,69.7,12.7
2045-04-12,34.3,1.2,72.1,14.4
2045-04-13,33.9,0.0,67.1,12.3
2045-04-14,33.3,0.0,61.6,11.7
2045-04-15,34.4,0.0,62.1,9.8
2045-04-16,33.8,3.4,70.1,9.4
2045-04-17,33.2,0.0,74.1,9.6
2045-04-18,35.5,0.0,68.9,12.0
2045-04-19,37.9,0.0,73.0,9.9
2045-04-20,39.5,0.0,69.7,9.6
2045-04-21,38.3,0.0,71.9,10.4
2045-04-22,33.4,0.0,74.5,14.2
2045-04-23,33.6,0.0,77.5,8.9
2045-04-24,32.6,0.0,72.5,9.9
2045-04-25,33.0,0.0,80.9,11.0
2045-04-26,32.4,0.0,70.3,8.5
2045-04-27,33.2,3.7,79.2,12.1
2045-04-28,31.9,0.0,74.7,11.8
2045-04-29,30.4,0.0,62.8,10.0
2045-04-30,34.2,0.0,79.2,8.9
2045-05-01,33.0,0.0,67.8,19.0
2045-05-02,33.9,0.0,71.3,9.9
2045-05-03,36.7,0.0,77.0,8.1
2045-05-04,38.8,0.0,69.1,8.7
2045-05-05,40.3,1.0,72.9,9.5
2045-05-06,40.6,0.0,76.4,7.8
2045-05-07,41.7,0.0,69.2,8.2
2045-05-08,43.9,0.0,72.2,8.2
2045-05-09,43.9,0.0,71.8,9.0
2045-05-10,39.3,0.0,78.5,7.9
2045-05-11,38.3,0.0,81.6,8.9
2045-05-12,40.0,0.0,68.4,10.7
2045-05-13,38.8,0.0,74.4,16.1
2045-05-14,42.3,0.0,71.5,7.8
2045-05-15,41.8,14.0,77.9,8.9
2045-05-16,41.7,0.0,83.1,8.3
2045-05-17,43.7,0.0,76.3,9.2
2045-05-18,42.8,0.0,71.7,7.3
